{"type":"FeatureCollection","features":[{"type":"Feature","geometry":{"type":"MultiPolygon","coordinates":[[[[-2.10334,53.69381],[-2.10299,53.69406],[-2.10325,53.69418],[-2.10353,53.69397],[-2.10334,53.69381]]],[[[-2.10525,53.69555],[-2.10511,53.69561],[-2.10525,53.69566],[-2.10534,53.69563],[-2.10525,53.69555]]],[[[-2.10473,53.7042],[-2.10467,53.70424],[-2.10476,53.70428],[-2.10482,53.70424],[-2.10473,53.7042]]],[[[-2.10075,53.71393],[-2.1007,53.71398],[-2.10101,53.71408],[-2.10108,53.71403],[-2.10075,53.71393]]],[[[-2.09957,53.71436],[-2.09927,53.71454],[-2.09942,53.71463],[-2.09974,53.71449],[-2.09957,53.71436]]],[[[-2.09402,53.71817],[-2.09447,53.71846],[-2.09464,53.7184],[-2.09473,53.71816],[-2.0945,53.71802],[-2.09402,53.71817]]],[[[-2.09532,53.71828],[-2.09512,53.71842],[-2.09522,53.71846],[-2.09543,53.71834],[-2.09532,53.71828]]],[[[-2.10101,53.71965],[-2.10055,53.71966],[-2.10046,53.71971],[-2.10101,53.71979],[-2.10101,53.71965]]],[[[-2.10477,53.72089],[-2.10466,53.72098],[-2.10477,53.72103],[-2.10493,53.72091],[-2.10477,53.72089]]],[[[-2.09265,53.72235],[-2.09269,53.72247],[-2.0931,53.72243],[-2.09324,53.72233],[-2.09272,53.72222],[-2.09265,53.72235]]],[[[-2.10226,53.72405],[-2.10215,53.72422],[-2.10259,53.7243],[-2.10275,53.72419],[-2.10226,53.72405]]],[[[-2.09209,53.72539],[-2.09184,53.72563],[-2.09225,53.72578],[-2.09265,53.72566],[-2.09259,53.72536],[-2.09209,53.72539]]],[[[-2.08212,53.71661],[-2.08189,53.71661],[-2.08195,53.71676],[-2.08215,53.71674],[-2.08212,53.71661]]],[[[-1.98508,53.72764],[-1.98485,53.72765],[-1.98488,53.72775],[-1.98508,53.72773],[-1.98508,53.72764]]],[[[-1.98159,53.73201],[-1.98139,53.73201],[-1.98136,53.73209],[-1.98159,53.73217],[-1.98159,53.73201]]],[[[-2.01206,53.73781],[-2.01195,53.73784],[-2.01212,53.73795],[-2.01224,53.73787],[-2.01206,53.73781]]],[[[-1.9222,53.67748],[-1.9228,53.6774],[-1.9222,53.67704],[-1.9222,53.67748]]],[[[-1.82837,53.68773],[-1.82831,53.68767],[-1.82804,53.68776],[-1.8281,53.6878],[-1.82837,53.68773]]],[[[-1.86771,53.68821],[-1.86726,53.68815],[-1.86725,53.68854],[-1.86786,53.68839],[-1.86771,53.68821]]],[[[-1.91971,53.70361],[-1.9193,53.70334],[-1.9191,53.70343],[-1.91945,53.70364],[-1.91971,53.70361]]],[[[-1.97651,53.67709],[-1.97601,53.67706],[-1.97586,53.67717],[-1.97647,53.67726],[-1.97651,53.67709]]],[[[-1.96471,53.68859],[-1.96406,53.68844],[-1.96385,53.68888],[-1.96471,53.68906],[-1.96471,53.68859]]],[[[-1.99271,53.70999],[-1.9926,53.70993],[-1.99251,53.70997],[-1.99263,53.71004],[-1.99271,53.70999]]],[[[-1.98981,53.7125],[-1.98963,53.71246],[-1.9896,53.71253],[-1.98977,53.71256],[-1.98981,53.7125]]],[[[-1.95652,53.71973],[-1.95652,53.71931],[-1.95579,53.71931],[-1.95588,53.71967],[-1.95652,53.71973]]],[[[-1.73378,53.68256],[-1.73221,53.68481],[-1.73441,53.68552],[-1.7399,53.68766],[-1.74047,53.68819],[-1.7397,53.68812],[-1.74006,53.6887],[-1.73945,53.68872],[-1.74034,53.68949],[-1.74085,53.69103],[-1.74154,53.69159],[-1.74222,53.6918],[-1.74178,53.69189],[-1.7427,53.69278],[-1.74302,53.69271],[-1.74374,53.69274],[-1.74374,53.69297],[-1.74347,53.69297],[-1.74366,53.69324],[-1.74434,53.69348],[-1.74455,53.69389],[-1.74548,53.69423],[-1.74612,53.69464],[-1.74717,53.69473],[-1.74814,53.69466],[-1.7492,53.69429],[-1.74989,53.69378],[-1.75146,53.69328],[-1.75139,53.69362],[-1.75163,53.69371],[-1.75158,53.69393],[-1.75191,53.69403],[-1.75235,53.69384],[-1.753,53.69384],[-1.7532,53.69396],[-1.75381,53.69371],[-1.75422,53.69328],[-1.75478,53.69307],[-1.75599,53.69305],[-1.75713,53.69307],[-1.75829,53.69315],[-1.75948,53.69311],[-1.76028,53.69296],[-1.76069,53.69325],[-1.76068,53.69367],[-1.76024,53.69368],[-1.75775,53.69374],[-1.75856,53.69482],[-1.75947,53.69482],[-1.75965,53.69498],[-1.75892,53.69504],[-1.75837,53.69531],[-1.76028,53.69601],[-1.75927,53.69703],[-1.76295,53.69787],[-1.76417,53.69856],[-1.76518,53.69907],[-1.76736,53.70013],[-1.76828,53.70032],[-1.76874,53.70015],[-1.76866,53.70061],[-1.77096,53.70112],[-1.77164,53.70129],[-1.77168,53.70124],[-1.77383,53.70188],[-1.77378,53.7019],[-1.77362,53.70216],[-1.77401,53.70225],[-1.77407,53.70279],[-1.7749,53.7029],[-1.77493,53.70343],[-1.775,53.7041],[-1.77583,53.70468],[-1.7748,53.70442],[-1.77486,53.7056],[-1.77603,53.7072],[-1.7763,53.70784],[-1.77678,53.70868],[-1.77732,53.70919],[-1.77808,53.70955],[-1.77818,53.71025],[-1.77758,53.71159],[-1.7773,53.71338],[-1.77708,53.71431],[-1.77685,53.71508],[-1.77709,53.71592],[-1.77703,53.71619],[-1.77721,53.71675],[-1.77693,53.71688],[-1.7769,53.71715],[-1.77702,53.71717],[-1.77702,53.71752],[-1.77662,53.71767],[-1.77656,53.71826],[-1.77644,53.719],[-1.77643,53.71995],[-1.77628,53.72026],[-1.77603,53.72078],[-1.77603,53.72146],[-1.77588,53.72159],[-1.77584,53.72185],[-1.77606,53.72209],[-1.7763,53.72238],[-1.77654,53.72268],[-1.77675,53.7229],[-1.77739,53.72283],[-1.77787,53.72305],[-1.77826,53.72331],[-1.77905,53.72397],[-1.77974,53.72462],[-1.78031,53.7252],[-1.7811,53.72604],[-1.78107,53.72622],[-1.78076,53.72624],[-1.78046,53.72624],[-1.78006,53.72637],[-1.77964,53.72631],[-1.77949,53.72631],[-1.77943,53.72654],[-1.77958,53.7268],[-1.77954,53.72721],[-1.77918,53.72795],[-1.77902,53.72836],[-1.77908,53.72861],[-1.77926,53.7291],[-1.77908,53.7296],[-1.77874,53.73003],[-1.77874,53.73061],[-1.7788,53.73102],[-1.77889,53.7315],[-1.77867,53.73198],[-1.77867,53.73254],[-1.77888,53.73315],[-1.77872,53.7338],[-1.77872,53.73464],[-1.77895,53.73595],[-1.77889,53.73653],[-1.77934,53.73736],[-1.77985,53.73788],[-1.78058,53.73806],[-1.78125,53.73828],[-1.78203,53.73885],[-1.78245,53.73907],[-1.78321,53.73936],[-1.78373,53.7395],[-1.7843,53.73965],[-1.7848,53.73983],[-1.78507,53.74005],[-1.78492,53.74086],[-1.78519,53.7411],[-1.78549,53.74149],[-1.78576,53.74184],[-1.78643,53.74209],[-1.78752,53.74238],[-1.78836,53.74265],[-1.78873,53.74296],[-1.78915,53.74341],[-1.78984,53.74368],[-1.79084,53.74411],[-1.79205,53.74472],[-1.79323,53.74557],[-1.79438,53.74615],[-1.79505,53.74688],[-1.79562,53.74743],[-1.79525,53.74787],[-1.79346,53.74882],[-1.79334,53.74925],[-1.79327,53.74986],[-1.79333,53.75025],[-1.79372,53.75088],[-1.7939,53.75149],[-1.7939,53.75219],[-1.79426,53.75277],[-1.79465,53.75338],[-1.79565,53.75383],[-1.7971,53.75416],[-1.79816,53.75449],[-1.79909,53.75463],[-1.79987,53.75483],[-1.80042,53.75494],[-1.80084,53.7551],[-1.80109,53.75542],[-1.8013,53.7558],[-1.80166,53.75616],[-1.80196,53.75643],[-1.80187,53.75667],[-1.80175,53.75703],[-1.80183,53.75751],[-1.80183,53.75799],[-1.80201,53.75846],[-1.80201,53.75883],[-1.8021,53.75921],[-1.80228,53.75952],[-1.80231,53.75935],[-1.80225,53.7591],[-1.80216,53.7586],[-1.80219,53.75822],[-1.80213,53.75799],[-1.80208,53.75751],[-1.80229,53.75717],[-1.8025,53.75692],[-1.80269,53.75654],[-1.80263,53.75636],[-1.80214,53.756],[-1.80175,53.75544],[-1.80097,53.75485],[-1.79979,53.75449],[-1.79813,53.7542],[-1.79644,53.75375],[-1.79498,53.75317],[-1.7945,53.7525],[-1.79429,53.75205],[-1.79436,53.75144],[-1.79396,53.75079],[-1.79376,53.75016],[-1.79367,53.74916],[-1.79422,53.74877],[-1.79628,53.7477],[-1.79607,53.74741],[-1.79538,53.74663],[-1.79456,53.74604],[-1.79402,53.74559],[-1.79326,53.74521],[-1.79215,53.74444],[-1.79151,53.74407],[-1.79021,53.74357],[-1.78951,53.74328],[-1.78921,53.74287],[-1.78882,53.74249],[-1.78797,53.74223],[-1.78718,53.74204],[-1.78643,53.74184],[-1.78579,53.74151],[-1.78543,53.74081],[-1.78522,53.74058],[-1.78519,53.73983],[-1.78501,53.73963],[-1.78436,53.73938],[-1.78351,53.73918],[-1.78282,53.739],[-1.78243,53.73885],[-1.78209,53.73858],[-1.78173,53.73822],[-1.7814,53.73797],[-1.78076,53.73777],[-1.7801,53.73766],[-1.7797,53.73745],[-1.77949,53.73707],[-1.77935,53.7361],[-1.77917,53.73506],[-1.77944,53.735],[-1.77945,53.73452],[-1.7793,53.73434],[-1.77918,53.73385],[-1.77921,53.73328],[-1.77909,53.73256],[-1.779,53.73212],[-1.77934,53.73169],[-1.7794,53.73124],[-1.77916,53.73071],[-1.77907,53.7301],[-1.77941,53.72969],[-1.77966,53.72919],[-1.77939,53.72816],[-1.77966,53.72786],[-1.77982,53.72734],[-1.77994,53.72707],[-1.78015,53.72714],[-1.78003,53.72726],[-1.78018,53.72737],[-1.78045,53.72719],[-1.78021,53.72692],[-1.78043,53.72676],[-1.7804,53.72649],[-1.78055,53.72638],[-1.78088,53.72673],[-1.78158,53.72667],[-1.78203,53.72685],[-1.78264,53.72716],[-1.78412,53.72763],[-1.78495,53.72783],[-1.78629,53.72789],[-1.78713,53.72794],[-1.78956,53.72867],[-1.79019,53.72908],[-1.79034,53.72951],[-1.79134,53.73002],[-1.79173,53.73065],[-1.79175,53.73281],[-1.79168,53.73359],[-1.79225,53.73504],[-1.79313,53.73558],[-1.79352,53.73639],[-1.79524,53.73755],[-1.79636,53.73803],[-1.79727,53.73872],[-1.79811,53.73967],[-1.79853,53.7401],[-1.79899,53.7408],[-1.79969,53.74225],[-1.80044,53.74342],[-1.80083,53.74434],[-1.80095,53.74488],[-1.8011,53.74483],[-1.8012,53.74438],[-1.8009,53.74368],[-1.80051,53.74289],[-1.80009,53.74211],[-1.79966,53.74157],[-1.79931,53.74069],[-1.79878,53.73991],[-1.7979,53.73894],[-1.79642,53.7378],[-1.79521,53.73704],[-1.79407,53.73634],[-1.79367,53.73578],[-1.79316,53.73501],[-1.79256,53.73465],[-1.79229,53.73362],[-1.79244,53.73303],[-1.7922,53.73251],[-1.79203,53.73193],[-1.79209,53.73043],[-1.79188,53.73011],[-1.79064,53.72915],[-1.79016,53.72868],[-1.78874,53.72809],[-1.78635,53.72729],[-1.7855,53.72735],[-1.7848,53.72763],[-1.78461,53.72745],[-1.78337,53.72668],[-1.78243,53.72648],[-1.78222,53.72655],[-1.78128,53.72631],[-1.7811,53.72588],[-1.78031,53.72496],[-1.77941,53.72406],[-1.77869,53.72336],[-1.77766,53.7227],[-1.77696,53.72261],[-1.77663,53.72258],[-1.77643,53.72244],[-1.77627,53.72216],[-1.7762,53.72136],[-1.77618,53.72083],[-1.77654,53.72005],[-1.77664,53.71976],[-1.77665,53.71913],[-1.77671,53.7183],[-1.77682,53.71787],[-1.7772,53.71746],[-1.77739,53.71701],[-1.77752,53.71677],[-1.77757,53.71642],[-1.77771,53.71638],[-1.77753,53.71633],[-1.77742,53.71623],[-1.77722,53.71618],[-1.77717,53.71574],[-1.77725,53.71483],[-1.77738,53.71465],[-1.77764,53.71445],[-1.77817,53.71433],[-1.77819,53.71403],[-1.77819,53.71385],[-1.77803,53.71347],[-1.77859,53.71301],[-1.77853,53.71289],[-1.77823,53.71298],[-1.77798,53.71284],[-1.77789,53.71248],[-1.77806,53.71233],[-1.77826,53.71231],[-1.77838,53.71204],[-1.77852,53.71188],[-1.77873,53.7117],[-1.77875,53.71153],[-1.77946,53.71152],[-1.7798,53.71085],[-1.77921,53.71039],[-1.7793,53.71015],[-1.77958,53.70981],[-1.77985,53.7098],[-1.77941,53.7092],[-1.77864,53.70914],[-1.77872,53.70875],[-1.77822,53.70876],[-1.77784,53.70882],[-1.77758,53.70858],[-1.77707,53.70833],[-1.77701,53.70803],[-1.77842,53.70777],[-1.77825,53.70749],[-1.77745,53.70742],[-1.77707,53.70719],[-1.77742,53.70689],[-1.77798,53.70703],[-1.778,53.70669],[-1.77758,53.70642],[-1.77714,53.70627],[-1.77676,53.70612],[-1.77741,53.70609],[-1.77754,53.7058],[-1.77786,53.70547],[-1.77739,53.70523],[-1.77774,53.70511],[-1.77795,53.70496],[-1.7778,53.70486],[-1.77712,53.70499],[-1.77691,53.70477],[-1.77728,53.7047],[-1.77756,53.70448],[-1.77794,53.7044],[-1.77794,53.70427],[-1.77774,53.70417],[-1.77753,53.70343],[-1.77717,53.70333],[-1.77691,53.70301],[-1.77834,53.70301],[-1.78261,53.70232],[-1.78234,53.70199],[-1.78399,53.70173],[-1.78661,53.70184],[-1.78728,53.70197],[-1.78831,53.70209],[-1.78932,53.70227],[-1.7902,53.70284],[-1.791,53.70333],[-1.79187,53.70418],[-1.79243,53.70446],[-1.79331,53.7051],[-1.79344,53.70525],[-1.79369,53.7055],[-1.7943,53.70617],[-1.79457,53.70654],[-1.795,53.70699],[-1.79537,53.70701],[-1.79556,53.70711],[-1.79678,53.70818],[-1.79847,53.70884],[-1.79865,53.70902],[-1.80017,53.70959],[-1.80172,53.71049],[-1.8027,53.71105],[-1.80378,53.71144],[-1.80543,53.71174],[-1.80683,53.71259],[-1.80774,53.71307],[-1.80795,53.71353],[-1.80967,53.71449],[-1.81012,53.71496],[-1.81117,53.71548],[-1.81144,53.71582],[-1.81253,53.71623],[-1.81307,53.7169],[-1.81442,53.71735],[-1.81684,53.71886],[-1.8186,53.72004],[-1.81946,53.7211],[-1.8199,53.72235],[-1.82016,53.72395],[-1.82124,53.72418],[-1.82366,53.72504],[-1.8257,53.72562],[-1.82632,53.72589],[-1.8265,53.72603],[-1.82709,53.72615],[-1.82673,53.72648],[-1.8265,53.72689],[-1.82595,53.72824],[-1.82558,53.72977],[-1.82556,53.73013],[-1.82611,53.73016],[-1.8267,53.72952],[-1.82726,53.72972],[-1.82749,53.72947],[-1.82689,53.72881],[-1.82634,53.72835],[-1.82662,53.72745],[-1.82753,53.72678],[-1.82829,53.7268],[-1.82939,53.72714],[-1.83115,53.7281],[-1.83248,53.72879],[-1.83333,53.72898],[-1.83425,53.72967],[-1.83542,53.72994],[-1.83664,53.73104],[-1.83914,53.73183],[-1.83994,53.7321],[-1.83986,53.73239],[-1.84063,53.73345],[-1.84161,53.73493],[-1.84194,53.73622],[-1.84238,53.73736],[-1.84274,53.73776],[-1.84467,53.73909],[-1.84525,53.73978],[-1.84709,53.74096],[-1.84782,53.74144],[-1.84919,53.74253],[-1.84931,53.74286],[-1.8504,53.74356],[-1.85178,53.74421],[-1.85282,53.74505],[-1.85323,53.74551],[-1.85352,53.74627],[-1.8542,53.74673],[-1.85492,53.74735],[-1.85528,53.74824],[-1.85577,53.74916],[-1.85589,53.74968],[-1.85549,53.75038],[-1.85512,53.7509],[-1.85561,53.75074],[-1.85622,53.74989],[-1.8563,53.74949],[-1.85593,53.74884],[-1.85574,53.74827],[-1.85545,53.74749],[-1.85485,53.74677],[-1.85408,53.74623],[-1.85369,53.74572],[-1.85352,53.745],[-1.85295,53.74457],[-1.85178,53.74378],[-1.85062,53.74332],[-1.84997,53.74286],[-1.84965,53.74243],[-1.84859,53.74161],[-1.84721,53.74058],[-1.84561,53.73962],[-1.84528,53.73911],[-1.84428,53.73847],[-1.84318,53.73762],[-1.8425,53.73724],[-1.8423,53.73601],[-1.8419,53.73477],[-1.84178,53.73443],[-1.84142,53.73409],[-1.84017,53.73176],[-1.83881,53.73128],[-1.83794,53.73104],[-1.8377,53.73056],[-1.83658,53.73022],[-1.83564,53.7294],[-1.83468,53.72902],[-1.83468,53.72888],[-1.83274,53.72837],[-1.83189,53.72777],[-1.83097,53.72736],[-1.83032,53.72698],[-1.82802,53.72642],[-1.82737,53.72598],[-1.82507,53.72515],[-1.82083,53.72382],[-1.82038,53.72277],[-1.82011,53.72137],[-1.81966,53.72044],[-1.81865,53.7193],[-1.81696,53.71844],[-1.81644,53.718],[-1.81536,53.71733],[-1.81309,53.71608],[-1.81164,53.71543],[-1.81147,53.71509],[-1.81043,53.71466],[-1.80966,53.71396],[-1.80789,53.71252],[-1.80696,53.71214],[-1.80599,53.71144],[-1.80398,53.71071],[-1.80345,53.71067],[-1.80272,53.71054],[-1.80268,53.71021],[-1.80204,53.71011],[-1.8011,53.70946],[-1.80014,53.7093],[-1.79937,53.70884],[-1.79912,53.7085],[-1.79901,53.70809],[-1.79861,53.70766],[-1.79772,53.70727],[-1.79716,53.70689],[-1.79671,53.70694],[-1.79668,53.7066],[-1.79603,53.70614],[-1.79584,53.70559],[-1.79572,53.70554],[-1.79507,53.70434],[-1.79562,53.70396],[-1.7958,53.70399],[-1.79791,53.70288],[-1.79949,53.70238],[-1.80046,53.70171],[-1.80057,53.70168],[-1.80064,53.70168],[-1.80109,53.70203],[-1.80164,53.70192],[-1.80141,53.70154],[-1.80242,53.70135],[-1.80245,53.7013],[-1.80381,53.70124],[-1.80584,53.70081],[-1.80604,53.70045],[-1.80584,53.70011],[-1.80669,53.7],[-1.80742,53.69951],[-1.80851,53.69921],[-1.8105,53.69878],[-1.81075,53.6982],[-1.81119,53.69786],[-1.81422,53.69742],[-1.81617,53.69749],[-1.8179,53.69769],[-1.81961,53.69788],[-1.82215,53.69745],[-1.82308,53.69709],[-1.824,53.69709],[-1.82535,53.69717],[-1.82652,53.69702],[-1.82765,53.69684],[-1.8284,53.69653],[-1.82959,53.69634],[-1.8299,53.6958],[-1.83037,53.69555],[-1.83069,53.69526],[-1.83119,53.6953],[-1.83134,53.69542],[-1.83166,53.69526],[-1.83223,53.69549],[-1.83542,53.69409],[-1.83566,53.69363],[-1.8368,53.69277],[-1.83681,53.69159],[-1.83843,53.69023],[-1.83977,53.68963],[-1.84103,53.68894],[-1.84166,53.68849],[-1.84491,53.68778],[-1.84663,53.68805],[-1.84691,53.68787],[-1.8475,53.6881],[-1.8481,53.68851],[-1.84851,53.68905],[-1.84902,53.69005],[-1.84962,53.6911],[-1.85079,53.69317],[-1.85094,53.69387],[-1.85292,53.69497],[-1.85502,53.69649],[-1.85587,53.69721],[-1.85575,53.69778],[-1.85598,53.69857],[-1.8557,53.69864],[-1.8547,53.69874],[-1.854,53.69965],[-1.85396,53.70057],[-1.85433,53.70071],[-1.8536,53.70172],[-1.85294,53.7021],[-1.852,53.70268],[-1.85148,53.70337],[-1.85059,53.70421],[-1.8503,53.70495],[-1.85033,53.70534],[-1.85036,53.70558],[-1.85046,53.70571],[-1.85069,53.70584],[-1.85129,53.70606],[-1.85173,53.70616],[-1.85194,53.70625],[-1.85272,53.70662],[-1.85352,53.70712],[-1.85347,53.70767],[-1.85366,53.70855],[-1.85419,53.7095],[-1.85482,53.71014],[-1.85484,53.71056],[-1.85473,53.71117],[-1.85479,53.7117],[-1.85447,53.71248],[-1.85403,53.71269],[-1.85374,53.71324],[-1.85363,53.7138],[-1.85372,53.71446],[-1.85417,53.71505],[-1.85378,53.71549],[-1.85403,53.71779],[-1.85382,53.71899],[-1.85313,53.71929],[-1.85279,53.71977],[-1.85268,53.72041],[-1.85231,53.72168],[-1.85204,53.72222],[-1.85204,53.72278],[-1.85202,53.72357],[-1.85164,53.72394],[-1.85182,53.72473],[-1.85236,53.72505],[-1.85419,53.72601],[-1.85562,53.72634],[-1.85812,53.72705],[-1.85963,53.72748],[-1.86081,53.72765],[-1.86072,53.72793],[-1.86135,53.72828],[-1.86346,53.72862],[-1.86357,53.72854],[-1.86451,53.72864],[-1.86466,53.72819],[-1.86637,53.72845],[-1.86775,53.72878],[-1.86732,53.72915],[-1.86757,53.72928],[-1.8675,53.72945],[-1.86844,53.72982],[-1.86873,53.73027],[-1.86922,53.7303],[-1.86962,53.73101],[-1.87017,53.73165],[-1.87006,53.73255],[-1.87069,53.73313],[-1.87124,53.73365],[-1.87233,53.7341],[-1.87316,53.73481],[-1.87279,53.73542],[-1.8728,53.73667],[-1.87298,53.73681],[-1.8732,53.73684],[-1.87373,53.73755],[-1.87378,53.7381],[-1.87421,53.73877],[-1.87457,53.73891],[-1.87505,53.73949],[-1.87546,53.74051],[-1.87581,53.7408],[-1.87566,53.7409],[-1.87573,53.74114],[-1.87623,53.74163],[-1.87653,53.74186],[-1.87696,53.74239],[-1.87721,53.74284],[-1.8773,53.74332],[-1.8771,53.7438],[-1.87681,53.74452],[-1.87671,53.74508],[-1.87632,53.74568],[-1.87559,53.7463],[-1.87541,53.74726],[-1.87509,53.74776],[-1.87493,53.74927],[-1.87426,53.75005],[-1.87353,53.75186],[-1.87362,53.75353],[-1.87365,53.75411],[-1.87311,53.7546],[-1.87299,53.75491],[-1.87264,53.75521],[-1.87176,53.75602],[-1.8705,53.75698],[-1.86974,53.75782],[-1.86936,53.75842],[-1.86995,53.75865],[-1.86926,53.75939],[-1.86932,53.75982],[-1.86941,53.76022],[-1.87008,53.76046],[-1.87017,53.76102],[-1.87,53.76109],[-1.87086,53.76175],[-1.87101,53.7619],[-1.87095,53.76208],[-1.87136,53.76213],[-1.87183,53.76259],[-1.87192,53.76322],[-1.87209,53.76287],[-1.87201,53.7625],[-1.87148,53.76197],[-1.87124,53.76197],[-1.87114,53.76166],[-1.87029,53.76116],[-1.87041,53.761],[-1.87023,53.76042],[-1.86976,53.76017],[-1.86967,53.76001],[-1.86947,53.75946],[-1.87033,53.75863],[-1.86966,53.75837],[-1.87012,53.75771],[-1.87083,53.75699],[-1.87232,53.7559],[-1.87282,53.75543],[-1.87403,53.75372],[-1.87379,53.75261],[-1.87379,53.75166],[-1.87441,53.7505],[-1.87518,53.74949],[-1.87515,53.74871],[-1.87529,53.74787],[-1.87573,53.74729],[-1.87588,53.74634],[-1.8769,53.7455],[-1.87696,53.74462],[-1.87753,53.7432],[-1.87732,53.74247],[-1.87687,53.74193],[-1.87631,53.74146],[-1.8759,53.74097],[-1.87602,53.7407],[-1.8757,53.74035],[-1.8754,53.73983],[-1.87524,53.73931],[-1.87486,53.7389],[-1.87448,53.73869],[-1.87407,53.73815],[-1.87398,53.73763],[-1.87364,53.73709],[-1.87329,53.73658],[-1.87308,53.73658],[-1.87305,53.73548],[-1.87334,53.73496],[-1.8732,53.73443],[-1.87252,53.73396],[-1.87166,53.73357],[-1.8706,53.73265],[-1.87041,53.7323],[-1.8705,53.73167],[-1.86934,53.73],[-1.86934,53.72956],[-1.86967,53.72958],[-1.87038,53.72955],[-1.87093,53.72946],[-1.87104,53.72939],[-1.87357,53.72932],[-1.87755,53.73034],[-1.88009,53.73174],[-1.88274,53.73328],[-1.88358,53.73349],[-1.88533,53.73328],[-1.88632,53.73343],[-1.88712,53.73387],[-1.88776,53.73394],[-1.88796,53.73392],[-1.88827,53.73404],[-1.88882,53.73406],[-1.89006,53.7343],[-1.89068,53.73453],[-1.89132,53.73479],[-1.89279,53.73495],[-1.89427,53.73574],[-1.89579,53.73654],[-1.89651,53.7367],[-1.89783,53.73737],[-1.89792,53.73774],[-1.89849,53.73849],[-1.89868,53.73895],[-1.89917,53.73963],[-1.89981,53.74066],[-1.90054,53.74094],[-1.90088,53.74128],[-1.90047,53.74193],[-1.90082,53.74208],[-1.9012,53.74208],[-1.90188,53.74219],[-1.90173,53.74259],[-1.90123,53.74261],[-1.90115,53.74287],[-1.9015,53.74296],[-1.90179,53.74299],[-1.90129,53.74316],[-1.90071,53.74341],[-1.90056,53.74374],[-1.90118,53.74386],[-1.90179,53.74395],[-1.90204,53.74431],[-1.90172,53.74451],[-1.90201,53.74486],[-1.90295,53.74552],[-1.90318,53.74573],[-1.90298,53.74595],[-1.90321,53.74619],[-1.90374,53.74661],[-1.90358,53.74705],[-1.90317,53.74786],[-1.90306,53.74909],[-1.90311,53.75019],[-1.90274,53.75051],[-1.90357,53.75161],[-1.90398,53.75263],[-1.90346,53.75457],[-1.90288,53.75593],[-1.90294,53.75731],[-1.90324,53.75882],[-1.90413,53.75965],[-1.90501,53.76005],[-1.90469,53.76144],[-1.90573,53.76307],[-1.90738,53.76424],[-1.90738,53.76513],[-1.90665,53.76559],[-1.90577,53.76547],[-1.9039,53.76664],[-1.9014,53.76833],[-1.90036,53.7691],[-1.89978,53.77033],[-1.90031,53.77098],[-1.90124,53.77196],[-1.90269,53.77295],[-1.90166,53.77344],[-1.90389,53.77468],[-1.90637,53.77609],[-1.90789,53.77674],[-1.90986,53.77536],[-1.90862,53.7748],[-1.90819,53.77458],[-1.90789,53.77415],[-1.9082,53.77345],[-1.90783,53.77302],[-1.90618,53.77224],[-1.90466,53.77209],[-1.9028,53.77267],[-1.90207,53.77221],[-1.90113,53.77131],[-1.90062,53.77051],[-1.90057,53.76959],[-1.90187,53.7687],[-1.90332,53.76787],[-1.90547,53.76615],[-1.90712,53.76593],[-1.90828,53.76529],[-1.90796,53.76415],[-1.90749,53.76356],[-1.90713,53.763],[-1.90599,53.76236],[-1.90522,53.76177],[-1.90531,53.76058],[-1.90542,53.75993],[-1.90356,53.75866],[-1.90345,53.75762],[-1.90387,53.75651],[-1.90367,53.75552],[-1.90423,53.75479],[-1.9043,53.75383],[-1.90456,53.75205],[-1.90388,53.75057],[-1.90405,53.74943],[-1.90343,53.74881],[-1.90352,53.74801],[-1.90405,53.74703],[-1.90421,53.7466],[-1.90353,53.74595],[-1.90359,53.74561],[-1.90282,53.74512],[-1.9026,53.74468],[-1.90239,53.74392],[-1.90126,53.74351],[-1.90224,53.74315],[-1.90203,53.74271],[-1.9024,53.74237],[-1.90209,53.74189],[-1.90131,53.74179],[-1.90146,53.7413],[-1.90084,53.74071],[-1.90022,53.74044],[-1.89986,53.73967],[-1.89924,53.7388],[-1.89851,53.73766],[-1.89712,53.73643],[-1.89588,53.73615],[-1.89462,53.73569],[-1.89412,53.7354],[-1.89382,53.73529],[-1.89344,53.73517],[-1.89289,53.73489],[-1.89221,53.73472],[-1.89152,53.73472],[-1.89096,53.73449],[-1.89021,53.73423],[-1.88917,53.73402],[-1.88809,53.73378],[-1.88762,53.73379],[-1.88729,53.73376],[-1.88702,53.73353],[-1.88644,53.73334],[-1.88568,53.73295],[-1.88518,53.73291],[-1.88468,53.73312],[-1.88347,53.73313],[-1.88255,53.73286],[-1.88117,53.7322],[-1.88016,53.73155],[-1.87946,53.73115],[-1.87841,53.73053],[-1.8771,53.72992],[-1.87357,53.72907],[-1.87148,53.72929],[-1.87107,53.72928],[-1.87116,53.72903],[-1.87136,53.72877],[-1.8706,53.72868],[-1.86905,53.7286],[-1.86828,53.72876],[-1.86657,53.72834],[-1.86442,53.72799],[-1.86281,53.72771],[-1.86219,53.72797],[-1.86072,53.72748],[-1.8598,53.72732],[-1.85971,53.72737],[-1.85513,53.72597],[-1.85459,53.72592],[-1.85376,53.7256],[-1.8525,53.72492],[-1.85197,53.72454],[-1.85182,53.72391],[-1.8524,53.72356],[-1.85228,53.72318],[-1.85222,53.72222],[-1.85237,53.72214],[-1.853,53.72018],[-1.85299,53.7198],[-1.85388,53.71917],[-1.85407,53.71884],[-1.85413,53.71841],[-1.85415,53.71769],[-1.85418,53.71687],[-1.85397,53.71556],[-1.85444,53.71521],[-1.85438,53.7149],[-1.85405,53.71443],[-1.8539,53.714],[-1.8539,53.71336],[-1.85463,53.71266],[-1.85501,53.71195],[-1.85499,53.71151],[-1.85496,53.71073],[-1.85501,53.71023],[-1.85421,53.70921],[-1.85378,53.70853],[-1.8537,53.70775],[-1.8538,53.70722],[-1.85246,53.70628],[-1.85184,53.706],[-1.85125,53.70587],[-1.85046,53.70551],[-1.85048,53.70473],[-1.85094,53.70411],[-1.85164,53.70356],[-1.85205,53.70312],[-1.85297,53.70242],[-1.85369,53.7021],[-1.85416,53.70198],[-1.85463,53.70188],[-1.85478,53.70147],[-1.85532,53.70115],[-1.85674,53.69887],[-1.85854,53.69846],[-1.85942,53.69837],[-1.86153,53.6987],[-1.86538,53.6986],[-1.86527,53.69893],[-1.86578,53.69904],[-1.86572,53.69929],[-1.86648,53.69936],[-1.86665,53.69911],[-1.867,53.69854],[-1.86928,53.69858],[-1.87019,53.69876],[-1.87099,53.69906],[-1.87039,53.69955],[-1.87193,53.70019],[-1.87234,53.7],[-1.87321,53.70069],[-1.87362,53.70119],[-1.87465,53.70178],[-1.87849,53.70315],[-1.87975,53.70387],[-1.88414,53.70629],[-1.88553,53.70722],[-1.88563,53.70733],[-1.8873,53.70836],[-1.88884,53.70881],[-1.88952,53.70913],[-1.89025,53.7093],[-1.89223,53.70969],[-1.89412,53.71001],[-1.89646,53.71029],[-1.89743,53.71034],[-1.89929,53.71037],[-1.90087,53.71029],[-1.90258,53.71016],[-1.90271,53.71043],[-1.90326,53.71036],[-1.90329,53.71022],[-1.90361,53.71014],[-1.9042,53.70978],[-1.90515,53.70957],[-1.9052,53.70955],[-1.90615,53.70933],[-1.9064,53.70935],[-1.90676,53.70957],[-1.90712,53.70949],[-1.90925,53.70899],[-1.91122,53.70855],[-1.9115,53.70848],[-1.91169,53.70849],[-1.91184,53.70868],[-1.91199,53.70874],[-1.91246,53.70873],[-1.91238,53.70903],[-1.91105,53.70921],[-1.91018,53.70926],[-1.91,53.70939],[-1.90934,53.7095],[-1.9083,53.70978],[-1.90843,53.70981],[-1.90944,53.70958],[-1.91067,53.70937],[-1.91138,53.70927],[-1.91246,53.70913],[-1.91285,53.70917],[-1.91321,53.70925],[-1.9135,53.70944],[-1.91382,53.70963],[-1.91548,53.71072],[-1.91558,53.71068],[-1.91632,53.71113],[-1.91756,53.71156],[-1.92027,53.71235],[-1.92336,53.71252],[-1.9264,53.71256],[-1.92696,53.71257],[-1.92925,53.71243],[-1.9321,53.71249],[-1.93418,53.71283],[-1.93478,53.71294],[-1.93698,53.71357],[-1.93922,53.71428],[-1.94036,53.71482],[-1.9412,53.71547],[-1.94151,53.71586],[-1.94173,53.71622],[-1.94179,53.71651],[-1.94188,53.71682],[-1.94196,53.71729],[-1.94205,53.71774],[-1.94223,53.71822],[-1.94249,53.71886],[-1.94295,53.71963],[-1.9432,53.72008],[-1.9437,53.72086],[-1.94388,53.72116],[-1.94416,53.72143],[-1.94406,53.72149],[-1.94445,53.72221],[-1.94339,53.72279],[-1.94336,53.72278],[-1.94318,53.72284],[-1.94341,53.72302],[-1.9434,53.72316],[-1.94325,53.72335],[-1.94303,53.72357],[-1.94272,53.72375],[-1.94245,53.72393],[-1.94204,53.72389],[-1.94137,53.72387],[-1.94087,53.72389],[-1.94043,53.724],[-1.94011,53.72417],[-1.9396,53.72436],[-1.93943,53.72448],[-1.93937,53.72458],[-1.93936,53.72474],[-1.93923,53.72512],[-1.93907,53.72556],[-1.93876,53.72612],[-1.93825,53.72652],[-1.93805,53.72662],[-1.938,53.72678],[-1.93753,53.72727],[-1.93744,53.72762],[-1.93753,53.72813],[-1.93776,53.72841],[-1.93788,53.72879],[-1.93799,53.72895],[-1.9382,53.72915],[-1.93818,53.72949],[-1.93839,53.72965],[-1.93833,53.72984],[-1.93844,53.73019],[-1.93832,53.73037],[-1.93835,53.73059],[-1.93845,53.7308],[-1.93841,53.73122],[-1.93836,53.73127],[-1.93835,53.73135],[-1.93841,53.7315],[-1.9383,53.73172],[-1.93838,53.73189],[-1.93835,53.73204],[-1.93834,53.73235],[-1.93854,53.73263],[-1.93884,53.73289],[-1.93881,53.7333],[-1.93892,53.73381],[-1.93855,53.7343],[-1.93824,53.73463],[-1.93789,53.73495],[-1.93758,53.7353],[-1.93745,53.73551],[-1.93723,53.7361],[-1.93702,53.73655],[-1.9371,53.73679],[-1.93722,53.73708],[-1.93709,53.73768],[-1.93681,53.73826],[-1.93664,53.73891],[-1.93639,53.74027],[-1.93612,53.74073],[-1.93589,53.74129],[-1.93591,53.74165],[-1.93574,53.74213],[-1.93566,53.7425],[-1.93558,53.74309],[-1.93602,53.74372],[-1.93674,53.74423],[-1.93733,53.74463],[-1.93786,53.74494],[-1.93852,53.74515],[-1.93942,53.74553],[-1.94028,53.74561],[-1.94098,53.7457],[-1.94154,53.74584],[-1.94199,53.74614],[-1.94231,53.74655],[-1.94246,53.7472],[-1.94248,53.74746],[-1.94239,53.74794],[-1.94207,53.7483],[-1.94163,53.74846],[-1.94069,53.74847],[-1.94,53.74837],[-1.93931,53.74828],[-1.93902,53.74827],[-1.9385,53.74858],[-1.93811,53.74897],[-1.93814,53.74956],[-1.93838,53.7498],[-1.9389,53.75023],[-1.93917,53.75072],[-1.93871,53.75117],[-1.93851,53.75139],[-1.93847,53.75184],[-1.93816,53.75247],[-1.9375,53.75275],[-1.93674,53.75308],[-1.9363,53.75324],[-1.93633,53.75336],[-1.93725,53.75306],[-1.93804,53.75281],[-1.93847,53.75251],[-1.93879,53.75209],[-1.93885,53.75166],[-1.93891,53.7514],[-1.93944,53.7513],[-1.93927,53.75114],[-1.93927,53.75107],[-1.93964,53.75076],[-1.93976,53.75057],[-1.93965,53.75021],[-1.93926,53.74981],[-1.93882,53.74951],[-1.93879,53.74926],[-1.93906,53.74887],[-1.93958,53.74866],[-1.94019,53.74864],[-1.94066,53.74872],[-1.94172,53.74865],[-1.94258,53.74831],[-1.94269,53.7481],[-1.94293,53.74777],[-1.94307,53.74724],[-1.94321,53.74688],[-1.9439,53.74705],[-1.94463,53.74724],[-1.94551,53.74759],[-1.94642,53.74771],[-1.94734,53.74808],[-1.9478,53.74834],[-1.94841,53.74853],[-1.94895,53.74869],[-1.95,53.74917],[-1.95051,53.74951],[-1.95098,53.74982],[-1.95138,53.75023],[-1.95245,53.75056],[-1.95268,53.7508],[-1.95318,53.75089],[-1.95441,53.75143],[-1.95492,53.75173],[-1.95576,53.75226],[-1.95677,53.75271],[-1.95757,53.7532],[-1.95824,53.75388],[-1.95897,53.75456],[-1.95951,53.75505],[-1.96029,53.75539],[-1.96101,53.75585],[-1.96145,53.7562],[-1.96223,53.75646],[-1.96311,53.75686],[-1.96435,53.75728],[-1.96578,53.7576],[-1.96641,53.75818],[-1.96678,53.75896],[-1.96682,53.75925],[-1.96664,53.75922],[-1.96687,53.75952],[-1.96685,53.76059],[-1.96682,53.76109],[-1.96685,53.76181],[-1.96671,53.76227],[-1.96676,53.76322],[-1.96673,53.76429],[-1.9665,53.76516],[-1.96622,53.76569],[-1.96595,53.76609],[-1.96557,53.76612],[-1.96516,53.76645],[-1.9651,53.76677],[-1.96539,53.7671],[-1.96559,53.76737],[-1.966,53.76767],[-1.96663,53.76804],[-1.96738,53.76848],[-1.9676,53.76875],[-1.96801,53.76962],[-1.96724,53.76979],[-1.96746,53.77039],[-1.96778,53.77071],[-1.96756,53.77094],[-1.9676,53.77148],[-1.96815,53.77178],[-1.96824,53.772],[-1.96745,53.77208],[-1.96731,53.7729],[-1.96705,53.77386],[-1.96667,53.77454],[-1.96561,53.7751],[-1.96523,53.77546],[-1.96482,53.77565],[-1.9647,53.77578],[-1.96525,53.77559],[-1.96558,53.77541],[-1.96597,53.77521],[-1.96657,53.77486],[-1.96731,53.77448],[-1.96786,53.77426],[-1.96828,53.77397],[-1.96893,53.77382],[-1.96962,53.77388],[-1.97016,53.77378],[-1.97009,53.77344],[-1.97004,53.77315],[-1.97041,53.7728],[-1.97057,53.77256],[-1.96989,53.77235],[-1.96933,53.77224],[-1.96992,53.77216],[-1.96974,53.77186],[-1.96971,53.77148],[-1.97018,53.77067],[-1.97045,53.7704],[-1.96998,53.77007],[-1.96953,53.76962],[-1.96942,53.76914],[-1.96824,53.76952],[-1.96765,53.76856],[-1.96756,53.76814],[-1.967,53.76784],[-1.96659,53.7674],[-1.96621,53.76709],[-1.96584,53.76688],[-1.96575,53.76664],[-1.96662,53.76571],[-1.96686,53.76525],[-1.967,53.7647],[-1.96714,53.76389],[-1.96709,53.76294],[-1.96709,53.76148],[-1.96729,53.76111],[-1.96734,53.7607],[-1.96759,53.76018],[-1.96782,53.75979],[-1.96747,53.75942],[-1.96705,53.75882],[-1.96673,53.75819],[-1.96646,53.7577],[-1.96573,53.75721],[-1.96475,53.75689],[-1.96396,53.75674],[-1.96377,53.7565],[-1.96314,53.75622],[-1.96235,53.75593],[-1.96159,53.75559],[-1.96103,53.75544],[-1.96056,53.75519],[-1.9603,53.75497],[-1.95988,53.75483],[-1.95945,53.75454],[-1.95929,53.75429],[-1.95923,53.75408],[-1.95883,53.75383],[-1.95841,53.75363],[-1.95814,53.75326],[-1.95795,53.75293],[-1.95767,53.75266],[-1.957,53.75227],[-1.95644,53.75194],[-1.95576,53.75175],[-1.95535,53.75149],[-1.95483,53.75131],[-1.954,53.75092],[-1.953,53.75052],[-1.95241,53.74999],[-1.95189,53.75002],[-1.95101,53.74949],[-1.95047,53.74913],[-1.94974,53.74876],[-1.94918,53.74842],[-1.94839,53.74829],[-1.94784,53.74811],[-1.94728,53.74782],[-1.94674,53.74755],[-1.94613,53.7474],[-1.94545,53.74721],[-1.94459,53.74693],[-1.94362,53.74654],[-1.94319,53.74611],[-1.94297,53.74573],[-1.94257,53.74546],[-1.9421,53.74529],[-1.94128,53.74529],[-1.94054,53.74528],[-1.93995,53.74504],[-1.93899,53.74481],[-1.93774,53.74447],[-1.9374,53.74428],[-1.93718,53.74398],[-1.93683,53.74382],[-1.93628,53.74353],[-1.9361,53.7433],[-1.93598,53.74254],[-1.93619,53.742],[-1.93663,53.74144],[-1.9365,53.74096],[-1.93654,53.74061],[-1.93679,53.7403],[-1.93691,53.73997],[-1.93706,53.73878],[-1.93743,53.73817],[-1.93743,53.73775],[-1.93761,53.73761],[-1.93781,53.73726],[-1.93756,53.73712],[-1.93746,53.73684],[-1.93758,53.7366],[-1.93784,53.73644],[-1.9379,53.7362],[-1.93816,53.73582],[-1.93825,53.7355],[-1.93852,53.7351],[-1.93886,53.73475],[-1.93915,53.73455],[-1.93931,53.73416],[-1.93933,53.73381],[-1.93941,53.73289],[-1.93906,53.73252],[-1.93882,53.73217],[-1.93904,53.73203],[-1.93901,53.73179],[-1.93894,53.73171],[-1.93883,53.7317],[-1.93883,53.73152],[-1.93888,53.73133],[-1.93888,53.73123],[-1.93882,53.73114],[-1.93879,53.7307],[-1.93889,53.73069],[-1.93891,53.73043],[-1.93886,53.73022],[-1.93923,53.73025],[-1.93927,53.72978],[-1.93892,53.72972],[-1.93883,53.72955],[-1.93886,53.72937],[-1.93871,53.72901],[-1.93852,53.7287],[-1.93823,53.72837],[-1.938,53.72787],[-1.93775,53.72787],[-1.93765,53.7277],[-1.93767,53.72741],[-1.93776,53.7272],[-1.93787,53.72707],[-1.93813,53.72684],[-1.93832,53.72663],[-1.93858,53.72643],[-1.93879,53.72622],[-1.93885,53.72612],[-1.93893,53.72608],[-1.93893,53.726],[-1.93904,53.72585],[-1.93916,53.72557],[-1.93922,53.72554],[-1.93923,53.72541],[-1.93928,53.7253],[-1.93951,53.72498],[-1.93955,53.72486],[-1.93955,53.72456],[-1.93967,53.72454],[-1.94008,53.72456],[-1.94043,53.72449],[-1.94119,53.72425],[-1.94133,53.72407],[-1.94162,53.72402],[-1.94175,53.72409],[-1.94196,53.72406],[-1.94224,53.724],[-1.94254,53.72396],[-1.9428,53.72389],[-1.94327,53.72351],[-1.9434,53.72337],[-1.94365,53.72302],[-1.94428,53.72266],[-1.94475,53.72241],[-1.94494,53.72255],[-1.94513,53.72255],[-1.94533,53.72267],[-1.94559,53.72293],[-1.94654,53.72361],[-1.94772,53.72435],[-1.94839,53.72472],[-1.94931,53.72516],[-1.9506,53.72554],[-1.95136,53.72583],[-1.95154,53.72589],[-1.95148,53.72602],[-1.95166,53.72605],[-1.95189,53.72619],[-1.95192,53.72627],[-1.95236,53.72664],[-1.95318,53.72703],[-1.9533,53.72705],[-1.95348,53.7272],[-1.95363,53.72735],[-1.95384,53.72747],[-1.95443,53.72762],[-1.95454,53.72777],[-1.95483,53.72785],[-1.95508,53.72796],[-1.95539,53.7281],[-1.95571,53.72833],[-1.95636,53.72854],[-1.95695,53.72891],[-1.9578,53.72934],[-1.95887,53.72997],[-1.95914,53.73007],[-1.95927,53.73023],[-1.95992,53.73037],[-1.96004,53.73033],[-1.9608,53.73054],[-1.96149,53.73077],[-1.96177,53.73101],[-1.96249,53.7313],[-1.96293,53.73136],[-1.96337,53.73139],[-1.96477,53.73131],[-1.96543,53.73128],[-1.96692,53.73106],[-1.9689,53.73076],[-1.97028,53.73056],[-1.97106,53.73047],[-1.97172,53.73031],[-1.97186,53.73031],[-1.97188,53.73037],[-1.97195,53.73041],[-1.97212,53.7304],[-1.97209,53.73024],[-1.97219,53.73024],[-1.97262,53.73012],[-1.97288,53.7301],[-1.97289,53.73016],[-1.97309,53.73014],[-1.97326,53.73006],[-1.97327,53.72999],[-1.9735,53.72992],[-1.97376,53.7299],[-1.97383,53.72994],[-1.97407,53.72998],[-1.97507,53.72979],[-1.97588,53.72967],[-1.9762,53.72959],[-1.97688,53.72963],[-1.97729,53.72969],[-1.97774,53.72984],[-1.97777,53.73003],[-1.97803,53.73006],[-1.97814,53.73002],[-1.97833,53.73018],[-1.97847,53.73018],[-1.97841,53.73009],[-1.97826,53.72996],[-1.97798,53.72979],[-1.97809,53.72977],[-1.97839,53.72998],[-1.97867,53.73023],[-1.97894,53.73031],[-1.97883,53.73035],[-1.97879,53.73039],[-1.97847,53.73032],[-1.97836,53.73035],[-1.97865,53.73056],[-1.97917,53.73077],[-1.97959,53.73089],[-1.97989,53.73098],[-1.97964,53.7312],[-1.97938,53.73173],[-1.97874,53.73223],[-1.97904,53.73234],[-1.97986,53.73245],[-1.98003,53.7324],[-1.98004,53.73216],[-1.98012,53.73193],[-1.97948,53.73175],[-1.97973,53.73146],[-1.98017,53.73126],[-1.98048,53.73118],[-1.98217,53.73171],[-1.98256,53.73188],[-1.98259,53.73196],[-1.98308,53.73227],[-1.98324,53.73232],[-1.98338,53.73238],[-1.98323,53.73259],[-1.98302,53.73273],[-1.98318,53.73297],[-1.98336,53.73303],[-1.98355,53.733],[-1.9838,53.73327],[-1.98394,53.73324],[-1.98376,53.73275],[-1.98358,53.73266],[-1.98383,53.73248],[-1.98406,53.7325],[-1.98455,53.73278],[-1.98432,53.73303],[-1.9847,53.73315],[-1.98456,53.73334],[-1.98444,53.73334],[-1.98449,53.73345],[-1.98473,53.73366],[-1.98512,53.73377],[-1.98533,53.73366],[-1.98579,53.73377],[-1.98606,53.73348],[-1.98617,53.7335],[-1.9862,53.73359],[-1.98634,53.73361],[-1.9865,53.73359],[-1.98691,53.73369],[-1.98682,53.73376],[-1.98687,53.73386],[-1.98709,53.73391],[-1.98737,53.73379],[-1.98871,53.73405],[-1.98935,53.73398],[-1.98928,53.73415],[-1.99,53.73425],[-1.99084,53.73418],[-1.99551,53.73506],[-1.99599,53.73532],[-1.99845,53.73537],[-1.99779,53.73515],[-1.99849,53.73515],[-1.99964,53.73544],[-2.00624,53.73804],[-2.00631,53.73811],[-2.00678,53.73829],[-2.00745,53.73863],[-2.00909,53.73966],[-2.00883,53.73979],[-2.00909,53.73993],[-2.00897,53.74005],[-2.00945,53.74031],[-2.00967,53.74035],[-2.00983,53.7405],[-2.0102,53.74052],[-2.01041,53.7407],[-2.01032,53.74089],[-2.01064,53.74123],[-2.01135,53.74175],[-2.0118,53.74235],[-2.01168,53.74242],[-2.01173,53.74269],[-2.01188,53.74273],[-2.0117,53.74295],[-2.01139,53.74315],[-2.01112,53.74341],[-2.01076,53.74364],[-2.01041,53.74407],[-2.01036,53.74425],[-2.01059,53.74449],[-2.01094,53.74471],[-2.01121,53.74478],[-2.01138,53.74515],[-2.01174,53.74514],[-2.01177,53.74501],[-2.0122,53.74519],[-2.01193,53.74542],[-2.01197,53.74543],[-2.01191,53.74552],[-2.01243,53.74579],[-2.01362,53.74612],[-2.01379,53.74627],[-2.0135,53.74631],[-2.01341,53.74659],[-2.01359,53.74675],[-2.01382,53.74689],[-2.01373,53.74707],[-2.0135,53.74731],[-2.01341,53.74734],[-2.01334,53.74754],[-2.01317,53.74764],[-2.0132,53.74809],[-2.01306,53.74845],[-2.01305,53.74876],[-2.01308,53.74899],[-2.01334,53.74922],[-2.01349,53.74938],[-2.0135,53.74967],[-2.01344,53.74988],[-2.01331,53.75012],[-2.01296,53.75049],[-2.01282,53.75063],[-2.01267,53.7509],[-2.01258,53.75103],[-2.01235,53.7512],[-2.01231,53.75138],[-2.01217,53.7517],[-2.012,53.75204],[-2.01182,53.75222],[-2.01155,53.75243],[-2.01129,53.75261],[-2.01106,53.75278],[-2.01078,53.7531],[-2.01067,53.75361],[-2.01078,53.7542],[-2.01108,53.75471],[-2.01202,53.75531],[-2.01301,53.75561],[-2.01383,53.75585],[-2.01417,53.75603],[-2.0147,53.75659],[-2.01568,53.75695],[-2.01621,53.75728],[-2.01689,53.75757],[-2.01783,53.75791],[-2.01806,53.75855],[-2.01803,53.75962],[-2.01818,53.76045],[-2.01824,53.76106],[-2.01803,53.76189],[-2.01821,53.76251],[-2.01847,53.7632],[-2.0187,53.76386],[-2.01874,53.76443],[-2.0187,53.76524],[-2.01852,53.76627],[-2.01897,53.76696],[-2.019,53.76741],[-2.01859,53.76805],[-2.01855,53.7685],[-2.01855,53.7692],[-2.01878,53.76953],[-2.01882,53.77022],[-2.01875,53.77094],[-2.01814,53.77157],[-2.01768,53.77205],[-2.01743,53.77249],[-2.01697,53.77313],[-2.01626,53.77384],[-2.01588,53.77423],[-2.01576,53.77449],[-2.01576,53.77497],[-2.01542,53.77561],[-2.01502,53.77659],[-2.01403,53.77729],[-2.01339,53.77776],[-2.01297,53.77843],[-2.01289,53.77912],[-2.0132,53.7799],[-2.01355,53.78082],[-2.01362,53.78167],[-2.01342,53.78295],[-2.01297,53.78355],[-2.01267,53.78415],[-2.0121,53.78511],[-2.01207,53.78543],[-2.01139,53.78654],[-2.01083,53.78674],[-2.01018,53.7874],[-2.00969,53.78769],[-2.00946,53.788],[-2.01015,53.78813],[-2.01048,53.788],[-2.01056,53.78749],[-2.01119,53.78695],[-2.01207,53.78635],[-2.01259,53.78538],[-2.01244,53.78502],[-2.01302,53.7844],[-2.01347,53.78377],[-2.01339,53.78328],[-2.01399,53.78263],[-2.01426,53.78199],[-2.01433,53.78146],[-2.01391,53.78111],[-2.01373,53.7796],[-2.01357,53.77885],[-2.0135,53.77829],[-2.01441,53.77738],[-2.01527,53.77676],[-2.01573,53.77599],[-2.01629,53.77489],[-2.01641,53.77416],[-2.01697,53.77351],[-2.01773,53.77273],[-2.01829,53.77199],[-2.01875,53.77152],[-2.01908,53.77125],[-2.0192,53.77074],[-2.01923,53.77022],[-2.01935,53.76973],[-2.01923,53.76929],[-2.01897,53.76888],[-2.01935,53.76834],[-2.0192,53.76792],[-2.01935,53.76751],[-2.0195,53.76694],[-2.01908,53.76647],[-2.01897,53.766],[-2.01915,53.76524],[-2.0193,53.76466],[-2.01927,53.76368],[-2.01859,53.76202],[-2.01847,53.76164],[-2.01882,53.76108],[-2.01862,53.76066],[-2.01839,53.75979],[-2.01847,53.759],[-2.01851,53.75842],[-2.01892,53.75806],[-2.0196,53.75797],[-2.02557,53.75791],[-2.02648,53.75806],[-2.02693,53.75815],[-2.02813,53.75806],[-2.02899,53.75804],[-2.02987,53.75824],[-2.03074,53.7586],[-2.03145,53.75887],[-2.03254,53.75915],[-2.03379,53.75953],[-2.03561,53.75996],[-2.03708,53.76056],[-2.03835,53.76092],[-2.03937,53.76136],[-2.0401,53.76172],[-2.04059,53.76223],[-2.04115,53.76271],[-2.04137,53.76309],[-2.04142,53.76354],[-2.04153,53.76407],[-2.04188,53.7645],[-2.04221,53.76476],[-2.04227,53.76496],[-2.04235,53.76504],[-2.04235,53.76526],[-2.04247,53.76556],[-2.0428,53.76593],[-2.04311,53.76611],[-2.04318,53.76637],[-2.04359,53.76674],[-2.04379,53.76706],[-2.04411,53.76722],[-2.04444,53.76748],[-2.04457,53.76777],[-2.0445,53.76816],[-2.0444,53.76844],[-2.0444,53.76884],[-2.0446,53.76905],[-2.04508,53.76925],[-2.04534,53.76941],[-2.04523,53.76984],[-2.04484,53.7702],[-2.04429,53.77038],[-2.04387,53.77073],[-2.04376,53.77127],[-2.0439,53.7715],[-2.04392,53.77187],[-2.04337,53.77225],[-2.04286,53.77244],[-2.04248,53.77292],[-2.04231,53.77332],[-2.04217,53.77395],[-2.04237,53.77441],[-2.04243,53.77486],[-2.04228,53.77515],[-2.04265,53.77521],[-2.04324,53.77536],[-2.04386,53.77591],[-2.04415,53.77628],[-2.04495,53.77666],[-2.04553,53.77687],[-2.04611,53.77704],[-2.04668,53.77716],[-2.04737,53.77744],[-2.04775,53.77763],[-2.04855,53.77764],[-2.04913,53.77791],[-2.04945,53.77811],[-2.05036,53.77835],[-2.05121,53.77842],[-2.05221,53.7784],[-2.05329,53.77823],[-2.05418,53.7782],[-2.05526,53.77841],[-2.05585,53.77848],[-2.05664,53.77832],[-2.05801,53.77826],[-2.0593,53.77833],[-2.06022,53.77857],[-2.06175,53.77867],[-2.06256,53.77882],[-2.0632,53.77915],[-2.06499,53.78069],[-2.06567,53.78088],[-2.06622,53.78121],[-2.06674,53.782],[-2.06712,53.78275],[-2.06738,53.78333],[-2.06745,53.78351],[-2.0685,53.78434],[-2.06868,53.78467],[-2.0685,53.78503],[-2.06846,53.78546],[-2.06861,53.78572],[-2.06853,53.78597],[-2.06829,53.78624],[-2.06826,53.78751],[-2.06903,53.78914],[-2.06795,53.78983],[-2.06643,53.79068],[-2.06563,53.79115],[-2.06499,53.7919],[-2.06294,53.79227],[-2.06008,53.79524],[-2.05865,53.79588],[-2.05632,53.79635],[-2.0548,53.79614],[-2.0531,53.79672],[-2.05131,53.79731],[-2.04988,53.79842],[-2.04979,53.79879],[-2.04943,53.80007],[-2.04899,53.80097],[-2.04872,53.80277],[-2.04863,53.80367],[-2.04863,53.80489],[-2.04881,53.80626],[-2.04927,53.8078],[-2.05079,53.80849],[-2.05159,53.80913],[-2.05231,53.81087],[-2.05258,53.80981],[-2.0524,53.80891],[-2.05339,53.8086],[-2.05249,53.80818],[-2.05249,53.80711],[-2.05311,53.80573],[-2.05239,53.80494],[-2.05168,53.80383],[-2.05096,53.80324],[-2.05069,53.80165],[-2.05168,53.8006],[-2.05266,53.79969],[-2.05301,53.79885],[-2.05409,53.79837],[-2.05526,53.7981],[-2.05569,53.79736],[-2.05712,53.79715],[-2.05856,53.79683],[-2.06035,53.79635],[-2.06267,53.79507],[-2.06456,53.79412],[-2.06607,53.79311],[-2.06625,53.79195],[-2.06604,53.79176],[-2.06601,53.79147],[-2.0663,53.79108],[-2.06737,53.7904],[-2.06881,53.78978],[-2.06956,53.78932],[-2.0695,53.78875],[-2.0691,53.78764],[-2.06893,53.78733],[-2.06885,53.78676],[-2.06901,53.78616],[-2.06925,53.78586],[-2.06919,53.78549],[-2.06894,53.78518],[-2.06926,53.78464],[-2.06887,53.78402],[-2.06823,53.78365],[-2.06759,53.78295],[-2.06738,53.78246],[-2.06706,53.78212],[-2.06692,53.78183],[-2.06696,53.78158],[-2.06663,53.78133],[-2.0664,53.781],[-2.06617,53.78086],[-2.06572,53.78067],[-2.06496,53.78023],[-2.06388,53.77938],[-2.0637,53.77897],[-2.06409,53.77872],[-2.06517,53.77834],[-2.06665,53.77794],[-2.06763,53.77794],[-2.06826,53.77792],[-2.0699,53.77763],[-2.07133,53.77734],[-2.07295,53.77709],[-2.07371,53.77715],[-2.07474,53.77727],[-2.07547,53.77759],[-2.07643,53.77786],[-2.07722,53.77817],[-2.07792,53.77848],[-2.0789,53.77885],[-2.07946,53.77926],[-2.07988,53.77958],[-2.08001,53.78007],[-2.07974,53.78079],[-2.07942,53.78137],[-2.079,53.78185],[-2.07873,53.78223],[-2.07868,53.78255],[-2.07874,53.78285],[-2.0792,53.78325],[-2.0797,53.78368],[-2.08019,53.78412],[-2.08052,53.78463],[-2.08077,53.78519],[-2.08104,53.78567],[-2.08156,53.78647],[-2.08375,53.78759],[-2.08437,53.78774],[-2.08472,53.78801],[-2.08461,53.78935],[-2.08459,53.79029],[-2.08489,53.79103],[-2.08435,53.79173],[-2.08394,53.79264],[-2.08359,53.79352],[-2.0834,53.79456],[-2.08324,53.79533],[-2.0839,53.79617],[-2.08386,53.79697],[-2.08349,53.7978],[-2.08275,53.79864],[-2.08214,53.79941],[-2.08158,53.79966],[-2.08115,53.80093],[-2.08109,53.80198],[-2.08104,53.80258],[-2.08048,53.80317],[-2.08044,53.8038],[-2.08054,53.80428],[-2.08074,53.80469],[-2.08115,53.80437],[-2.08089,53.80341],[-2.0818,53.80276],[-2.08159,53.80198],[-2.08165,53.801],[-2.08215,53.80031],[-2.0828,53.79971],[-2.08421,53.79766],[-2.0844,53.79637],[-2.08435,53.79583],[-2.0839,53.79506],[-2.08435,53.79339],[-2.08495,53.7916],[-2.0855,53.79116],[-2.08515,53.7905],[-2.08508,53.78925],[-2.08523,53.78811],[-2.08715,53.78835],[-2.08825,53.78829],[-2.08977,53.7885],[-2.09234,53.7893],[-2.09471,53.78972],[-2.09636,53.79034],[-2.09753,53.79082],[-2.09773,53.79129],[-2.09773,53.79172],[-2.09889,53.79225],[-2.1,53.7929],[-2.10071,53.79258],[-2.10312,53.79009],[-2.1021,53.7898],[-2.1009,53.78971],[-2.09949,53.78989],[-2.09914,53.79028],[-2.09864,53.79016],[-2.09778,53.79058],[-2.0951,53.7896],[-2.0926,53.78906],[-2.09032,53.78838],[-2.08847,53.78811],[-2.0871,53.78806],[-2.08519,53.78773],[-2.08408,53.78731],[-2.08201,53.78645],[-2.08136,53.78535],[-2.0809,53.7841],[-2.07914,53.78272],[-2.07909,53.78216],[-2.07985,53.78141],[-2.08024,53.78058],[-2.08065,53.77992],[-2.08296,53.77953],[-2.08356,53.77971],[-2.08341,53.78021],[-2.08437,53.78078],[-2.08589,53.78117],[-2.08724,53.78102],[-2.08835,53.7807],[-2.0895,53.78048],[-2.09206,53.78054],[-2.09247,53.78004],[-2.09514,53.77952],[-2.0959,53.7792],[-2.09645,53.77904],[-2.09966,53.77895],[-2.10122,53.77868],[-2.10333,53.77865],[-2.1044,53.77862],[-2.10546,53.77853],[-2.10701,53.77853],[-2.107,53.77826],[-2.1052,53.77824],[-2.1042,53.77845],[-2.10253,53.77841],[-2.10083,53.7785],[-2.09986,53.77863],[-2.09392,53.77848],[-2.09197,53.77771],[-2.09206,53.77741],[-2.09116,53.77741],[-2.09045,53.77714],[-2.08925,53.77735],[-2.08838,53.77756],[-2.08699,53.77747],[-2.08573,53.77756],[-2.08521,53.77804],[-2.08467,53.7784],[-2.08487,53.77869],[-2.08432,53.77891],[-2.0822,53.77933],[-2.0811,53.7796],[-2.08066,53.77968],[-2.08019,53.77954],[-2.07978,53.77901],[-2.0787,53.77849],[-2.07731,53.778],[-2.07602,53.77741],[-2.07377,53.77685],[-2.07284,53.77692],[-2.07189,53.77707],[-2.07054,53.77723],[-2.06973,53.77744],[-2.06881,53.77765],[-2.06834,53.77771],[-2.0667,53.77766],[-2.06587,53.77789],[-2.06449,53.77831],[-2.06348,53.77869],[-2.063,53.77867],[-2.06157,53.77835],[-2.06048,53.77837],[-2.05898,53.77795],[-2.05782,53.77792],[-2.05679,53.77809],[-2.05552,53.77818],[-2.05438,53.77794],[-2.05347,53.778],[-2.05241,53.77819],[-2.0511,53.77816],[-2.05013,53.77805],[-2.04955,53.7779],[-2.04922,53.77759],[-2.04873,53.77741],[-2.04772,53.7773],[-2.04691,53.7769],[-2.04641,53.77682],[-2.04588,53.77661],[-2.04548,53.77655],[-2.04451,53.77613],[-2.04406,53.77544],[-2.04356,53.77515],[-2.0429,53.77445],[-2.04261,53.77389],[-2.04274,53.77318],[-2.04301,53.77269],[-2.04363,53.77232],[-2.04428,53.77208],[-2.04443,53.77169],[-2.0442,53.77123],[-2.04417,53.77085],[-2.04492,53.7705],[-2.04545,53.77024],[-2.0456,53.76981],[-2.04554,53.76921],[-2.04522,53.76909],[-2.04492,53.76883],[-2.04496,53.76819],[-2.04496,53.76778],[-2.04491,53.76753],[-2.04467,53.76725],[-2.04422,53.76698],[-2.04394,53.76659],[-2.04353,53.76621],[-2.0434,53.76587],[-2.04311,53.76571],[-2.04289,53.76549],[-2.04298,53.76526],[-2.04282,53.76502],[-2.04254,53.76483],[-2.04226,53.76454],[-2.04194,53.76429],[-2.04186,53.76403],[-2.04183,53.76328],[-2.04175,53.76306],[-2.04156,53.76265],[-2.04092,53.76205],[-2.04043,53.76168],[-2.03995,53.76136],[-2.03911,53.76098],[-2.03852,53.76077],[-2.036,53.75992],[-2.03547,53.75968],[-2.0326,53.75895],[-2.03197,53.75878],[-2.03142,53.75866],[-2.03028,53.75808],[-2.02983,53.7579],[-2.0293,53.75781],[-2.02814,53.75773],[-2.02766,53.75755],[-2.02696,53.75755],[-2.02685,53.75786],[-2.02596,53.75776],[-2.02509,53.75765],[-2.02384,53.75768],[-2.02209,53.75771],[-2.01974,53.75777],[-2.01869,53.75768],[-2.01754,53.7573],[-2.01712,53.75717],[-2.01639,53.75693],[-2.01584,53.75665],[-2.01528,53.7562],[-2.01489,53.75572],[-2.01399,53.75545],[-2.01319,53.75523],[-2.01278,53.75513],[-2.01267,53.75475],[-2.01167,53.75362],[-2.01172,53.75336],[-2.0122,53.75303],[-2.0126,53.75277],[-2.01252,53.75219],[-2.0125,53.7516],[-2.01284,53.7514],[-2.01302,53.751],[-2.01326,53.75071],[-2.01369,53.75071],[-2.01405,53.75066],[-2.01426,53.75025],[-2.01428,53.75006],[-2.01501,53.74958],[-2.01484,53.74926],[-2.01399,53.74904],[-2.01343,53.74882],[-2.01343,53.74854],[-2.01364,53.74807],[-2.01399,53.74798],[-2.01449,53.74798],[-2.01453,53.74762],[-2.01452,53.74697],[-2.01456,53.74649],[-2.01438,53.74634],[-2.01447,53.74612],[-2.01437,53.74586],[-2.01379,53.74535],[-2.01352,53.74517],[-2.01329,53.74508],[-2.01314,53.74495],[-2.01237,53.74461],[-2.01256,53.74426],[-2.01308,53.74423],[-2.0135,53.7436],[-2.01425,53.74352],[-2.01431,53.74322],[-2.0142,53.74297],[-2.01408,53.74264],[-2.01405,53.74252],[-2.01388,53.74225],[-2.01441,53.74212],[-2.01464,53.74201],[-2.01599,53.74171],[-2.01623,53.74157],[-2.01678,53.74153],[-2.0169,53.74156],[-2.01804,53.74151],[-2.0186,53.7415],[-2.01882,53.74151],[-2.01922,53.74159],[-2.01928,53.74151],[-2.01949,53.74156],[-2.0196,53.74147],[-2.01981,53.74152],[-2.02034,53.74168],[-2.02186,53.74191],[-2.02328,53.74224],[-2.02371,53.74226],[-2.02384,53.74235],[-2.02365,53.74237],[-2.02366,53.74239],[-2.02339,53.74238],[-2.0236,53.7428],[-2.02368,53.74281],[-2.02396,53.74308],[-2.02407,53.74308],[-2.02418,53.74322],[-2.02453,53.74332],[-2.02486,53.74321],[-2.02498,53.74336],[-2.02506,53.74356],[-2.02528,53.74374],[-2.02537,53.74387],[-2.02544,53.74404],[-2.02565,53.74424],[-2.02575,53.74445],[-2.02577,53.74455],[-2.02572,53.74464],[-2.02609,53.74486],[-2.02612,53.74497],[-2.02645,53.74513],[-2.02686,53.74539],[-2.02697,53.74553],[-2.02727,53.74571],[-2.02767,53.74591],[-2.02794,53.74623],[-2.02792,53.74627],[-2.02803,53.74635],[-2.028,53.74653],[-2.02811,53.74653],[-2.02811,53.74664],[-2.02818,53.74689],[-2.02839,53.74706],[-2.02861,53.74716],[-2.02874,53.74727],[-2.02876,53.7476],[-2.02905,53.74778],[-2.02914,53.7479],[-2.02943,53.74814],[-2.02981,53.74839],[-2.02981,53.74853],[-2.03022,53.74884],[-2.0309,53.74902],[-2.03146,53.74921],[-2.03178,53.7493],[-2.03196,53.74949],[-2.03225,53.7496],[-2.03267,53.74985],[-2.03358,53.75021],[-2.03463,53.75052],[-2.03514,53.75062],[-2.03566,53.75068],[-2.03599,53.75061],[-2.03765,53.75019],[-2.03909,53.74989],[-2.03974,53.7498],[-2.04025,53.7498],[-2.04127,53.74976],[-2.04265,53.74976],[-2.04338,53.74967],[-2.04392,53.74961],[-2.04482,53.74953],[-2.04514,53.74958],[-2.04579,53.74966],[-2.04623,53.74972],[-2.04682,53.74976],[-2.04758,53.74989],[-2.04796,53.75001],[-2.04876,53.75012],[-2.05017,53.75021],[-2.05082,53.75026],[-2.05163,53.75021],[-2.05264,53.75013],[-2.05352,53.74996],[-2.05433,53.74992],[-2.05501,53.74997],[-2.05628,53.75001],[-2.05691,53.75007],[-2.05794,53.75037],[-2.05868,53.75056],[-2.05997,53.75097],[-2.06038,53.75111],[-2.06093,53.75141],[-2.06143,53.75172],[-2.06209,53.75214],[-2.06305,53.75306],[-2.06457,53.75403],[-2.06536,53.75446],[-2.06565,53.75458],[-2.06589,53.75475],[-2.06598,53.75501],[-2.06679,53.75553],[-2.06721,53.7556],[-2.06744,53.75572],[-2.06747,53.75583],[-2.06786,53.75605],[-2.06808,53.75643],[-2.06829,53.75666],[-2.06864,53.75675],[-2.07014,53.75747],[-2.07046,53.75765],[-2.07099,53.75805],[-2.07133,53.75832],[-2.07172,53.75868],[-2.07168,53.75878],[-2.07181,53.75883],[-2.07192,53.75878],[-2.07236,53.75916],[-2.07304,53.75952],[-2.07382,53.76015],[-2.07409,53.76029],[-2.07459,53.76046],[-2.07467,53.76058],[-2.07573,53.76064],[-2.07672,53.76109],[-2.07732,53.7615],[-2.07773,53.7615],[-2.07846,53.76201],[-2.07917,53.76211],[-2.07984,53.76219],[-2.08033,53.76232],[-2.0811,53.76255],[-2.08134,53.76279],[-2.0816,53.76293],[-2.08209,53.76307],[-2.08339,53.7631],[-2.08389,53.76303],[-2.08537,53.76296],[-2.08609,53.7629],[-2.08646,53.76303],[-2.08653,53.76297],[-2.08659,53.7628],[-2.08678,53.7627],[-2.08715,53.76264],[-2.08781,53.76252],[-2.08843,53.76229],[-2.08917,53.76205],[-2.08953,53.7619],[-2.08964,53.76176],[-2.08997,53.7616],[-2.09049,53.76144],[-2.09108,53.76137],[-2.09182,53.76124],[-2.09261,53.76116],[-2.0937,53.76082],[-2.09423,53.76061],[-2.09454,53.76055],[-2.09495,53.76032],[-2.0954,53.76014],[-2.09607,53.75983],[-2.09884,53.75861],[-2.09943,53.75819],[-2.09942,53.75806],[-2.09881,53.75823],[-2.09831,53.75863],[-2.09654,53.7594],[-2.09493,53.76012],[-2.09304,53.76073],[-2.09178,53.76095],[-2.09082,53.76118],[-2.08996,53.76127],[-2.08911,53.76178],[-2.0874,53.76229],[-2.08568,53.76265],[-2.08207,53.76283],[-2.08147,53.76232],[-2.08045,53.762],[-2.07895,53.76182],[-2.07749,53.76092],[-2.07497,53.76018],[-2.07406,53.75985],[-2.07286,53.7589],[-2.07199,53.75843],[-2.07145,53.75756],[-2.06978,53.75691],[-2.06938,53.75634],[-2.06812,53.75529],[-2.06727,53.75521],[-2.06636,53.7547],[-2.06345,53.75277],[-2.06234,53.75169],[-2.06017,53.75056],[-2.05986,53.75042],[-2.05944,53.7504],[-2.059,53.75036],[-2.05856,53.75029],[-2.05789,53.75015],[-2.05683,53.74983],[-2.05352,53.74973],[-2.05257,53.74986],[-2.05139,53.74996],[-2.0499,53.74995],[-2.04867,53.74988],[-2.04506,53.74935],[-2.04385,53.74936],[-2.04262,53.74949],[-2.04162,53.74958],[-2.03931,53.74959],[-2.03589,53.75036],[-2.03525,53.75041],[-2.03426,53.75021],[-2.0329,53.74967],[-2.03156,53.74898],[-2.03076,53.74865],[-2.03029,53.74829],[-2.0297,53.74788],[-2.02953,53.74752],[-2.02917,53.74715],[-2.0287,53.7469],[-2.02858,53.74649],[-2.02762,53.74541],[-2.02704,53.74518],[-2.02653,53.74445],[-2.02625,53.74429],[-2.02597,53.74405],[-2.02554,53.74362],[-2.02534,53.74309],[-2.02577,53.74287],[-2.02594,53.74299],[-2.02653,53.74286],[-2.02671,53.74272],[-2.02684,53.74275],[-2.02759,53.74256],[-2.02844,53.74211],[-2.02827,53.74174],[-2.02804,53.74146],[-2.02818,53.7411],[-2.02853,53.74094],[-2.02872,53.74096],[-2.02931,53.74071],[-2.0296,53.7406],[-2.03006,53.74038],[-2.03021,53.7404],[-2.03085,53.74017],[-2.03153,53.73995],[-2.03156,53.73983],[-2.03145,53.73981],[-2.03135,53.7397],[-2.03141,53.73968],[-2.03124,53.73961],[-2.03119,53.73947],[-2.03131,53.73932],[-2.0315,53.73931],[-2.03186,53.73892],[-2.0318,53.73889],[-2.03159,53.73898],[-2.03134,53.73899],[-2.03095,53.73912],[-2.03089,53.73905],[-2.03109,53.73897],[-2.0311,53.73884],[-2.03103,53.73883],[-2.03086,53.73889],[-2.03113,53.7387],[-2.03139,53.7385],[-2.03156,53.73845],[-2.03188,53.73833],[-2.03201,53.73833],[-2.0326,53.73819],[-2.03291,53.73808],[-2.0331,53.73811],[-2.03365,53.73791],[-2.03391,53.73788],[-2.0343,53.73777],[-2.0345,53.73767],[-2.035,53.73809],[-2.03518,53.73807],[-2.03513,53.73798],[-2.03498,53.73799],[-2.03453,53.73764],[-2.03483,53.73748],[-2.03494,53.73735],[-2.03512,53.73704],[-2.03512,53.73692],[-2.03539,53.73681],[-2.03538,53.7367],[-2.03586,53.73647],[-2.03635,53.73632],[-2.03718,53.73623],[-2.03766,53.73628],[-2.03776,53.73631],[-2.03891,53.73641],[-2.03904,53.73652],[-2.03926,53.73656],[-2.0393,53.73648],[-2.03945,53.73649],[-2.03968,53.73658],[-2.04017,53.73648],[-2.04032,53.73651],[-2.04039,53.73662],[-2.04014,53.73672],[-2.0405,53.73673],[-2.04059,53.73669],[-2.04062,53.7366],[-2.04051,53.73655],[-2.04044,53.73647],[-2.04103,53.73633],[-2.04101,53.73628],[-2.04117,53.73619],[-2.04198,53.73593],[-2.04289,53.73557],[-2.04305,53.73565],[-2.04312,53.73576],[-2.04318,53.7358],[-2.0433,53.7358],[-2.04349,53.73574],[-2.04339,53.73566],[-2.04312,53.73561],[-2.04309,53.73548],[-2.04377,53.73521],[-2.04441,53.73489],[-2.04461,53.73498],[-2.04445,53.73511],[-2.04461,53.73523],[-2.04491,53.73516],[-2.046,53.73468],[-2.04624,53.73454],[-2.04652,53.73449],[-2.04683,53.73432],[-2.04695,53.73431],[-2.04724,53.73443],[-2.04733,53.73437],[-2.04735,53.7343],[-2.04805,53.73417],[-2.04812,53.73406],[-2.04808,53.73397],[-2.04812,53.73393],[-2.04841,53.73384],[-2.04868,53.73384],[-2.04882,53.73382],[-2.04911,53.73383],[-2.0493,53.7338],[-2.04971,53.73381],[-2.05003,53.7338],[-2.05024,53.73376],[-2.05053,53.73379],[-2.05079,53.73395],[-2.05108,53.73404],[-2.0512,53.73423],[-2.05165,53.73414],[-2.052,53.73413],[-2.05215,53.73421],[-2.05232,53.73435],[-2.05305,53.73497],[-2.053,53.73517],[-2.05299,53.73538],[-2.05313,53.73552],[-2.05338,53.7356],[-2.0536,53.7357],[-2.05352,53.73578],[-2.05373,53.73579],[-2.05378,53.73591],[-2.05334,53.73591],[-2.05366,53.73607],[-2.05401,53.73613],[-2.05408,53.73621],[-2.05458,53.73638],[-2.0548,53.73663],[-2.05513,53.73686],[-2.05548,53.73701],[-2.0561,53.7372],[-2.05693,53.73768],[-2.05706,53.73792],[-2.05754,53.73828],[-2.05781,53.73837],[-2.0585,53.73875],[-2.06003,53.7392],[-2.06098,53.73928],[-2.06194,53.73933],[-2.0628,53.73937],[-2.06391,53.73959],[-2.06491,53.73998],[-2.06578,53.74019],[-2.06707,53.74036],[-2.0689,53.74043],[-2.06993,53.74062],[-2.07124,53.74103],[-2.07145,53.74089],[-2.0704,53.7405],[-2.0681,53.74018],[-2.06663,53.74008],[-2.06532,53.73985],[-2.06306,53.73912],[-2.06077,53.739],[-2.05939,53.73878],[-2.05831,53.73834],[-2.05727,53.73763],[-2.05693,53.73737],[-2.05672,53.73706],[-2.0556,53.73655],[-2.05549,53.73654],[-2.05498,53.73627],[-2.05431,53.73572],[-2.05379,53.73538],[-2.05337,53.73494],[-2.05325,53.73474],[-2.05311,53.7349],[-2.05226,53.73413],[-2.05176,53.73403],[-2.05131,53.73411],[-2.05088,53.73386],[-2.05055,53.73369],[-2.04988,53.73373],[-2.0495,53.7337],[-2.04897,53.73375],[-2.04867,53.73368],[-2.04838,53.73351],[-2.04845,53.73341],[-2.0483,53.73336],[-2.04848,53.73301],[-2.04833,53.73285],[-2.04806,53.73286],[-2.0478,53.73301],[-2.04754,53.73279],[-2.0477,53.73254],[-2.04842,53.73201],[-2.04885,53.7317],[-2.04906,53.73144],[-2.04976,53.7309],[-2.05165,53.72939],[-2.05183,53.72937],[-2.05218,53.72911],[-2.0521,53.72904],[-2.05347,53.72806],[-2.05457,53.72704],[-2.05537,53.7258],[-2.05572,53.72512],[-2.05655,53.72414],[-2.05722,53.72337],[-2.05713,53.72312],[-2.05743,53.72298],[-2.0581,53.72235],[-2.05773,53.72237],[-2.05796,53.72223],[-2.06011,53.72084],[-2.06031,53.72082],[-2.06135,53.72027],[-2.06217,53.72025],[-2.06315,53.71976],[-2.06315,53.71934],[-2.06308,53.71914],[-2.06494,53.71872],[-2.06617,53.71845],[-2.06691,53.71831],[-2.06711,53.71838],[-2.06762,53.71838],[-2.06817,53.71856],[-2.06882,53.71851],[-2.06991,53.71846],[-2.07003,53.71871],[-2.06952,53.71882],[-2.06911,53.71886],[-2.06929,53.71891],[-2.07009,53.71891],[-2.07026,53.71893],[-2.07077,53.71879],[-2.07149,53.71856],[-2.07164,53.71844],[-2.07191,53.71839],[-2.07206,53.71819],[-2.07271,53.71802],[-2.07264,53.71792],[-2.07317,53.71781],[-2.07342,53.71776],[-2.07368,53.71765],[-2.07376,53.71773],[-2.07391,53.71772],[-2.07386,53.71756],[-2.07406,53.71752],[-2.07436,53.71766],[-2.07514,53.7176],[-2.07538,53.71731],[-2.07541,53.71698],[-2.07541,53.71684],[-2.07563,53.71679],[-2.07595,53.71689],[-2.07671,53.71689],[-2.07691,53.71709],[-2.07803,53.71709],[-2.07788,53.71695],[-2.07886,53.71666],[-2.079,53.71668],[-2.07936,53.71671],[-2.0795,53.71666],[-2.07954,53.71647],[-2.07974,53.7164],[-2.08004,53.71636],[-2.08012,53.71616],[-2.08024,53.71613],[-2.08024,53.71609],[-2.08204,53.71559],[-2.08207,53.7156],[-2.08263,53.7161],[-2.08294,53.7161],[-2.08363,53.71585],[-2.08456,53.71561],[-2.08547,53.71595],[-2.08603,53.71606],[-2.08566,53.71612],[-2.08577,53.71626],[-2.0861,53.71624],[-2.08601,53.71636],[-2.0857,53.71659],[-2.08559,53.71663],[-2.08579,53.71673],[-2.08623,53.71648],[-2.08633,53.71623],[-2.08686,53.7161],[-2.08727,53.71591],[-2.08762,53.71567],[-2.08854,53.71569],[-2.08989,53.71608],[-2.09001,53.71603],[-2.09024,53.71604],[-2.0906,53.7159],[-2.09106,53.71567],[-2.09504,53.71504],[-2.09572,53.7149],[-2.09577,53.71491],[-2.09583,53.71498],[-2.0961,53.71504],[-2.09625,53.71518],[-2.09627,53.71522],[-2.0951,53.71555],[-2.09369,53.71617],[-2.0935,53.71687],[-2.09423,53.71785],[-2.09473,53.7181],[-2.09558,53.71805],[-2.09711,53.71889],[-2.09855,53.71842],[-2.09858,53.71846],[-2.09891,53.71859],[-2.09888,53.71864],[-2.09914,53.71873],[-2.09958,53.71881],[-2.09969,53.71887],[-2.10016,53.71889],[-2.10134,53.71914],[-2.10264,53.71968],[-2.10298,53.71957],[-2.10339,53.71957],[-2.10405,53.71974],[-2.1041,53.7197],[-2.10434,53.71972],[-2.10528,53.72005],[-2.10495,53.72046],[-2.10565,53.72073],[-2.10565,53.72092],[-2.10668,53.72126],[-2.10776,53.72194],[-2.10991,53.72328],[-2.11087,53.72358],[-2.11164,53.72553],[-2.11213,53.72535],[-2.11249,53.72567],[-2.11249,53.72586],[-2.11389,53.72636],[-2.11353,53.72671],[-2.11504,53.72683],[-2.1151,53.72622],[-2.11533,53.7262],[-2.11663,53.72681],[-2.11951,53.72653],[-2.12056,53.72714],[-2.12159,53.72762],[-2.12324,53.72757],[-2.12379,53.72725],[-2.12552,53.72739],[-2.12685,53.72723],[-2.12847,53.72777],[-2.12984,53.72948],[-2.12987,53.72954],[-2.12984,53.72965],[-2.12997,53.72967],[-2.13033,53.73006],[-2.13042,53.73018],[-2.13063,53.73026],[-2.13074,53.73029],[-2.13077,53.73049],[-2.13101,53.73069],[-2.13114,53.73088],[-2.13162,53.73107],[-2.13194,53.73128],[-2.13269,53.73193],[-2.13542,53.73268],[-2.13796,53.733],[-2.13983,53.73296],[-2.14016,53.73335],[-2.1402,53.73393],[-2.1401,53.73389],[-2.14006,53.73404],[-2.14032,53.73419],[-2.14032,53.73448],[-2.14021,53.73457],[-2.14041,53.73481],[-2.14041,53.73512],[-2.14017,53.73542],[-2.14011,53.73581],[-2.14016,53.73625],[-2.14064,53.73678],[-2.14142,53.73729],[-2.14256,53.73785],[-2.14318,53.73831],[-2.14343,53.73858],[-2.14324,53.73895],[-2.14415,53.73881],[-2.14424,53.73872],[-2.14365,53.73835],[-2.14294,53.73786],[-2.14206,53.73737],[-2.14146,53.73702],[-2.14075,53.73649],[-2.14046,53.73611],[-2.14052,53.73563],[-2.14081,53.73532],[-2.14086,53.73446],[-2.14054,53.73405],[-2.14071,53.73391],[-2.14091,53.73354],[-2.14071,53.73327],[-2.1408,53.73305],[-2.1411,53.73304],[-2.14109,53.73314],[-2.141,53.73322],[-2.1415,53.7333],[-2.14163,53.73348],[-2.14189,53.73349],[-2.14262,53.73338],[-2.143,53.73338],[-2.14356,53.7335],[-2.14418,53.73344],[-2.14432,53.73322],[-2.14486,53.73322],[-2.14498,53.73318],[-2.14512,53.73317],[-2.14524,53.73321],[-2.14539,53.73321],[-2.1455,53.73311],[-2.14577,53.73307],[-2.14632,53.73312],[-2.14674,53.73313],[-2.14692,53.73307],[-2.14704,53.73296],[-2.14748,53.7327],[-2.14795,53.73243],[-2.14827,53.73219],[-2.14889,53.73201],[-2.14921,53.73199],[-2.14972,53.73191],[-2.15015,53.73178],[-2.1504,53.73174],[-2.15107,53.73191],[-2.15116,53.73181],[-2.15139,53.73188],[-2.15163,53.73185],[-2.15175,53.73181],[-2.1525,53.73196],[-2.15282,53.73247],[-2.15291,53.73252],[-2.15285,53.73266],[-2.15299,53.73272],[-2.153,53.73277],[-2.15344,53.73298],[-2.15364,53.7331],[-2.15382,53.73308],[-2.15475,53.73344],[-2.15494,53.73337],[-2.15538,53.73361],[-2.15591,53.73344],[-2.15541,53.73297],[-2.15491,53.73263],[-2.15473,53.73233],[-2.15451,53.73224],[-2.15436,53.73212],[-2.15406,53.73191],[-2.15379,53.73174],[-2.15372,53.73162],[-2.15295,53.73129],[-2.15239,53.73109],[-2.15169,53.73097],[-2.15152,53.7308],[-2.15118,53.73099],[-2.15083,53.73106],[-2.15054,53.73122],[-2.15048,53.73111],[-2.15024,53.73122],[-2.15024,53.73129],[-2.14951,53.73154],[-2.14931,53.73162],[-2.14898,53.73165],[-2.14877,53.73168],[-2.14836,53.73177],[-2.14744,53.73212],[-2.14742,53.73237],[-2.14733,53.73248],[-2.14713,53.73251],[-2.14691,53.73266],[-2.14685,53.73279],[-2.14666,53.73283],[-2.14638,53.7328],[-2.14597,53.73281],[-2.14565,53.73271],[-2.14504,53.73265],[-2.14456,53.73266],[-2.14433,53.73272],[-2.14378,53.73269],[-2.14338,53.73278],[-2.14298,53.73279],[-2.14248,53.73272],[-2.14383,53.73258],[-2.14378,53.73255],[-2.14028,53.73185],[-2.14023,53.73191],[-2.13705,53.73171],[-2.13452,53.73147],[-2.13167,53.73062],[-2.13086,53.72959],[-2.12943,53.7274],[-2.12705,53.72671],[-2.12532,53.72689],[-2.1237,53.72672],[-2.12368,53.72671],[-2.12312,53.72659],[-2.12291,53.72663],[-2.12209,53.72662],[-2.12194,53.72684],[-2.12176,53.7268],[-2.12148,53.72663],[-2.12154,53.72654],[-2.12066,53.72583],[-2.12039,53.72567],[-2.1198,53.72564],[-2.11918,53.7256],[-2.11887,53.72561],[-2.11819,53.72549],[-2.11801,53.7254],[-2.11713,53.72532],[-2.11674,53.72524],[-2.1161,53.72517],[-2.11554,53.725],[-2.11496,53.72478],[-2.11484,53.72464],[-2.11445,53.72453],[-2.11396,53.72414],[-2.1139,53.7241],[-2.11381,53.72388],[-2.11402,53.72374],[-2.11306,53.72321],[-2.11321,53.72303],[-2.11291,53.72234],[-2.11071,53.72039],[-2.11006,53.72037],[-2.10945,53.72012],[-2.10875,53.72014],[-2.10857,53.72005],[-2.10866,53.71987],[-2.10776,53.7192],[-2.10752,53.71905],[-2.10748,53.71894],[-2.10732,53.71874],[-2.10663,53.71835],[-2.1062,53.7183],[-2.10606,53.71831],[-2.10596,53.71812],[-2.10575,53.71798],[-2.10558,53.71777],[-2.10527,53.7176],[-2.10493,53.71745],[-2.10433,53.71736],[-2.10399,53.7173],[-2.10327,53.71697],[-2.10288,53.71691],[-2.10255,53.71682],[-2.10239,53.71659],[-2.10217,53.7166],[-2.10188,53.71652],[-2.10147,53.71639],[-2.10136,53.7164],[-2.09938,53.71582],[-2.09868,53.71532],[-2.09868,53.71493],[-2.09802,53.71457],[-2.09743,53.71465],[-2.09736,53.71452],[-2.09817,53.71359],[-2.09838,53.71318],[-2.09848,53.71313],[-2.09863,53.71275],[-2.09922,53.71279],[-2.09952,53.71269],[-2.09981,53.71276],[-2.10022,53.71293],[-2.10058,53.71291],[-2.10125,53.71265],[-2.10209,53.71204],[-2.10229,53.71148],[-2.10262,53.71059],[-2.10316,53.71002],[-2.10386,53.70994],[-2.1043,53.70945],[-2.10424,53.70915],[-2.10453,53.70883],[-2.10442,53.70859],[-2.1043,53.70851],[-2.10452,53.70819],[-2.10505,53.70771],[-2.10534,53.7073],[-2.10563,53.70707],[-2.10604,53.70676],[-2.10672,53.70635],[-2.10712,53.70611],[-2.10767,53.70585],[-2.10793,53.70566],[-2.10793,53.70549],[-2.10814,53.70527],[-2.10812,53.70509],[-2.10841,53.70502],[-2.1083,53.70486],[-2.10823,53.70485],[-2.1085,53.70472],[-2.1085,53.70453],[-2.10856,53.7045],[-2.10989,53.70406],[-2.11088,53.70407],[-2.11136,53.70419],[-2.11215,53.70426],[-2.11276,53.70445],[-2.11242,53.7049],[-2.11311,53.70509],[-2.1135,53.70466],[-2.1142,53.70481],[-2.11483,53.70508],[-2.11551,53.70525],[-2.11623,53.70551],[-2.11658,53.70571],[-2.11686,53.70591],[-2.11674,53.70595],[-2.11708,53.70623],[-2.11771,53.70638],[-2.11788,53.7062],[-2.118,53.70624],[-2.11917,53.70627],[-2.12049,53.70652],[-2.12202,53.7066],[-2.12282,53.70692],[-2.12378,53.70782],[-2.12492,53.70881],[-2.12575,53.70919],[-2.12622,53.7093],[-2.12852,53.70938],[-2.12966,53.70956],[-2.13034,53.70978],[-2.1305,53.70994],[-2.13092,53.7098],[-2.13266,53.70988],[-2.13424,53.71005],[-2.13537,53.7103],[-2.13678,53.71041],[-2.13674,53.71065],[-2.13685,53.71064],[-2.13695,53.71047],[-2.1373,53.71059],[-2.13778,53.71063],[-2.1388,53.71063],[-2.13866,53.71042],[-2.1381,53.71046],[-2.13697,53.71029],[-2.13594,53.71018],[-2.13459,53.70981],[-2.13207,53.70964],[-2.13054,53.70962],[-2.12893,53.70915],[-2.12666,53.70912],[-2.12602,53.70905],[-2.12536,53.70881],[-2.12495,53.70847],[-2.12493,53.70811],[-2.12591,53.70807],[-2.12652,53.70805],[-2.12755,53.7077],[-2.12931,53.70732],[-2.13021,53.70705],[-2.1304,53.7069],[-2.13017,53.70691],[-2.12932,53.70712],[-2.1284,53.70737],[-2.12741,53.70753],[-2.12654,53.70789],[-2.12491,53.70791],[-2.12446,53.70793],[-2.12399,53.70748],[-2.12259,53.70647],[-2.12182,53.70635],[-2.12059,53.70628],[-2.11927,53.70609],[-2.11823,53.70608],[-2.11773,53.70592],[-2.11749,53.70576],[-2.11712,53.70549],[-2.11614,53.70515],[-2.11507,53.70481],[-2.11513,53.70468],[-2.11482,53.70462],[-2.11453,53.70451],[-2.11436,53.70452],[-2.11442,53.70446],[-2.11425,53.70441],[-2.11389,53.7044],[-2.11277,53.70411],[-2.11209,53.70404],[-2.11153,53.70396],[-2.11109,53.7038],[-2.11036,53.70378],[-2.10963,53.70374],[-2.10895,53.70368],[-2.10854,53.70327],[-2.10728,53.70233],[-2.10754,53.70204],[-2.10751,53.70169],[-2.10728,53.70147],[-2.10731,53.70141],[-2.10713,53.70137],[-2.10698,53.70139],[-2.10693,53.70152],[-2.10707,53.70163],[-2.10719,53.70161],[-2.10743,53.70185],[-2.10742,53.70195],[-2.10736,53.70197],[-2.1072,53.70195],[-2.10707,53.70185],[-2.10696,53.70189],[-2.10684,53.70203],[-2.10661,53.70181],[-2.1066,53.70154],[-2.10672,53.70133],[-2.10669,53.70123],[-2.10661,53.70108],[-2.10634,53.70098],[-2.10599,53.70098],[-2.10593,53.70085],[-2.10607,53.70069],[-2.10579,53.69993],[-2.10553,53.69976],[-2.10588,53.69946],[-2.10585,53.69894],[-2.10655,53.69876],[-2.10601,53.69817],[-2.10609,53.69782],[-2.10624,53.69804],[-2.10638,53.69809],[-2.10679,53.69791],[-2.10682,53.69778],[-2.10671,53.6977],[-2.1068,53.69748],[-2.10654,53.69727],[-2.10631,53.69731],[-2.10628,53.69724],[-2.10613,53.69715],[-2.10606,53.69716],[-2.10604,53.69707],[-2.10593,53.69698],[-2.10553,53.69682],[-2.10522,53.6964],[-2.10492,53.6962],[-2.10472,53.69617],[-2.1046,53.69612],[-2.10428,53.69579],[-2.10408,53.69552],[-2.10393,53.69539],[-2.10423,53.69505],[-2.10357,53.6943],[-2.10284,53.69407],[-2.10199,53.69285],[-2.10199,53.69274],[-2.10179,53.69249],[-2.10171,53.6923],[-2.10176,53.69219],[-2.10162,53.69201],[-2.10289,53.69177],[-2.10392,53.69138],[-2.10418,53.69062],[-2.10387,53.69044],[-2.10433,53.69007],[-2.10473,53.68849],[-2.1042,53.68789],[-2.10479,53.68769],[-2.1062,53.68769],[-2.10761,53.68752],[-2.10823,53.68746],[-2.10856,53.68762],[-2.10912,53.68783],[-2.10947,53.68825],[-2.11003,53.68862],[-2.11052,53.68887],[-2.11141,53.68913],[-2.11229,53.68932],[-2.11329,53.68944],[-2.11429,53.68962],[-2.11491,53.6897],[-2.11471,53.68947],[-2.1135,53.68928],[-2.11258,53.68913],[-2.11146,53.68896],[-2.11067,53.68865],[-2.11029,53.68853],[-2.10988,53.68834],[-2.10974,53.68817],[-2.10936,53.68787],[-2.10923,53.68761],[-2.10897,53.68736],[-2.10862,53.68718],[-2.10785,53.68717],[-2.10744,53.68731],[-2.10655,53.6874],[-2.10605,53.68744],[-2.10532,53.68744],[-2.10473,53.68738],[-2.10426,53.68753],[-2.10369,53.68769],[-2.10266,53.68794],[-2.10193,53.688],[-2.10108,53.68799],[-2.10064,53.68787],[-2.09973,53.68762],[-2.09942,53.68759],[-2.09911,53.68763],[-2.09789,53.68732],[-2.09746,53.68713],[-2.09655,53.68693],[-2.09561,53.68623],[-2.09561,53.68607],[-2.09476,53.68532],[-2.0949,53.6852],[-2.0947,53.68505],[-2.09432,53.68494],[-2.0942,53.68475],[-2.09379,53.68458],[-2.0932,53.68442],[-2.0925,53.68394],[-2.09182,53.68369],[-2.09188,53.68357],[-2.09149,53.6836],[-2.09127,53.68342],[-2.09129,53.68335],[-2.09096,53.68325],[-2.09049,53.6829],[-2.08955,53.68212],[-2.08906,53.68195],[-2.08836,53.68096],[-2.08729,53.67972],[-2.08689,53.67894],[-2.08577,53.67787],[-2.08474,53.67755],[-2.08418,53.67726],[-2.08405,53.67667],[-2.08357,53.67652],[-2.08309,53.6768],[-2.08293,53.67648],[-2.0828,53.67633],[-2.08253,53.6766],[-2.08327,53.67765],[-2.08368,53.67813],[-2.08448,53.67866],[-2.0848,53.67876],[-2.08538,53.67944],[-2.08538,53.67992],[-2.08609,53.68071],[-2.08688,53.68145],[-2.08782,53.68196],[-2.08846,53.6821],[-2.0895,53.68277],[-2.09012,53.68307],[-2.09061,53.68423],[-2.09153,53.68458],[-2.0916,53.68496],[-2.09244,53.6851],[-2.09275,53.68526],[-2.09255,53.68556],[-2.09285,53.68572],[-2.09319,53.68557],[-2.0932,53.68564],[-2.09378,53.68602],[-2.09378,53.68608],[-2.0941,53.68655],[-2.09424,53.68748],[-2.09477,53.68764],[-2.09512,53.68788],[-2.09559,53.68813],[-2.09571,53.68839],[-2.09625,53.68858],[-2.0981,53.68957],[-2.09838,53.68957],[-2.09968,53.69067],[-2.09937,53.69203],[-2.0994,53.69238],[-2.09912,53.69272],[-2.09937,53.69362],[-2.09919,53.69368],[-2.09922,53.69396],[-2.09928,53.69401],[-2.09917,53.694],[-2.09885,53.6939],[-2.09857,53.69387],[-2.09828,53.69389],[-2.09798,53.69393],[-2.09767,53.6938],[-2.09749,53.69377],[-2.09664,53.69342],[-2.09651,53.69353],[-2.09725,53.69384],[-2.09734,53.69389],[-2.09761,53.69387],[-2.09779,53.69392],[-2.09801,53.69413],[-2.09826,53.69406],[-2.09845,53.69406],[-2.09849,53.69402],[-2.09873,53.69401],[-2.09904,53.69411],[-2.0991,53.69416],[-2.09922,53.69431],[-2.09939,53.6944],[-2.09949,53.69441],[-2.09949,53.6948],[-2.09986,53.69513],[-2.10011,53.69526],[-2.10192,53.6956],[-2.10309,53.6962],[-2.10337,53.69641],[-2.10337,53.6967],[-2.103,53.69672],[-2.10248,53.69689],[-2.10283,53.69715],[-2.10338,53.69724],[-2.10375,53.69717],[-2.10495,53.69838],[-2.10524,53.69869],[-2.10536,53.69895],[-2.10543,53.69928],[-2.10512,53.69984],[-2.10509,53.70004],[-2.1054,53.70077],[-2.10593,53.7014],[-2.10667,53.70201],[-2.10657,53.70218],[-2.10652,53.70258],[-2.10704,53.70327],[-2.10721,53.7035],[-2.10719,53.70399],[-2.10695,53.70414],[-2.10654,53.70457],[-2.10635,53.7047],[-2.10597,53.70542],[-2.1055,53.70602],[-2.10497,53.70631],[-2.10431,53.70657],[-2.10399,53.70655],[-2.10382,53.70665],[-2.10364,53.70667],[-2.10341,53.70662],[-2.10323,53.70655],[-2.10308,53.70666],[-2.10328,53.70677],[-2.10343,53.7068],[-2.10357,53.70681],[-2.10346,53.70687],[-2.10307,53.70745],[-2.10255,53.70827],[-2.1023,53.70861],[-2.10218,53.70858],[-2.10195,53.70888],[-2.10183,53.70885],[-2.10169,53.70891],[-2.10168,53.70895],[-2.10183,53.70899],[-2.10169,53.70937],[-2.10174,53.70951],[-2.10169,53.70954],[-2.10188,53.70957],[-2.10201,53.70984],[-2.10179,53.71006],[-2.10117,53.71008],[-2.1002,53.71131],[-2.09982,53.71136],[-2.09944,53.71165],[-2.09935,53.71167],[-2.09855,53.71149],[-2.09799,53.71223],[-2.09784,53.71228],[-2.09734,53.71239],[-2.09713,53.71257],[-2.09602,53.71298],[-2.09564,53.71308],[-2.09493,53.71318],[-2.09404,53.71315],[-2.09328,53.71316],[-2.09282,53.71321],[-2.09234,53.71322],[-2.09172,53.71334],[-2.09119,53.71336],[-2.09067,53.71328],[-2.09022,53.71314],[-2.08966,53.71293],[-2.08908,53.71285],[-2.0887,53.71289],[-2.08779,53.71312],[-2.08757,53.71339],[-2.08663,53.71367],[-2.08592,53.7138],[-2.08401,53.71445],[-2.08349,53.71455],[-2.08212,53.7146],[-2.08143,53.71458],[-2.08037,53.71469],[-2.07987,53.71486],[-2.07936,53.71499],[-2.07863,53.715],[-2.07793,53.71488],[-2.07778,53.71467],[-2.07719,53.71416],[-2.07725,53.71399],[-2.07695,53.71381],[-2.07622,53.71284],[-2.07569,53.7124],[-2.07573,53.71187],[-2.0759,53.71169],[-2.07591,53.7111],[-2.07567,53.71033],[-2.07482,53.71004],[-2.07477,53.70956],[-2.07397,53.70923],[-2.07361,53.70922],[-2.0723,53.70847],[-2.07201,53.70814],[-2.07186,53.70785],[-2.0715,53.70769],[-2.0705,53.70741],[-2.06985,53.70721],[-2.06954,53.70711],[-2.06944,53.70714],[-2.06956,53.70737],[-2.07019,53.70738],[-2.07118,53.70771],[-2.0715,53.70797],[-2.07221,53.70867],[-2.07261,53.70889],[-2.07335,53.70925],[-2.07353,53.70977],[-2.07426,53.7102],[-2.07409,53.71046],[-2.07452,53.71076],[-2.07458,53.71103],[-2.07479,53.71127],[-2.07515,53.71134],[-2.07546,53.7116],[-2.07534,53.71203],[-2.07534,53.71243],[-2.07604,53.71324],[-2.0764,53.71392],[-2.0768,53.71432],[-2.07686,53.71512],[-2.07651,53.7152],[-2.0764,53.71535],[-2.07607,53.71551],[-2.07603,53.71574],[-2.07584,53.71586],[-2.07578,53.71602],[-2.07557,53.71612],[-2.07495,53.71621],[-2.07462,53.71648],[-2.0741,53.71673],[-2.07376,53.71701],[-2.07164,53.71784],[-2.07076,53.71794],[-2.07056,53.71785],[-2.06985,53.71771],[-2.06924,53.71771],[-2.06892,53.71755],[-2.06836,53.71744],[-2.06754,53.71757],[-2.06709,53.71759],[-2.06617,53.71779],[-2.0645,53.71828],[-2.06423,53.71825],[-2.06347,53.71851],[-2.06303,53.7185],[-2.06294,53.71845],[-2.06262,53.71847],[-2.06256,53.71856],[-2.06171,53.71883],[-2.06159,53.71869],[-2.06121,53.71875],[-2.06109,53.71887],[-2.06095,53.71911],[-2.0602,53.7194],[-2.05971,53.71953],[-2.05929,53.71985],[-2.05897,53.72],[-2.05853,53.72037],[-2.05732,53.72134],[-2.0569,53.72166],[-2.05643,53.72178],[-2.05599,53.7221],[-2.05587,53.7224],[-2.05512,53.72228],[-2.05452,53.72285],[-2.05464,53.72341],[-2.0546,53.72345],[-2.05419,53.72433],[-2.05417,53.72471],[-2.05389,53.72513],[-2.05377,53.72544],[-2.05355,53.72555],[-2.05363,53.72583],[-2.05337,53.72657],[-2.05304,53.727],[-2.05251,53.72753],[-2.05118,53.72877],[-2.04998,53.72953],[-2.049,53.73003],[-2.0481,53.73031],[-2.04633,53.73102],[-2.04578,53.73137],[-2.04519,53.73184],[-2.04418,53.73306],[-2.04385,53.73319],[-2.0437,53.73361],[-2.04336,53.73388],[-2.04229,53.73438],[-2.04159,53.73487],[-2.04071,53.73522],[-2.04023,53.73549],[-2.03974,53.73578],[-2.03924,53.73593],[-2.03844,53.7359],[-2.03738,53.7359],[-2.03627,53.73598],[-2.03551,53.73622],[-2.03465,53.73659],[-2.03415,53.73675],[-2.03356,53.73704],[-2.03345,53.73697],[-2.03354,53.73686],[-2.03353,53.73672],[-2.03342,53.73667],[-2.0334,53.73647],[-2.03353,53.73622],[-2.03345,53.73604],[-2.03322,53.73597],[-2.03306,53.73582],[-2.03295,53.73582],[-2.03304,53.73595],[-2.03339,53.73611],[-2.03324,53.73665],[-2.03342,53.7368],[-2.03336,53.73693],[-2.03336,53.73709],[-2.03321,53.73706],[-2.03315,53.73695],[-2.03303,53.73704],[-2.03309,53.73715],[-2.03251,53.73724],[-2.03172,53.73765],[-2.03095,53.73827],[-2.02986,53.73941],[-2.02978,53.73955],[-2.02853,53.74018],[-2.02839,53.74001],[-2.02578,53.74048],[-2.02557,53.73995],[-2.02387,53.74003],[-2.02392,53.74022],[-2.02533,53.74023],[-2.02565,53.7408],[-2.02402,53.74085],[-2.02237,53.74073],[-2.02142,53.74063],[-2.02051,53.74068],[-2.01952,53.74068],[-2.01852,53.74051],[-2.01838,53.74048],[-2.01926,53.74045],[-2.02008,53.74041],[-2.02139,53.74005],[-2.02173,53.74005],[-2.02251,53.73989],[-2.02267,53.73974],[-2.02339,53.73956],[-2.02448,53.73897],[-2.02517,53.73876],[-2.02681,53.73863],[-2.02707,53.73861],[-2.02742,53.73853],[-2.02731,53.73842],[-2.02596,53.73856],[-2.0249,53.73864],[-2.02425,53.73884],[-2.02316,53.73947],[-2.02264,53.73963],[-2.02245,53.73958],[-2.02187,53.73984],[-2.02137,53.73988],[-2.02011,53.74024],[-2.01814,53.74036],[-2.01787,53.7402],[-2.01632,53.73995],[-2.01585,53.73979],[-2.01599,53.7396],[-2.01593,53.73954],[-2.01556,53.73936],[-2.01541,53.73921],[-2.01559,53.73903],[-2.01561,53.73891],[-2.01552,53.73873],[-2.01518,53.73854],[-2.01487,53.73829],[-2.0148,53.73813],[-2.01458,53.73813],[-2.01438,53.7381],[-2.01414,53.7382],[-2.014,53.73829],[-2.01359,53.73819],[-2.01346,53.73834],[-2.01353,53.73837],[-2.01371,53.73836],[-2.01406,53.73854],[-2.01432,53.7387],[-2.0144,53.73873],[-2.01447,53.73882],[-2.01458,53.73885],[-2.01471,53.73897],[-2.01505,53.73916],[-2.01505,53.73928],[-2.01512,53.73931],[-2.01532,53.73951],[-2.01559,53.73961],[-2.01544,53.73986],[-2.01528,53.73981],[-2.01468,53.73933],[-2.01465,53.73912],[-2.0145,53.7391],[-2.01438,53.73904],[-2.01418,53.73892],[-2.01382,53.73884],[-2.01374,53.73876],[-2.01335,53.73873],[-2.01311,53.73878],[-2.01297,53.73891],[-2.01299,53.73913],[-2.01306,53.7392],[-2.01148,53.73882],[-2.01018,53.7387],[-2.00979,53.73861],[-2.00939,53.73848],[-2.00923,53.7384],[-2.00904,53.73805],[-2.00894,53.73803],[-2.00812,53.73754],[-2.00792,53.73753],[-2.00797,53.73745],[-2.00739,53.73725],[-2.00745,53.73721],[-2.00672,53.73701],[-2.00745,53.73697],[-2.00733,53.73672],[-2.00672,53.73646],[-2.00553,53.73601],[-2.00509,53.73584],[-2.0048,53.73604],[-2.00633,53.73671],[-2.0056,53.73668],[-2.00166,53.73532],[-1.99986,53.7348],[-1.99852,53.7343],[-1.99728,53.73431],[-1.9972,53.73408],[-1.99466,53.73365],[-1.99438,53.73382],[-1.99326,53.73363],[-1.98852,53.73205],[-1.98699,53.73155],[-1.98791,53.73053],[-1.98597,53.72993],[-1.9859,53.72951],[-1.98682,53.72879],[-1.98678,53.72847],[-1.98794,53.72814],[-1.9884,53.72798],[-1.98846,53.72775],[-1.98817,53.72763],[-1.98843,53.72761],[-1.98869,53.7274],[-1.98864,53.72722],[-1.9891,53.72687],[-1.98926,53.72657],[-1.98923,53.72624],[-1.98969,53.72624],[-1.98973,53.7261],[-1.98958,53.72607],[-1.98973,53.72596],[-1.98978,53.72579],[-1.98963,53.72564],[-1.99005,53.72553],[-1.99001,53.72528],[-1.9894,53.72525],[-1.98923,53.72492],[-1.98946,53.72411],[-1.98991,53.72344],[-1.99075,53.7228],[-1.99092,53.72242],[-1.99111,53.7215],[-1.99111,53.72095],[-1.99132,53.72063],[-1.99137,53.71986],[-1.99101,53.71937],[-1.9907,53.71832],[-1.99043,53.71792],[-1.99034,53.71703],[-1.99054,53.71573],[-1.99093,53.71534],[-1.99142,53.71524],[-1.99139,53.71486],[-1.99113,53.71438],[-1.99084,53.71366],[-1.99142,53.71314],[-1.99152,53.71279],[-1.9923,53.71228],[-1.99286,53.71131],[-1.99322,53.71075],[-1.99354,53.71004],[-1.99458,53.7092],[-1.99596,53.70866],[-1.99746,53.7082],[-1.99831,53.70779],[-1.99933,53.70763],[-2.00017,53.70704],[-2.00102,53.70642],[-2.00133,53.70599],[-2.0016,53.70574],[-2.00213,53.70538],[-2.00286,53.70524],[-2.00478,53.70518],[-2.00631,53.70518],[-2.00714,53.70525],[-2.00846,53.70542],[-2.00985,53.70543],[-2.01164,53.70595],[-2.01208,53.7058],[-2.01231,53.70597],[-2.01255,53.70579],[-2.01354,53.70569],[-2.01473,53.70578],[-2.01528,53.70577],[-2.01628,53.70556],[-2.01713,53.70581],[-2.01858,53.70579],[-2.01955,53.70547],[-2.02055,53.70555],[-2.02164,53.70519],[-2.02268,53.7049],[-2.02365,53.70507],[-2.02332,53.7052],[-2.02338,53.70541],[-2.02393,53.7053],[-2.02428,53.70517],[-2.02523,53.70533],[-2.0262,53.70509],[-2.02779,53.70493],[-2.03109,53.70507],[-2.03109,53.70434],[-2.03165,53.70385],[-2.03244,53.70333],[-2.03353,53.70309],[-2.03467,53.70244],[-2.03542,53.7017],[-2.03598,53.70161],[-2.03568,53.70065],[-2.03507,53.70062],[-2.03428,53.70029],[-2.03236,53.7008],[-2.02924,53.70083],[-2.02758,53.70145],[-2.02656,53.70168],[-2.02585,53.70246],[-2.02438,53.70311],[-2.0234,53.70356],[-2.0225,53.70405],[-2.02147,53.70472],[-2.02167,53.70492],[-2.02069,53.7053],[-2.01944,53.7053],[-2.01858,53.70552],[-2.0165,53.70537],[-2.01572,53.70533],[-2.01478,53.70551],[-2.01331,53.70546],[-2.01229,53.70557],[-2.01067,53.70539],[-2.00946,53.70515],[-2.0081,53.70506],[-2.00645,53.70492],[-2.00592,53.70486],[-2.00552,53.70498],[-2.00367,53.70499],[-2.00267,53.70491],[-2.00245,53.70503],[-2.00158,53.70534],[-2.00122,53.7054],[-2.00067,53.70465],[-2.00037,53.70396],[-2.00078,53.70305],[-2.00096,53.70252],[-2.00075,53.70214],[-1.99925,53.70091],[-1.9986,53.69976],[-1.99814,53.69883],[-1.99834,53.69804],[-1.99899,53.69741],[-1.9991,53.69683],[-1.99945,53.69625],[-1.99966,53.6957],[-1.99975,53.69515],[-2.00043,53.6945],[-2.00078,53.69399],[-2.00193,53.69347],[-2.00298,53.69328],[-2.00449,53.6931],[-2.00537,53.69258],[-2.00823,53.69135],[-2.00921,53.69092],[-2.00938,53.69063],[-2.00979,53.69023],[-2.01029,53.68943],[-2.0107,53.68882],[-2.01093,53.68841],[-2.01183,53.68755],[-2.01262,53.68691],[-2.0137,53.68646],[-2.0143,53.68606],[-2.01483,53.68558],[-2.01482,53.68506],[-2.01532,53.68463],[-2.01588,53.68418],[-2.01653,53.68387],[-2.0171,53.68361],[-2.01736,53.683],[-2.01742,53.68242],[-2.01793,53.68171],[-2.0188,53.68111],[-2.01957,53.68082],[-2.02049,53.68041],[-2.02158,53.6801],[-2.02243,53.67967],[-2.02375,53.67918],[-2.02326,53.67909],[-2.02246,53.67937],[-2.02169,53.67992],[-2.02037,53.68023],[-2.01857,53.68102],[-2.01827,53.68106],[-2.01771,53.6816],[-2.01698,53.68251],[-2.01671,53.68301],[-2.01675,53.6834],[-2.01471,53.68465],[-2.01442,53.68501],[-2.01429,53.68566],[-2.01341,53.68631],[-2.01242,53.68679],[-2.01149,53.68738],[-2.0107,53.68812],[-2.01029,53.68875],[-2.01002,53.68931],[-2.00911,53.69046],[-2.00893,53.69075],[-2.00753,53.69144],[-2.00596,53.69197],[-2.00429,53.69285],[-2.00258,53.69317],[-2.00152,53.69335],[-2.00064,53.69385],[-1.99998,53.69456],[-1.99927,53.69533],[-1.99913,53.69615],[-1.99883,53.69634],[-1.99868,53.69698],[-1.99827,53.69755],[-1.99784,53.6982],[-1.9973,53.6984],[-1.99775,53.69864],[-1.99802,53.69935],[-1.99822,53.70002],[-1.99863,53.7009],[-1.9996,53.70152],[-2.00024,53.70206],[-2.00052,53.70238],[-2.00049,53.7029],[-2.00025,53.70326],[-2.00004,53.70374],[-2.00008,53.70419],[-2.00034,53.70477],[-2.00049,53.70524],[-2.00052,53.70571],[-2.00028,53.70616],[-1.99975,53.70678],[-1.99851,53.70749],[-1.99721,53.70801],[-1.99466,53.7089],[-1.99398,53.70931],[-1.99339,53.70964],[-1.99311,53.71003],[-1.99287,53.71025],[-1.9928,53.71072],[-1.99228,53.71155],[-1.99211,53.71209],[-1.99095,53.71284],[-1.99089,53.71314],[-1.99049,53.71379],[-1.99042,53.71453],[-1.98993,53.71513],[-1.98993,53.71573],[-1.99004,53.71593],[-1.9898,53.71735],[-1.99004,53.71791],[-1.98992,53.71843],[-1.99039,53.71906],[-1.99036,53.71957],[-1.99072,53.72003],[-1.99079,53.72069],[-1.99031,53.72102],[-1.99031,53.72208],[-1.98925,53.72287],[-1.98879,53.72336],[-1.98879,53.72384],[-1.98866,53.72514],[-1.98846,53.72561],[-1.98849,53.72589],[-1.98863,53.72617],[-1.98832,53.72682],[-1.98744,53.72715],[-1.98688,53.72723],[-1.98643,53.72742],[-1.98603,53.72757],[-1.98518,53.72813],[-1.98423,53.72824],[-1.98417,53.72837],[-1.98353,53.72839],[-1.98317,53.72828],[-1.9829,53.72801],[-1.98308,53.72776],[-1.98258,53.72734],[-1.9819,53.72715],[-1.9819,53.72691],[-1.98006,53.72673],[-1.97887,53.72682],[-1.97849,53.72647],[-1.97602,53.7266],[-1.97361,53.72681],[-1.97356,53.7276],[-1.97486,53.72832],[-1.97583,53.72848],[-1.97577,53.72859],[-1.97444,53.72861],[-1.97357,53.72868],[-1.97192,53.72877],[-1.97091,53.72889],[-1.97004,53.72903],[-1.96925,53.72913],[-1.96824,53.72913],[-1.96745,53.7291],[-1.96688,53.72903],[-1.9658,53.72892],[-1.96516,53.72908],[-1.96497,53.72937],[-1.96469,53.72956],[-1.96389,53.72973],[-1.96301,53.72978],[-1.96163,53.72948],[-1.96113,53.72942],[-1.96042,53.72928],[-1.9581,53.72787],[-1.95727,53.72758],[-1.95734,53.72722],[-1.95693,53.72637],[-1.95594,53.72577],[-1.95422,53.72539],[-1.95318,53.72526],[-1.95253,53.72516],[-1.95148,53.72521],[-1.94963,53.72402],[-1.94689,53.72301],[-1.94624,53.72258],[-1.94603,53.72217],[-1.94612,53.72198],[-1.94644,53.72209],[-1.9466,53.72195],[-1.94639,53.72185],[-1.94621,53.72185],[-1.94629,53.72173],[-1.94657,53.72173],[-1.94651,53.72159],[-1.94638,53.72159],[-1.94645,53.72144],[-1.94644,53.72107],[-1.94627,53.72078],[-1.94614,53.7206],[-1.94559,53.72015],[-1.94508,53.71958],[-1.94452,53.71921],[-1.94464,53.71902],[-1.94477,53.71893],[-1.94435,53.71829],[-1.94421,53.71819],[-1.94444,53.71819],[-1.94399,53.71709],[-1.94314,53.71608],[-1.9432,53.71602],[-1.94267,53.71535],[-1.94236,53.71504],[-1.94125,53.71413],[-1.94095,53.71389],[-1.93895,53.71255],[-1.93862,53.71245],[-1.93803,53.71213],[-1.93539,53.71133],[-1.93047,53.71013],[-1.92805,53.70977],[-1.92626,53.70987],[-1.92479,53.71031],[-1.9242,53.71075],[-1.92335,53.71084],[-1.92203,53.7109],[-1.9212,53.71073],[-1.92059,53.71069],[-1.91743,53.70954],[-1.91484,53.70822],[-1.91288,53.70789],[-1.91296,53.7078],[-1.91366,53.70747],[-1.91381,53.70723],[-1.9139,53.70693],[-1.91392,53.70665],[-1.9141,53.70639],[-1.91436,53.7062],[-1.91618,53.70473],[-1.91671,53.70432],[-1.91663,53.70377],[-1.91691,53.70345],[-1.91776,53.70341],[-1.91847,53.70299],[-1.9197,53.70249],[-1.92147,53.70196],[-1.9223,53.70158],[-1.92305,53.70143],[-1.92397,53.70108],[-1.925,53.70027],[-1.92588,53.69996],[-1.92806,53.69942],[-1.92915,53.69919],[-1.93032,53.69879],[-1.9319,53.69806],[-1.933,53.69747],[-1.9341,53.69649],[-1.93399,53.69578],[-1.93385,53.69566],[-1.93382,53.69549],[-1.93396,53.69541],[-1.9337,53.69526],[-1.93387,53.69501],[-1.93357,53.69394],[-1.9336,53.69309],[-1.93357,53.6927],[-1.93304,53.69207],[-1.93351,53.69185],[-1.93389,53.69139],[-1.93398,53.69047],[-1.93347,53.69019],[-1.93392,53.68997],[-1.93373,53.68968],[-1.93429,53.6894],[-1.93483,53.68874],[-1.93549,53.68877],[-1.93626,53.68911],[-1.93714,53.68871],[-1.93854,53.68849],[-1.94057,53.68861],[-1.94233,53.68829],[-1.94469,53.68829],[-1.94568,53.68811],[-1.94642,53.68766],[-1.94783,53.6872],[-1.94886,53.68729],[-1.95064,53.68773],[-1.95089,53.68782],[-1.95149,53.68782],[-1.95202,53.68802],[-1.95234,53.68799],[-1.95202,53.68773],[-1.95086,53.6876],[-1.94933,53.68713],[-1.94927,53.68675],[-1.95051,53.68603],[-1.95203,53.68477],[-1.95283,53.68403],[-1.95442,53.68332],[-1.95477,53.68291],[-1.95586,53.68221],[-1.9573,53.68144],[-1.9591,53.68085],[-1.95868,53.68075],[-1.9564,53.68165],[-1.95484,53.68259],[-1.95394,53.68326],[-1.95257,53.6838],[-1.95168,53.68452],[-1.9505,53.68569],[-1.94965,53.68624],[-1.9488,53.68666],[-1.94631,53.68746],[-1.94471,53.68805],[-1.94339,53.68817],[-1.94253,53.68807],[-1.94088,53.68833],[-1.93944,53.68836],[-1.93785,53.68823],[-1.93685,53.68846],[-1.93626,53.68852],[-1.9357,53.68854],[-1.93477,53.68832],[-1.93473,53.68786],[-1.93469,53.68704],[-1.93443,53.6866],[-1.93461,53.68603],[-1.93452,53.68574],[-1.93416,53.68536],[-1.93416,53.68509],[-1.93378,53.68469],[-1.93369,53.68423],[-1.93315,53.68373],[-1.93336,53.68322],[-1.93325,53.68302],[-1.93303,53.68288],[-1.93285,53.68256],[-1.93309,53.68221],[-1.9333,53.68187],[-1.933,53.68159],[-1.93314,53.68115],[-1.93398,53.68069],[-1.93433,53.68028],[-1.93495,53.68017],[-1.93561,53.67988],[-1.93579,53.67932],[-1.93599,53.6786],[-1.93624,53.67825],[-1.93665,53.6782],[-1.93683,53.67775],[-1.93682,53.67749],[-1.93693,53.67679],[-1.93709,53.67617],[-1.93782,53.67561],[-1.93861,53.67526],[-1.93967,53.67478],[-1.94012,53.6748],[-1.94034,53.67456],[-1.94052,53.67443],[-1.94091,53.67424],[-1.94156,53.67377],[-1.94144,53.67358],[-1.94181,53.67326],[-1.94197,53.67335],[-1.94231,53.67285],[-1.9425,53.67257],[-1.94305,53.67232],[-1.94355,53.67222],[-1.94418,53.67189],[-1.94447,53.67163],[-1.94506,53.67125],[-1.94581,53.67059],[-1.94612,53.67003],[-1.9465,53.66961],[-1.94659,53.6693],[-1.94682,53.66894],[-1.94717,53.66836],[-1.94766,53.66795],[-1.94772,53.66764],[-1.94785,53.66734],[-1.94808,53.66713],[-1.94829,53.66656],[-1.94845,53.66611],[-1.94878,53.66586],[-1.94941,53.66561],[-1.95037,53.66543],[-1.95105,53.66524],[-1.95162,53.66498],[-1.9527,53.66465],[-1.95367,53.66426],[-1.95439,53.66425],[-1.95515,53.66441],[-1.95585,53.66442],[-1.95615,53.66416],[-1.95663,53.66403],[-1.95721,53.6642],[-1.95812,53.66442],[-1.95875,53.66443],[-1.95971,53.66434],[-1.96054,53.66449],[-1.96136,53.66454],[-1.96172,53.66463],[-1.96204,53.66446],[-1.96266,53.66442],[-1.96346,53.6643],[-1.96462,53.66446],[-1.96555,53.66459],[-1.96517,53.66509],[-1.96661,53.6652],[-1.96807,53.66543],[-1.96898,53.66585],[-1.96969,53.66608],[-1.97154,53.66609],[-1.97242,53.66599],[-1.97255,53.66615],[-1.97293,53.66588],[-1.97428,53.66569],[-1.97548,53.6653],[-1.97587,53.66514],[-1.97637,53.6653],[-1.97658,53.66554],[-1.97747,53.66581],[-1.9788,53.66612],[-1.97992,53.6661],[-1.9815,53.66598],[-1.98283,53.66598],[-1.98393,53.66619],[-1.98395,53.66657],[-1.98386,53.66723],[-1.98344,53.66739],[-1.98375,53.66786],[-1.98431,53.66758],[-1.98499,53.66777],[-1.98481,53.66812],[-1.98622,53.66813],[-1.98719,53.66803],[-1.9889,53.66795],[-1.99011,53.66778],[-1.991,53.66721],[-1.99424,53.66607],[-1.99486,53.6659],[-1.99598,53.66485],[-1.99759,53.66452],[-1.99937,53.66392],[-2.00073,53.66392],[-2.00187,53.66372],[-2.00279,53.66342],[-2.00352,53.66338],[-2.00391,53.66322],[-2.00546,53.66241],[-2.00701,53.66217],[-2.00782,53.66222],[-2.00745,53.66209],[-2.00665,53.66185],[-2.00502,53.66238],[-2.00317,53.66304],[-2.00288,53.66322],[-2.00146,53.66354],[-2.00052,53.66354],[-1.99934,53.6633],[-1.996,53.66376],[-1.99579,53.66391],[-1.99483,53.66383],[-1.99415,53.66402],[-1.99299,53.66414],[-1.99227,53.66401],[-1.98961,53.66449],[-1.98704,53.66466],[-1.98533,53.66449],[-1.98537,53.66495],[-1.98431,53.66535],[-1.98397,53.66531],[-1.98394,53.66565],[-1.98241,53.66554],[-1.98266,53.66578],[-1.9812,53.66574],[-1.97988,53.6659],[-1.97885,53.6659],[-1.97787,53.66568],[-1.97625,53.66486],[-1.97439,53.66483],[-1.97307,53.66509],[-1.97084,53.66499],[-1.96864,53.66429],[-1.96761,53.66414],[-1.9682,53.66354],[-1.96877,53.66303],[-1.96892,53.66257],[-1.96959,53.66196],[-1.96873,53.66206],[-1.9678,53.66284],[-1.96699,53.6636],[-1.96561,53.66379],[-1.96523,53.66415],[-1.96431,53.66421],[-1.96301,53.66407],[-1.96184,53.6643],[-1.96107,53.66435],[-1.95948,53.66403],[-1.95836,53.66404],[-1.95779,53.66385],[-1.95647,53.66362],[-1.95571,53.66378],[-1.95545,53.66403],[-1.95441,53.66395],[-1.95376,53.66405],[-1.95365,53.66387],[-1.95306,53.66398],[-1.95208,53.66444],[-1.95158,53.66483],[-1.95064,53.66514],[-1.94934,53.6654],[-1.94842,53.66549],[-1.94834,53.66494],[-1.94819,53.66475],[-1.9484,53.6643],[-1.94842,53.66385],[-1.94815,53.66328],[-1.94819,53.66245],[-1.94809,53.66214],[-1.94778,53.66178],[-1.94775,53.66127],[-1.9472,53.66095],[-1.9467,53.66089],[-1.94683,53.6605],[-1.94683,53.65973],[-1.94655,53.65928],[-1.94765,53.65927],[-1.94765,53.65891],[-1.94631,53.65871],[-1.94655,53.65845],[-1.94703,53.65833],[-1.94703,53.65783],[-1.9475,53.65748],[-1.94835,53.65692],[-1.94832,53.65641],[-1.94755,53.6555],[-1.94613,53.65505],[-1.94518,53.6545],[-1.94403,53.65326],[-1.94323,53.65205],[-1.94291,53.65115],[-1.943,53.6506],[-1.94427,53.64961],[-1.94467,53.6491],[-1.94576,53.64884],[-1.94753,53.64859],[-1.94791,53.64797],[-1.94889,53.64742],[-1.9503,53.64672],[-1.95075,53.6464],[-1.95234,53.64552],[-1.95274,53.64557],[-1.95324,53.64541],[-1.95308,53.64558],[-1.95408,53.64548],[-1.9547,53.64529],[-1.95549,53.64533],[-1.95962,53.64406],[-1.96218,53.6434],[-1.96393,53.64294],[-1.9664,53.64227],[-1.96864,53.64217],[-1.96938,53.64204],[-1.97172,53.64126],[-1.97355,53.64101],[-1.97514,53.64094],[-1.9774,53.64025],[-1.97848,53.64048],[-1.98148,53.64064],[-1.98246,53.64055],[-1.98485,53.64111],[-1.98571,53.64108],[-1.98774,53.64079],[-1.98959,53.64036],[-1.99075,53.63973],[-1.99169,53.63953],[-1.99329,53.63951],[-1.99493,53.63916],[-1.99606,53.6394],[-1.99803,53.63944],[-2.00007,53.63998],[-2.00095,53.64004],[-2.00104,53.64061],[-2.00114,53.64263],[-2.0012,53.64319],[-2.00231,53.64373],[-2.00264,53.64361],[-2.00158,53.64322],[-2.00147,53.64269],[-2.00155,53.64195],[-2.00134,53.64117],[-2.00155,53.64034],[-2.00123,53.63985],[-2.00028,53.63982],[-1.99833,53.63922],[-1.99609,53.63916],[-1.99583,53.63893],[-1.99727,53.63829],[-1.99807,53.63767],[-1.99912,53.63675],[-1.9999,53.63648],[-2.0006,53.63645],[-2.00336,53.63545],[-2.00421,53.63544],[-2.00527,53.63518],[-2.00618,53.63512],[-2.00839,53.63425],[-2.00916,53.6338],[-2.01062,53.63357],[-2.01037,53.63344],[-2.00908,53.63361],[-2.00771,53.63423],[-2.00586,53.6349],[-2.00364,53.63494],[-2.00305,53.63521],[-2.00229,53.63556],[-2.00061,53.63614],[-1.99898,53.63647],[-1.9976,53.63762],[-1.99632,53.63838],[-1.99325,53.63925],[-1.99127,53.6393],[-1.98989,53.63988],[-1.98888,53.64013],[-1.98627,53.64059],[-1.98574,53.64047],[-1.985,53.64042],[-1.98358,53.64015],[-1.97936,53.64015],[-1.97814,53.63978],[-1.97665,53.63984],[-1.97514,53.64038],[-1.97473,53.63994],[-1.97437,53.64032],[-1.97219,53.64045],[-1.96944,53.64107],[-1.96865,53.64082],[-1.96862,53.64116],[-1.96598,53.64119],[-1.96386,53.6416],[-1.96141,53.64172],[-1.96058,53.64163],[-1.9584,53.6421],[-1.95713,53.64207],[-1.95655,53.64236],[-1.95337,53.64315],[-1.95337,53.6435],[-1.95277,53.64362],[-1.95327,53.64447],[-1.95177,53.64545],[-1.95022,53.64648],[-1.94742,53.6479],[-1.94706,53.64834],[-1.9447,53.64876],[-1.94421,53.649],[-1.94255,53.65061],[-1.94252,53.65128],[-1.94294,53.65225],[-1.94406,53.65382],[-1.94539,53.65512],[-1.9472,53.65563],[-1.94756,53.65612],[-1.9475,53.65675],[-1.94567,53.65878],[-1.94623,53.65938],[-1.9455,53.65977],[-1.94618,53.66113],[-1.94654,53.66122],[-1.94682,53.66122],[-1.94783,53.66233],[-1.94768,53.66348],[-1.94802,53.66574],[-1.9481,53.66614],[-1.94746,53.66731],[-1.94644,53.66866],[-1.94629,53.66917],[-1.94608,53.6692],[-1.94591,53.66962],[-1.94472,53.67086],[-1.94382,53.67153],[-1.94287,53.67189],[-1.94176,53.67216],[-1.94064,53.67286],[-1.94026,53.67317],[-1.93979,53.6734],[-1.93967,53.67385],[-1.9396,53.67418],[-1.93901,53.67393],[-1.93858,53.67393],[-1.93854,53.67409],[-1.93867,53.67418],[-1.93854,53.67448],[-1.93829,53.67478],[-1.93875,53.67484],[-1.93788,53.67525],[-1.93761,53.67528],[-1.93682,53.67581],[-1.9364,53.67651],[-1.93625,53.67724],[-1.93585,53.67736],[-1.93519,53.67732],[-1.93462,53.6783],[-1.93491,53.67924],[-1.93479,53.6799],[-1.93415,53.6801],[-1.93321,53.68025],[-1.93277,53.68099],[-1.93241,53.68151],[-1.93224,53.68264],[-1.93204,53.68287],[-1.93263,53.68465],[-1.93384,53.68605],[-1.93437,53.68773],[-1.93376,53.6882],[-1.93238,53.68886],[-1.93233,53.69135],[-1.93269,53.69262],[-1.93303,53.69365],[-1.93269,53.69459],[-1.93292,53.69564],[-1.93302,53.69594],[-1.93285,53.6961],[-1.93285,53.69677],[-1.93302,53.69701],[-1.93191,53.69762],[-1.93031,53.69825],[-1.92823,53.69873],[-1.92541,53.69947],[-1.92515,53.69972],[-1.92337,53.70058],[-1.92276,53.70104],[-1.92143,53.7013],[-1.9207,53.70163],[-1.92012,53.70187],[-1.91914,53.70237],[-1.91792,53.70269],[-1.91836,53.70288],[-1.91756,53.70318],[-1.91677,53.70312],[-1.91671,53.70312],[-1.91621,53.70312],[-1.91626,53.70337],[-1.91509,53.70353],[-1.91429,53.70362],[-1.9133,53.70408],[-1.91273,53.70424],[-1.91275,53.70443],[-1.91259,53.70504],[-1.91266,53.70563],[-1.91152,53.70617],[-1.90999,53.70623],[-1.90927,53.7065],[-1.9088,53.70694],[-1.90866,53.70741],[-1.90836,53.70745],[-1.90861,53.70757],[-1.90967,53.70764],[-1.90937,53.70783],[-1.90716,53.70794],[-1.90598,53.70813],[-1.90481,53.70821],[-1.90257,53.70839],[-1.90122,53.70882],[-1.89958,53.70892],[-1.89646,53.7089],[-1.89544,53.70893],[-1.8951,53.70928],[-1.89211,53.70862],[-1.8917,53.70812],[-1.89101,53.70782],[-1.89007,53.70741],[-1.88928,53.70676],[-1.88885,53.7068],[-1.88859,53.70655],[-1.88739,53.70586],[-1.88664,53.70588],[-1.8857,53.70524],[-1.88573,53.70494],[-1.88677,53.70515],[-1.88637,53.70491],[-1.88516,53.70437],[-1.88488,53.704],[-1.8846,53.70361],[-1.88475,53.70365],[-1.88516,53.70376],[-1.88516,53.70356],[-1.88466,53.7034],[-1.88446,53.70292],[-1.88398,53.70214],[-1.88288,53.70181],[-1.8808,53.70077],[-1.87997,53.69935],[-1.87763,53.69815],[-1.87451,53.69725],[-1.87307,53.69691],[-1.87182,53.69728],[-1.86712,53.69662],[-1.86408,53.69645],[-1.86048,53.69534],[-1.85854,53.69616],[-1.8562,53.69385],[-1.85447,53.69332],[-1.85254,53.69036],[-1.85253,53.68928],[-1.85323,53.68925],[-1.85372,53.68903],[-1.85355,53.68884],[-1.85376,53.68853],[-1.85437,53.68837],[-1.85501,53.68833],[-1.85531,53.68833],[-1.85557,53.6882],[-1.85575,53.68821],[-1.85599,53.68815],[-1.8564,53.68796],[-1.85696,53.68794],[-1.85826,53.68732],[-1.85883,53.68649],[-1.85948,53.6861],[-1.86009,53.68584],[-1.86048,53.68585],[-1.86066,53.68593],[-1.8614,53.68579],[-1.86215,53.68556],[-1.86269,53.68548],[-1.86412,53.68502],[-1.86519,53.68472],[-1.86548,53.68482],[-1.86731,53.68477],[-1.86849,53.68456],[-1.87272,53.68356],[-1.87365,53.68329],[-1.87457,53.6829],[-1.87471,53.68268],[-1.8755,53.68236],[-1.87619,53.68241],[-1.87702,53.68226],[-1.87863,53.68218],[-1.8801,53.68176],[-1.88093,53.68223],[-1.88164,53.68209],[-1.88198,53.68189],[-1.88328,53.68195],[-1.88517,53.68189],[-1.88655,53.68178],[-1.88765,53.68152],[-1.88879,53.68144],[-1.88991,53.68113],[-1.89076,53.68091],[-1.89159,53.68058],[-1.89225,53.6801],[-1.89341,53.6794],[-1.89409,53.67927],[-1.89561,53.67833],[-1.89614,53.678],[-1.89644,53.6781],[-1.89701,53.67786],[-1.8972,53.67793],[-1.8976,53.67774],[-1.89726,53.67738],[-1.89831,53.67722],[-1.89914,53.67701],[-1.9002,53.67643],[-1.90064,53.67624],[-1.90073,53.67595],[-1.90174,53.67459],[-1.90263,53.67411],[-1.90277,53.67381],[-1.90234,53.6737],[-1.9021,53.67297],[-1.90102,53.67205],[-1.90029,53.67163],[-1.89931,53.67113],[-1.89864,53.67096],[-1.89828,53.67068],[-1.89748,53.66987],[-1.89739,53.66952],[-1.89747,53.66899],[-1.89729,53.66855],[-1.8973,53.66764],[-1.8972,53.66726],[-1.89744,53.66722],[-1.89759,53.66691],[-1.89788,53.66681],[-1.89864,53.6663],[-1.89961,53.66597],[-1.90017,53.66583],[-1.90061,53.6656],[-1.90086,53.66542],[-1.90111,53.66517],[-1.90221,53.66434],[-1.90226,53.66412],[-1.90258,53.66412],[-1.90271,53.66384],[-1.90306,53.66357],[-1.90302,53.66345],[-1.90355,53.66314],[-1.90393,53.66281],[-1.90488,53.66247],[-1.90523,53.66208],[-1.90564,53.66174],[-1.90575,53.66153],[-1.90576,53.66117],[-1.90591,53.66108],[-1.90594,53.66094],[-1.9057,53.66082],[-1.90554,53.65985],[-1.90519,53.65933],[-1.90516,53.65885],[-1.90575,53.65804],[-1.90662,53.6575],[-1.90744,53.65711],[-1.9079,53.65695],[-1.90818,53.65667],[-1.90859,53.6565],[-1.90878,53.65635],[-1.90897,53.65635],[-1.90998,53.65603],[-1.9109,53.65539],[-1.91107,53.65538],[-1.91302,53.65436],[-1.91419,53.6539],[-1.91531,53.65345],[-1.91575,53.65319],[-1.91704,53.65258],[-1.9178,53.65169],[-1.91917,53.65037],[-1.91981,53.64976],[-1.92061,53.64887],[-1.92113,53.64833],[-1.92243,53.64656],[-1.92591,53.64684],[-1.92595,53.645],[-1.92676,53.64439],[-1.92581,53.64353],[-1.92607,53.64177],[-1.92718,53.64075],[-1.92978,53.6396],[-1.9327,53.6384],[-1.9315,53.63721],[-1.92678,53.63796],[-1.92281,53.63959],[-1.9204,53.6423],[-1.91834,53.64602],[-1.92221,53.64648],[-1.9203,53.64871],[-1.91733,53.65163],[-1.91642,53.65258],[-1.9126,53.65416],[-1.91119,53.65473],[-1.91113,53.65498],[-1.91045,53.65509],[-1.91027,53.65537],[-1.90998,53.65554],[-1.91009,53.65568],[-1.9098,53.6558],[-1.909,53.65603],[-1.90815,53.65648],[-1.90727,53.65703],[-1.9066,53.65729],[-1.90577,53.6578],[-1.90515,53.65828],[-1.90471,53.65887],[-1.90477,53.65948],[-1.90514,53.65983],[-1.90531,53.66029],[-1.90532,53.66087],[-1.90498,53.66122],[-1.90502,53.66136],[-1.90514,53.66146],[-1.90502,53.66162],[-1.90517,53.6617],[-1.90464,53.66209],[-1.90432,53.66214],[-1.90343,53.66271],[-1.90302,53.66299],[-1.90234,53.66336],[-1.90214,53.66376],[-1.90179,53.66398],[-1.90123,53.66464],[-1.90082,53.66494],[-1.89874,53.66603],[-1.89847,53.66623],[-1.89832,53.66623],[-1.89694,53.6669],[-1.89658,53.66718],[-1.89612,53.66722],[-1.89627,53.66784],[-1.89647,53.66802],[-1.89651,53.66832],[-1.89644,53.66862],[-1.8962,53.66865],[-1.89622,53.66892],[-1.89681,53.66929],[-1.89681,53.66978],[-1.89695,53.67011],[-1.89731,53.67057],[-1.89791,53.67098],[-1.89985,53.67175],[-1.90056,53.67227],[-1.90089,53.6728],[-1.90127,53.67405],[-1.90148,53.67435],[-1.90133,53.67456],[-1.90049,53.67534],[-1.9003,53.67574],[-1.90031,53.67593],[-1.90008,53.67626],[-1.89992,53.67637],[-1.89913,53.67666],[-1.89831,53.67682],[-1.89663,53.67696],[-1.8961,53.67695],[-1.89501,53.67762],[-1.89408,53.67859],[-1.89241,53.67917],[-1.89146,53.67988],[-1.8912,53.68036],[-1.89012,53.68062],[-1.88794,53.68103],[-1.88499,53.68148],[-1.88373,53.68118],[-1.88046,53.68148],[-1.8786,53.68192],[-1.8755,53.68216],[-1.87359,53.68296],[-1.87172,53.68359],[-1.86851,53.68415],[-1.8663,53.68429],[-1.86485,53.68384],[-1.8649,53.68245],[-1.86486,53.68062],[-1.86521,53.67931],[-1.86476,53.67806],[-1.86456,53.67756],[-1.86411,53.67663],[-1.86366,53.67627],[-1.86342,53.67592],[-1.86316,53.67561],[-1.86295,53.67534],[-1.86162,53.67496],[-1.86139,53.67482],[-1.8613,53.67506],[-1.86215,53.67533],[-1.86256,53.67589],[-1.86296,53.67628],[-1.86345,53.67661],[-1.86361,53.67723],[-1.86379,53.67751],[-1.86423,53.67797],[-1.86456,53.67851],[-1.86435,53.67921],[-1.86437,53.68002],[-1.86384,53.68086],[-1.86357,53.6819],[-1.86375,53.68234],[-1.86388,53.68286],[-1.86385,53.683],[-1.86362,53.683],[-1.86362,53.68328],[-1.86353,53.68345],[-1.86355,53.68369],[-1.8632,53.68398],[-1.86285,53.68416],[-1.86266,53.68441],[-1.86318,53.68453],[-1.86344,53.68453],[-1.86368,53.68496],[-1.86259,53.68526],[-1.86127,53.68546],[-1.8609,53.68563],[-1.85975,53.68563],[-1.85907,53.68565],[-1.85845,53.68581],[-1.85818,53.68602],[-1.85787,53.68652],[-1.85781,53.68666],[-1.85705,53.68696],[-1.85666,53.68725],[-1.85561,53.68763],[-1.85464,53.68788],[-1.85392,53.68817],[-1.85328,53.68836],[-1.85296,53.68857],[-1.85279,53.68881],[-1.85253,53.68891],[-1.85254,53.68752],[-1.85245,53.68751],[-1.85172,53.68677],[-1.85057,53.68663],[-1.84879,53.68578],[-1.84755,53.68564],[-1.84691,53.6853],[-1.84455,53.68546],[-1.84137,53.68664],[-1.84117,53.68699],[-1.84046,53.68723],[-1.83886,53.68817],[-1.83671,53.68932],[-1.83603,53.68837],[-1.83591,53.68839],[-1.83517,53.68742],[-1.8336,53.68803],[-1.83406,53.6887],[-1.83361,53.68877],[-1.83283,53.68898],[-1.83401,53.68968],[-1.83325,53.68981],[-1.83091,53.68908],[-1.83135,53.68868],[-1.83029,53.68892],[-1.82966,53.68877],[-1.82903,53.68947],[-1.82932,53.68988],[-1.82933,53.68988],[-1.82944,53.69043],[-1.82501,53.69069],[-1.82424,53.69067],[-1.82241,53.69148],[-1.82115,53.69163],[-1.82115,53.69165],[-1.82033,53.69169],[-1.81796,53.69275],[-1.81796,53.69265],[-1.81706,53.69216],[-1.81492,53.69228],[-1.81298,53.69281],[-1.81249,53.69371],[-1.81332,53.69539],[-1.81283,53.69622],[-1.80888,53.69584],[-1.80743,53.6953],[-1.80888,53.69465],[-1.80972,53.69416],[-1.80791,53.69478],[-1.80613,53.69506],[-1.80389,53.69661],[-1.80113,53.69796],[-1.79813,53.70026],[-1.79654,53.70075],[-1.79274,53.70037],[-1.79094,53.7],[-1.78811,53.69962],[-1.78404,53.69917],[-1.78362,53.69854],[-1.78427,53.69813],[-1.78608,53.69707],[-1.78651,53.69649],[-1.78701,53.69596],[-1.78728,53.69539],[-1.78726,53.69479],[-1.78709,53.69479],[-1.7869,53.69568],[-1.78623,53.69628],[-1.78556,53.6968],[-1.78499,53.69714],[-1.7843,53.69767],[-1.784,53.69764],[-1.78371,53.69805],[-1.78303,53.69824],[-1.78295,53.69894],[-1.78042,53.69915],[-1.77913,53.6991],[-1.77759,53.69911],[-1.77699,53.69922],[-1.77592,53.69913],[-1.77627,53.69842],[-1.77509,53.69815],[-1.77509,53.69783],[-1.77388,53.69739],[-1.77366,53.69721],[-1.77289,53.69694],[-1.76864,53.69543],[-1.76792,53.69462],[-1.76375,53.69305],[-1.76181,53.69289],[-1.76178,53.69287],[-1.76128,53.69247],[-1.76057,53.6921],[-1.7589,53.69224],[-1.75739,53.69214],[-1.75373,53.69186],[-1.75081,53.69155],[-1.74891,53.69203],[-1.74607,53.69173],[-1.7449,53.69113],[-1.74332,53.69027],[-1.74305,53.68976],[-1.74231,53.6885],[-1.7415,53.68742],[-1.74199,53.68694],[-1.73905,53.6847],[-1.73812,53.68383],[-1.73745,53.68124],[-1.73709,53.68081],[-1.7353,53.6818],[-1.73378,53.68256]]],[[[-1.94077,53.73],[-1.94068,53.72973],[-1.94023,53.72973],[-1.94023,53.72995],[-1.94077,53.73]]],[[[-1.96096,53.73486],[-1.96055,53.73417],[-1.96041,53.73417],[-1.96053,53.73487],[-1.96096,53.73486]]],[[[-1.8682,53.73948],[-1.86914,53.73948],[-1.86937,53.73939],[-1.86884,53.73825],[-1.86808,53.73872],[-1.86782,53.73863],[-1.8682,53.73948]]],[[[-1.87901,53.74453],[-1.87848,53.74596],[-1.87926,53.74611],[-1.87926,53.74606],[-1.87969,53.74468],[-1.87901,53.74453]]],[[[-1.84172,53.74955],[-1.84166,53.74947],[-1.84124,53.74961],[-1.8413,53.74964],[-1.84172,53.74955]]],[[[-1.93754,53.7517],[-1.93769,53.75169],[-1.93726,53.75121],[-1.93718,53.75125],[-1.93644,53.75089],[-1.93638,53.75097],[-1.93703,53.75182],[-1.93754,53.7517]]],[[[-1.98947,53.73862],[-1.99028,53.73888],[-1.99053,53.73857],[-1.98991,53.73835],[-1.98947,53.73862]]],[[[-2.03915,53.73914],[-2.0395,53.73918],[-2.03947,53.73906],[-2.03915,53.73903],[-2.03915,53.73914]]],[[[-2.05939,53.74486],[-2.05952,53.7449],[-2.05955,53.74482],[-2.05935,53.74477],[-2.05939,53.74486]]],[[[-2.01171,53.74807],[-2.01176,53.7481],[-2.01194,53.74803],[-2.01191,53.748],[-2.01171,53.74807]]]]},"properties":{"fwdCode":"123WAF963","label":"Upper River Calder catchment","description":"River Calder and its tributaries from Todmorden to Brighouse","river":"River Calder, Walsden Water, Hebden Water","county":"Bradford, Calderdale, Kirklees, Rochdale","eaArea":"Yorkshire","type":"area","quickDial":"204000","eaId":"http://environment.data.gov.uk/flood-monitoring/id/floodAreas/123WAF963"}},{"type":"Feature","geometry":{"type":"Polygon","coordinates":[[[-2.06009,53.71966],[-2.06013,53.71977],[-2.05943,53.72006],[-2.05905,53.7204],[-2.05855,53.7208],[-2.05838,53.72099],[-2.05818,53.72102],[-2.05815,53.72105],[-2.05807,53.72101],[-2.05784,53.72123],[-2.05745,53.7215],[-2.0572,53.72171],[-2.05647,53.72217],[-2.05602,53.72244],[-2.05595,53.72252],[-2.05581,53.72249],[-2.05535,53.72238],[-2.05462,53.7229],[-2.05465,53.72319],[-2.05501,53.72327],[-2.05587,53.72308],[-2.05646,53.72299],[-2.05699,53.72323],[-2.05737,53.72291],[-2.05803,53.72234],[-2.05852,53.72195],[-2.05995,53.72107],[-2.06136,53.72028],[-2.06217,53.72024],[-2.06314,53.71975],[-2.06316,53.71942],[-2.06306,53.71913],[-2.06296,53.71895],[-2.06298,53.71895],[-2.06343,53.71891],[-2.06382,53.71884],[-2.06443,53.71861],[-2.06474,53.71852],[-2.06518,53.71839],[-2.06562,53.71829],[-2.06589,53.71821],[-2.06681,53.71801],[-2.06737,53.71794],[-2.06794,53.71794],[-2.0682,53.71795],[-2.06886,53.71808],[-2.06921,53.71816],[-2.06959,53.7182],[-2.06954,53.71829],[-2.07094,53.71833],[-2.07119,53.71818],[-2.07097,53.71798],[-2.07083,53.71799],[-2.07054,53.71801],[-2.07023,53.71805],[-2.06991,53.71807],[-2.0695,53.718],[-2.06893,53.7179],[-2.06885,53.71787],[-2.0683,53.71778],[-2.06781,53.71777],[-2.06722,53.71778],[-2.06666,53.71781],[-2.06625,53.71791],[-2.06562,53.71813],[-2.06494,53.71831],[-2.06394,53.71856],[-2.06285,53.71879],[-2.06278,53.7187],[-2.06251,53.71866],[-2.06242,53.71866],[-2.06239,53.71866],[-2.06233,53.71866],[-2.06173,53.71882],[-2.06163,53.71873],[-2.06159,53.7187],[-2.06154,53.71875],[-2.06148,53.71873],[-2.06139,53.71873],[-2.06136,53.71872],[-2.06121,53.71875],[-2.06121,53.71884],[-2.06115,53.71886],[-2.06111,53.71888],[-2.06112,53.71899],[-2.06106,53.719],[-2.06102,53.71908],[-2.06072,53.7192],[-2.0607,53.71922],[-2.06064,53.71925],[-2.06042,53.71933],[-2.06021,53.71941],[-2.06002,53.71944],[-2.05977,53.71953],[-2.06009,53.71966]]]},"properties":{"fwdCode":"123FWF308","label":"River Calder from Todmorden to Eastwood","description":"Properties along Halifax Road including Haugh Road, Shaw Wood Road and Stoodley Glen","river":"River Calder","county":"Calderdale","eaArea":"Yorkshire","type":"area","quickDial":"304020","eaId":"http://environment.data.gov.uk/flood-monitoring/id/floodAreas/123FWF308"}},{"type":"Feature","geometry":{"type":"MultiPolygon","coordinates":[[[[-1.93024,53.59421],[-1.93024,53.5945],[-1.9299,53.5948],[-1.92978,53.59504],[-1.92966,53.59539],[-1.92964,53.59552],[-1.92972,53.59567],[-1.93011,53.59575],[-1.9301,53.59563],[-1.92998,53.59558],[-1.92996,53.59538],[-1.93041,53.59541],[-1.93042,53.59529],[-1.92987,53.59522],[-1.93042,53.59447],[-1.93049,53.59421],[-1.92998,53.59363],[-1.92944,53.59308],[-1.92867,53.59224],[-1.92846,53.59178],[-1.92905,53.59168],[-1.93145,53.59146],[-1.93145,53.59025],[-1.93319,53.58935],[-1.93372,53.58881],[-1.93425,53.58859],[-1.93463,53.58805],[-1.93576,53.58769],[-1.93576,53.5876],[-1.93485,53.58778],[-1.9341,53.5885],[-1.93349,53.58859],[-1.93251,53.58922],[-1.93085,53.58958],[-1.93077,53.58944],[-1.92798,53.5885],[-1.92655,53.58715],[-1.92511,53.58643],[-1.92466,53.58602],[-1.92338,53.58571],[-1.92239,53.58566],[-1.92141,53.58526],[-1.92081,53.58467],[-1.92096,53.58449],[-1.92059,53.58368],[-1.92059,53.58301],[-1.92029,53.58287],[-1.92021,53.58238],[-1.92119,53.58121],[-1.92127,53.58013],[-1.9221,53.5791],[-1.92173,53.57834],[-1.92203,53.57753],[-1.92166,53.57717],[-1.92052,53.57654],[-1.92022,53.57613],[-1.91954,53.576],[-1.91886,53.57559],[-1.91796,53.57532],[-1.91713,53.57537],[-1.9163,53.57514],[-1.9163,53.57496],[-1.91585,53.57469],[-1.916,53.57451],[-1.91562,53.57438],[-1.91562,53.57411],[-1.91517,53.57388],[-1.91524,53.57366],[-1.91358,53.57334],[-1.91237,53.57339],[-1.91185,53.57321],[-1.91132,53.57329],[-1.91034,53.57293],[-1.91041,53.57271],[-1.91019,53.57257],[-1.90936,53.57257],[-1.90853,53.57226],[-1.9077,53.57158],[-1.90687,53.57167],[-1.90551,53.57005],[-1.90461,53.56969],[-1.90431,53.56911],[-1.90287,53.5687],[-1.90257,53.5683],[-1.90166,53.5683],[-1.90099,53.56762],[-1.90076,53.56762],[-1.90121,53.5683],[-1.90212,53.56843],[-1.90219,53.5687],[-1.90272,53.56893],[-1.90348,53.56897],[-1.90408,53.5692],[-1.90445,53.56987],[-1.90528,53.57023],[-1.90566,53.57077],[-1.90604,53.57095],[-1.90619,53.57122],[-1.90589,53.57136],[-1.90596,53.57149],[-1.90755,53.57203],[-1.90777,53.57248],[-1.90853,53.57275],[-1.90837,53.57293],[-1.9086,53.5732],[-1.90951,53.57338],[-1.90966,53.57365],[-1.91018,53.57379],[-1.91018,53.57424],[-1.91373,53.57554],[-1.91411,53.57527],[-1.91448,53.57545],[-1.91501,53.57532],[-1.91532,53.57541],[-1.91532,53.57528],[-1.91584,53.57537],[-1.91584,53.57523],[-1.91592,53.57514],[-1.9169,53.5755],[-1.91826,53.57559],[-1.91917,53.57609],[-1.91984,53.57622],[-1.92135,53.57721],[-1.92158,53.57748],[-1.92128,53.57825],[-1.92158,53.57919],[-1.92112,53.57982],[-1.92059,53.58013],[-1.92014,53.58108],[-1.91968,53.58126],[-1.91885,53.58211],[-1.91855,53.58359],[-1.91968,53.5835],[-1.91975,53.58377],[-1.9193,53.5844],[-1.91953,53.5844],[-1.91983,53.58472],[-1.92013,53.58463],[-1.92073,53.58526],[-1.92066,53.58539],[-1.92119,53.58557],[-1.92134,53.58598],[-1.92194,53.5862],[-1.92194,53.58638],[-1.92262,53.58652],[-1.92368,53.58719],[-1.9245,53.58827],[-1.92549,53.58912],[-1.92775,53.59038],[-1.92805,53.59074],[-1.9279,53.59119],[-1.92806,53.5918],[-1.9282,53.59212],[-1.92853,53.59251],[-1.92888,53.59282],[-1.93024,53.59421]]],[[[-1.85127,53.61464],[-1.85176,53.61479],[-1.85263,53.61489],[-1.85311,53.61489],[-1.85383,53.61504],[-1.85429,53.61522],[-1.85459,53.61583],[-1.85528,53.61606],[-1.85536,53.61611],[-1.85542,53.61634],[-1.85539,53.61673],[-1.85563,53.61689],[-1.85554,53.61703],[-1.8554,53.61708],[-1.85531,53.61726],[-1.85523,53.61756],[-1.8555,53.61807],[-1.85574,53.61826],[-1.85589,53.61865],[-1.856,53.61866],[-1.85589,53.6183],[-1.85561,53.61804],[-1.85534,53.61755],[-1.85535,53.61739],[-1.85546,53.6171],[-1.85563,53.61703],[-1.85569,53.61681],[-1.85549,53.61664],[-1.85554,53.61638],[-1.8554,53.6161],[-1.85512,53.61597],[-1.85478,53.61584],[-1.85462,53.61547],[-1.85432,53.61515],[-1.85365,53.61491],[-1.85306,53.61484],[-1.85237,53.61482],[-1.85183,53.61476],[-1.8513,53.61455],[-1.85106,53.61424],[-1.85097,53.61391],[-1.85089,53.61391],[-1.851,53.61435],[-1.85127,53.61464]]],[[[-1.87903,53.61771],[-1.879,53.61789],[-1.87906,53.618],[-1.87916,53.618],[-1.87921,53.61818],[-1.87933,53.61841],[-1.87922,53.61874],[-1.87919,53.61894],[-1.87922,53.61934],[-1.87922,53.61965],[-1.87929,53.61997],[-1.87917,53.62046],[-1.87924,53.62054],[-1.87949,53.62063],[-1.87962,53.62078],[-1.87964,53.62096],[-1.87961,53.6211],[-1.87965,53.62117],[-1.87977,53.62116],[-1.87973,53.62108],[-1.87974,53.62093],[-1.87965,53.62064],[-1.87946,53.62054],[-1.87923,53.62046],[-1.87926,53.62033],[-1.87941,53.61997],[-1.87935,53.61973],[-1.87932,53.6195],[-1.87934,53.61935],[-1.87926,53.61924],[-1.87935,53.61904],[-1.87929,53.61879],[-1.87943,53.61849],[-1.87939,53.6183],[-1.8793,53.61821],[-1.8793,53.61798],[-1.87898,53.61741],[-1.87892,53.61741],[-1.87891,53.61762],[-1.87903,53.61771]]],[[[-1.78317,53.63853],[-1.78241,53.63847],[-1.78128,53.63824],[-1.77951,53.63844],[-1.77711,53.63915],[-1.77717,53.64077],[-1.7765,53.64094],[-1.77609,53.64119],[-1.77615,53.64141],[-1.77526,53.6417],[-1.77508,53.64147],[-1.7758,53.64113],[-1.77581,53.6407],[-1.77561,53.64059],[-1.77479,53.64135],[-1.77444,53.64149],[-1.77403,53.6413],[-1.77347,53.64151],[-1.77311,53.64183],[-1.77253,53.64247],[-1.77246,53.64329],[-1.77289,53.64338],[-1.77301,53.64321],[-1.77337,53.64328],[-1.77414,53.64364],[-1.77448,53.64339],[-1.77476,53.64352],[-1.77528,53.64327],[-1.77561,53.64359],[-1.77543,53.64368],[-1.77499,53.64392],[-1.77456,53.64376],[-1.77426,53.64407],[-1.77494,53.64439],[-1.77451,53.64456],[-1.77242,53.64362],[-1.77235,53.64473],[-1.77227,53.64555],[-1.77195,53.64619],[-1.77093,53.64686],[-1.76919,53.6479],[-1.76941,53.64884],[-1.77037,53.6501],[-1.77094,53.65051],[-1.77178,53.65247],[-1.77187,53.65347],[-1.7707,53.65418],[-1.76884,53.65284],[-1.76429,53.6551],[-1.765,53.65575],[-1.76368,53.65643],[-1.76412,53.65674],[-1.76191,53.6584],[-1.76038,53.65909],[-1.75973,53.6583],[-1.75792,53.6585],[-1.75395,53.65969],[-1.75229,53.65989],[-1.75169,53.65959],[-1.75145,53.65973],[-1.75075,53.65977],[-1.75024,53.65928],[-1.74991,53.65935],[-1.75003,53.65953],[-1.74954,53.65956],[-1.74948,53.65919],[-1.74976,53.65914],[-1.74918,53.65888],[-1.74959,53.65854],[-1.74945,53.65814],[-1.74952,53.658],[-1.7494,53.6576],[-1.74769,53.65532],[-1.74687,53.65532],[-1.74636,53.6548],[-1.74677,53.65469],[-1.74658,53.65447],[-1.74577,53.65464],[-1.74525,53.65413],[-1.74491,53.65438],[-1.74473,53.6543],[-1.74416,53.65451],[-1.74408,53.65441],[-1.74375,53.65375],[-1.74394,53.6534],[-1.74433,53.65319],[-1.74376,53.65283],[-1.74408,53.6524],[-1.74407,53.65191],[-1.74437,53.65181],[-1.74423,53.65156],[-1.74389,53.65171],[-1.74348,53.65155],[-1.74346,53.65207],[-1.74311,53.65219],[-1.74254,53.65169],[-1.73921,53.65113],[-1.73926,53.65049],[-1.73872,53.65035],[-1.73874,53.64992],[-1.73816,53.64968],[-1.73765,53.64995],[-1.73605,53.6484],[-1.73598,53.6478],[-1.73623,53.64721],[-1.73553,53.64681],[-1.73528,53.64628],[-1.73456,53.64593],[-1.73471,53.64577],[-1.73433,53.64569],[-1.73445,53.64537],[-1.73408,53.64528],[-1.73421,53.64521],[-1.73343,53.64438],[-1.73299,53.64424],[-1.73318,53.6439],[-1.73165,53.64356],[-1.73196,53.64302],[-1.73201,53.64269],[-1.73138,53.64166],[-1.73073,53.64115],[-1.73052,53.64042],[-1.73028,53.64036],[-1.73043,53.64005],[-1.72992,53.63928],[-1.73024,53.63899],[-1.73034,53.63851],[-1.72944,53.63727],[-1.72961,53.63707],[-1.72954,53.63627],[-1.72893,53.63572],[-1.72824,53.6356],[-1.72823,53.63515],[-1.72708,53.63316],[-1.72746,53.6327],[-1.7292,53.63198],[-1.72966,53.63145],[-1.7311,53.63105],[-1.7314,53.63069],[-1.73223,53.63042],[-1.73261,53.63046],[-1.73322,53.6302],[-1.73413,53.63015],[-1.73557,53.62953],[-1.73647,53.62944],[-1.73708,53.62904],[-1.73761,53.6289],[-1.7408,53.62671],[-1.74232,53.62631],[-1.74391,53.62564],[-1.74655,53.62542],[-1.74701,53.62515],[-1.74731,53.62519],[-1.74769,53.62497],[-1.74762,53.62479],[-1.74694,53.62488],[-1.7464,53.62524],[-1.74398,53.62546],[-1.74277,53.6259],[-1.74232,53.6259],[-1.74224,53.62613],[-1.74058,53.62657],[-1.74027,53.62698],[-1.73617,53.62926],[-1.73511,53.62944],[-1.73375,53.62997],[-1.73216,53.63024],[-1.73087,53.63069],[-1.72913,53.63095],[-1.72738,53.63225],[-1.72666,53.63237],[-1.7265,53.63262],[-1.72599,53.63282],[-1.72548,53.6327],[-1.72528,53.632],[-1.72488,53.63181],[-1.7245,53.63191],[-1.72423,53.63165],[-1.72441,53.6309],[-1.72372,53.63],[-1.72398,53.62944],[-1.72348,53.62807],[-1.72288,53.62757],[-1.72289,53.62731],[-1.72241,53.62701],[-1.7219,53.62622],[-1.72126,53.62585],[-1.72127,53.62562],[-1.72183,53.62524],[-1.72137,53.62477],[-1.72037,53.62427],[-1.72051,53.6239],[-1.7202,53.6238],[-1.71999,53.62331],[-1.71994,53.62293],[-1.7207,53.62262],[-1.72102,53.62213],[-1.72123,53.62119],[-1.72096,53.62096],[-1.72005,53.62109],[-1.7196,53.62066],[-1.7196,53.62024],[-1.71992,53.62006],[-1.71885,53.61976],[-1.71915,53.61937],[-1.71973,53.61948],[-1.71984,53.61893],[-1.71966,53.61863],[-1.71899,53.61834],[-1.71905,53.61809],[-1.71865,53.61781],[-1.719,53.61757],[-1.71891,53.61743],[-1.71837,53.61714],[-1.71679,53.61692],[-1.71653,53.61657],[-1.71704,53.61601],[-1.71772,53.61644],[-1.71781,53.61596],[-1.71707,53.61584],[-1.71721,53.61545],[-1.71666,53.61446],[-1.7164,53.6144],[-1.71616,53.61453],[-1.71588,53.61403],[-1.7162,53.61349],[-1.71598,53.61256],[-1.71656,53.61178],[-1.71588,53.61151],[-1.71603,53.61115],[-1.71483,53.61056],[-1.7146,53.61024],[-1.71461,53.60961],[-1.71409,53.60818],[-1.71447,53.60723],[-1.71387,53.60687],[-1.71372,53.6062],[-1.71434,53.60463],[-1.71472,53.60436],[-1.71511,53.6022],[-1.71564,53.60198],[-1.71579,53.60148],[-1.7169,53.60057],[-1.71762,53.59933],[-1.71989,53.59916],[-1.72118,53.59893],[-1.72118,53.59884],[-1.71883,53.59902],[-1.7177,53.59888],[-1.7168,53.59847],[-1.71642,53.59798],[-1.71529,53.5973],[-1.71469,53.59667],[-1.7147,53.59631],[-1.71371,53.59627],[-1.71311,53.59599],[-1.71296,53.59559],[-1.7101,53.59491],[-1.70942,53.59446],[-1.70753,53.59418],[-1.70738,53.59405],[-1.70663,53.59409],[-1.70535,53.59391],[-1.70384,53.59336],[-1.70036,53.59345],[-1.69961,53.59322],[-1.69954,53.59273],[-1.69863,53.59268],[-1.69788,53.59245],[-1.69569,53.59245],[-1.69289,53.59293],[-1.69032,53.59284],[-1.68904,53.59234],[-1.68882,53.59198],[-1.68829,53.59211],[-1.68784,53.59175],[-1.68648,53.59157],[-1.68571,53.59246],[-1.68677,53.59256],[-1.68715,53.5926],[-1.68738,53.59269],[-1.68851,53.59265],[-1.68979,53.59315],[-1.69296,53.59325],[-1.69349,53.59338],[-1.69591,53.59299],[-1.69765,53.59299],[-1.69855,53.59335],[-1.69998,53.59363],[-1.70323,53.59363],[-1.70542,53.594],[-1.70632,53.59431],[-1.70882,53.59459],[-1.70979,53.595],[-1.71161,53.59541],[-1.71417,53.59654],[-1.71492,53.59735],[-1.71627,53.59811],[-1.7168,53.59879],[-1.71743,53.59917],[-1.71718,53.59973],[-1.71683,53.59989],[-1.7168,53.60001],[-1.71648,53.60057],[-1.71572,53.60099],[-1.71488,53.60207],[-1.71419,53.60454],[-1.71335,53.60597],[-1.71334,53.60723],[-1.71364,53.60741],[-1.71386,53.60809],[-1.7143,53.6106],[-1.71475,53.61096],[-1.71467,53.61141],[-1.71527,53.61195],[-1.7151,53.61234],[-1.71548,53.61267],[-1.71504,53.61329],[-1.71414,53.61324],[-1.71395,53.61349],[-1.71366,53.61337],[-1.71225,53.61339],[-1.7115,53.61278],[-1.70892,53.61269],[-1.70735,53.6123],[-1.70623,53.61218],[-1.70579,53.61233],[-1.70528,53.61218],[-1.70496,53.61206],[-1.70435,53.61161],[-1.70418,53.61159],[-1.70389,53.61127],[-1.70376,53.61116],[-1.70368,53.61115],[-1.70358,53.6113],[-1.70383,53.6116],[-1.70403,53.61169],[-1.704,53.61178],[-1.70442,53.61188],[-1.70464,53.61221],[-1.70492,53.61224],[-1.70528,53.61223],[-1.70549,53.61239],[-1.70584,53.61237],[-1.70623,53.61225],[-1.70643,53.6124],[-1.70783,53.61249],[-1.70839,53.61286],[-1.70997,53.61295],[-1.71076,53.61332],[-1.71133,53.61332],[-1.7122,53.61399],[-1.71329,53.61418],[-1.71364,53.61455],[-1.71441,53.61454],[-1.71497,53.61476],[-1.71465,53.61494],[-1.71498,53.61539],[-1.71537,53.61544],[-1.71508,53.61576],[-1.71559,53.61606],[-1.71634,53.61697],[-1.71765,53.61756],[-1.71753,53.61788],[-1.71809,53.61824],[-1.71881,53.61913],[-1.71858,53.61923],[-1.71868,53.61966],[-1.71847,53.61989],[-1.7186,53.62046],[-1.71922,53.62078],[-1.71935,53.62105],[-1.71881,53.62097],[-1.71888,53.62157],[-1.71921,53.62153],[-1.7194,53.62124],[-1.72054,53.62155],[-1.72041,53.62192],[-1.71994,53.62209],[-1.72016,53.62234],[-1.7193,53.6225],[-1.71943,53.62271],[-1.71893,53.62293],[-1.71929,53.62305],[-1.71897,53.62339],[-1.71905,53.6241],[-1.71867,53.62423],[-1.71594,53.62422],[-1.71511,53.62409],[-1.7133,53.62408],[-1.71209,53.62372],[-1.70854,53.62371],[-1.70635,53.62299],[-1.7056,53.62236],[-1.70439,53.62208],[-1.70266,53.62194],[-1.70228,53.62176],[-1.70107,53.62185],[-1.70001,53.62216],[-1.69895,53.62212],[-1.69827,53.62243],[-1.70039,53.62234],[-1.70099,53.62208],[-1.7019,53.62199],[-1.70424,53.62222],[-1.70515,53.62254],[-1.7059,53.62303],[-1.70658,53.62317],[-1.70816,53.62385],[-1.71081,53.62399],[-1.71202,53.6239],[-1.713,53.62422],[-1.71738,53.62445],[-1.71806,53.62468],[-1.71851,53.62463],[-1.71881,53.62477],[-1.71897,53.62468],[-1.71981,53.62491],[-1.7199,53.62511],[-1.71957,53.62523],[-1.71986,53.62595],[-1.72044,53.62582],[-1.72083,53.62626],[-1.72116,53.62632],[-1.72098,53.62651],[-1.7213,53.62668],[-1.72101,53.62682],[-1.7216,53.62699],[-1.72126,53.62719],[-1.72197,53.62736],[-1.72185,53.62768],[-1.72215,53.62775],[-1.72277,53.62837],[-1.72238,53.62895],[-1.72252,53.62919],[-1.72139,53.62894],[-1.72105,53.62971],[-1.72234,53.63099],[-1.72283,53.63214],[-1.72465,53.63374],[-1.72519,53.63459],[-1.72552,53.63466],[-1.72555,53.63498],[-1.72597,53.63519],[-1.72599,53.63561],[-1.72645,53.63599],[-1.72624,53.63618],[-1.72642,53.63634],[-1.72675,53.63632],[-1.72649,53.63663],[-1.7272,53.63757],[-1.72737,53.63842],[-1.7274,53.63864],[-1.72711,53.63883],[-1.72777,53.63993],[-1.72851,53.64058],[-1.72834,53.6407],[-1.72875,53.64085],[-1.72882,53.64142],[-1.72993,53.64139],[-1.73006,53.6415],[-1.72974,53.64171],[-1.72834,53.64168],[-1.72835,53.64184],[-1.72936,53.64292],[-1.73092,53.64245],[-1.73148,53.64253],[-1.73157,53.64269],[-1.73131,53.6428],[-1.73107,53.643],[-1.73096,53.64324],[-1.73114,53.64331],[-1.72988,53.64384],[-1.73057,53.64473],[-1.73225,53.64512],[-1.73151,53.64527],[-1.73147,53.64535],[-1.73129,53.64543],[-1.73246,53.64681],[-1.73348,53.64662],[-1.73337,53.64693],[-1.73407,53.64829],[-1.73376,53.64927],[-1.7339,53.64978],[-1.73326,53.65015],[-1.73166,53.64992],[-1.73151,53.64974],[-1.73037,53.64983],[-1.72977,53.6501],[-1.72886,53.65023],[-1.72848,53.65063],[-1.72726,53.65122],[-1.72628,53.65148],[-1.72454,53.65157],[-1.72363,53.65121],[-1.72333,53.65085],[-1.72288,53.65067],[-1.72235,53.65062],[-1.72046,53.64994],[-1.72001,53.65003],[-1.72008,53.64985],[-1.71986,53.64976],[-1.71789,53.64971],[-1.71729,53.64944],[-1.71653,53.64935],[-1.71661,53.64917],[-1.71623,53.64903],[-1.71578,53.64849],[-1.71473,53.64817],[-1.71336,53.64808],[-1.71321,53.64777],[-1.71186,53.6474],[-1.7114,53.64718],[-1.71148,53.647],[-1.7111,53.647],[-1.7108,53.64673],[-1.70997,53.64668],[-1.70967,53.6465],[-1.708,53.6465],[-1.70778,53.64614],[-1.70733,53.64613],[-1.70725,53.646],[-1.70657,53.64595],[-1.70604,53.64613],[-1.70498,53.64577],[-1.70385,53.64613],[-1.70619,53.64681],[-1.70672,53.64672],[-1.70785,53.6469],[-1.70944,53.64672],[-1.7105,53.64691],[-1.71072,53.64713],[-1.71049,53.64745],[-1.71072,53.64745],[-1.71079,53.64772],[-1.7114,53.64767],[-1.71155,53.64794],[-1.71185,53.6479],[-1.71268,53.64844],[-1.71359,53.64853],[-1.71449,53.64889],[-1.71464,53.64921],[-1.71547,53.6493],[-1.71577,53.64966],[-1.71713,53.6498],[-1.71766,53.65007],[-1.7194,53.6503],[-1.72008,53.65057],[-1.72099,53.65048],[-1.72159,53.6508],[-1.72257,53.65084],[-1.72333,53.65157],[-1.72423,53.65184],[-1.72544,53.65193],[-1.72635,53.6518],[-1.7265,53.65193],[-1.72711,53.65184],[-1.72726,53.65193],[-1.72749,53.65153],[-1.72794,53.65135],[-1.72839,53.65144],[-1.7287,53.65108],[-1.72976,53.65086],[-1.73105,53.65015],[-1.73181,53.65033],[-1.73465,53.65038],[-1.73445,53.65103],[-1.73551,53.65098],[-1.73573,53.65116],[-1.73563,53.65147],[-1.73634,53.65168],[-1.73725,53.65128],[-1.73877,53.65128],[-1.73933,53.65159],[-1.73834,53.6524],[-1.73928,53.65281],[-1.73928,53.65303],[-1.73875,53.65342],[-1.73976,53.65357],[-1.74017,53.65393],[-1.73924,53.65436],[-1.73937,53.65459],[-1.73986,53.65449],[-1.7398,53.65481],[-1.74013,53.65478],[-1.74108,53.65508],[-1.74132,53.65543],[-1.74212,53.65581],[-1.74188,53.65616],[-1.74287,53.65673],[-1.74419,53.65815],[-1.74416,53.6595],[-1.74464,53.6601],[-1.74466,53.66134],[-1.745,53.662],[-1.74464,53.66206],[-1.74465,53.66264],[-1.74421,53.66268],[-1.74484,53.66386],[-1.74464,53.66455],[-1.74482,53.66524],[-1.74534,53.666],[-1.74581,53.66623],[-1.746,53.6666],[-1.74588,53.66694],[-1.74547,53.6672],[-1.74494,53.66717],[-1.74444,53.66761],[-1.74347,53.66804],[-1.74161,53.66828],[-1.74085,53.66823],[-1.7405,53.66803],[-1.73989,53.66901],[-1.7393,53.67104],[-1.73957,53.67162],[-1.74025,53.67197],[-1.74022,53.67214],[-1.73952,53.67279],[-1.73915,53.6738],[-1.73839,53.67443],[-1.73869,53.67448],[-1.73861,53.67501],[-1.73823,53.67518],[-1.73772,53.67505],[-1.73779,53.6752],[-1.73535,53.67586],[-1.73382,53.67667],[-1.73336,53.67717],[-1.73255,53.67787],[-1.73079,53.67746],[-1.73039,53.67772],[-1.7301,53.67817],[-1.73084,53.6789],[-1.73044,53.67923],[-1.73086,53.68043],[-1.72994,53.68142],[-1.73029,53.68144],[-1.7307,53.68172],[-1.7312,53.68133],[-1.73152,53.68071],[-1.73204,53.68057],[-1.73218,53.68021],[-1.73301,53.67993],[-1.73365,53.67867],[-1.73322,53.67845],[-1.73428,53.67765],[-1.73541,53.67636],[-1.73725,53.67586],[-1.73897,53.67554],[-1.74026,53.67471],[-1.73961,53.67462],[-1.73966,53.67413],[-1.74074,53.67361],[-1.74158,53.67224],[-1.74262,53.67132],[-1.74358,53.67005],[-1.74467,53.66954],[-1.74639,53.66825],[-1.74718,53.66784],[-1.74824,53.66763],[-1.74921,53.66763],[-1.75015,53.66767],[-1.75242,53.66767],[-1.75554,53.66716],[-1.75675,53.6665],[-1.75733,53.66633],[-1.75878,53.66603],[-1.76191,53.66431],[-1.76103,53.66373],[-1.76025,53.66296],[-1.76121,53.66247],[-1.76244,53.66338],[-1.76364,53.66297],[-1.76429,53.66282],[-1.76517,53.66295],[-1.76602,53.66279],[-1.76843,53.66275],[-1.76959,53.6625],[-1.77041,53.66206],[-1.77065,53.66221],[-1.77102,53.66209],[-1.77132,53.66221],[-1.77132,53.66232],[-1.77047,53.6628],[-1.77066,53.66284],[-1.77076,53.66269],[-1.77086,53.66273],[-1.77079,53.66281],[-1.77109,53.66301],[-1.77119,53.66298],[-1.77124,53.66317],[-1.77159,53.66322],[-1.77155,53.66329],[-1.77146,53.66323],[-1.77127,53.6633],[-1.77128,53.66342],[-1.7735,53.66386],[-1.77334,53.66408],[-1.77353,53.66419],[-1.77368,53.66407],[-1.77385,53.66408],[-1.77399,53.66438],[-1.77442,53.66452],[-1.77456,53.66481],[-1.77492,53.66499],[-1.77487,53.66507],[-1.77557,53.66535],[-1.77684,53.66551],[-1.77716,53.66577],[-1.77755,53.66577],[-1.77799,53.66616],[-1.77812,53.66651],[-1.77824,53.66647],[-1.77827,53.66625],[-1.77761,53.66567],[-1.77782,53.66556],[-1.77882,53.66543],[-1.77913,53.66545],[-1.77946,53.6656],[-1.77982,53.66558],[-1.7795,53.66554],[-1.78006,53.66522],[-1.78017,53.6653],[-1.78009,53.66563],[-1.78057,53.66608],[-1.78097,53.66606],[-1.78097,53.66599],[-1.78188,53.66621],[-1.78191,53.6663],[-1.78124,53.66611],[-1.78113,53.66625],[-1.78157,53.66627],[-1.78215,53.66662],[-1.78194,53.6662],[-1.78094,53.66595],[-1.78115,53.66586],[-1.78043,53.66519],[-1.78056,53.66356],[-1.78068,53.66345],[-1.78059,53.66313],[-1.7808,53.66309],[-1.78088,53.66289],[-1.78065,53.66268],[-1.78087,53.6625],[-1.78072,53.66239],[-1.78066,53.6619],[-1.78091,53.66077],[-1.7813,53.66054],[-1.78101,53.66059],[-1.78072,53.66079],[-1.78042,53.66075],[-1.78036,53.66037],[-1.78074,53.66037],[-1.78077,53.66019],[-1.78006,53.66012],[-1.77982,53.65991],[-1.77967,53.65991],[-1.77964,53.65953],[-1.77979,53.65939],[-1.77973,53.65902],[-1.77958,53.65899],[-1.77954,53.65879],[-1.77931,53.65877],[-1.77937,53.6587],[-1.77904,53.65867],[-1.77958,53.65857],[-1.77937,53.65845],[-1.77907,53.65852],[-1.77919,53.65843],[-1.77926,53.6578],[-1.77959,53.65789],[-1.77977,53.65776],[-1.77947,53.65771],[-1.77971,53.65746],[-1.77947,53.65728],[-1.77944,53.65708],[-1.77969,53.65647],[-1.7796,53.6562],[-1.77969,53.65622],[-1.77978,53.65592],[-1.78005,53.6558],[-1.78043,53.65527],[-1.78037,53.65514],[-1.78071,53.65467],[-1.78092,53.6546],[-1.78145,53.65487],[-1.78127,53.65547],[-1.78149,53.65549],[-1.78169,53.6557],[-1.78199,53.65573],[-1.78208,53.65519],[-1.7824,53.65532],[-1.78246,53.65555],[-1.78282,53.65554],[-1.78289,53.65527],[-1.78329,53.65537],[-1.78346,53.65551],[-1.78369,53.65553],[-1.78376,53.65544],[-1.78486,53.65654],[-1.78506,53.65658],[-1.7839,53.65532],[-1.78388,53.65525],[-1.78419,53.65515],[-1.78387,53.65495],[-1.78367,53.65506],[-1.78355,53.65502],[-1.78342,53.6548],[-1.78351,53.65482],[-1.7831,53.65453],[-1.78259,53.65438],[-1.78228,53.65438],[-1.78206,53.65447],[-1.782,53.65438],[-1.78201,53.65447],[-1.78185,53.65442],[-1.78174,53.65457],[-1.78147,53.65457],[-1.78148,53.6545],[-1.78127,53.65455],[-1.78083,53.65444],[-1.77977,53.65572],[-1.77951,53.65574],[-1.77904,53.65558],[-1.7786,53.65527],[-1.7787,53.65511],[-1.77856,53.65497],[-1.77913,53.65502],[-1.77937,53.6543],[-1.77906,53.65425],[-1.77906,53.65434],[-1.77853,53.65433],[-1.7784,53.65388],[-1.77722,53.65379],[-1.77727,53.65308],[-1.7778,53.65317],[-1.7778,53.65304],[-1.77765,53.65304],[-1.77772,53.65281],[-1.77757,53.65295],[-1.7775,53.65263],[-1.77735,53.65263],[-1.77735,53.65281],[-1.77722,53.65277],[-1.77715,53.65236],[-1.77723,53.65232],[-1.77662,53.65194],[-1.77657,53.65034],[-1.77588,53.64928],[-1.77549,53.64832],[-1.77541,53.64776],[-1.77529,53.64739],[-1.77579,53.64719],[-1.77716,53.64701],[-1.77688,53.6461],[-1.77491,53.64633],[-1.77463,53.64544],[-1.77515,53.645],[-1.77524,53.64469],[-1.77674,53.64341],[-1.77701,53.6425],[-1.77723,53.64221],[-1.77959,53.64098],[-1.78037,53.64051],[-1.78156,53.6401],[-1.7818,53.64024],[-1.78233,53.64029],[-1.78234,53.64025],[-1.78255,53.64016],[-1.78313,53.64029],[-1.7852,53.64075],[-1.78603,53.64104],[-1.78814,53.64133],[-1.78839,53.64163],[-1.791,53.64197],[-1.79144,53.64173],[-1.7945,53.64154],[-1.79477,53.64195],[-1.79565,53.64167],[-1.79825,53.64164],[-1.80031,53.64145],[-1.80353,53.64111],[-1.80483,53.64099],[-1.80587,53.6407],[-1.80706,53.6406],[-1.80752,53.64069],[-1.81158,53.64056],[-1.81416,53.64084],[-1.81389,53.64005],[-1.81509,53.63959],[-1.81619,53.6409],[-1.8189,53.64061],[-1.82095,53.64105],[-1.82145,53.64148],[-1.82451,53.64127],[-1.82467,53.64098],[-1.82507,53.64104],[-1.82555,53.64104],[-1.82591,53.64128],[-1.82579,53.64135],[-1.82597,53.64146],[-1.82631,53.64149],[-1.82736,53.64268],[-1.82778,53.64281],[-1.82887,53.64276],[-1.82945,53.64292],[-1.82935,53.64308],[-1.82955,53.64308],[-1.83008,53.64322],[-1.83074,53.64357],[-1.83103,53.64376],[-1.83105,53.6438],[-1.83159,53.644],[-1.83176,53.64389],[-1.83313,53.64443],[-1.83523,53.64586],[-1.83751,53.64629],[-1.83799,53.64658],[-1.83969,53.64703],[-1.84123,53.64729],[-1.84193,53.64703],[-1.84273,53.64732],[-1.84461,53.64833],[-1.84445,53.64845],[-1.84461,53.64857],[-1.84511,53.64858],[-1.84531,53.64902],[-1.84585,53.64916],[-1.84648,53.65001],[-1.84774,53.65054],[-1.84769,53.65084],[-1.84819,53.65123],[-1.84822,53.65116],[-1.84772,53.65048],[-1.84644,53.6499],[-1.84597,53.64915],[-1.8454,53.64902],[-1.84543,53.64872],[-1.84479,53.64823],[-1.8418,53.64683],[-1.84099,53.64669],[-1.84063,53.64679],[-1.84038,53.64665],[-1.83963,53.6469],[-1.83905,53.64648],[-1.83896,53.64664],[-1.83863,53.64663],[-1.83857,53.64643],[-1.83821,53.64634],[-1.8357,53.6459],[-1.83478,53.64546],[-1.83434,53.64486],[-1.83399,53.64487],[-1.83337,53.64414],[-1.83286,53.64421],[-1.83201,53.64379],[-1.83135,53.64368],[-1.83071,53.64342],[-1.8302,53.643],[-1.83008,53.64292],[-1.82916,53.64269],[-1.82784,53.64267],[-1.82784,53.64246],[-1.82713,53.64221],[-1.82723,53.64195],[-1.82779,53.64176],[-1.82758,53.64133],[-1.82744,53.64119],[-1.82743,53.64088],[-1.82669,53.6409],[-1.82672,53.64017],[-1.82804,53.63956],[-1.82938,53.63953],[-1.83078,53.63914],[-1.83318,53.63916],[-1.83453,53.63867],[-1.83501,53.63878],[-1.83577,53.63857],[-1.83577,53.63816],[-1.83783,53.63761],[-1.8386,53.63752],[-1.83901,53.6376],[-1.8438,53.6363],[-1.84464,53.63576],[-1.84542,53.63501],[-1.84603,53.63445],[-1.84712,53.63317],[-1.84825,53.63286],[-1.85007,53.63273],[-1.85225,53.63163],[-1.85307,53.63113],[-1.85233,53.63072],[-1.85147,53.63115],[-1.85135,53.63077],[-1.85195,53.62984],[-1.85244,53.62912],[-1.8532,53.62847],[-1.85426,53.62756],[-1.8547,53.62741],[-1.8555,53.62747],[-1.85641,53.62738],[-1.85749,53.62809],[-1.85827,53.62788],[-1.85783,53.6272],[-1.8591,53.62691],[-1.86008,53.62711],[-1.86197,53.6272],[-1.86433,53.6267],[-1.865,53.62613],[-1.86606,53.62586],[-1.86648,53.6257],[-1.8657,53.62437],[-1.86652,53.62414],[-1.86758,53.62403],[-1.86897,53.62466],[-1.87102,53.62477],[-1.87135,53.62497],[-1.8711,53.62545],[-1.87392,53.62509],[-1.874,53.62562],[-1.87548,53.6257],[-1.87565,53.62591],[-1.87608,53.62591],[-1.87685,53.6264],[-1.87666,53.62651],[-1.87705,53.62681],[-1.87794,53.6269],[-1.87841,53.62725],[-1.87975,53.62889],[-1.87996,53.62946],[-1.87932,53.63112],[-1.87879,53.63146],[-1.87861,53.63199],[-1.87785,53.63252],[-1.87783,53.63319],[-1.87788,53.6332],[-1.87788,53.63252],[-1.87862,53.632],[-1.87882,53.63147],[-1.87909,53.63139],[-1.87959,53.63086],[-1.88004,53.62944],[-1.8799,53.62889],[-1.87852,53.62705],[-1.87796,53.62669],[-1.87748,53.62595],[-1.87702,53.62564],[-1.8771,53.62551],[-1.87646,53.62522],[-1.87696,53.62492],[-1.87648,53.62441],[-1.87663,53.62424],[-1.8763,53.62403],[-1.87663,53.62375],[-1.87606,53.62372],[-1.876,53.6236],[-1.87651,53.62352],[-1.87651,53.62348],[-1.8758,53.62356],[-1.87476,53.62373],[-1.8737,53.62398],[-1.87376,53.62345],[-1.87514,53.62299],[-1.87555,53.62272],[-1.87626,53.62219],[-1.87691,53.62211],[-1.87865,53.62203],[-1.8791,53.62221],[-1.87953,53.62214],[-1.88052,53.62219],[-1.88102,53.62216],[-1.88219,53.62201],[-1.88214,53.62227],[-1.88323,53.6225],[-1.88421,53.62248],[-1.88436,53.62272],[-1.88461,53.62281],[-1.88506,53.62281],[-1.88575,53.62306],[-1.8863,53.62374],[-1.88663,53.62396],[-1.88678,53.62421],[-1.88755,53.62428],[-1.88846,53.62437],[-1.89066,53.62416],[-1.89284,53.62456],[-1.89372,53.62469],[-1.89428,53.62469],[-1.89496,53.62492],[-1.89511,53.62514],[-1.89556,53.62519],[-1.89556,53.62532],[-1.89586,53.62528],[-1.89684,53.62568],[-1.89798,53.62582],[-1.89828,53.62609],[-1.89904,53.62609],[-1.89994,53.62578],[-1.90221,53.62555],[-1.90191,53.62542],[-1.89987,53.62564],[-1.89964,53.62578],[-1.89798,53.62573],[-1.89556,53.62505],[-1.89461,53.62459],[-1.89422,53.62422],[-1.89343,53.62408],[-1.89292,53.62384],[-1.89186,53.62357],[-1.88854,53.62303],[-1.88799,53.6231],[-1.88744,53.6241],[-1.8869,53.62412],[-1.88667,53.62364],[-1.88603,53.62326],[-1.88578,53.62295],[-1.88509,53.6227],[-1.88489,53.62265],[-1.88488,53.62253],[-1.88442,53.62243],[-1.88412,53.62216],[-1.88489,53.62195],[-1.88473,53.62157],[-1.8837,53.62179],[-1.88352,53.62156],[-1.88325,53.62142],[-1.88334,53.62108],[-1.88392,53.62083],[-1.88479,53.62074],[-1.88628,53.62022],[-1.88643,53.62004],[-1.88664,53.62035],[-1.88718,53.62027],[-1.88727,53.62012],[-1.88764,53.62021],[-1.88889,53.62011],[-1.89065,53.61908],[-1.89205,53.61868],[-1.89414,53.6178],[-1.89496,53.6176],[-1.89677,53.61706],[-1.89726,53.61674],[-1.89771,53.61656],[-1.89865,53.61615],[-1.9002,53.61507],[-1.90125,53.61477],[-1.90174,53.6147],[-1.90274,53.6148],[-1.90385,53.61472],[-1.90441,53.61448],[-1.90464,53.614],[-1.90549,53.61417],[-1.9067,53.61407],[-1.90779,53.61366],[-1.90848,53.61319],[-1.90908,53.61199],[-1.90923,53.61178],[-1.90948,53.61159],[-1.90973,53.6114],[-1.90985,53.61102],[-1.9102,53.61089],[-1.9107,53.6108],[-1.91083,53.61047],[-1.9113,53.61046],[-1.91313,53.6097],[-1.91339,53.60958],[-1.91413,53.6092],[-1.91395,53.60891],[-1.9152,53.60885],[-1.91575,53.60868],[-1.9166,53.60807],[-1.9172,53.6075],[-1.91914,53.60728],[-1.91974,53.60705],[-1.92059,53.60574],[-1.92047,53.605],[-1.92065,53.60464],[-1.92117,53.60407],[-1.92105,53.60344],[-1.92229,53.60303],[-1.92347,53.60222],[-1.92407,53.60207],[-1.92418,53.60237],[-1.92558,53.60226],[-1.92626,53.60211],[-1.92703,53.60179],[-1.92785,53.60155],[-1.92796,53.6016],[-1.928,53.60165],[-1.92827,53.60161],[-1.92846,53.60166],[-1.92847,53.60174],[-1.92879,53.60181],[-1.92914,53.60163],[-1.92929,53.60186],[-1.92962,53.60179],[-1.92972,53.60189],[-1.92991,53.60195],[-1.93024,53.60193],[-1.93048,53.60172],[-1.93108,53.60192],[-1.93154,53.60197],[-1.93192,53.60195],[-1.93272,53.60195],[-1.93359,53.60188],[-1.93402,53.60204],[-1.93438,53.60206],[-1.93491,53.60248],[-1.93581,53.60248],[-1.93717,53.60275],[-1.93906,53.60333],[-1.93921,53.60356],[-1.94004,53.60374],[-1.93959,53.60414],[-1.93966,53.60432],[-1.94027,53.60437],[-1.94095,53.60495],[-1.9414,53.60495],[-1.94193,53.6054],[-1.94261,53.6054],[-1.94261,53.60558],[-1.94329,53.6059],[-1.94624,53.6059],[-1.94737,53.60603],[-1.94775,53.60626],[-1.94812,53.60608],[-1.94858,53.60608],[-1.94873,53.60621],[-1.95009,53.60617],[-1.951,53.60639],[-1.95228,53.6063],[-1.95243,53.60653],[-1.95356,53.60662],[-1.95402,53.60635],[-1.9553,53.60626],[-1.95704,53.60559],[-1.95795,53.6055],[-1.95916,53.60586],[-1.95969,53.60617],[-1.9612,53.60802],[-1.9612,53.60833],[-1.96467,53.60981],[-1.96603,53.6113],[-1.96641,53.6113],[-1.96769,53.61197],[-1.96898,53.61206],[-1.96913,53.6122],[-1.97056,53.61242],[-1.97525,53.6122],[-1.97525,53.61211],[-1.97336,53.61202],[-1.97124,53.61229],[-1.97049,53.61224],[-1.96928,53.61193],[-1.96784,53.61179],[-1.96686,53.61143],[-1.96603,53.61089],[-1.96573,53.61026],[-1.96512,53.60977],[-1.96188,53.60842],[-1.96021,53.60626],[-1.95946,53.60572],[-1.95833,53.60536],[-1.95833,53.60505],[-1.95916,53.60397],[-1.95992,53.60361],[-1.95961,53.60352],[-1.95961,53.6033],[-1.9581,53.60491],[-1.9581,53.60514],[-1.95666,53.60545],[-1.95508,53.60608],[-1.95409,53.60617],[-1.95273,53.60599],[-1.9513,53.60608],[-1.94865,53.60599],[-1.94699,53.60567],[-1.94631,53.6054],[-1.94344,53.60531],[-1.94284,53.60482],[-1.94208,53.6045],[-1.94223,53.6041],[-1.94193,53.60356],[-1.94208,53.60351],[-1.94186,53.60347],[-1.94186,53.60369],[-1.94148,53.60378],[-1.94057,53.60365],[-1.93846,53.60284],[-1.93551,53.60216],[-1.93551,53.6018],[-1.93521,53.60158],[-1.93468,53.60158],[-1.93441,53.60197],[-1.93362,53.60175],[-1.93237,53.60186],[-1.93202,53.60176],[-1.9321,53.60164],[-1.93199,53.60159],[-1.93199,53.60136],[-1.93175,53.60122],[-1.93158,53.6012],[-1.93151,53.60111],[-1.93127,53.60134],[-1.93099,53.60132],[-1.93072,53.60165],[-1.93021,53.6015],[-1.92945,53.60143],[-1.92906,53.60138],[-1.9287,53.60129],[-1.92879,53.60102],[-1.92964,53.60053],[-1.92967,53.60028],[-1.92995,53.60016],[-1.93009,53.59998],[-1.93008,53.59961],[-1.92994,53.59929],[-1.92977,53.59931],[-1.92986,53.59952],[-1.92983,53.59983],[-1.92973,53.60007],[-1.92909,53.60007],[-1.92894,53.59996],[-1.9289,53.60016],[-1.92776,53.6],[-1.92769,53.60008],[-1.92766,53.60023],[-1.92775,53.60027],[-1.92876,53.60043],[-1.92838,53.60064],[-1.9282,53.60075],[-1.92752,53.60153],[-1.92743,53.60157],[-1.9271,53.60165],[-1.92672,53.60126],[-1.92584,53.6014],[-1.92569,53.60127],[-1.92521,53.60118],[-1.92451,53.60123],[-1.92441,53.60117],[-1.92412,53.60108],[-1.924,53.60083],[-1.92374,53.60077],[-1.92344,53.60084],[-1.92296,53.60067],[-1.92219,53.60067],[-1.92181,53.60079],[-1.92146,53.60064],[-1.92068,53.60058],[-1.92036,53.60062],[-1.91966,53.60051],[-1.91962,53.60056],[-1.92034,53.60078],[-1.92087,53.60104],[-1.92087,53.60123],[-1.92099,53.60128],[-1.92116,53.60123],[-1.92141,53.60131],[-1.9214,53.60149],[-1.92162,53.60177],[-1.9219,53.60189],[-1.92215,53.60194],[-1.9222,53.60221],[-1.92267,53.60221],[-1.92323,53.60213],[-1.92326,53.60215],[-1.92189,53.60281],[-1.92173,53.60304],[-1.9209,53.60322],[-1.92059,53.60355],[-1.92053,53.60387],[-1.92077,53.60416],[-1.9205,53.60445],[-1.92032,53.605],[-1.92035,53.60563],[-1.92029,53.60585],[-1.91935,53.60691],[-1.91678,53.60743],[-1.91648,53.60768],[-1.91644,53.60795],[-1.91605,53.60829],[-1.91545,53.60862],[-1.91445,53.60877],[-1.9141,53.60875],[-1.9139,53.60849],[-1.91351,53.60853],[-1.91241,53.60873],[-1.91185,53.60897],[-1.91133,53.60947],[-1.91052,53.60996],[-1.9094,53.61024],[-1.90934,53.61071],[-1.90915,53.61073],[-1.90924,53.61112],[-1.90835,53.61201],[-1.90823,53.61261],[-1.90805,53.61247],[-1.90755,53.61257],[-1.90718,53.61271],[-1.90608,53.61308],[-1.90566,53.61282],[-1.90532,53.61298],[-1.90542,53.6132],[-1.90531,53.6133],[-1.9059,53.6139],[-1.90519,53.61373],[-1.90434,53.6138],[-1.90422,53.61407],[-1.90354,53.61418],[-1.90315,53.61408],[-1.90334,53.61446],[-1.90319,53.61452],[-1.90126,53.61453],[-1.90048,53.61469],[-1.89611,53.61692],[-1.89472,53.61722],[-1.89199,53.61837],[-1.8898,53.61889],[-1.88927,53.6195],[-1.88845,53.61947],[-1.88811,53.61966],[-1.88653,53.61983],[-1.8855,53.62029],[-1.88343,53.62072],[-1.88292,53.62124],[-1.88273,53.62167],[-1.88234,53.62169],[-1.88225,53.62189],[-1.88164,53.62199],[-1.88102,53.62205],[-1.88069,53.62208],[-1.88007,53.62206],[-1.87963,53.62199],[-1.87941,53.62193],[-1.8796,53.62153],[-1.87957,53.62147],[-1.87932,53.62195],[-1.87885,53.62188],[-1.87782,53.62195],[-1.87691,53.62195],[-1.87617,53.62207],[-1.87449,53.62296],[-1.87299,53.62332],[-1.87148,53.62313],[-1.87088,53.62334],[-1.87003,53.62339],[-1.86891,53.62317],[-1.86782,53.62318],[-1.86725,53.62299],[-1.86675,53.62302],[-1.86478,53.62363],[-1.86443,53.62399],[-1.86359,53.62411],[-1.86404,53.62442],[-1.86398,53.62514],[-1.8634,53.62553],[-1.8631,53.62546],[-1.86143,53.62598],[-1.86122,53.6265],[-1.86001,53.62639],[-1.85895,53.62646],[-1.85783,53.62635],[-1.85759,53.62604],[-1.8572,53.62577],[-1.857,53.62551],[-1.85704,53.62514],[-1.85702,53.625],[-1.85767,53.62492],[-1.8576,53.62475],[-1.85667,53.62482],[-1.85661,53.6247],[-1.85665,53.62443],[-1.85671,53.62439],[-1.85666,53.62421],[-1.85662,53.62389],[-1.8566,53.62367],[-1.85662,53.62357],[-1.85675,53.6235],[-1.85685,53.62335],[-1.85682,53.6233],[-1.85668,53.62316],[-1.85666,53.62302],[-1.8566,53.62302],[-1.85657,53.62318],[-1.85674,53.6233],[-1.85672,53.62343],[-1.85657,53.62353],[-1.8565,53.62371],[-1.85656,53.62421],[-1.85649,53.62433],[-1.85574,53.62441],[-1.85596,53.62502],[-1.85623,53.62543],[-1.85652,53.62561],[-1.85669,53.62569],[-1.85687,53.6258],[-1.85706,53.6259],[-1.85667,53.62621],[-1.85671,53.62635],[-1.85711,53.62689],[-1.85617,53.62725],[-1.85535,53.62734],[-1.85469,53.62718],[-1.85388,53.62751],[-1.85185,53.62928],[-1.85041,53.63116],[-1.85068,53.63192],[-1.84901,53.63242],[-1.84786,53.63209],[-1.84638,53.63281],[-1.84592,53.63337],[-1.84445,53.63431],[-1.84356,53.63486],[-1.84129,53.63595],[-1.84072,53.63644],[-1.84032,53.63656],[-1.84019,53.63688],[-1.83877,53.6371],[-1.83729,53.63753],[-1.83514,53.63817],[-1.83439,53.63855],[-1.83341,53.63894],[-1.83262,53.63896],[-1.83214,53.63819],[-1.83157,53.63828],[-1.83132,53.63892],[-1.83073,53.63899],[-1.8294,53.6394],[-1.82814,53.63942],[-1.82751,53.63958],[-1.82624,53.64014],[-1.82574,53.63977],[-1.82488,53.63971],[-1.82383,53.63978],[-1.82309,53.63961],[-1.82172,53.63905],[-1.82096,53.6391],[-1.8198,53.63935],[-1.81933,53.63875],[-1.81717,53.63912],[-1.81523,53.63919],[-1.81414,53.63958],[-1.81033,53.63978],[-1.80296,53.64051],[-1.80034,53.64056],[-1.79969,53.64066],[-1.79916,53.64097],[-1.79793,53.64089],[-1.79619,53.64105],[-1.79471,53.64079],[-1.7929,53.64041],[-1.79298,53.6399],[-1.79282,53.63881],[-1.79224,53.63871],[-1.79024,53.63916],[-1.78663,53.63931],[-1.78582,53.63995],[-1.78317,53.63853]],[[-1.77266,53.66275],[-1.77263,53.66254],[-1.77189,53.6622],[-1.77173,53.66228],[-1.77124,53.66207],[-1.77103,53.66184],[-1.77055,53.66181],[-1.77037,53.66157],[-1.77016,53.66181],[-1.76976,53.6615],[-1.76977,53.66123],[-1.77022,53.66081],[-1.7706,53.66055],[-1.77098,53.66011],[-1.77101,53.65992],[-1.77174,53.65941],[-1.77247,53.65846],[-1.77257,53.65779],[-1.77245,53.65747],[-1.77188,53.65723],[-1.77188,53.65703],[-1.7717,53.65687],[-1.77318,53.65618],[-1.77333,53.65489],[-1.77251,53.6544],[-1.7716,53.65411],[-1.77239,53.65357],[-1.77244,53.65304],[-1.77218,53.65209],[-1.77343,53.65187],[-1.77381,53.65136],[-1.77382,53.65033],[-1.77462,53.6499],[-1.77515,53.64949],[-1.77516,53.6488],[-1.77542,53.64876],[-1.77639,53.65039],[-1.77644,53.65208],[-1.77694,53.65232],[-1.77698,53.65321],[-1.77699,53.65483],[-1.77698,53.65601],[-1.77715,53.65601],[-1.77718,53.65488],[-1.77823,53.65492],[-1.77814,53.65501],[-1.7785,53.65512],[-1.77844,53.65518],[-1.77895,53.65563],[-1.77964,53.6559],[-1.77927,53.65741],[-1.77911,53.65753],[-1.77921,53.65757],[-1.77906,53.65816],[-1.7788,53.65809],[-1.77886,53.65784],[-1.77901,53.6578],[-1.77898,53.65792],[-1.77904,53.65784],[-1.77906,53.65755],[-1.77882,53.65778],[-1.77865,53.65822],[-1.7788,53.65839],[-1.779,53.65831],[-1.77889,53.65841],[-1.7789,53.65893],[-1.77919,53.65902],[-1.77926,53.65913],[-1.77914,53.65915],[-1.77914,53.65927],[-1.77889,53.65928],[-1.77881,53.65906],[-1.77876,53.65937],[-1.7792,53.65964],[-1.77919,53.65974],[-1.77941,53.65978],[-1.77928,53.65996],[-1.77906,53.65995],[-1.77983,53.66023],[-1.77955,53.6604],[-1.77964,53.66048],[-1.78026,53.66038],[-1.78021,53.66069],[-1.78038,53.66084],[-1.78025,53.66102],[-1.77984,53.66123],[-1.77985,53.66199],[-1.77946,53.66217],[-1.77938,53.66233],[-1.77926,53.66229],[-1.77926,53.66242],[-1.77908,53.66244],[-1.77944,53.66247],[-1.77962,53.66259],[-1.77955,53.66305],[-1.77906,53.66298],[-1.77864,53.6633],[-1.77888,53.66345],[-1.77864,53.66362],[-1.77886,53.66375],[-1.77877,53.66394],[-1.77866,53.66388],[-1.77856,53.66394],[-1.77759,53.66357],[-1.77732,53.6637],[-1.77714,53.66359],[-1.7767,53.66355],[-1.77641,53.66372],[-1.77565,53.6638],[-1.77582,53.66384],[-1.77574,53.66391],[-1.77553,53.66391],[-1.77556,53.66384],[-1.77521,53.66371],[-1.77503,53.66379],[-1.77493,53.66372],[-1.77478,53.66377],[-1.77432,53.66364],[-1.77318,53.66306],[-1.77266,53.66275]]],[[[-1.70325,53.60792],[-1.70313,53.60787],[-1.7031,53.60779],[-1.70294,53.60771],[-1.70292,53.60772],[-1.70288,53.60773],[-1.70304,53.60789],[-1.70312,53.6079],[-1.70312,53.60793],[-1.70321,53.60798],[-1.70319,53.60804],[-1.7033,53.608],[-1.70322,53.60795],[-1.70325,53.60792]]],[[[-1.70089,53.60874],[-1.70077,53.60866],[-1.70045,53.60835],[-1.70036,53.60827],[-1.70023,53.60834],[-1.70027,53.60841],[-1.70065,53.60883],[-1.70074,53.60891],[-1.70074,53.60897],[-1.70092,53.60901],[-1.70104,53.60906],[-1.70116,53.60908],[-1.70122,53.609],[-1.7011,53.6089],[-1.70089,53.60877],[-1.70089,53.60874]]],[[[-1.70332,53.60952],[-1.70341,53.60961],[-1.70357,53.6097],[-1.70372,53.60964],[-1.70375,53.60972],[-1.70378,53.60984],[-1.70384,53.60994],[-1.70378,53.60971],[-1.70368,53.60955],[-1.70367,53.60948],[-1.70359,53.60937],[-1.70342,53.60931],[-1.70333,53.60936],[-1.70332,53.60952]]],[[[-1.79648,53.65646],[-1.79627,53.65652],[-1.79576,53.65637],[-1.79526,53.65654],[-1.79426,53.65655],[-1.79476,53.65662],[-1.79556,53.65653],[-1.79565,53.65641],[-1.7963,53.65655],[-1.79648,53.65646]]],[[[-1.8036,53.65592],[-1.80291,53.65599],[-1.80299,53.65636],[-1.8016,53.65632],[-1.80276,53.65655],[-1.80352,53.65611],[-1.80414,53.65554],[-1.8036,53.65592]]],[[[-1.79648,53.65646],[-1.7975,53.65644],[-1.7978,53.65631],[-1.798,53.65644],[-1.79833,53.65633],[-1.79842,53.65641],[-1.79863,53.65642],[-1.79865,53.65652],[-1.79887,53.65654],[-1.79909,53.65632],[-1.7994,53.65644],[-1.79978,53.65643],[-1.79999,53.65627],[-1.80066,53.65623],[-1.80087,53.65611],[-1.8016,53.65628],[-1.8009,53.65604],[-1.80066,53.65618],[-1.79998,53.65623],[-1.79975,53.65637],[-1.79902,53.65629],[-1.79878,53.65649],[-1.79837,53.65628],[-1.798,53.65637],[-1.79781,53.65627],[-1.79753,53.65632],[-1.79744,53.65641],[-1.79657,53.65643],[-1.79648,53.65646]]],[[[-1.80588,53.66655],[-1.806,53.66654],[-1.80589,53.66654],[-1.80588,53.66655]]],[[[-1.806,53.66654],[-1.80607,53.66654],[-1.80631,53.66696],[-1.80656,53.66712],[-1.80721,53.66697],[-1.80713,53.66678],[-1.80648,53.6668],[-1.80612,53.66653],[-1.806,53.66654]]],[[[-1.79412,53.65661],[-1.79379,53.65662],[-1.79391,53.65671],[-1.79412,53.65661]]],[[[-1.78525,53.65661],[-1.78521,53.65669],[-1.78533,53.65673],[-1.78525,53.65661]]],[[[-1.78795,53.65926],[-1.78819,53.65941],[-1.78799,53.6595],[-1.78784,53.65982],[-1.78801,53.66013],[-1.78784,53.66026],[-1.78794,53.66057],[-1.78808,53.66078],[-1.7884,53.66078],[-1.78856,53.66068],[-1.78835,53.66049],[-1.78832,53.66006],[-1.78846,53.65994],[-1.78839,53.65986],[-1.78808,53.65995],[-1.78808,53.65989],[-1.78871,53.65911],[-1.78868,53.65889],[-1.7885,53.65883],[-1.78862,53.65857],[-1.78847,53.65837],[-1.78862,53.65811],[-1.78764,53.65757],[-1.78767,53.65735],[-1.78734,53.65739],[-1.78686,53.65708],[-1.7862,53.65714],[-1.78596,53.65685],[-1.78592,53.65683],[-1.78569,53.65675],[-1.78528,53.65683],[-1.78545,53.65683],[-1.78563,53.65705],[-1.78568,53.65708],[-1.78581,53.65701],[-1.78589,53.65718],[-1.78596,53.6573],[-1.78626,53.65752],[-1.78694,53.65774],[-1.78717,53.65764],[-1.78726,53.65778],[-1.78711,53.65789],[-1.78727,53.658],[-1.78718,53.65789],[-1.78738,53.65775],[-1.78761,53.6579],[-1.78735,53.65805],[-1.78738,53.65807],[-1.7873,53.65817],[-1.78821,53.65833],[-1.78772,53.65884],[-1.78801,53.65912],[-1.78795,53.65926]]],[[[-1.80588,53.66655],[-1.80567,53.66658],[-1.80535,53.66625],[-1.80479,53.66621],[-1.80444,53.66583],[-1.8031,53.66527],[-1.80245,53.66474],[-1.80206,53.66475],[-1.80192,53.6649],[-1.80194,53.66473],[-1.8016,53.66476],[-1.80129,53.6646],[-1.80076,53.66459],[-1.80026,53.66431],[-1.79996,53.66392],[-1.79896,53.66349],[-1.79904,53.66344],[-1.79863,53.66326],[-1.79845,53.66323],[-1.79843,53.66328],[-1.79814,53.66315],[-1.79804,53.66321],[-1.79762,53.66315],[-1.79701,53.66295],[-1.7945,53.66271],[-1.79441,53.6628],[-1.79429,53.66274],[-1.79397,53.66275],[-1.79373,53.66258],[-1.79096,53.66207],[-1.79086,53.66184],[-1.7906,53.66198],[-1.7904,53.66171],[-1.7903,53.66176],[-1.79006,53.66161],[-1.7899,53.6617],[-1.78984,53.66159],[-1.78944,53.66141],[-1.78956,53.6614],[-1.7895,53.66135],[-1.78936,53.66134],[-1.78904,53.66146],[-1.78882,53.66103],[-1.78817,53.66127],[-1.78829,53.66145],[-1.78921,53.66168],[-1.78943,53.66204],[-1.78972,53.66191],[-1.78981,53.66214],[-1.79039,53.66242],[-1.79043,53.66268],[-1.79014,53.66278],[-1.7905,53.66287],[-1.79052,53.66306],[-1.79082,53.66302],[-1.79082,53.66308],[-1.79103,53.66304],[-1.79114,53.6631],[-1.79308,53.66314],[-1.79335,53.66297],[-1.79413,53.66308],[-1.79432,53.66294],[-1.79469,53.66322],[-1.79498,53.66322],[-1.7951,53.66331],[-1.79575,53.66339],[-1.79637,53.66333],[-1.79686,53.66345],[-1.79736,53.66336],[-1.7977,53.66357],[-1.79828,53.66371],[-1.79849,53.66356],[-1.79839,53.66346],[-1.79867,53.66336],[-1.79885,53.66345],[-1.79826,53.6639],[-1.79864,53.66417],[-1.79944,53.66431],[-1.80027,53.66463],[-1.80089,53.66468],[-1.80051,53.66475],[-1.80131,53.66482],[-1.80178,53.66501],[-1.80207,53.66501],[-1.80215,53.66486],[-1.80231,53.66482],[-1.80224,53.66497],[-1.80245,53.66501],[-1.80322,53.66554],[-1.80438,53.66585],[-1.80473,53.66626],[-1.80533,53.66631],[-1.80538,53.66645],[-1.80579,53.66673],[-1.80588,53.66655]]]]},"properties":{"fwdCode":"123WAF965","label":"River Colne and Fenay Beck Catchments","description":"Land around the River Colne and Fenay Beck and its tributaries including Crowhill, Slaithwaite and Wessenden","river":"River Colne, Fenay Beck","county":"Calderdale, Kirklees","eaArea":"Yorkshire","type":"area","quickDial":"137337","eaId":"http://environment.data.gov.uk/flood-monitoring/id/floodAreas/123WAF965"}},{"type":"Feature","geometry":{"type":"Polygon","coordinates":[[[-2.10677,53.70217],[-2.10659,53.70162],[-2.10667,53.70132],[-2.10645,53.70127],[-2.10613,53.7012],[-2.1062,53.70138],[-2.10646,53.7017],[-2.10663,53.70219],[-2.10672,53.70256],[-2.10698,53.70307],[-2.10712,53.70322],[-2.1075,53.70355],[-2.10752,53.70369],[-2.10742,53.704],[-2.10717,53.70414],[-2.10714,53.7042],[-2.10699,53.70434],[-2.10689,53.70442],[-2.10683,53.70453],[-2.10689,53.70467],[-2.10701,53.70483],[-2.10715,53.70506],[-2.10714,53.70521],[-2.10728,53.70518],[-2.10746,53.70528],[-2.10732,53.70557],[-2.10715,53.70587],[-2.10721,53.70584],[-2.10793,53.70538],[-2.10828,53.70516],[-2.10839,53.70504],[-2.10854,53.70473],[-2.10853,53.70455],[-2.10863,53.70416],[-2.10863,53.7037],[-2.10852,53.70355],[-2.10817,53.70323],[-2.10796,53.70307],[-2.10762,53.70283],[-2.10705,53.7024],[-2.10677,53.70217]]]},"properties":{"fwdCode":"123FWF303","label":"Walsden Water at Gauxholme","description":"Gauxholme including Bacup Road and Rochdale Road","river":"Walsden Water","county":"Calderdale","eaArea":"Yorkshire","type":"area","quickDial":"304015","eaId":"http://environment.data.gov.uk/flood-monitoring/id/floodAreas/123FWF303"}},{"type":"Feature","geometry":{"type":"MultiPolygon","coordinates":[[[[-1.97797,53.7293],[-1.9779,53.72928],[-1.97776,53.72921],[-1.97698,53.729],[-1.9759,53.72878],[-1.97518,53.72878],[-1.97455,53.7288],[-1.97423,53.72886],[-1.97363,53.72894],[-1.97306,53.72898],[-1.9715,53.72915],[-1.97115,53.72922],[-1.97094,53.72939],[-1.97102,53.72966],[-1.97101,53.72993],[-1.97072,53.73001],[-1.97054,53.72992],[-1.96973,53.73006],[-1.96991,53.73047],[-1.97095,53.73032],[-1.97192,53.73013],[-1.97347,53.72977],[-1.9752,53.72951],[-1.97577,53.72948],[-1.97576,53.72931],[-1.97593,53.72931],[-1.97696,53.72939],[-1.9778,53.72957],[-1.97797,53.7293]]],[[[-1.97814,53.73002],[-1.97805,53.72996],[-1.97775,53.72979],[-1.97729,53.72965],[-1.97693,53.7296],[-1.97634,53.72957],[-1.97565,53.72958],[-1.97514,53.72963],[-1.97445,53.72973],[-1.97389,53.72984],[-1.97346,53.72991],[-1.97265,53.73009],[-1.97176,53.7303],[-1.9719,53.7305],[-1.97225,53.73045],[-1.97221,53.73024],[-1.97255,53.73018],[-1.9738,53.72994],[-1.97392,53.73018],[-1.97431,53.73011],[-1.97426,53.73002],[-1.97498,53.72989],[-1.97533,53.72974],[-1.97595,53.72972],[-1.97595,53.72962],[-1.97626,53.72962],[-1.97661,53.72964],[-1.97695,53.72968],[-1.97733,53.72972],[-1.9776,53.72982],[-1.97772,53.72991],[-1.97781,53.73006],[-1.97805,53.73005],[-1.97814,53.73002]]],[[[-1.9819,53.72718],[-1.98197,53.72691],[-1.98012,53.72676],[-1.9787,53.72686],[-1.97875,53.72701],[-1.97856,53.72702],[-1.97853,53.72714],[-1.97838,53.72713],[-1.97775,53.72744],[-1.97696,53.72791],[-1.97691,53.72813],[-1.97884,53.72839],[-1.98072,53.72857],[-1.98203,53.72888],[-1.98261,53.72915],[-1.98239,53.72931],[-1.98158,53.72916],[-1.9812,53.72924],[-1.98109,53.72931],[-1.98091,53.7293],[-1.98063,53.72917],[-1.98025,53.72912],[-1.98001,53.72916],[-1.97865,53.72885],[-1.9781,53.7288],[-1.97795,53.72894],[-1.9779,53.72912],[-1.97805,53.72921],[-1.97819,53.72931],[-1.97864,53.7296],[-1.97891,53.7298],[-1.97929,53.73003],[-1.97969,53.73019],[-1.97994,53.73022],[-1.9806,53.73034],[-1.98117,53.73038],[-1.98174,53.73038],[-1.98228,53.73033],[-1.98273,53.73032],[-1.98281,53.73027],[-1.98285,53.73015],[-1.98277,53.72996],[-1.98271,53.72971],[-1.9827,53.72959],[-1.98285,53.72941],[-1.98305,53.72925],[-1.98327,53.72906],[-1.98341,53.72904],[-1.98368,53.72892],[-1.9839,53.72877],[-1.98404,53.72859],[-1.98408,53.72841],[-1.98419,53.72833],[-1.98437,53.72829],[-1.9846,53.72827],[-1.98484,53.72828],[-1.98525,53.72834],[-1.98574,53.72836],[-1.98608,53.72832],[-1.98634,53.72827],[-1.98655,53.72816],[-1.98674,53.7281],[-1.987,53.728],[-1.98721,53.72787],[-1.98736,53.72767],[-1.98744,53.7275],[-1.98752,53.72739],[-1.98765,53.72728],[-1.98802,53.72719],[-1.98839,53.7271],[-1.98868,53.72688],[-1.98893,53.72652],[-1.98893,53.72614],[-1.98866,53.72638],[-1.98852,53.72661],[-1.98821,53.72681],[-1.98794,53.72698],[-1.98741,53.72716],[-1.98683,53.72723],[-1.98608,53.72758],[-1.98519,53.72815],[-1.98459,53.72816],[-1.98398,53.72834],[-1.98368,53.72839],[-1.98339,53.72834],[-1.98322,53.72823],[-1.98288,53.72801],[-1.98308,53.72784],[-1.9826,53.72736],[-1.9819,53.72718]]],[[[-1.97938,53.73173],[-1.97874,53.73223],[-1.97907,53.73233],[-1.97987,53.73244],[-1.98001,53.73242],[-1.9801,53.73193],[-1.97938,53.73173]]],[[[-1.97992,53.73096],[-1.97975,53.73111],[-1.97965,53.7312],[-1.98013,53.73128],[-1.9804,53.73119],[-1.98045,53.73115],[-1.97992,53.73096]]],[[[-1.98325,53.73211],[-1.98272,53.73188],[-1.98262,53.73183],[-1.98248,53.73198],[-1.98311,53.73226],[-1.98325,53.73211]]],[[[-1.99966,53.73543],[-1.99932,53.73503],[-1.99875,53.73477],[-1.998,53.73458],[-1.99754,53.73453],[-1.99719,53.73456],[-1.99718,53.7344],[-1.99716,53.73416],[-1.99533,53.73378],[-1.99473,53.7337],[-1.99437,53.73385],[-1.99398,53.73382],[-1.99293,53.7336],[-1.99192,53.73332],[-1.99185,53.73318],[-1.99149,53.73304],[-1.99048,53.73276],[-1.9888,53.73218],[-1.98695,53.73166],[-1.98791,53.73054],[-1.98589,53.72992],[-1.98591,53.72953],[-1.98682,53.72882],[-1.98689,53.7286],[-1.98865,53.7279],[-1.98924,53.72749],[-1.98953,53.72721],[-1.98979,53.72687],[-1.99019,53.72665],[-1.99015,53.72591],[-1.99011,53.72562],[-1.98995,53.72532],[-1.99005,53.7253],[-1.99009,53.72443],[-1.98936,53.7244],[-1.98942,53.72432],[-1.98995,53.72347],[-1.99071,53.72285],[-1.99094,53.72248],[-1.9911,53.72083],[-1.99123,53.72079],[-1.99132,53.72059],[-1.99139,53.72041],[-1.9914,53.72006],[-1.9908,53.71906],[-1.99065,53.71906],[-1.99051,53.7191],[-1.99041,53.71935],[-1.99041,53.71956],[-1.99057,53.71993],[-1.99079,53.72006],[-1.99088,53.72027],[-1.991,53.72049],[-1.99067,53.72078],[-1.99041,53.72086],[-1.99026,53.72105],[-1.99026,53.72158],[-1.99035,53.72176],[-1.99034,53.72208],[-1.99033,53.72224],[-1.98988,53.72253],[-1.98927,53.72285],[-1.98912,53.72298],[-1.9889,53.7233],[-1.98883,53.72357],[-1.98874,53.7242],[-1.98875,53.72522],[-1.98867,53.72523],[-1.98858,53.7255],[-1.98855,53.72557],[-1.98865,53.72566],[-1.989,53.7261],[-1.98899,53.72661],[-1.98879,53.72693],[-1.9884,53.7272],[-1.98815,53.72725],[-1.98793,53.72728],[-1.98772,53.72735],[-1.98756,53.72749],[-1.98749,53.72763],[-1.98749,53.72764],[-1.98748,53.72765],[-1.98743,53.72773],[-1.98735,53.72783],[-1.98734,53.72783],[-1.98724,53.72794],[-1.98687,53.72815],[-1.98646,53.72829],[-1.98645,53.7283],[-1.98644,53.7283],[-1.98619,53.72839],[-1.98581,53.72841],[-1.98523,53.7284],[-1.98493,53.72837],[-1.9845,53.72837],[-1.9844,53.72838],[-1.98421,53.72841],[-1.98411,53.72858],[-1.98404,53.72871],[-1.98392,53.72882],[-1.98344,53.72913],[-1.98333,53.72914],[-1.98324,53.72916],[-1.98314,53.72921],[-1.98309,53.72925],[-1.98288,53.72942],[-1.98279,53.72958],[-1.98279,53.7297],[-1.98282,53.72982],[-1.98292,53.73012],[-1.98293,53.73023],[-1.98286,53.73032],[-1.98288,53.73035],[-1.98297,53.73036],[-1.98317,53.73042],[-1.98336,53.73049],[-1.98358,53.73061],[-1.98385,53.73077],[-1.98398,53.73086],[-1.98411,53.73097],[-1.98446,53.73122],[-1.98475,53.73139],[-1.98502,53.73156],[-1.98525,53.73169],[-1.98554,53.73181],[-1.98575,53.73186],[-1.98603,53.73192],[-1.98623,53.73193],[-1.98663,53.732],[-1.98708,53.73209],[-1.9878,53.73226],[-1.98812,53.73236],[-1.98859,53.73257],[-1.98917,53.73288],[-1.9897,53.73312],[-1.99017,53.73329],[-1.99069,53.73342],[-1.99107,53.73348],[-1.9912,53.73348],[-1.99188,53.73364],[-1.99211,53.73372],[-1.99236,53.73385],[-1.99278,53.73399],[-1.99411,53.73436],[-1.99531,53.7346],[-1.99569,53.73461],[-1.99691,53.73446],[-1.9969,53.73458],[-1.99576,53.73475],[-1.99574,53.73476],[-1.99512,53.73469],[-1.99477,53.7349],[-1.9956,53.73507],[-1.99595,53.73524],[-1.99725,53.73529],[-1.99966,53.73543]]],[[[-1.98323,53.73257],[-1.98303,53.73272],[-1.98319,53.73295],[-1.98336,53.73301],[-1.98355,53.73299],[-1.9838,53.73327],[-1.98391,53.73323],[-1.98373,53.73274],[-1.98335,53.73258],[-1.98323,53.73257]]],[[[-1.98997,53.73396],[-1.9882,53.73369],[-1.98782,53.73358],[-1.98738,53.73351],[-1.98673,53.73341],[-1.9861,53.73342],[-1.98576,53.73316],[-1.98544,53.73304],[-1.98497,53.7329],[-1.98447,53.73336],[-1.98469,53.73363],[-1.985,53.73375],[-1.98492,53.73389],[-1.98519,53.73402],[-1.98605,53.73428],[-1.98686,53.73448],[-1.98712,53.73442],[-1.98782,53.73445],[-1.98812,53.7344],[-1.98858,53.734],[-1.98981,53.73423],[-1.98997,53.73396]]]]},"properties":{"fwdCode":"123FWF315","label":"River Calder and Cragg Brook at Mytholmroyd","description":"Mytholmroyd including Cragg Road, New Road, Orchard Business Park, Moderna Way Business Park, Caldene Avenue and Burnley Road","river":"River Calder","county":"Calderdale","eaArea":"Yorkshire","type":"area","quickDial":"304026","eaId":"http://environment.data.gov.uk/flood-monitoring/id/floodAreas/123FWF315"}},{"type":"Feature","geometry":{"type":"MultiPolygon","coordinates":[[[[-2.04438,53.73487],[-2.04447,53.7349],[-2.0446,53.73498],[-2.04444,53.7351],[-2.04457,53.73521],[-2.04462,53.73524],[-2.04474,53.73521],[-2.0448,53.73519],[-2.04491,53.73515],[-2.04553,53.73487],[-2.04644,53.7345],[-2.04695,53.73444],[-2.04698,53.73429],[-2.04627,53.73408],[-2.04604,53.73424],[-2.04604,53.73425],[-2.04581,53.73439],[-2.0455,53.73458],[-2.04534,53.73462],[-2.04504,53.73479],[-2.04494,53.73486],[-2.04488,53.73489],[-2.0448,53.73494],[-2.04466,53.73491],[-2.04459,53.73484],[-2.04454,53.73478],[-2.0452,53.73441],[-2.04718,53.73306],[-2.04771,53.73277],[-2.04839,53.73211],[-2.04815,53.73186],[-2.04728,53.7323],[-2.04699,53.7322],[-2.04667,53.7322],[-2.04624,53.7324],[-2.04566,53.73288],[-2.04509,53.73335],[-2.04479,53.7336],[-2.04476,53.73388],[-2.04453,53.7343],[-2.04433,53.73455],[-2.04358,53.73492],[-2.04248,53.73544],[-2.0423,53.73556],[-2.04183,53.7356],[-2.04122,53.73555],[-2.0408,53.73552],[-2.04038,53.73564],[-2.0402,53.73594],[-2.04017,53.73602],[-2.04002,53.73614],[-2.03981,53.73622],[-2.03912,53.73628],[-2.03893,53.73626],[-2.03868,53.7362],[-2.0382,53.73617],[-2.0382,53.73635],[-2.03905,53.73649],[-2.03971,53.73657],[-2.04038,53.73653],[-2.04201,53.73597],[-2.04356,53.73532],[-2.04438,53.73487]]],[[[-2.04979,53.73041],[-2.04938,53.73031],[-2.04918,53.73024],[-2.04905,53.73016],[-2.04896,53.73021],[-2.0477,53.73067],[-2.04709,53.7309],[-2.04657,53.73112],[-2.04655,53.73129],[-2.04605,53.73168],[-2.04609,53.7319],[-2.04653,53.73212],[-2.04681,53.7321],[-2.04717,53.73206],[-2.04804,53.73164],[-2.04881,53.73128],[-2.04948,53.73086],[-2.04991,53.73048],[-2.04979,53.73041]]],[[[-2.03474,53.73675],[-2.03465,53.73677],[-2.03461,53.7368],[-2.03419,53.737],[-2.03385,53.73713],[-2.03338,53.73722],[-2.03287,53.73734],[-2.03235,53.73749],[-2.03205,53.73767],[-2.03163,53.73794],[-2.0312,53.73823],[-2.03063,53.73888],[-2.03074,53.73892],[-2.03107,53.73869],[-2.03097,53.73866],[-2.03102,53.73858],[-2.03148,53.73825],[-2.03171,53.73815],[-2.03216,53.73815],[-2.03244,53.73804],[-2.03285,53.73783],[-2.03314,53.73776],[-2.03339,53.73774],[-2.03362,53.73755],[-2.03416,53.73715],[-2.03452,53.73696],[-2.03477,53.73691],[-2.03487,53.73683],[-2.03474,53.73675]]],[[[-2.04962,53.7302],[-2.04978,53.7301],[-2.05018,53.72984],[-2.05058,53.72954],[-2.05051,53.72951],[-2.05031,53.72965],[-2.04986,53.72988],[-2.0495,53.73001],[-2.0493,53.73007],[-2.04934,53.73012],[-2.04962,53.7302]]],[[[-2.05559,53.72493],[-2.05565,53.72491],[-2.05509,53.72477],[-2.05494,53.72491],[-2.05511,53.72497],[-2.05546,53.7251],[-2.05559,53.72493]]]]},"properties":{"fwdCode":"123FWF310","label":"River Calder at Callis Bridge and Charlestown","description":"Callis Bridge and Charlestown between Burnt Acres Wood Bottom and Calderside including Halifax Road and the Sewage Treatment works","river":"River Calder","county":"Calderdale","eaArea":"Yorkshire","type":"area","quickDial":"304022","eaId":"http://environment.data.gov.uk/flood-monitoring/id/floodAreas/123FWF310"}},{"type":"Feature","geometry":{"type":"Polygon","coordinates":[[[-2.08413,53.71457],[-2.08427,53.71473],[-2.08456,53.71462],[-2.08518,53.71448],[-2.08587,53.71443],[-2.0866,53.71441],[-2.08713,53.71436],[-2.08755,53.7144],[-2.08816,53.71478],[-2.08903,53.71505],[-2.09002,53.71535],[-2.09059,53.71543],[-2.09252,53.71514],[-2.09453,53.71482],[-2.09545,53.71466],[-2.09594,53.71478],[-2.09638,53.71485],[-2.09655,53.71508],[-2.09759,53.71474],[-2.09739,53.71446],[-2.09756,53.71423],[-2.09787,53.71386],[-2.09817,53.71351],[-2.09857,53.71272],[-2.09928,53.71284],[-2.09944,53.71267],[-2.09916,53.71254],[-2.09835,53.71245],[-2.09754,53.71257],[-2.09699,53.7128],[-2.09625,53.71307],[-2.0953,53.71333],[-2.09425,53.71338],[-2.09302,53.71337],[-2.09244,53.71339],[-2.09129,53.71351],[-2.09064,53.71343],[-2.08963,53.71317],[-2.08889,53.71307],[-2.08841,53.71318],[-2.08713,53.71366],[-2.08602,53.71393],[-2.08507,53.71419],[-2.08413,53.71457]]]},"properties":{"fwdCode":"123FWF306","label":"River Calder at Central Todmorden","description":"Properties and businesses in central Todmorden from the Library to Commercial Street including Halifax Road and Sackville Street","river":"River Calder","county":"Calderdale","eaArea":"Yorkshire","type":"area","quickDial":"304018","eaId":"http://environment.data.gov.uk/flood-monitoring/id/floodAreas/123FWF306"}},{"type":"Feature","geometry":{"type":"Polygon","coordinates":[[[-2.1433,53.73871],[-2.14331,53.73894],[-2.14338,53.73894],[-2.14338,53.73889],[-2.14346,53.73889],[-2.14346,53.73885],[-2.14353,53.73885],[-2.14353,53.73889],[-2.14361,53.73889],[-2.14361,53.73885],[-2.14368,53.73885],[-2.14368,53.7388],[-2.14376,53.7388],[-2.14376,53.73885],[-2.14391,53.73885],[-2.14391,53.7388],[-2.14414,53.7388],[-2.14414,53.73876],[-2.14421,53.73876],[-2.14421,53.73867],[-2.14414,53.73867],[-2.14414,53.73862],[-2.14406,53.73862],[-2.14406,53.73858],[-2.14399,53.73858],[-2.14399,53.73853],[-2.14383,53.73853],[-2.14383,53.73844],[-2.14376,53.73844],[-2.14376,53.7384],[-2.14361,53.7384],[-2.14361,53.73835],[-2.14353,53.73835],[-2.14353,53.73831],[-2.14345,53.73831],[-2.14345,53.73822],[-2.14338,53.73822],[-2.14338,53.73817],[-2.1433,53.73817],[-2.1433,53.73808],[-2.14323,53.73808],[-2.14323,53.73804],[-2.14315,53.73804],[-2.14315,53.73799],[-2.14307,53.73799],[-2.14307,53.73795],[-2.143,53.73795],[-2.143,53.73791],[-2.14292,53.73791],[-2.14292,53.73782],[-2.14277,53.73782],[-2.14277,53.73777],[-2.14269,53.73777],[-2.14269,53.73773],[-2.14262,53.73773],[-2.14262,53.73768],[-2.14254,53.73768],[-2.14254,53.73764],[-2.14247,53.73764],[-2.14247,53.73759],[-2.14239,53.73759],[-2.14239,53.73755],[-2.14231,53.73755],[-2.14231,53.7375],[-2.14224,53.7375],[-2.14224,53.73746],[-2.14216,53.73746],[-2.14216,53.73741],[-2.14201,53.73741],[-2.14201,53.73737],[-2.14194,53.73737],[-2.14194,53.73732],[-2.14186,53.73732],[-2.14186,53.73728],[-2.14178,53.73728],[-2.14178,53.73723],[-2.14171,53.73723],[-2.14171,53.73719],[-2.14163,53.73719],[-2.14163,53.73714],[-2.14156,53.73714],[-2.14156,53.7371],[-2.14148,53.7371],[-2.14148,53.73705],[-2.1414,53.73705],[-2.1414,53.73696],[-2.14133,53.73696],[-2.14133,53.73692],[-2.14125,53.73692],[-2.14125,53.73687],[-2.14118,53.73687],[-2.14118,53.73678],[-2.1411,53.73678],[-2.1411,53.73674],[-2.14102,53.73674],[-2.14102,53.73669],[-2.14095,53.73669],[-2.14095,53.73665],[-2.14087,53.73665],[-2.14087,53.7366],[-2.1408,53.7366],[-2.1408,53.73651],[-2.14072,53.73651],[-2.14072,53.73638],[-2.14057,53.73638],[-2.14057,53.73625],[-2.14049,53.73625],[-2.14049,53.73611],[-2.14042,53.73611],[-2.14041,53.73571],[-2.14049,53.73571],[-2.14049,53.73562],[-2.14057,53.73562],[-2.14056,53.73544],[-2.14064,53.73544],[-2.14064,53.73539],[-2.14072,53.73539],[-2.14072,53.73535],[-2.14079,53.73535],[-2.14079,53.73526],[-2.14072,53.73526],[-2.14072,53.73521],[-2.14079,53.73521],[-2.14079,53.73503],[-2.14087,53.73503],[-2.14087,53.73476],[-2.14077,53.73475],[-2.14079,53.73458],[-2.14071,53.73458],[-2.1407,53.73444],[-2.14064,53.73418],[-2.14064,53.73394],[-2.14071,53.73391],[-2.14071,53.73372],[-2.1408,53.73364],[-2.14077,53.73337],[-2.14072,53.73328],[-2.14098,53.73318],[-2.14154,53.73344],[-2.14173,53.73359],[-2.14191,53.73348],[-2.14224,53.73341],[-2.14259,53.7334],[-2.14266,53.7333],[-2.14285,53.7333],[-2.14335,53.73345],[-2.14364,53.73349],[-2.14379,53.7334],[-2.14418,53.73343],[-2.14432,53.73319],[-2.14488,53.73323],[-2.14497,53.73318],[-2.14512,53.73318],[-2.14521,53.73321],[-2.14542,53.73322],[-2.14557,53.7331],[-2.14639,53.7331],[-2.14664,53.73312],[-2.14688,53.7331],[-2.14726,53.73284],[-2.14824,53.73221],[-2.14886,53.73201],[-2.14927,53.73199],[-2.14934,53.73208],[-2.14953,53.73204],[-2.14947,53.73197],[-2.15036,53.73178],[-2.15104,53.7319],[-2.15127,53.73189],[-2.15141,53.73191],[-2.1516,53.73187],[-2.15183,53.73191],[-2.15188,53.73185],[-2.15254,53.73199],[-2.15288,53.73245],[-2.15283,53.73262],[-2.153,53.73278],[-2.15475,53.73346],[-2.15493,53.73339],[-2.1554,53.73363],[-2.15591,53.73343],[-2.15496,53.73266],[-2.15471,53.73233],[-2.15454,53.73226],[-2.15433,53.73208],[-2.15403,53.73192],[-2.15375,53.73174],[-2.15363,53.73156],[-2.1528,53.73124],[-2.15249,53.73113],[-2.15215,53.73104],[-2.15174,53.73098],[-2.15124,53.731],[-2.15081,53.73109],[-2.14963,53.73151],[-2.14869,53.73171],[-2.14809,53.73184],[-2.14745,53.73213],[-2.14713,53.73251],[-2.14694,53.73262],[-2.14686,53.73279],[-2.14641,53.73281],[-2.14598,53.73281],[-2.14591,53.73277],[-2.14569,53.73272],[-2.14553,53.73272],[-2.14501,53.73265],[-2.14434,53.73269],[-2.1434,53.73244],[-2.13989,53.73174],[-2.13975,53.73199],[-2.13889,53.73182],[-2.13731,53.73188],[-2.13607,53.73168],[-2.13475,53.73159],[-2.13376,53.73121],[-2.13265,53.73088],[-2.13164,53.73066],[-2.13145,53.73026],[-2.13124,53.72996],[-2.13077,53.72952],[-2.13046,53.72887],[-2.12988,53.72796],[-2.1292,53.72739],[-2.12703,53.72674],[-2.1263,53.72677],[-2.12547,53.72694],[-2.12476,53.72689],[-2.12364,53.72676],[-2.123,53.72667],[-2.12218,53.72666],[-2.12205,53.72678],[-2.12183,53.72694],[-2.12148,53.72674],[-2.12115,53.7265],[-2.12088,53.72631],[-2.12077,53.72616],[-2.12054,53.726],[-2.1203,53.72588],[-2.12027,53.72578],[-2.12012,53.72576],[-2.11936,53.72571],[-2.11892,53.72567],[-2.11842,53.7256],[-2.11807,53.72558],[-2.11801,53.72551],[-2.11809,53.72545],[-2.11724,53.72528],[-2.11621,53.7252],[-2.1161,53.72526],[-2.1144,53.72452],[-2.11358,53.72409],[-2.114,53.72373],[-2.11297,53.72318],[-2.11315,53.72306],[-2.11306,53.7226],[-2.11221,53.72169],[-2.1116,53.72102],[-2.11048,53.7203],[-2.11016,53.72047],[-2.10977,53.72035],[-2.10928,53.72053],[-2.10892,53.72022],[-2.10737,53.71969],[-2.10696,53.71999],[-2.10651,53.72022],[-2.1084,53.72101],[-2.1086,53.72113],[-2.109,53.72137],[-2.10988,53.72185],[-2.11114,53.72258],[-2.11153,53.7229],[-2.11187,53.72313],[-2.11231,53.72346],[-2.11234,53.72366],[-2.11231,53.72398],[-2.11219,53.72413],[-2.11211,53.72441],[-2.11229,53.72465],[-2.11242,53.72493],[-2.11252,53.72508],[-2.11269,53.72508],[-2.11293,53.72499],[-2.11313,53.72499],[-2.11337,53.72503],[-2.11352,53.72511],[-2.11358,53.72525],[-2.11361,53.7254],[-2.11361,53.72551],[-2.11369,53.72555],[-2.1139,53.72562],[-2.11443,53.72573],[-2.11456,53.72583],[-2.11469,53.72596],[-2.1149,53.72606],[-2.11536,53.72616],[-2.11597,53.72607],[-2.11669,53.72643],[-2.11694,53.72669],[-2.11815,53.7264],[-2.11874,53.72645],[-2.11957,53.7265],[-2.12036,53.72696],[-2.12091,53.72729],[-2.12143,53.72748],[-2.12173,53.72763],[-2.12243,53.72761],[-2.12271,53.72756],[-2.12326,53.72747],[-2.12382,53.72726],[-2.12559,53.72737],[-2.12697,53.72721],[-2.12828,53.72765],[-2.12898,53.72814],[-2.1294,53.72882],[-2.12997,53.72987],[-2.13088,53.73074],[-2.13159,53.73125],[-2.13299,53.73194],[-2.13373,53.73222],[-2.13475,53.7325],[-2.13586,53.73271],[-2.1374,53.73291],[-2.13849,53.73298],[-2.1396,53.73298],[-2.1401,53.73328],[-2.14017,53.7339],[-2.14009,53.7339],[-2.14011,53.73404],[-2.14026,53.73409],[-2.14026,53.7342],[-2.14033,53.73436],[-2.14041,53.73445],[-2.14047,53.73444],[-2.14047,53.73481],[-2.14049,53.73485],[-2.14041,53.73485],[-2.14041,53.73499],[-2.14049,53.73499],[-2.14049,53.73512],[-2.14041,53.73512],[-2.14041,53.73526],[-2.14034,53.73526],[-2.14034,53.7353],[-2.14026,53.7353],[-2.14026,53.73544],[-2.14019,53.73544],[-2.14019,53.73566],[-2.14011,53.73566],[-2.14011,53.73611],[-2.14019,53.73611],[-2.14019,53.73616],[-2.14011,53.73616],[-2.14011,53.7362],[-2.14019,53.7362],[-2.14019,53.73629],[-2.14026,53.73629],[-2.14026,53.73638],[-2.14034,53.73638],[-2.14034,53.73643],[-2.14042,53.73643],[-2.14042,53.73647],[-2.14049,53.73647],[-2.14049,53.73651],[-2.14042,53.73652],[-2.14042,53.7366],[-2.14049,53.7366],[-2.14049,53.73665],[-2.14057,53.73665],[-2.14057,53.73669],[-2.14064,53.73669],[-2.14064,53.73678],[-2.14072,53.73678],[-2.14072,53.73683],[-2.1408,53.73683],[-2.1408,53.73687],[-2.14087,53.73687],[-2.14087,53.73696],[-2.14095,53.73696],[-2.14095,53.73701],[-2.14102,53.73701],[-2.14102,53.73705],[-2.1411,53.73705],[-2.1411,53.7371],[-2.14118,53.7371],[-2.14118,53.73714],[-2.14125,53.73714],[-2.14125,53.73719],[-2.14133,53.73719],[-2.14133,53.73723],[-2.14148,53.73723],[-2.14148,53.73732],[-2.14156,53.73732],[-2.14156,53.73737],[-2.14171,53.73737],[-2.14171,53.73746],[-2.14186,53.73746],[-2.14186,53.7375],[-2.14194,53.7375],[-2.14194,53.73755],[-2.14201,53.73755],[-2.14201,53.73759],[-2.14209,53.73759],[-2.14209,53.73764],[-2.14216,53.73764],[-2.14216,53.73768],[-2.14232,53.73768],[-2.14232,53.73773],[-2.14239,53.73773],[-2.14239,53.73777],[-2.14247,53.73777],[-2.14247,53.73782],[-2.14262,53.73782],[-2.14262,53.73795],[-2.1427,53.73795],[-2.1427,53.738],[-2.14285,53.738],[-2.14285,53.73804],[-2.14292,53.73804],[-2.14292,53.73808],[-2.143,53.73808],[-2.143,53.73813],[-2.14307,53.73813],[-2.14308,53.73822],[-2.14315,53.73822],[-2.14315,53.73831],[-2.14323,53.73831],[-2.14323,53.73835],[-2.1433,53.73835],[-2.1433,53.7384],[-2.14338,53.7384],[-2.14338,53.73849],[-2.14346,53.73849],[-2.14346,53.73871],[-2.1433,53.73871]]]},"properties":{"fwdCode":"123FWF364","label":"River Calder at Cornholme, Lydgate and Todmorden High School","description":"Cornholme, Robinwood and Lydgate including Lineholme Avenue, Orchan Road, Glen Avenue, Scaitcliffe Hall, Todmorden High School, Burnley Road, Church Road and Redwater Clough","river":"River Calder","county":"Calderdale","eaArea":"Yorkshire","type":"area","quickDial":"137325","eaId":"http://environment.data.gov.uk/flood-monitoring/id/floodAreas/123FWF364"}},{"type":"Feature","geometry":{"type":"MultiPolygon","coordinates":[[[[-2.08644,53.68067],[-2.08665,53.68089],[-2.08706,53.68079],[-2.08686,53.68057],[-2.08644,53.68067]]],[[[-2.10014,53.68818],[-2.09969,53.68791],[-2.09917,53.68776],[-2.0992,53.6877],[-2.09901,53.68764],[-2.09857,53.68751],[-2.09823,53.68738],[-2.09785,53.68727],[-2.09742,53.68712],[-2.0972,53.68709],[-2.09684,53.68701],[-2.09651,53.68686],[-2.09579,53.68636],[-2.09566,53.68621],[-2.09567,53.68608],[-2.09546,53.68589],[-2.09502,53.68555],[-2.09497,53.68557],[-2.09476,53.68537],[-2.09482,53.68526],[-2.09491,53.68524],[-2.09476,53.68507],[-2.09467,53.68504],[-2.09453,53.68504],[-2.09434,53.685],[-2.09426,53.68496],[-2.09425,53.68488],[-2.09415,53.68477],[-2.09402,53.6848],[-2.09385,53.68465],[-2.09385,53.68463],[-2.09364,53.68468],[-2.09352,53.68464],[-2.09249,53.68392],[-2.09187,53.6836],[-2.09126,53.68343],[-2.09097,53.68332],[-2.09064,53.68312],[-2.09056,53.68316],[-2.0902,53.68333],[-2.09082,53.6838],[-2.0909,53.684],[-2.09082,53.68418],[-2.0912,53.68434],[-2.0914,53.68461],[-2.09173,53.68495],[-2.09234,53.68512],[-2.09269,53.68533],[-2.0926,53.68544],[-2.09299,53.68567],[-2.09317,53.68554],[-2.09319,53.68563],[-2.09331,53.68573],[-2.09372,53.68595],[-2.09384,53.68599],[-2.09376,53.68607],[-2.09379,53.6861],[-2.09392,53.68612],[-2.09401,53.68624],[-2.09404,53.68642],[-2.09401,53.68654],[-2.0941,53.68668],[-2.09414,53.6868],[-2.09414,53.68689],[-2.09421,53.68713],[-2.09419,53.68731],[-2.09425,53.68745],[-2.09436,53.68752],[-2.09458,53.68753],[-2.09504,53.6878],[-2.09524,53.68791],[-2.09551,53.68801],[-2.09565,53.68811],[-2.09571,53.68821],[-2.09571,53.68831],[-2.09583,53.6884],[-2.09601,53.6885],[-2.09653,53.6887],[-2.09674,53.68879],[-2.09712,53.68898],[-2.09762,53.68924],[-2.09772,53.68933],[-2.09787,53.68938],[-2.09801,53.68945],[-2.09809,53.68955],[-2.09822,53.68957],[-2.09834,53.68955],[-2.09878,53.68985],[-2.09886,53.68992],[-2.09925,53.69022],[-2.09941,53.69041],[-2.09959,53.69054],[-2.09976,53.69074],[-2.09974,53.69081],[-2.09974,53.691],[-2.09968,53.69109],[-2.09968,53.69117],[-2.09962,53.69129],[-2.09956,53.69156],[-2.0995,53.69171],[-2.09952,53.69178],[-2.09947,53.69198],[-2.09952,53.69217],[-2.09947,53.69223],[-2.09944,53.69242],[-2.09938,53.69245],[-2.09925,53.69248],[-2.09923,53.69253],[-2.09923,53.69279],[-2.09931,53.69287],[-2.09932,53.69297],[-2.09926,53.69311],[-2.09935,53.69317],[-2.09935,53.69358],[-2.09934,53.69362],[-2.09919,53.69372],[-2.0992,53.69387],[-2.09928,53.6939],[-2.09938,53.69398],[-2.09948,53.69409],[-2.09948,53.69435],[-2.09945,53.69447],[-2.09943,53.69466],[-2.09955,53.69482],[-2.09984,53.69511],[-2.1001,53.69526],[-2.10034,53.69534],[-2.10116,53.69547],[-2.10134,53.69549],[-2.10161,53.69555],[-2.10192,53.6956],[-2.10236,53.69578],[-2.10293,53.69609],[-2.10316,53.69622],[-2.10337,53.69644],[-2.10339,53.69658],[-2.10342,53.69668],[-2.10328,53.69674],[-2.10316,53.6967],[-2.103,53.69676],[-2.103,53.6969],[-2.10307,53.69693],[-2.10312,53.69703],[-2.10321,53.69711],[-2.10327,53.69723],[-2.10336,53.69725],[-2.10345,53.69723],[-2.10359,53.69717],[-2.10377,53.69716],[-2.10386,53.69725],[-2.1043,53.69764],[-2.10441,53.69778],[-2.10467,53.69806],[-2.10476,53.69819],[-2.10488,53.69832],[-2.10508,53.69845],[-2.10515,53.69853],[-2.10524,53.69867],[-2.10526,53.69877],[-2.10541,53.69859],[-2.1057,53.69891],[-2.10644,53.69876],[-2.10618,53.69836],[-2.10577,53.69783],[-2.10579,53.69774],[-2.10594,53.69769],[-2.10613,53.69795],[-2.10683,53.69783],[-2.10674,53.69766],[-2.10672,53.69753],[-2.10648,53.69729],[-2.10625,53.69714],[-2.10587,53.69721],[-2.10536,53.69686],[-2.10472,53.6962],[-2.1046,53.69613],[-2.10393,53.69535],[-2.10404,53.69497],[-2.10378,53.69454],[-2.10325,53.69419],[-2.10358,53.69397],[-2.10331,53.69381],[-2.10296,53.69407],[-2.10141,53.69212],[-2.10146,53.69207],[-2.10155,53.69191],[-2.10142,53.69179],[-2.10145,53.69172],[-2.10127,53.69166],[-2.1016,53.69107],[-2.10171,53.69089],[-2.10174,53.6908],[-2.10194,53.69042],[-2.10159,53.69036],[-2.1013,53.68994],[-2.10106,53.6895],[-2.10062,53.68911],[-2.10055,53.68876],[-2.10028,53.68832],[-2.10014,53.68818]]]]},"properties":{"fwdCode":"123FWF301","label":"Walsden Water at Walsden","description":"Walsden from Bottomley Lock to Clough Mill including Rochdale Road, Walsden Station and Walsden School","river":"Walsden Water","county":"Calderdale","eaArea":"Yorkshire","type":"area","quickDial":"304013","eaId":"http://environment.data.gov.uk/flood-monitoring/id/floodAreas/123FWF301"}},{"type":"Feature","geometry":{"type":"Polygon","coordinates":[[[-1.96042,53.72961],[-1.96019,53.72967],[-1.95977,53.72963],[-1.95926,53.72959],[-1.95883,53.7295],[-1.95853,53.7294],[-1.95814,53.72917],[-1.95788,53.72898],[-1.95738,53.72866],[-1.9562,53.728],[-1.95544,53.72757],[-1.95494,53.72715],[-1.95458,53.72699],[-1.95424,53.72684],[-1.95318,53.72639],[-1.95245,53.726],[-1.95213,53.72588],[-1.95148,53.7255],[-1.95051,53.72496],[-1.9496,53.72432],[-1.94926,53.72408],[-1.94891,53.72396],[-1.94805,53.72369],[-1.94754,53.72354],[-1.94677,53.72331],[-1.94647,53.72319],[-1.94619,53.72301],[-1.94576,53.72261],[-1.94569,53.72243],[-1.94566,53.72219],[-1.94571,53.72199],[-1.94573,53.72194],[-1.94616,53.72187],[-1.94611,53.72194],[-1.94627,53.72193],[-1.94645,53.72187],[-1.94655,53.72171],[-1.94651,53.72161],[-1.94642,53.72145],[-1.94638,53.72094],[-1.94629,53.72089],[-1.9462,53.72071],[-1.94552,53.72003],[-1.94517,53.71972],[-1.94456,53.71921],[-1.94454,53.71908],[-1.94476,53.71895],[-1.9445,53.71856],[-1.94434,53.71826],[-1.94422,53.71821],[-1.94441,53.71818],[-1.94401,53.71714],[-1.94318,53.71609],[-1.9432,53.71601],[-1.94275,53.71549],[-1.94266,53.71533],[-1.94216,53.71494],[-1.94107,53.71402],[-1.94007,53.7133],[-1.93921,53.71275],[-1.9389,53.71255],[-1.93857,53.71246],[-1.93805,53.71216],[-1.93663,53.71172],[-1.93537,53.71132],[-1.93401,53.711],[-1.93189,53.71048],[-1.93052,53.71014],[-1.92882,53.70991],[-1.92941,53.71039],[-1.92978,53.71062],[-1.93019,53.71103],[-1.93063,53.71148],[-1.93099,53.71171],[-1.93073,53.71228],[-1.93061,53.71246],[-1.93216,53.71251],[-1.93481,53.71295],[-1.93555,53.71314],[-1.93667,53.71347],[-1.93851,53.71405],[-1.93946,53.7144],[-1.93993,53.7146],[-1.9406,53.71498],[-1.94082,53.71516],[-1.94098,53.71527],[-1.94142,53.71577],[-1.94165,53.71609],[-1.94183,53.71669],[-1.94195,53.71668],[-1.94197,53.7165],[-1.9419,53.71628],[-1.94189,53.71618],[-1.94184,53.71611],[-1.94189,53.71609],[-1.942,53.71583],[-1.94208,53.7158],[-1.94215,53.71582],[-1.94228,53.71586],[-1.94238,53.71593],[-1.94228,53.71602],[-1.94228,53.71616],[-1.94207,53.7162],[-1.94207,53.71627],[-1.94229,53.71632],[-1.94229,53.7165],[-1.94232,53.71654],[-1.94219,53.71658],[-1.94225,53.71666],[-1.94219,53.71674],[-1.94227,53.7168],[-1.94214,53.71683],[-1.94216,53.71705],[-1.94266,53.71702],[-1.94265,53.71753],[-1.94278,53.71787],[-1.94293,53.7181],[-1.94347,53.71864],[-1.94372,53.7189],[-1.94474,53.7195],[-1.94509,53.71977],[-1.94517,53.71989],[-1.94534,53.71996],[-1.94549,53.72005],[-1.94564,53.72043],[-1.94592,53.72066],[-1.94609,53.72081],[-1.94626,53.72103],[-1.94635,53.72137],[-1.94622,53.72166],[-1.94622,53.72172],[-1.9458,53.72178],[-1.94587,53.7216],[-1.94573,53.72159],[-1.94507,53.72168],[-1.94494,53.72179],[-1.94458,53.72182],[-1.94453,53.72177],[-1.94413,53.7214],[-1.94396,53.72149],[-1.94416,53.7218],[-1.9447,53.72226],[-1.94456,53.72235],[-1.94445,53.7223],[-1.94435,53.72233],[-1.94414,53.72244],[-1.94382,53.72256],[-1.94349,53.72275],[-1.94336,53.72282],[-1.94326,53.7228],[-1.94323,53.72285],[-1.94327,53.72291],[-1.9432,53.72297],[-1.94328,53.72301],[-1.9435,53.72321],[-1.94372,53.72299],[-1.94374,53.72291],[-1.9439,53.72289],[-1.94481,53.72238],[-1.94505,53.72255],[-1.94514,53.72254],[-1.94533,53.72266],[-1.94558,53.72291],[-1.946,53.72321],[-1.94734,53.72413],[-1.9481,53.72459],[-1.94875,53.72492],[-1.9493,53.72515],[-1.9503,53.72544],[-1.95151,53.72588],[-1.95146,53.72602],[-1.95167,53.72604],[-1.95192,53.72626],[-1.95233,53.72663],[-1.95312,53.72703],[-1.9533,53.72704],[-1.95346,53.72713],[-1.95348,53.72721],[-1.9538,53.72746],[-1.9541,53.72753],[-1.95438,53.72757],[-1.95447,53.72767],[-1.95454,53.72774],[-1.95482,53.72785],[-1.95508,53.72797],[-1.9552,53.72797],[-1.95519,53.72804],[-1.95534,53.72805],[-1.9555,53.72817],[-1.95559,53.72822],[-1.95561,53.72828],[-1.95571,53.72829],[-1.9557,53.72824],[-1.95584,53.72825],[-1.95625,53.72844],[-1.95634,53.72851],[-1.95692,53.72888],[-1.9578,53.72934],[-1.95827,53.72963],[-1.95873,53.72988],[-1.9591,53.73006],[-1.95918,53.73018],[-1.9593,53.73024],[-1.95981,53.73035],[-1.95998,53.73034],[-1.96067,53.73049],[-1.96119,53.73064],[-1.96146,53.73078],[-1.96158,53.73074],[-1.96161,53.73067],[-1.96125,53.73037],[-1.96125,53.73026],[-1.96177,53.73063],[-1.96193,53.73038],[-1.96175,53.73016],[-1.96143,53.72995],[-1.96149,53.7298],[-1.96178,53.7295],[-1.96105,53.72926],[-1.96083,53.72944],[-1.96042,53.72961]]]},"properties":{"fwdCode":"123FWF318","label":"River Calder at Brearley and Luddenden Foot","description":"Brearley to Luddenden Foot including Station Road in Brearley, Ellen Royd Bridge, and Station Road and Mill Stream Drive in Luddenden Foot","river":"River Calder","county":"Calderdale","eaArea":"Yorkshire","type":"area","quickDial":"137306","eaId":"http://environment.data.gov.uk/flood-monitoring/id/floodAreas/123FWF318"}},{"type":"Feature","geometry":{"type":"Polygon","coordinates":[[[-2.10087,53.71815],[-2.10273,53.71689],[-2.10261,53.71684],[-2.10247,53.71675],[-2.10244,53.71661],[-2.10235,53.71659],[-2.10218,53.71661],[-2.10188,53.71654],[-2.10183,53.71647],[-2.1015,53.7164],[-2.10112,53.71645],[-2.10098,53.71639],[-2.10076,53.71641],[-2.10057,53.7165],[-2.10048,53.71652],[-2.1003,53.71646],[-2.10006,53.71647],[-2.09994,53.71645],[-2.09979,53.71647],[-2.09963,53.7164],[-2.09944,53.71637],[-2.09939,53.71632],[-2.09909,53.71622],[-2.09909,53.71609],[-2.09853,53.71563],[-2.09804,53.71571],[-2.09794,53.71567],[-2.09788,53.71553],[-2.09787,53.7154],[-2.09768,53.71527],[-2.0974,53.71522],[-2.09742,53.71505],[-2.09736,53.71502],[-2.09731,53.71491],[-2.09695,53.71504],[-2.09722,53.71572],[-2.0975,53.71622],[-2.09785,53.7165],[-2.09826,53.71669],[-2.09982,53.71761],[-2.10032,53.71791],[-2.10087,53.71815]]]},"properties":{"fwdCode":"123FWF371","label":"River Calder at Todmorden from the Cricket Ground to the Railway Bridge","description":"Todmorden Cricket Ground to the Railway Bridge south of Burnley Road including Queen Street and Back Ridge Street","river":"River Calder","county":"Calderdale","eaArea":"Yorkshire","type":"area","quickDial":"304065","eaId":"http://environment.data.gov.uk/flood-monitoring/id/floodAreas/123FWF371"}},{"type":"Feature","geometry":{"type":"Polygon","coordinates":[[[-2.05371,53.72737],[-2.05302,53.72776],[-2.05264,53.72801],[-2.0522,53.72837],[-2.05203,53.72858],[-2.05185,53.72873],[-2.05187,53.72881],[-2.05126,53.72919],[-2.05051,53.72979],[-2.05017,53.73001],[-2.04979,53.73025],[-2.05033,53.73045],[-2.05129,53.72971],[-2.05292,53.72842],[-2.05403,53.72751],[-2.05476,53.72671],[-2.05536,53.72581],[-2.05456,53.72573],[-2.05371,53.72737]]]},"properties":{"fwdCode":"123FWF309","label":"River Calder at Eastwood","description":"Halifax Road adjacent to Common Bank Wood","river":"River Calder","county":"Calderdale","eaArea":"Yorkshire","type":"area","quickDial":"304021","eaId":"http://environment.data.gov.uk/flood-monitoring/id/floodAreas/123FWF309"}},{"type":"Feature","geometry":{"type":"Polygon","coordinates":[[[-2.12192,53.70631],[-2.1216,53.70633],[-2.1207,53.70634],[-2.12071,53.70629],[-2.12025,53.70629],[-2.12024,53.70625],[-2.11963,53.70616],[-2.11955,53.70615],[-2.11957,53.70608],[-2.11912,53.70598],[-2.1187,53.70606],[-2.11821,53.70611],[-2.1182,53.70607],[-2.11779,53.70596],[-2.11783,53.70591],[-2.11766,53.70574],[-2.11751,53.70579],[-2.11751,53.70576],[-2.11736,53.70563],[-2.11732,53.70549],[-2.11723,53.70539],[-2.11704,53.70536],[-2.11675,53.7054],[-2.11645,53.70531],[-2.1157,53.705],[-2.11509,53.70482],[-2.11517,53.7047],[-2.11488,53.70457],[-2.11332,53.70414],[-2.11311,53.70423],[-2.11304,53.7042],[-2.11281,53.70414],[-2.11228,53.70405],[-2.11203,53.70403],[-2.11188,53.70401],[-2.11175,53.70401],[-2.11115,53.70383],[-2.11078,53.7038],[-2.11047,53.70378],[-2.11004,53.70373],[-2.10903,53.7037],[-2.10887,53.70366],[-2.10881,53.70365],[-2.10891,53.70388],[-2.10887,53.70402],[-2.10878,53.70416],[-2.1087,53.70444],[-2.10876,53.70444],[-2.10906,53.70431],[-2.10953,53.7041],[-2.11009,53.70403],[-2.11069,53.70406],[-2.1113,53.70419],[-2.11153,53.70423],[-2.11205,53.70423],[-2.11258,53.70436],[-2.11271,53.70449],[-2.11249,53.70481],[-2.11259,53.70485],[-2.11258,53.70495],[-2.11323,53.70515],[-2.11378,53.70521],[-2.11412,53.70528],[-2.11434,53.70535],[-2.11508,53.70546],[-2.11516,53.70535],[-2.1155,53.70544],[-2.1156,53.70555],[-2.11628,53.70582],[-2.11662,53.70593],[-2.11685,53.70603],[-2.11718,53.70622],[-2.11761,53.70635],[-2.1177,53.7064],[-2.11802,53.7064],[-2.11851,53.70642],[-2.11853,53.70632],[-2.11911,53.70629],[-2.12017,53.70647],[-2.12055,53.70652],[-2.12131,53.70656],[-2.12229,53.70674],[-2.12243,53.70658],[-2.12244,53.70647],[-2.12223,53.70645],[-2.12192,53.70631]]]},"properties":{"fwdCode":"123FWF304","label":"Midgelden Brook at Bacup Road - Gauxholme","description":"Gauxholme area including Bacup Road between Gorpley Wood and Gauxholme Bridge","river":"Midgelden Brook","county":"Calderdale","eaArea":"Yorkshire","type":"area","quickDial":"304016","eaId":"http://environment.data.gov.uk/flood-monitoring/id/floodAreas/123FWF304"}},{"type":"Feature","geometry":{"type":"Polygon","coordinates":[[[-1.99175,53.73417],[-1.99201,53.73388],[-1.9918,53.73378],[-1.99152,53.73367],[-1.99092,53.73352],[-1.99034,53.73339],[-1.98986,53.73327],[-1.98912,53.73296],[-1.98883,53.73282],[-1.9884,53.73257],[-1.98818,53.73246],[-1.98784,53.73233],[-1.98702,53.73214],[-1.98616,53.73199],[-1.98557,53.7319],[-1.98513,53.73172],[-1.98437,53.73127],[-1.98395,53.73097],[-1.98347,53.73065],[-1.98312,53.73047],[-1.98285,53.73044],[-1.98257,53.73043],[-1.98175,53.73045],[-1.98096,53.73043],[-1.98032,53.73037],[-1.98002,53.73029],[-1.97985,53.73029],[-1.9794,53.73019],[-1.97915,53.73005],[-1.97855,53.72986],[-1.9784,53.72988],[-1.97865,53.73021],[-1.97858,53.73035],[-1.97882,53.73048],[-1.97925,53.73064],[-1.98018,53.73094],[-1.98041,53.73102],[-1.98065,53.73113],[-1.98124,53.73127],[-1.9819,53.73146],[-1.98259,53.73171],[-1.9834,53.73206],[-1.98381,53.73223],[-1.98402,53.73234],[-1.98428,53.73245],[-1.98499,53.73269],[-1.98588,53.733],[-1.98689,53.73327],[-1.98811,53.73353],[-1.98897,53.7337],[-1.98957,53.73384],[-1.99,53.73386],[-1.99051,53.73392],[-1.99081,53.73396],[-1.99129,53.73409],[-1.99175,53.73417]]]},"properties":{"fwdCode":"123FWF316","label":"River Calder at Central Mytholmroyd","description":"Central Mytholmroyd along Burnley Road including the school Mytholmroyd Fire Station and Longfellow Court","river":"River Calder","county":"Calderdale","eaArea":"Yorkshire","type":"area","quickDial":"304027","eaId":"http://environment.data.gov.uk/flood-monitoring/id/floodAreas/123FWF316"}},{"type":"Feature","geometry":{"type":"Polygon","coordinates":[[[-2.02416,53.74321],[-2.02428,53.74323],[-2.02421,53.7431],[-2.02424,53.74303],[-2.0244,53.74307],[-2.0246,53.74304],[-2.02484,53.74315],[-2.02498,53.74339],[-2.02492,53.74346],[-2.02507,53.74359],[-2.02519,53.74388],[-2.02566,53.74422],[-2.02572,53.74445],[-2.02581,53.74454],[-2.02572,53.7446],[-2.0261,53.74483],[-2.0265,53.74446],[-2.02606,53.74406],[-2.02566,53.74374],[-2.02551,53.74352],[-2.02542,53.74351],[-2.02543,53.74329],[-2.02647,53.74285],[-2.02653,53.7428],[-2.02669,53.74274],[-2.02581,53.74211],[-2.02577,53.74183],[-2.02645,53.74156],[-2.0276,53.74121],[-2.02842,53.74096],[-2.0286,53.74089],[-2.02872,53.74095],[-2.02878,53.74086],[-2.02888,53.74089],[-2.02912,53.74076],[-2.02936,53.74067],[-2.02942,53.74067],[-2.02969,53.74057],[-2.02974,53.74053],[-2.02995,53.74043],[-2.03009,53.74034],[-2.03015,53.74036],[-2.03012,53.7404],[-2.03028,53.74039],[-2.03035,53.74033],[-2.03085,53.74015],[-2.03113,53.74008],[-2.0315,53.73995],[-2.03156,53.73983],[-2.03144,53.73982],[-2.03136,53.7397],[-2.03141,53.73966],[-2.0315,53.73931],[-2.03162,53.73919],[-2.03162,53.73916],[-2.03188,53.7389],[-2.03183,53.73889],[-2.03156,53.73898],[-2.03145,53.73898],[-2.03116,53.73906],[-2.03094,53.73914],[-2.03036,53.73927],[-2.03009,53.73935],[-2.02995,53.73949],[-2.02959,53.73964],[-2.02871,53.74009],[-2.02851,53.74017],[-2.02834,53.74],[-2.02555,53.73996],[-2.02469,53.74004],[-2.0246,53.74006],[-2.02392,53.74007],[-2.02396,53.74021],[-2.02578,53.74074],[-2.02584,53.74088],[-2.02528,53.74089],[-2.02483,53.74093],[-2.02405,53.74098],[-2.02387,53.74093],[-2.02336,53.74092],[-2.0232,53.74095],[-2.0229,53.74094],[-2.02246,53.7409],[-2.0222,53.74082],[-2.02164,53.74078],[-2.02045,53.74082],[-2.01973,53.74079],[-2.01926,53.74077],[-2.01896,53.74072],[-2.01852,53.74064],[-2.01788,53.74053],[-2.01709,53.74039],[-2.01652,53.74035],[-2.01571,53.74034],[-2.0155,53.74029],[-2.01546,53.74031],[-2.01565,53.74052],[-2.01567,53.74076],[-2.0154,53.7409],[-2.01502,53.74115],[-2.01453,53.7414],[-2.01424,53.74153],[-2.01462,53.74169],[-2.01497,53.74165],[-2.01573,53.74159],[-2.01666,53.74155],[-2.01849,53.74147],[-2.0192,53.74161],[-2.01931,53.74153],[-2.01901,53.74143],[-2.01913,53.74131],[-2.01928,53.74138],[-2.02025,53.74163],[-2.02063,53.7417],[-2.02195,53.74162],[-2.02186,53.74192],[-2.02327,53.74224],[-2.02358,53.74227],[-2.02345,53.74238],[-2.02339,53.74239],[-2.02346,53.74257],[-2.02362,53.7428],[-2.02368,53.74281],[-2.02395,53.74308],[-2.0241,53.74308],[-2.02416,53.74321]]]},"properties":{"fwdCode":"123FWF311","label":"River Calder at Hebden Bridge - Mytholm and Hebble End","description":"Mytholm and Hebble End including Eaves Road, Church Lane, King Street, Market Street, Stubbing Drive, Stubbing Holme Road and Hebble End Bridge","river":"River Calder","county":"Calderdale","eaArea":"Yorkshire","type":"area","quickDial":"137303","eaId":"http://environment.data.gov.uk/flood-monitoring/id/floodAreas/123FWF311"}},{"type":"Feature","geometry":{"type":"MultiPolygon","coordinates":[[[[-2.08413,53.71457],[-2.08343,53.71467],[-2.08291,53.7147],[-2.08205,53.71469],[-2.08131,53.71472],[-2.08084,53.71479],[-2.08057,53.71485],[-2.08098,53.71539],[-2.08137,53.71529],[-2.08187,53.71524],[-2.08239,53.71519],[-2.08268,53.71519],[-2.08317,53.7151],[-2.0832,53.71516],[-2.08302,53.71519],[-2.08271,53.71525],[-2.08248,53.71527],[-2.08207,53.71531],[-2.08174,53.71534],[-2.0815,53.71534],[-2.0814,53.71537],[-2.0811,53.71543],[-2.08071,53.71556],[-2.08031,53.71567],[-2.08023,53.71573],[-2.07996,53.71591],[-2.07954,53.71607],[-2.07891,53.71624],[-2.07836,53.71639],[-2.07742,53.71658],[-2.07701,53.71667],[-2.07669,53.7168],[-2.07701,53.71713],[-2.07809,53.71707],[-2.07807,53.71686],[-2.07974,53.71644],[-2.07956,53.71623],[-2.08224,53.7156],[-2.08257,53.7161],[-2.08315,53.71606],[-2.08358,53.7159],[-2.08361,53.71587],[-2.08411,53.71562],[-2.08463,53.71564],[-2.08539,53.71592],[-2.08576,53.71605],[-2.0864,53.71602],[-2.08702,53.71584],[-2.0874,53.71565],[-2.08855,53.71572],[-2.08998,53.71612],[-2.09051,53.71554],[-2.08988,53.71541],[-2.08897,53.71513],[-2.08833,53.71495],[-2.08813,53.71486],[-2.08774,53.7146],[-2.08741,53.71445],[-2.08711,53.71446],[-2.08614,53.7145],[-2.08544,53.71455],[-2.08497,53.71459],[-2.08464,53.7147],[-2.08444,53.71481],[-2.08434,53.71479],[-2.0842,53.71465],[-2.08413,53.71457]]],[[[-2.07537,53.71669],[-2.07526,53.71669],[-2.07499,53.71675],[-2.07488,53.71683],[-2.07485,53.71695],[-2.07475,53.71703],[-2.07468,53.71712],[-2.07458,53.71719],[-2.07425,53.71732],[-2.07383,53.71748],[-2.07418,53.71776],[-2.07524,53.7176],[-2.07521,53.7174],[-2.07533,53.71706],[-2.07538,53.71679],[-2.07537,53.71669]]]]},"properties":{"fwdCode":"123FWF307","label":"River Calder at Todmorden - Millwood","description":"Millwood including Hallroyd Crescent, Lower Laith Avenue and Stonemere Avenue","river":"River Calder","county":"Calderdale","eaArea":"Yorkshire","type":"area","quickDial":"304019","eaId":"http://environment.data.gov.uk/flood-monitoring/id/floodAreas/123FWF307"}},{"type":"Feature","geometry":{"type":"Polygon","coordinates":[[[-2.11226,53.72535],[-2.11226,53.72515],[-2.11207,53.72483],[-2.11201,53.72467],[-2.11182,53.72445],[-2.11208,53.72354],[-2.11172,53.72317],[-2.11113,53.72273],[-2.11055,53.72236],[-2.10953,53.72183],[-2.10896,53.72142],[-2.1085,53.72115],[-2.10819,53.72091],[-2.10758,53.72067],[-2.10676,53.72036],[-2.10583,53.7201],[-2.10543,53.71996],[-2.10613,53.72053],[-2.10622,53.72061],[-2.10621,53.72068],[-2.10605,53.72086],[-2.10605,53.72091],[-2.10621,53.72097],[-2.10648,53.72099],[-2.10681,53.72095],[-2.10699,53.72101],[-2.10716,53.721],[-2.10733,53.72092],[-2.10743,53.72094],[-2.10759,53.72101],[-2.1076,53.72108],[-2.10748,53.72113],[-2.1073,53.72118],[-2.10729,53.72121],[-2.10735,53.72125],[-2.10715,53.72133],[-2.10718,53.72137],[-2.10742,53.72141],[-2.10748,53.72146],[-2.10733,53.72165],[-2.10802,53.72204],[-2.10836,53.72217],[-2.10846,53.72218],[-2.10853,53.7222],[-2.10922,53.72261],[-2.10955,53.7228],[-2.11022,53.72296],[-2.11047,53.72316],[-2.11082,53.72339],[-2.11102,53.72347],[-2.11114,53.7237],[-2.11125,53.72442],[-2.11159,53.72519],[-2.11172,53.72556],[-2.11226,53.72535]]]},"properties":{"fwdCode":"123FWF365","label":"River Calder at Todmorden - Harley Wood","description":"Harley Wood areas including Stoney Royd Lane, Burnley Road, Cross Lee Road and Mons Road","river":"River Calder","county":"Calderdale","eaArea":"Yorkshire","type":"area","quickDial":"304063","eaId":"http://environment.data.gov.uk/flood-monitoring/id/floodAreas/123FWF365"}},{"type":"Feature","geometry":{"type":"Polygon","coordinates":[[[-2.10127,53.69166],[-2.10226,53.69199],[-2.10251,53.69176],[-2.10291,53.69182],[-2.10332,53.69162],[-2.10374,53.69139],[-2.10386,53.69115],[-2.10418,53.6906],[-2.10389,53.69054],[-2.1039,53.69039],[-2.10439,53.68982],[-2.10454,53.68932],[-2.10455,53.6885],[-2.10432,53.68816],[-2.10413,53.68789],[-2.10414,53.68784],[-2.10422,53.68784],[-2.10422,53.68779],[-2.10437,53.68779],[-2.10437,53.68775],[-2.10459,53.68775],[-2.10459,53.6877],[-2.10497,53.6877],[-2.10497,53.68766],[-2.10543,53.68766],[-2.10543,53.6877],[-2.10558,53.6877],[-2.10558,53.68766],[-2.10573,53.68766],[-2.10573,53.6877],[-2.10649,53.6877],[-2.10649,53.68765],[-2.10679,53.68765],[-2.10679,53.68761],[-2.10709,53.68761],[-2.10709,53.68756],[-2.1074,53.68756],[-2.10739,53.68752],[-2.10755,53.68752],[-2.10755,53.68747],[-2.10868,53.68761],[-2.10883,53.68761],[-2.10883,53.68765],[-2.10891,53.68765],[-2.10891,53.68774],[-2.10899,53.68774],[-2.10899,53.68779],[-2.10906,53.68779],[-2.10906,53.68783],[-2.10914,53.68783],[-2.10914,53.68792],[-2.10921,53.68792],[-2.10921,53.68806],[-2.10929,53.68806],[-2.10929,53.6881],[-2.10936,53.6881],[-2.10937,53.68819],[-2.10944,53.68819],[-2.10944,53.68824],[-2.10952,53.68824],[-2.10952,53.68833],[-2.10959,53.68833],[-2.10959,53.68837],[-2.10967,53.68837],[-2.10967,53.68842],[-2.10974,53.68842],[-2.10974,53.68846],[-2.10982,53.68846],[-2.10982,53.68851],[-2.1099,53.68851],[-2.1099,53.68855],[-2.10997,53.68855],[-2.10997,53.6886],[-2.11005,53.6886],[-2.11005,53.68864],[-2.11012,53.68864],[-2.11012,53.68869],[-2.11028,53.68869],[-2.11028,53.68873],[-2.11035,53.68873],[-2.11035,53.68882],[-2.11043,53.68882],[-2.11043,53.68886],[-2.1105,53.68886],[-2.1105,53.68891],[-2.11081,53.68891],[-2.11081,53.68895],[-2.11096,53.68895],[-2.11096,53.689],[-2.11118,53.689],[-2.11118,53.68904],[-2.11126,53.68904],[-2.11126,53.68909],[-2.11149,53.68909],[-2.11149,53.68913],[-2.11156,53.68913],[-2.11156,53.68918],[-2.11171,53.68918],[-2.11171,53.68922],[-2.11187,53.68922],[-2.11187,53.68927],[-2.11217,53.68927],[-2.11217,53.68931],[-2.11247,53.68931],[-2.11247,53.68936],[-2.11308,53.68936],[-2.11308,53.6894],[-2.11338,53.6894],[-2.11338,53.68945],[-2.11368,53.68945],[-2.11368,53.68949],[-2.11399,53.68949],[-2.11399,53.68954],[-2.11406,53.68954],[-2.11406,53.68958],[-2.11437,53.68958],[-2.11437,53.68962],[-2.11467,53.68962],[-2.11467,53.68967],[-2.1149,53.68967],[-2.1149,53.68958],[-2.11467,53.68958],[-2.11467,53.68953],[-2.11452,53.68953],[-2.11452,53.68945],[-2.11444,53.68945],[-2.11444,53.68949],[-2.11437,53.68949],[-2.11437,53.68945],[-2.11414,53.68945],[-2.11414,53.68949],[-2.11406,53.68949],[-2.11406,53.68945],[-2.11399,53.68945],[-2.11399,53.6894],[-2.11391,53.6894],[-2.11391,53.68936],[-2.11361,53.68936],[-2.11361,53.68931],[-2.11331,53.68931],[-2.11331,53.68927],[-2.113,53.68927],[-2.113,53.68922],[-2.1124,53.68922],[-2.1124,53.68918],[-2.11209,53.68918],[-2.11209,53.68913],[-2.11187,53.68913],[-2.11187,53.68909],[-2.11171,53.68909],[-2.11171,53.68904],[-2.11156,53.68904],[-2.11156,53.689],[-2.11141,53.689],[-2.11141,53.68895],[-2.11126,53.68895],[-2.11126,53.68891],[-2.11111,53.68891],[-2.11111,53.68886],[-2.11103,53.68886],[-2.11103,53.68882],[-2.11096,53.68882],[-2.11096,53.68877],[-2.11088,53.68877],[-2.11088,53.68873],[-2.11065,53.68873],[-2.11065,53.68868],[-2.11058,53.68868],[-2.11058,53.68864],[-2.1105,53.68864],[-2.1105,53.68859],[-2.11035,53.6886],[-2.11035,53.68855],[-2.1102,53.68855],[-2.1102,53.68851],[-2.11012,53.68851],[-2.11012,53.68846],[-2.11005,53.68846],[-2.11005,53.68842],[-2.10997,53.68842],[-2.10997,53.68837],[-2.1099,53.68837],[-2.1099,53.68833],[-2.10982,53.68833],[-2.1098,53.68816],[-2.10973,53.68799],[-2.10949,53.68773],[-2.10935,53.68764],[-2.10914,53.68756],[-2.10898,53.68738],[-2.10891,53.68738],[-2.10891,53.68734],[-2.10868,53.68734],[-2.10868,53.68729],[-2.10861,53.68729],[-2.10861,53.68725],[-2.10868,53.68725],[-2.10868,53.6872],[-2.10792,53.6872],[-2.10792,53.68725],[-2.10785,53.68725],[-2.10785,53.68729],[-2.10777,53.68729],[-2.10777,53.68734],[-2.10739,53.68734],[-2.10739,53.68738],[-2.10679,53.68738],[-2.10679,53.68743],[-2.10671,53.68743],[-2.10671,53.68747],[-2.10482,53.68748],[-2.10482,53.68752],[-2.10467,53.68752],[-2.10467,53.68757],[-2.10459,53.68757],[-2.10459,53.68761],[-2.10452,53.68761],[-2.10452,53.68757],[-2.10437,53.68757],[-2.10437,53.68761],[-2.10406,53.68761],[-2.10406,53.68766],[-2.10391,53.68766],[-2.10391,53.6877],[-2.10376,53.6877],[-2.10376,53.68775],[-2.10369,53.68775],[-2.10369,53.68779],[-2.10331,53.68779],[-2.10331,53.68784],[-2.10308,53.68784],[-2.10308,53.68788],[-2.103,53.68788],[-2.103,53.68793],[-2.1027,53.68793],[-2.1027,53.68802],[-2.10232,53.68802],[-2.10232,53.68806],[-2.10195,53.68806],[-2.10195,53.68802],[-2.10164,53.68802],[-2.10164,53.68797],[-2.10149,53.68797],[-2.10149,53.68802],[-2.10142,53.68802],[-2.10142,53.68806],[-2.10134,53.68806],[-2.10134,53.68802],[-2.10096,53.68802],[-2.10096,53.68797],[-2.10072,53.68797],[-2.10046,53.68781],[-2.10031,53.6879],[-2.09984,53.68773],[-2.09931,53.68759],[-2.09916,53.68775],[-2.09966,53.68789],[-2.10014,53.68818],[-2.10028,53.68832],[-2.10055,53.68876],[-2.10062,53.68911],[-2.10106,53.6895],[-2.1013,53.68994],[-2.10159,53.69036],[-2.10194,53.69042],[-2.10171,53.69089],[-2.10127,53.69166]]]},"properties":{"fwdCode":"123FWF302","label":"Walsden Water and Ramsden Clough at Walsden","description":"Properties and mill buildings adjacent to Ramsden Clough in Walsden, including the cricket ground","river":"Walsden Water","county":"Calderdale","eaArea":"Yorkshire","type":"area","quickDial":"304014","eaId":"http://environment.data.gov.uk/flood-monitoring/id/floodAreas/123FWF302"}},{"type":"Feature","geometry":{"type":"MultiPolygon","coordinates":[[[[-1.90753,53.70912],[-1.90859,53.70904],[-1.90864,53.70912],[-1.91097,53.70861],[-1.91144,53.70848],[-1.91166,53.70853],[-1.91199,53.70877],[-1.9124,53.70872],[-1.91255,53.70874],[-1.91247,53.70904],[-1.91267,53.70914],[-1.91311,53.70923],[-1.91352,53.70944],[-1.91393,53.70974],[-1.91545,53.71071],[-1.91558,53.71067],[-1.91636,53.71111],[-1.91751,53.71153],[-1.9178,53.7116],[-1.91892,53.71193],[-1.92025,53.71234],[-1.92162,53.71243],[-1.9236,53.71253],[-1.92587,53.71255],[-1.92706,53.71254],[-1.92774,53.7125],[-1.92807,53.71249],[-1.92803,53.71197],[-1.92244,53.71189],[-1.92178,53.71206],[-1.91935,53.71127],[-1.91856,53.71108],[-1.91773,53.71089],[-1.91721,53.71076],[-1.91642,53.71048],[-1.91577,53.71017],[-1.91518,53.70988],[-1.91421,53.70916],[-1.9135,53.70869],[-1.91302,53.70848],[-1.91272,53.70833],[-1.91228,53.7082],[-1.91164,53.70822],[-1.91131,53.70827],[-1.91081,53.70825],[-1.91057,53.70827],[-1.90978,53.7085],[-1.90958,53.70855],[-1.90925,53.70867],[-1.90903,53.7087],[-1.90861,53.70879],[-1.90846,53.70883],[-1.90367,53.70914],[-1.9024,53.70932],[-1.90122,53.70947],[-1.89982,53.70954],[-1.89855,53.70955],[-1.89778,53.70963],[-1.89709,53.70973],[-1.89652,53.70991],[-1.8965,53.71029],[-1.89687,53.71035],[-1.89723,53.71032],[-1.89771,53.71035],[-1.89835,53.71041],[-1.89917,53.7104],[-1.90012,53.71034],[-1.90023,53.71034],[-1.90087,53.71028],[-1.90117,53.71024],[-1.90117,53.71028],[-1.90211,53.71015],[-1.90259,53.71019],[-1.90273,53.71043],[-1.90332,53.71034],[-1.90327,53.71021],[-1.90365,53.71013],[-1.90374,53.71004],[-1.90391,53.70995],[-1.9044,53.70972],[-1.90531,53.70951],[-1.90614,53.70934],[-1.90644,53.70939],[-1.90679,53.70956],[-1.90708,53.70949],[-1.90697,53.70936],[-1.90722,53.70932],[-1.90753,53.70912]]],[[[-1.91647,53.70311],[-1.91615,53.70316],[-1.9162,53.70338],[-1.91536,53.70346],[-1.91488,53.70364],[-1.91427,53.70363],[-1.91395,53.70374],[-1.91339,53.70414],[-1.91279,53.70426],[-1.91269,53.70478],[-1.91263,53.70562],[-1.91257,53.70567],[-1.91152,53.70618],[-1.91066,53.70625],[-1.91021,53.70624],[-1.90999,53.70632],[-1.90993,53.70638],[-1.90955,53.70643],[-1.90928,53.70653],[-1.9093,53.70665],[-1.90908,53.7067],[-1.9089,53.70685],[-1.90883,53.70704],[-1.90873,53.7074],[-1.90836,53.70741],[-1.90834,53.70746],[-1.90852,53.70757],[-1.90872,53.70755],[-1.90872,53.70761],[-1.91178,53.70774],[-1.91293,53.70781],[-1.91364,53.70749],[-1.91382,53.70717],[-1.9139,53.70684],[-1.91401,53.70655],[-1.91416,53.70633],[-1.9144,53.70616],[-1.9148,53.70583],[-1.91543,53.70533],[-1.91671,53.7043],[-1.91663,53.70387],[-1.91676,53.7035],[-1.91647,53.70311]]]]},"properties":{"fwdCode":"123FWF319","label":"River Calder and River Ryburn at Sowerby Bridge","description":"Sowerby Bridge including Holling Mill Lane and Wharf Street, Chapel Lane, Walker Lane, Water Street, West Street and Norland Road","river":"River Calder","county":"Calderdale","eaArea":"Yorkshire","type":"area","quickDial":"304028","eaId":"http://environment.data.gov.uk/flood-monitoring/id/floodAreas/123FWF319"}},{"type":"Feature","geometry":{"type":"Polygon","coordinates":[[[-2.01368,53.74285],[-2.01249,53.74248],[-2.01237,53.74255],[-2.01223,53.74249],[-2.01206,53.74273],[-2.01165,53.74303],[-2.01085,53.74361],[-2.01055,53.7439],[-2.01038,53.7441],[-2.01038,53.7443],[-2.01074,53.74459],[-2.01126,53.74487],[-2.01124,53.7449],[-2.01138,53.74497],[-2.01138,53.74503],[-2.0113,53.74506],[-2.01133,53.74513],[-2.01143,53.74516],[-2.01165,53.74516],[-2.01174,53.74512],[-2.01179,53.74502],[-2.01215,53.74518],[-2.01215,53.74523],[-2.01199,53.74538],[-2.01197,53.74542],[-2.01203,53.74545],[-2.01217,53.74545],[-2.01232,53.7453],[-2.01256,53.74525],[-2.01259,53.74529],[-2.01252,53.74539],[-2.01255,53.74541],[-2.01268,53.74543],[-2.01237,53.74577],[-2.01332,53.74608],[-2.0137,53.74616],[-2.01343,53.74638],[-2.01341,53.74662],[-2.01347,53.74669],[-2.01373,53.74684],[-2.01382,53.74694],[-2.01375,53.74704],[-2.01366,53.74709],[-2.01347,53.74735],[-2.01337,53.74742],[-2.01332,53.74754],[-2.01317,53.74764],[-2.01319,53.74778],[-2.01317,53.74793],[-2.01322,53.74807],[-2.01316,53.74825],[-2.01299,53.74859],[-2.01308,53.74897],[-2.01322,53.74911],[-2.01344,53.74925],[-2.01355,53.74949],[-2.01316,53.75026],[-2.01246,53.75113],[-2.01237,53.75112],[-2.01226,53.75136],[-2.01232,53.75137],[-2.01225,53.75147],[-2.01197,53.75195],[-2.01193,53.75219],[-2.01187,53.75219],[-2.01119,53.75269],[-2.01194,53.75322],[-2.01257,53.75275],[-2.01255,53.75247],[-2.01255,53.75174],[-2.01278,53.75138],[-2.01278,53.75134],[-2.01285,53.75134],[-2.01285,53.75125],[-2.01293,53.75125],[-2.01293,53.75105],[-2.01317,53.75094],[-2.01319,53.75088],[-2.01325,53.75089],[-2.01325,53.75068],[-2.01363,53.75075],[-2.01399,53.75076],[-2.01428,53.75048],[-2.01431,53.75021],[-2.01414,53.75016],[-2.01482,53.74975],[-2.01501,53.74952],[-2.01493,53.74934],[-2.01475,53.74922],[-2.01428,53.74909],[-2.01376,53.74901],[-2.01349,53.74888],[-2.0134,53.74873],[-2.01341,53.74851],[-2.01361,53.74807],[-2.0137,53.74802],[-2.01393,53.74798],[-2.01444,53.74798],[-2.01455,53.74788],[-2.01457,53.74764],[-2.01457,53.74727],[-2.01449,53.747],[-2.01455,53.74674],[-2.01455,53.74648],[-2.01446,53.74638],[-2.01443,53.74625],[-2.01443,53.74603],[-2.01431,53.74579],[-2.01419,53.74568],[-2.01414,53.74561],[-2.01405,53.74556],[-2.0139,53.7454],[-2.01384,53.74535],[-2.01362,53.74527],[-2.01349,53.74519],[-2.01328,53.74513],[-2.0132,53.74502],[-2.01314,53.74497],[-2.01296,53.74491],[-2.01274,53.74487],[-2.01273,53.74478],[-2.01253,53.74474],[-2.01243,53.74467],[-2.01214,53.74459],[-2.01211,53.74448],[-2.01217,53.74449],[-2.01224,53.74442],[-2.01217,53.74438],[-2.01223,53.74428],[-2.01256,53.74426],[-2.01306,53.74422],[-2.01355,53.74353],[-2.0134,53.74349],[-2.0134,53.74345],[-2.0139,53.74351],[-2.01397,53.74338],[-2.01412,53.74328],[-2.0142,53.74314],[-2.01418,53.74303],[-2.01411,53.74292],[-2.01402,53.74266],[-2.01397,53.74257],[-2.01384,53.74267],[-2.01368,53.74285]]]},"properties":{"fwdCode":"123FWF314","label":"Hebden Water at Hebden Bridge from Valley Road to Midgehole Road","description":"Hebden Bridge including Midgehole Road, Foster Mill Bridge, Victoria Road, Valley Road and Hangingroyd Lane","river":"Hebden Water","county":"Calderdale","eaArea":"Yorkshire","type":"area","quickDial":"304025","eaId":"http://environment.data.gov.uk/flood-monitoring/id/floodAreas/123FWF314"}},{"type":"Feature","geometry":{"type":"Polygon","coordinates":[[[-2.09824,53.71229],[-2.09858,53.71236],[-2.09875,53.71238],[-2.09875,53.71244],[-2.09929,53.71262],[-2.10021,53.7129],[-2.10049,53.71294],[-2.10076,53.71288],[-2.10121,53.71264],[-2.10161,53.71236],[-2.10214,53.71199],[-2.10248,53.71105],[-2.10252,53.71085],[-2.10309,53.71006],[-2.10326,53.71005],[-2.1033,53.70998],[-2.10381,53.70995],[-2.10428,53.70946],[-2.10423,53.70919],[-2.10439,53.70892],[-2.1045,53.70887],[-2.1044,53.70864],[-2.10428,53.70854],[-2.10445,53.70835],[-2.10446,53.70822],[-2.10498,53.70778],[-2.10521,53.70743],[-2.10557,53.70709],[-2.10588,53.7069],[-2.10618,53.70677],[-2.10648,53.70645],[-2.1069,53.70628],[-2.10707,53.70613],[-2.107,53.70607],[-2.10667,53.70616],[-2.10713,53.7052],[-2.10714,53.70521],[-2.10715,53.70506],[-2.10681,53.70491],[-2.10635,53.70474],[-2.10626,53.70487],[-2.10609,53.70519],[-2.10588,53.70562],[-2.10576,53.70582],[-2.10517,53.70625],[-2.10437,53.70653],[-2.1042,53.70644],[-2.10401,53.70665],[-2.10385,53.70666],[-2.10375,53.70677],[-2.10359,53.70682],[-2.10323,53.7072],[-2.10344,53.70733],[-2.10317,53.70765],[-2.10301,53.70795],[-2.10284,53.70792],[-2.10271,53.70819],[-2.10247,53.7085],[-2.1022,53.70883],[-2.10194,53.70916],[-2.10206,53.70921],[-2.10207,53.70933],[-2.10208,53.70948],[-2.1019,53.70954],[-2.10193,53.70961],[-2.10207,53.70977],[-2.10191,53.70983],[-2.10183,53.71012],[-2.10125,53.71001],[-2.10099,53.71028],[-2.10065,53.71068],[-2.10026,53.71111],[-2.10017,53.71131],[-2.09978,53.71138],[-2.0996,53.71155],[-2.09915,53.71172],[-2.09893,53.71167],[-2.09874,53.71169],[-2.09864,53.71177],[-2.09861,53.71197],[-2.09811,53.71219],[-2.09824,53.71229]]]},"properties":{"fwdCode":"123FWF305","label":"Walsden Water at Todmorden from Shade to Salford","description":"Shade to Salford including Rochdale Road, Lock Street, Shade Street, Cannon Street, Weir Street","river":"Walsden Water","county":"Calderdale","eaArea":"Yorkshire","type":"area","quickDial":"304017","eaId":"http://environment.data.gov.uk/flood-monitoring/id/floodAreas/123FWF305"}},{"type":"Feature","geometry":{"type":"Polygon","coordinates":[[[-2.01384,53.74267],[-2.01412,53.74245],[-2.01391,53.74226],[-2.01394,53.74207],[-2.0147,53.74173],[-2.01426,53.74152],[-2.01431,53.74141],[-2.01431,53.74135],[-2.01465,53.74122],[-2.01491,53.74107],[-2.01532,53.7408],[-2.0154,53.74069],[-2.01534,53.74061],[-2.01517,53.74054],[-2.01477,53.74026],[-2.01432,53.74025],[-2.014,53.74026],[-2.01282,53.74022],[-2.01168,53.74018],[-2.01079,53.74013],[-2.00944,53.73978],[-2.00904,53.73884],[-2.00921,53.73866],[-2.00886,53.73854],[-2.00826,53.73816],[-2.00774,53.73798],[-2.00706,53.73773],[-2.00645,53.73814],[-2.00683,53.7383],[-2.00756,53.73872],[-2.00866,53.73946],[-2.00897,53.73974],[-2.00886,53.73981],[-2.00909,53.73995],[-2.00898,53.74002],[-2.00941,53.7403],[-2.00965,53.74034],[-2.00991,53.74034],[-2.01011,53.74031],[-2.01032,53.74065],[-2.01042,53.74091],[-2.01058,53.74112],[-2.01079,53.74129],[-2.01117,53.74152],[-2.01146,53.74177],[-2.01165,53.74193],[-2.01171,53.74218],[-2.0117,53.74243],[-2.0117,53.74269],[-2.01171,53.74283],[-2.0117,53.743],[-2.01177,53.7429],[-2.01202,53.74271],[-2.01208,53.74257],[-2.01223,53.74246],[-2.01237,53.74252],[-2.0125,53.74246],[-2.01368,53.74285],[-2.01384,53.74267]]]},"properties":{"fwdCode":"123FWF312","label":"River Calder and Hebden Water at Hebden Bridge","description":"Central Hebden Bridge including New Road, Commercial Street, Holme Street, Crown Street, Hope Street, Albert Street, Royd Terrace, Hangingroyd Lane and Old Gate","river":"River Calder","county":"Calderdale","eaArea":"Yorkshire","type":"area","quickDial":"304023","eaId":"http://environment.data.gov.uk/flood-monitoring/id/floodAreas/123FWF312"}},{"type":"Feature","geometry":{"type":"Polygon","coordinates":[[[-2.09905,53.71715],[-2.09774,53.71644],[-2.09745,53.71622],[-2.09724,53.71583],[-2.09692,53.71505],[-2.09666,53.71513],[-2.09631,53.71522],[-2.096,53.71554],[-2.09506,53.71593],[-2.09447,53.71605],[-2.09409,53.71631],[-2.09376,53.71703],[-2.09429,53.71722],[-2.09465,53.71737],[-2.09483,53.71751],[-2.09511,53.7177],[-2.09553,53.71792],[-2.09588,53.71783],[-2.09606,53.71783],[-2.09705,53.71824],[-2.09752,53.71849],[-2.09835,53.71829],[-2.09852,53.71834],[-2.09861,53.71846],[-2.09888,53.71861],[-2.09885,53.7187],[-2.09913,53.71878],[-2.09917,53.71872],[-2.09961,53.71881],[-2.0996,53.71889],[-2.09978,53.71895],[-2.1,53.71897],[-2.10029,53.71901],[-2.10032,53.71879],[-2.10056,53.71879],[-2.10154,53.71889],[-2.1019,53.71902],[-2.10202,53.71914],[-2.10245,53.71933],[-2.10284,53.71952],[-2.10317,53.71954],[-2.10413,53.71975],[-2.1044,53.71956],[-2.10384,53.71936],[-2.10188,53.7186],[-2.10109,53.71828],[-2.10071,53.71815],[-2.09976,53.7176],[-2.09905,53.71715]]]},"properties":{"fwdCode":"123FWF370","label":"River Calder at Todmorden - Patmos Burnley Road","description":"Todmorden from Harehills Street to Todmorden Bus Station including all properties north of Burnley Road","river":"River Calder","county":"Calderdale","eaArea":"Yorkshire","type":"area","quickDial":"304064","eaId":"http://environment.data.gov.uk/flood-monitoring/id/floodAreas/123FWF370"}},{"type":"Feature","geometry":{"type":"Polygon","coordinates":[[[-1.91647,53.70311],[-1.91676,53.7035],[-1.91691,53.70345],[-1.91776,53.70341],[-1.91847,53.70299],[-1.9197,53.70249],[-1.92147,53.70196],[-1.9223,53.70158],[-1.92305,53.70143],[-1.92397,53.70108],[-1.925,53.70027],[-1.92588,53.69996],[-1.92806,53.69942],[-1.92915,53.69919],[-1.93032,53.69879],[-1.9319,53.69806],[-1.933,53.69747],[-1.9341,53.69649],[-1.93399,53.69578],[-1.93385,53.69566],[-1.93382,53.69549],[-1.93396,53.69541],[-1.9337,53.69526],[-1.93387,53.69501],[-1.93357,53.69394],[-1.9336,53.69309],[-1.93357,53.6927],[-1.93304,53.69207],[-1.93351,53.69185],[-1.93389,53.69139],[-1.93398,53.69047],[-1.93347,53.69019],[-1.93392,53.68997],[-1.93373,53.68968],[-1.93429,53.6894],[-1.93483,53.68874],[-1.93549,53.68877],[-1.93626,53.68911],[-1.93714,53.68871],[-1.93854,53.68849],[-1.94057,53.68861],[-1.94233,53.68829],[-1.94469,53.68829],[-1.94568,53.68811],[-1.94642,53.68766],[-1.94783,53.6872],[-1.94886,53.68729],[-1.95064,53.68773],[-1.95089,53.68782],[-1.95149,53.68782],[-1.95202,53.68802],[-1.95234,53.68799],[-1.95202,53.68773],[-1.95086,53.6876],[-1.94933,53.68713],[-1.94927,53.68675],[-1.95051,53.68603],[-1.95203,53.68477],[-1.95283,53.68403],[-1.95442,53.68332],[-1.95477,53.68291],[-1.95586,53.68221],[-1.9573,53.68144],[-1.9591,53.68085],[-1.95868,53.68075],[-1.9564,53.68165],[-1.95484,53.68259],[-1.95394,53.68326],[-1.95257,53.6838],[-1.95168,53.68452],[-1.9505,53.68569],[-1.94965,53.68624],[-1.9488,53.68666],[-1.94631,53.68746],[-1.94471,53.68805],[-1.94339,53.68817],[-1.94253,53.68807],[-1.94088,53.68833],[-1.93944,53.68836],[-1.93785,53.68823],[-1.93685,53.68846],[-1.93626,53.68852],[-1.9357,53.68854],[-1.93477,53.68832],[-1.93473,53.68786],[-1.93469,53.68704],[-1.93443,53.6866],[-1.93461,53.68603],[-1.93452,53.68574],[-1.93416,53.68536],[-1.93416,53.68509],[-1.93378,53.68469],[-1.93369,53.68423],[-1.93315,53.68373],[-1.93336,53.68322],[-1.93325,53.68302],[-1.93303,53.68288],[-1.93285,53.68256],[-1.93309,53.68221],[-1.9333,53.68187],[-1.933,53.68159],[-1.93314,53.68115],[-1.93398,53.68069],[-1.93433,53.68028],[-1.93495,53.68017],[-1.93561,53.67988],[-1.93579,53.67932],[-1.93599,53.6786],[-1.93624,53.67825],[-1.93665,53.6782],[-1.93683,53.67775],[-1.93682,53.67749],[-1.93693,53.67679],[-1.93709,53.67617],[-1.93782,53.67561],[-1.93861,53.67526],[-1.93967,53.67478],[-1.94012,53.6748],[-1.94034,53.67456],[-1.94052,53.67443],[-1.94091,53.67424],[-1.94156,53.67377],[-1.94191,53.67357],[-1.94231,53.67318],[-1.94262,53.67275],[-1.94305,53.67232],[-1.94355,53.67222],[-1.94423,53.6719],[-1.94447,53.67163],[-1.94506,53.67125],[-1.94581,53.67059],[-1.94612,53.67003],[-1.9465,53.66961],[-1.94659,53.6693],[-1.94682,53.66894],[-1.94717,53.66836],[-1.94766,53.66795],[-1.94772,53.66764],[-1.94785,53.66734],[-1.94808,53.66713],[-1.94829,53.66656],[-1.94845,53.66611],[-1.94878,53.66586],[-1.94941,53.66561],[-1.95037,53.66543],[-1.95105,53.66524],[-1.95162,53.66498],[-1.9527,53.66465],[-1.95367,53.66426],[-1.95439,53.66425],[-1.95515,53.66441],[-1.95585,53.66442],[-1.95615,53.66416],[-1.95663,53.66403],[-1.95721,53.6642],[-1.95812,53.66442],[-1.95875,53.66443],[-1.95971,53.66434],[-1.96054,53.66449],[-1.96136,53.66454],[-1.96172,53.66463],[-1.96205,53.66442],[-1.96237,53.66442],[-1.96242,53.66456],[-1.96347,53.66441],[-1.96462,53.66446],[-1.96517,53.66509],[-1.96559,53.66385],[-1.96431,53.66421],[-1.96301,53.66407],[-1.96198,53.66423],[-1.96107,53.66435],[-1.95948,53.66403],[-1.95836,53.66404],[-1.95779,53.66385],[-1.95647,53.66362],[-1.95571,53.66378],[-1.95545,53.66403],[-1.95423,53.66384],[-1.95365,53.66387],[-1.95306,53.66398],[-1.95187,53.66433],[-1.95117,53.66471],[-1.95064,53.66514],[-1.94934,53.6654],[-1.94842,53.66549],[-1.94834,53.66494],[-1.94819,53.66475],[-1.9484,53.6643],[-1.94842,53.66385],[-1.94815,53.66328],[-1.94819,53.66245],[-1.94809,53.66214],[-1.94778,53.66178],[-1.94775,53.66127],[-1.9472,53.66095],[-1.9467,53.66089],[-1.94683,53.6605],[-1.94683,53.65973],[-1.94765,53.65927],[-1.94765,53.65891],[-1.94631,53.65871],[-1.94655,53.65845],[-1.94703,53.65833],[-1.94743,53.65798],[-1.9475,53.65748],[-1.94835,53.65692],[-1.94832,53.65641],[-1.94755,53.6555],[-1.94613,53.65505],[-1.94518,53.6545],[-1.94403,53.65326],[-1.94323,53.65205],[-1.94291,53.65115],[-1.943,53.6506],[-1.94427,53.64961],[-1.94467,53.6491],[-1.94576,53.64884],[-1.94753,53.64859],[-1.94791,53.64797],[-1.94889,53.64742],[-1.9503,53.64672],[-1.95075,53.6464],[-1.95234,53.64552],[-1.95274,53.64557],[-1.95308,53.64558],[-1.95408,53.64548],[-1.9547,53.64529],[-1.9557,53.64529],[-1.95322,53.64321],[-1.95277,53.64362],[-1.95327,53.64447],[-1.95177,53.64545],[-1.95022,53.64648],[-1.94742,53.6479],[-1.94706,53.64834],[-1.9447,53.64876],[-1.94421,53.649],[-1.94255,53.65061],[-1.94252,53.65128],[-1.94294,53.65225],[-1.94406,53.65382],[-1.94539,53.65512],[-1.9472,53.65563],[-1.94756,53.65612],[-1.9475,53.65675],[-1.9464,53.6578],[-1.94567,53.65878],[-1.9455,53.65977],[-1.94618,53.66113],[-1.94654,53.66122],[-1.94682,53.66122],[-1.94783,53.66233],[-1.94768,53.66348],[-1.94802,53.66574],[-1.9481,53.66614],[-1.94746,53.66731],[-1.94644,53.66866],[-1.94629,53.66917],[-1.94608,53.6692],[-1.94591,53.66962],[-1.94472,53.67086],[-1.94382,53.67153],[-1.94287,53.67189],[-1.94176,53.67216],[-1.94064,53.67286],[-1.94026,53.67317],[-1.93979,53.6734],[-1.93967,53.67385],[-1.9396,53.67418],[-1.93901,53.67393],[-1.93861,53.67396],[-1.93854,53.67409],[-1.93867,53.67418],[-1.93854,53.67448],[-1.93829,53.67478],[-1.93766,53.67495],[-1.93691,53.67531],[-1.93643,53.67589],[-1.9364,53.67651],[-1.93587,53.67697],[-1.93519,53.67732],[-1.93462,53.6783],[-1.93491,53.67924],[-1.93479,53.6799],[-1.93415,53.6801],[-1.93321,53.68025],[-1.93277,53.68099],[-1.93241,53.68151],[-1.93224,53.68264],[-1.93204,53.68287],[-1.93263,53.68465],[-1.93384,53.68605],[-1.93437,53.68773],[-1.93376,53.6882],[-1.93238,53.68886],[-1.93233,53.69135],[-1.93269,53.69262],[-1.93303,53.69365],[-1.93269,53.69459],[-1.93292,53.69564],[-1.93302,53.69594],[-1.93285,53.6961],[-1.93285,53.69677],[-1.93302,53.69701],[-1.93191,53.69762],[-1.93031,53.69825],[-1.92823,53.69873],[-1.92541,53.69947],[-1.92515,53.69972],[-1.92337,53.70058],[-1.92276,53.70104],[-1.92143,53.7013],[-1.9207,53.70163],[-1.92012,53.70187],[-1.91914,53.70237],[-1.91792,53.70269],[-1.91756,53.70318],[-1.91647,53.70311]]]},"properties":{"fwdCode":"123FWF735","label":"River Ryburn at Ripponden","description":"Ripponden, including Ripponden Wood and Triangle","river":"River Ryburn","county":"Calderdale","eaArea":"Yorkshire","type":"area","quickDial":"304209","eaId":"http://environment.data.gov.uk/flood-monitoring/id/floodAreas/123FWF735"}},{"type":"Feature","geometry":{"type":"Polygon","coordinates":[[[-1.89469,53.67803],[-1.89528,53.67842],[-1.89614,53.678],[-1.89643,53.67812],[-1.89699,53.67787],[-1.8972,53.67793],[-1.8976,53.67774],[-1.89725,53.67737],[-1.89748,53.67737],[-1.89823,53.67723],[-1.89914,53.67701],[-1.8996,53.67678],[-1.9002,53.67643],[-1.90064,53.67624],[-1.90073,53.67598],[-1.90127,53.67526],[-1.90172,53.67458],[-1.90263,53.67411],[-1.9026,53.67377],[-1.90233,53.67369],[-1.9021,53.67297],[-1.90157,53.67247],[-1.90097,53.67202],[-1.90037,53.67166],[-1.89931,53.67112],[-1.89863,53.67094],[-1.89825,53.67067],[-1.8978,53.67022],[-1.89749,53.66986],[-1.89739,53.66954],[-1.89747,53.669],[-1.89727,53.66859],[-1.89727,53.66838],[-1.8973,53.66792],[-1.8973,53.66763],[-1.8972,53.66735],[-1.8972,53.66726],[-1.89742,53.66721],[-1.89758,53.6669],[-1.89788,53.66681],[-1.89826,53.66658],[-1.89864,53.66631],[-1.89909,53.66613],[-1.89962,53.66595],[-1.90015,53.66582],[-1.90061,53.6656],[-1.90085,53.66542],[-1.90099,53.66528],[-1.90136,53.66497],[-1.90167,53.66474],[-1.9022,53.66434],[-1.90227,53.66411],[-1.90258,53.66411],[-1.90273,53.66384],[-1.90303,53.66362],[-1.90303,53.66344],[-1.90356,53.66313],[-1.90371,53.66299],[-1.90394,53.66281],[-1.90425,53.66268],[-1.90485,53.6625],[-1.90523,53.66209],[-1.90565,53.66173],[-1.90575,53.66151],[-1.90576,53.66115],[-1.90591,53.66107],[-1.90593,53.66094],[-1.90569,53.66081],[-1.90569,53.66066],[-1.90561,53.66008],[-1.90554,53.65985],[-1.90531,53.65949],[-1.90516,53.65931],[-1.90516,53.65886],[-1.90524,53.65868],[-1.90577,53.65805],[-1.90607,53.65783],[-1.90645,53.6576],[-1.90698,53.65733],[-1.90744,53.65711],[-1.90789,53.65695],[-1.90819,53.65666],[-1.90856,53.65649],[-1.9088,53.65634],[-1.90898,53.65634],[-1.9094,53.65621],[-1.90986,53.65608],[-1.91031,53.65581],[-1.91092,53.6554],[-1.91107,53.65536],[-1.91122,53.65518],[-1.91077,53.65504],[-1.91047,53.65509],[-1.9103,53.65534],[-1.90998,53.65553],[-1.91009,53.65567],[-1.90978,53.65581],[-1.90903,53.65603],[-1.90812,53.65648],[-1.90766,53.65679],[-1.90728,53.65702],[-1.9066,53.65729],[-1.90585,53.65774],[-1.90531,53.65818],[-1.90516,53.65827],[-1.90494,53.65854],[-1.90471,53.65886],[-1.90471,53.65908],[-1.90478,53.65949],[-1.90516,53.65985],[-1.90531,53.6603],[-1.90531,53.66088],[-1.90516,53.66106],[-1.90501,53.66119],[-1.905,53.66137],[-1.90513,53.66144],[-1.90503,53.66161],[-1.90516,53.66169],[-1.90485,53.66196],[-1.90462,53.66209],[-1.90432,53.66214],[-1.90372,53.6625],[-1.90341,53.66272],[-1.90303,53.66299],[-1.9025,53.66326],[-1.90235,53.66336],[-1.90235,53.66344],[-1.90212,53.66375],[-1.90182,53.66398],[-1.90152,53.66429],[-1.90121,53.66465],[-1.90084,53.66492],[-1.90023,53.66528],[-1.89917,53.66582],[-1.89871,53.66604],[-1.89849,53.66622],[-1.89833,53.66622],[-1.89796,53.66645],[-1.89758,53.66663],[-1.89697,53.6669],[-1.89658,53.66718],[-1.89612,53.66722],[-1.89621,53.66763],[-1.89629,53.66784],[-1.89648,53.66802],[-1.89651,53.66833],[-1.89645,53.66861],[-1.89621,53.66865],[-1.89622,53.66893],[-1.89681,53.66928],[-1.89681,53.66973],[-1.89696,53.67013],[-1.89734,53.67058],[-1.89787,53.67094],[-1.89923,53.67153],[-1.89984,53.67175],[-1.90059,53.67229],[-1.90089,53.67279],[-1.90119,53.67382],[-1.90128,53.67406],[-1.90149,53.67436],[-1.90134,53.67454],[-1.9008,53.67505],[-1.90048,53.67536],[-1.9003,53.67576],[-1.90029,53.67595],[-1.90019,53.67609],[-1.9001,53.67626],[-1.8999,53.67638],[-1.89914,53.67665],[-1.89831,53.67683],[-1.89734,53.67692],[-1.89664,53.67696],[-1.89639,53.67693],[-1.89608,53.67695],[-1.89583,53.67717],[-1.89566,53.67728],[-1.8952,53.67768],[-1.89469,53.67803]]]},"properties":{"fwdCode":"123FWF043","label":"Communities along Black Brook from Bowers Mill to Berry Mill Lane","description":"Properties surrounding Bowers Mill and along Beestonley Lane, Dog Lane, Firth House Meadows, Steele Lane and Berry Mill Lane","river":"Black Brook","county":"Calderdale","eaArea":"Yorkshire","type":"area","quickDial":"304255","eaId":"http://environment.data.gov.uk/flood-monitoring/id/floodAreas/123FWF043"}},{"type":"Feature","geometry":{"type":"Polygon","coordinates":[[[-1.79004,53.70223],[-1.78983,53.70256],[-1.79035,53.70297],[-1.79088,53.70331],[-1.79133,53.70383],[-1.79178,53.7042],[-1.79217,53.70439],[-1.79289,53.70478],[-1.79302,53.70498],[-1.79334,53.70508],[-1.79365,53.70545],[-1.79407,53.70587],[-1.79413,53.70593],[-1.79414,53.70595],[-1.79437,53.70618],[-1.79443,53.7065],[-1.79476,53.70663],[-1.79488,53.70689],[-1.7952,53.707],[-1.79549,53.7071],[-1.79569,53.70736],[-1.79661,53.70797],[-1.79702,53.70822],[-1.79747,53.70842],[-1.79794,53.7087],[-1.79865,53.70897],[-1.7991,53.70834],[-1.7986,53.70794],[-1.79829,53.70756],[-1.79708,53.70728],[-1.79669,53.70697],[-1.79655,53.70691],[-1.79671,53.70679],[-1.79625,53.70636],[-1.79583,53.70627],[-1.79584,53.70614],[-1.79609,53.70595],[-1.79589,53.70567],[-1.79554,53.70555],[-1.79559,53.70538],[-1.79512,53.70491],[-1.79521,53.70432],[-1.79534,53.70398],[-1.79579,53.70371],[-1.79629,53.70363],[-1.79697,53.70331],[-1.79752,53.70301],[-1.79878,53.70267],[-1.79936,53.70246],[-1.79978,53.70216],[-1.80028,53.70186],[-1.80063,53.70172],[-1.80103,53.70206],[-1.80168,53.70187],[-1.80134,53.70161],[-1.80153,53.70152],[-1.80212,53.70142],[-1.80262,53.70135],[-1.80332,53.70131],[-1.8044,53.70113],[-1.805,53.70086],[-1.80524,53.70061],[-1.80525,53.70044],[-1.80647,53.70014],[-1.80672,53.69984],[-1.80784,53.69956],[-1.8083,53.69929],[-1.80924,53.69906],[-1.8104,53.69879],[-1.81065,53.69825],[-1.81121,53.6979],[-1.81142,53.69759],[-1.81387,53.6974],[-1.8138,53.69689],[-1.8143,53.69574],[-1.81424,53.69394],[-1.8128,53.69414],[-1.81329,53.69516],[-1.81363,53.69578],[-1.81293,53.69628],[-1.81223,53.69651],[-1.81153,53.69651],[-1.81069,53.69674],[-1.80995,53.69636],[-1.80933,53.69609],[-1.80877,53.69594],[-1.80772,53.69586],[-1.80747,53.69542],[-1.80926,53.69449],[-1.80888,53.6943],[-1.80849,53.69453],[-1.808,53.6949],[-1.80723,53.69501],[-1.80618,53.69542],[-1.80548,53.69594],[-1.80439,53.69631],[-1.80337,53.69683],[-1.80176,53.69776],[-1.80011,53.69884],[-1.79867,53.69991],[-1.79712,53.70064],[-1.79583,53.70099],[-1.79429,53.70101],[-1.79418,53.70074],[-1.79331,53.70072],[-1.79236,53.70065],[-1.79159,53.70046],[-1.79065,53.70017],[-1.78935,53.70004],[-1.78834,53.69981],[-1.78788,53.70002],[-1.78886,53.70106],[-1.78945,53.70164],[-1.79004,53.70223]]]},"properties":{"fwdCode":"123FWF324","label":"River Calder at Brighouse - Brookfoot Business Park","description":"Brookfoot area including Grove Terrace, Grove Cottages and Brookfoot Business Park","river":"River Calder","county":"Calderdale","eaArea":"Yorkshire","type":"area","quickDial":"304031","eaId":"http://environment.data.gov.uk/flood-monitoring/id/floodAreas/123FWF324"}},{"type":"Feature","geometry":{"type":"MultiPolygon","coordinates":[[[[-1.85397,53.69276],[-1.85379,53.69266],[-1.85383,53.69261],[-1.85232,53.68954],[-1.85246,53.68921],[-1.85246,53.689],[-1.85256,53.68761],[-1.85257,53.68742],[-1.85172,53.68691],[-1.85091,53.68666],[-1.84987,53.68649],[-1.84986,53.68697],[-1.84982,53.68707],[-1.84955,53.68736],[-1.84951,53.68746],[-1.84934,53.6877],[-1.84903,53.68794],[-1.84932,53.68856],[-1.84952,53.68864],[-1.84953,53.68888],[-1.84969,53.68929],[-1.84978,53.68956],[-1.84985,53.69],[-1.85001,53.69054],[-1.8503,53.69091],[-1.85044,53.69123],[-1.85068,53.69155],[-1.85108,53.69211],[-1.8511,53.69212],[-1.85132,53.69275],[-1.85173,53.69358],[-1.85207,53.69371],[-1.85366,53.6939],[-1.85475,53.69395],[-1.85505,53.6941],[-1.85561,53.69461],[-1.85638,53.69561],[-1.85728,53.69642],[-1.85776,53.69654],[-1.8586,53.69631],[-1.85782,53.69533],[-1.85699,53.69433],[-1.85656,53.69407],[-1.85458,53.69339],[-1.85397,53.69276]]],[[[-1.83558,53.6924],[-1.83391,53.69359],[-1.8335,53.6935],[-1.83192,53.69451],[-1.83117,53.69494],[-1.83075,53.69516],[-1.83108,53.69531],[-1.83118,53.69536],[-1.8314,53.6952],[-1.83164,53.69533],[-1.83201,53.69511],[-1.83249,53.69542],[-1.83439,53.69426],[-1.8348,53.69402],[-1.83527,53.69413],[-1.83681,53.69295],[-1.8367,53.69279],[-1.83682,53.6921],[-1.83686,53.69205],[-1.83676,53.69187],[-1.83652,53.69214],[-1.83654,53.69239],[-1.83629,53.69235],[-1.8355,53.69192],[-1.83558,53.6924]]]]},"properties":{"fwdCode":"123FWF322","label":"River Calder at Elland - North Dean Business Park to Park Road","description":"Elland including North Dean Business Park, the sports ground and Park Road","river":"River Calder","county":"Calderdale","eaArea":"Yorkshire","type":"area","quickDial":"304029","eaId":"http://environment.data.gov.uk/flood-monitoring/id/floodAreas/123FWF322"}},{"type":"Feature","geometry":{"type":"Polygon","coordinates":[[[-1.79585,53.70157],[-1.79446,53.70181],[-1.79353,53.70236],[-1.79352,53.70264],[-1.79365,53.70278],[-1.79356,53.70322],[-1.79357,53.70344],[-1.79393,53.7036],[-1.79434,53.7033],[-1.79522,53.70268],[-1.7955,53.70247],[-1.79605,53.70212],[-1.79626,53.70197],[-1.79673,53.70169],[-1.79687,53.7016],[-1.79705,53.70154],[-1.79734,53.70157],[-1.79773,53.70141],[-1.79721,53.70126],[-1.7968,53.70137],[-1.79608,53.70155],[-1.79585,53.70157]]]},"properties":{"fwdCode":"123FWF325","label":"River Calder at Brighouse - Brookfoot Mills","description":"Brighouse at Brookfoot Mills","river":"River Calder","county":"Calderdale","eaArea":"Yorkshire","type":"area","quickDial":"304032","eaId":"http://environment.data.gov.uk/flood-monitoring/id/floodAreas/123FWF325"}},{"type":"Feature","geometry":{"type":"Polygon","coordinates":[[[-1.81606,53.69755],[-1.81651,53.69757],[-1.8171,53.6977],[-1.81779,53.69773],[-1.8184,53.69782],[-1.81913,53.69787],[-1.81931,53.69788],[-1.82014,53.69781],[-1.82067,53.69781],[-1.82122,53.69767],[-1.82165,53.69761],[-1.82191,53.69762],[-1.82228,53.69746],[-1.82252,53.69729],[-1.82303,53.69714],[-1.82372,53.69709],[-1.82461,53.69716],[-1.82563,53.69722],[-1.82691,53.69701],[-1.82815,53.69671],[-1.82945,53.6964],[-1.82985,53.69593],[-1.83052,53.69555],[-1.83062,53.69521],[-1.83052,53.69514],[-1.83283,53.69373],[-1.83298,53.69357],[-1.83476,53.69247],[-1.83527,53.69209],[-1.8355,53.69192],[-1.83629,53.69235],[-1.83654,53.69239],[-1.83652,53.69214],[-1.83676,53.69187],[-1.83661,53.69179],[-1.8369,53.69162],[-1.83747,53.69111],[-1.83757,53.69089],[-1.83812,53.69026],[-1.83878,53.68983],[-1.83891,53.68976],[-1.83903,53.68974],[-1.83922,53.68971],[-1.83963,53.68944],[-1.84075,53.68894],[-1.84168,53.68855],[-1.84265,53.68824],[-1.84351,53.68797],[-1.84486,53.68779],[-1.84547,53.68783],[-1.84605,53.68792],[-1.84643,53.68798],[-1.8465,53.68783],[-1.84695,53.6879],[-1.84759,53.68818],[-1.84796,53.68841],[-1.84895,53.68794],[-1.84942,53.68743],[-1.84976,53.68703],[-1.84987,53.68641],[-1.84967,53.68617],[-1.84922,53.68589],[-1.84851,53.6857],[-1.84765,53.68568],[-1.8472,53.6857],[-1.84743,53.6855],[-1.8471,53.68543],[-1.84567,53.68545],[-1.84492,53.68559],[-1.84408,53.68587],[-1.84334,53.68622],[-1.84233,53.68649],[-1.84133,53.68695],[-1.8405,53.68731],[-1.83976,53.68769],[-1.8398,53.68771],[-1.83942,53.68783],[-1.83922,53.68805],[-1.83885,53.68817],[-1.83849,53.68851],[-1.83827,53.6887],[-1.83803,53.68865],[-1.83796,53.68872],[-1.838,53.68892],[-1.83761,53.68919],[-1.83704,53.68942],[-1.83651,53.68941],[-1.83628,53.68927],[-1.83657,53.68912],[-1.83609,53.68921],[-1.83553,53.68927],[-1.83546,53.68922],[-1.83625,53.68877],[-1.83567,53.68787],[-1.83485,53.68796],[-1.83485,53.68814],[-1.8344,53.68822],[-1.83408,53.68879],[-1.83371,53.68894],[-1.83311,53.68907],[-1.83289,53.68914],[-1.83321,53.68924],[-1.8331,53.6893],[-1.83426,53.68968],[-1.8341,53.68976],[-1.83359,53.68997],[-1.83288,53.68987],[-1.83235,53.68972],[-1.83184,53.68953],[-1.83158,53.68935],[-1.83122,53.68916],[-1.83132,53.68883],[-1.83082,53.68882],[-1.83054,53.68893],[-1.83012,53.68886],[-1.82989,53.68879],[-1.82965,53.68884],[-1.82998,53.68916],[-1.82963,53.68942],[-1.82921,53.68964],[-1.82883,53.68966],[-1.82894,53.68976],[-1.82939,53.68979],[-1.82944,53.69037],[-1.82766,53.69044],[-1.82596,53.69057],[-1.82456,53.69078],[-1.82325,53.69119],[-1.82159,53.69165],[-1.82161,53.6917],[-1.82081,53.69172],[-1.81975,53.692],[-1.81894,53.69245],[-1.81817,53.69275],[-1.81786,53.69247],[-1.81754,53.69229],[-1.81691,53.69213],[-1.81603,53.69221],[-1.81532,53.69234],[-1.81478,53.69245],[-1.81429,53.69261],[-1.81392,53.69265],[-1.81321,53.69304],[-1.81279,53.69341],[-1.81265,53.69383],[-1.81281,53.69411],[-1.81425,53.69382],[-1.81379,53.69357],[-1.81399,53.69319],[-1.8147,53.69301],[-1.81533,53.69297],[-1.81624,53.69332],[-1.81685,53.69381],[-1.81722,53.69422],[-1.81745,53.69471],[-1.81763,53.69514],[-1.81792,53.69563],[-1.81841,53.69602],[-1.81894,53.69623],[-1.81896,53.69672],[-1.81906,53.69697],[-1.81683,53.69698],[-1.81573,53.69713],[-1.81533,53.69703],[-1.81495,53.6959],[-1.81434,53.69592],[-1.81388,53.69687],[-1.81415,53.69745],[-1.81537,53.69745],[-1.81606,53.69755]]]},"properties":{"fwdCode":"123FWF323","label":"River Calder at Elland - Saddleworth Road to Lowfields Business Park","description":"Elland including Saddleworth Road, Halifax Road, Elland Bridge and Century Road, Premier Way, Lacy Way, Lowfields Way and Riverbank Way at Low Fields Business Park","river":"River Calder","county":"Calderdale","eaArea":"Yorkshire","type":"area","quickDial":"304030","eaId":"http://environment.data.gov.uk/flood-monitoring/id/floodAreas/123FWF323"}},{"type":"Feature","geometry":{"type":"MultiPolygon","coordinates":[[[[-1.86629,53.69697],[-1.86549,53.69719],[-1.86426,53.69749],[-1.86297,53.69753],[-1.86244,53.69747],[-1.86186,53.69704],[-1.86111,53.69669],[-1.86058,53.6965],[-1.85993,53.6965],[-1.85982,53.69664],[-1.85971,53.6966],[-1.85968,53.6966],[-1.85965,53.6966],[-1.85962,53.6966],[-1.85959,53.6966],[-1.85956,53.6966],[-1.85953,53.6966],[-1.8595,53.6966],[-1.85947,53.6966],[-1.85944,53.6966],[-1.85941,53.6966],[-1.85938,53.6966],[-1.85934,53.6966],[-1.85931,53.6966],[-1.85928,53.6966],[-1.85925,53.6966],[-1.85922,53.6966],[-1.85919,53.6966],[-1.85916,53.6966],[-1.85913,53.6966],[-1.8591,53.6966],[-1.85907,53.6966],[-1.85905,53.6966],[-1.85903,53.69661],[-1.85902,53.69661],[-1.85899,53.69662],[-1.85895,53.69685],[-1.85866,53.6982],[-1.86228,53.69864],[-1.86378,53.69867],[-1.86534,53.6986],[-1.86528,53.69898],[-1.86577,53.69902],[-1.86576,53.69917],[-1.86572,53.69931],[-1.86577,53.69932],[-1.86647,53.69937],[-1.86665,53.69913],[-1.86668,53.69909],[-1.86669,53.69891],[-1.86684,53.69853],[-1.86879,53.69844],[-1.86848,53.69792],[-1.86821,53.6979],[-1.86821,53.69784],[-1.86801,53.69772],[-1.86683,53.69735],[-1.86629,53.69697]]],[[[-1.87713,53.70036],[-1.87708,53.69994],[-1.87705,53.69977],[-1.87741,53.69915],[-1.87752,53.69902],[-1.87752,53.69882],[-1.87738,53.69871],[-1.87706,53.69863],[-1.87682,53.69854],[-1.87663,53.69839],[-1.87609,53.69822],[-1.87545,53.69811],[-1.87468,53.69797],[-1.87462,53.69796],[-1.87472,53.69756],[-1.87397,53.69707],[-1.87297,53.69704],[-1.8725,53.69712],[-1.8726,53.69827],[-1.87199,53.69865],[-1.87433,53.69942],[-1.87706,53.70038],[-1.87713,53.70036]]],[[[-1.87262,53.69984],[-1.87275,53.69993],[-1.87335,53.70044],[-1.87398,53.70093],[-1.87422,53.70101],[-1.87541,53.70112],[-1.87577,53.7007],[-1.87447,53.70036],[-1.87488,53.6999],[-1.87239,53.69911],[-1.87136,53.69873],[-1.87091,53.69879],[-1.87117,53.69892],[-1.87045,53.69961],[-1.87165,53.70006],[-1.87192,53.70019],[-1.87199,53.70021],[-1.87239,53.69991],[-1.87262,53.69984]]]]},"properties":{"fwdCode":"123FWF321","label":"River Calder at Copley","description":"Copley Village including the Cricket Ground, Copley Drive, Copley Lane, Lydbrook Park, Railway Terrace and the Sewage Treatment Works","river":"River Calder","county":"Calderdale","eaArea":"Yorkshire","type":"area","quickDial":"137308","eaId":"http://environment.data.gov.uk/flood-monitoring/id/floodAreas/123FWF321"}},{"type":"Feature","geometry":{"type":"MultiPolygon","coordinates":[[[[-1.39434,53.73529],[-1.39368,53.73534],[-1.39378,53.73615],[-1.39458,53.73843],[-1.39531,53.73833],[-1.39544,53.73871],[-1.39926,53.7383],[-1.39957,53.73837],[-1.40101,53.73821],[-1.40187,53.73825],[-1.40193,53.73841],[-1.4023,53.73838],[-1.40379,53.73886],[-1.40523,53.73864],[-1.40696,53.73897],[-1.40738,53.7392],[-1.41019,53.73896],[-1.41176,53.7383],[-1.41208,53.73793],[-1.41248,53.73772],[-1.41237,53.7376],[-1.4128,53.73718],[-1.41346,53.73692],[-1.41455,53.73672],[-1.41454,53.73652],[-1.41532,53.73515],[-1.41623,53.73466],[-1.4171,53.73449],[-1.41796,53.73448],[-1.41894,53.73416],[-1.42015,53.73398],[-1.42057,53.73386],[-1.42102,53.73383],[-1.42148,53.73341],[-1.42298,53.73342],[-1.42356,53.73341],[-1.42501,53.73257],[-1.42519,53.73233],[-1.42805,53.73076],[-1.42933,53.72999],[-1.42942,53.73005],[-1.43207,53.7291],[-1.43411,53.72785],[-1.4348,53.72719],[-1.43402,53.72623],[-1.43396,53.72606],[-1.43626,53.72533],[-1.4362,53.72514],[-1.43611,53.72515],[-1.43551,53.72464],[-1.43616,53.72281],[-1.43586,53.7228],[-1.43575,53.72269],[-1.43551,53.72267],[-1.43448,53.72275],[-1.43384,53.72275],[-1.43368,53.72268],[-1.43359,53.72257],[-1.43338,53.72255],[-1.43325,53.72258],[-1.43314,53.72276],[-1.43093,53.72269],[-1.43041,53.72248],[-1.42977,53.72207],[-1.4291,53.72152],[-1.43135,53.72215],[-1.43383,53.72251],[-1.43481,53.72199],[-1.4372,53.72234],[-1.43741,53.72225],[-1.43769,53.72249],[-1.43786,53.7224],[-1.43782,53.72207],[-1.43887,53.72153],[-1.44141,53.72102],[-1.44256,53.72117],[-1.44315,53.72136],[-1.44486,53.72161],[-1.44494,53.72152],[-1.4443,53.72132],[-1.44339,53.72056],[-1.44449,53.71979],[-1.4476,53.71913],[-1.44802,53.71878],[-1.44825,53.71872],[-1.44829,53.71866],[-1.44943,53.71852],[-1.45012,53.71827],[-1.45175,53.71822],[-1.45295,53.7179],[-1.45317,53.71798],[-1.45693,53.71722],[-1.45718,53.71723],[-1.4591,53.71709],[-1.46061,53.71737],[-1.46087,53.71725],[-1.46091,53.71697],[-1.46117,53.71683],[-1.46269,53.71628],[-1.46569,53.71503],[-1.46709,53.71426],[-1.4669,53.71407],[-1.46742,53.71392],[-1.46749,53.71364],[-1.46766,53.71349],[-1.46855,53.71309],[-1.46895,53.71271],[-1.46945,53.7124],[-1.46983,53.71233],[-1.47023,53.71172],[-1.47058,53.71138],[-1.47096,53.71062],[-1.47125,53.71023],[-1.47158,53.70952],[-1.4719,53.70939],[-1.47276,53.70714],[-1.47251,53.70664],[-1.47259,53.70638],[-1.4725,53.70624],[-1.47304,53.70541],[-1.47267,53.70434],[-1.47158,53.70443],[-1.4712,53.70416],[-1.46876,53.70348],[-1.46856,53.70261],[-1.46847,53.7026],[-1.46841,53.70246],[-1.4679,53.70207],[-1.46794,53.702],[-1.46952,53.70183],[-1.4714,53.70181],[-1.47129,53.70096],[-1.47214,53.70082],[-1.4724,53.7006],[-1.47243,53.70031],[-1.47221,53.70008],[-1.47216,53.69825],[-1.47205,53.69816],[-1.47205,53.69796],[-1.47195,53.69785],[-1.47176,53.69736],[-1.47184,53.69707],[-1.47155,53.69686],[-1.47032,53.69537],[-1.46894,53.69551],[-1.46622,53.69377],[-1.46575,53.69339],[-1.46571,53.69322],[-1.46609,53.69199],[-1.46635,53.69182],[-1.467,53.68934],[-1.467,53.68903],[-1.46786,53.68614],[-1.46843,53.68533],[-1.46839,53.68491],[-1.46845,53.68487],[-1.4687,53.68433],[-1.46864,53.68401],[-1.46872,53.68334],[-1.46885,53.68299],[-1.46947,53.6828],[-1.47102,53.6826],[-1.47254,53.6823],[-1.47456,53.68152],[-1.47462,53.68154],[-1.47464,53.68148],[-1.47838,53.67975],[-1.47963,53.67951],[-1.48294,53.6786],[-1.48474,53.67906],[-1.48577,53.679],[-1.48757,53.67863],[-1.48897,53.67841],[-1.48977,53.67821],[-1.48991,53.67811],[-1.48992,53.67815],[-1.49009,53.67812],[-1.49292,53.6772],[-1.49301,53.67721],[-1.49295,53.67725],[-1.49345,53.67717],[-1.49453,53.67678],[-1.49631,53.67586],[-1.49852,53.6744],[-1.5002,53.67309],[-1.50186,53.67154],[-1.50332,53.67031],[-1.50502,53.66926],[-1.50521,53.66908],[-1.50512,53.66899],[-1.50516,53.66888],[-1.50534,53.66881],[-1.50535,53.66873],[-1.50523,53.66877],[-1.50522,53.66874],[-1.50527,53.6686],[-1.50514,53.66872],[-1.50499,53.66874],[-1.50493,53.6688],[-1.5048,53.66865],[-1.50498,53.66842],[-1.50564,53.66787],[-1.50585,53.6675],[-1.50628,53.66751],[-1.50669,53.66747],[-1.50708,53.66718],[-1.50787,53.66754],[-1.5089,53.66708],[-1.51001,53.66668],[-1.50891,53.6661],[-1.50885,53.66602],[-1.50909,53.66606],[-1.509,53.66597],[-1.50914,53.66595],[-1.5092,53.66601],[-1.50926,53.66594],[-1.50911,53.66593],[-1.50905,53.66587],[-1.50896,53.66591],[-1.50891,53.66588],[-1.51144,53.66509],[-1.5123,53.66475],[-1.51228,53.66442],[-1.51279,53.66449],[-1.513,53.66461],[-1.51696,53.66466],[-1.51697,53.66462],[-1.51712,53.66457],[-1.51724,53.66463],[-1.51727,53.66453],[-1.51734,53.66453],[-1.5174,53.66459],[-1.51757,53.66447],[-1.51777,53.6645],[-1.51786,53.66447],[-1.52031,53.66447],[-1.52171,53.6643],[-1.52195,53.66435],[-1.52205,53.66427],[-1.52277,53.66424],[-1.52421,53.66338],[-1.52509,53.66332],[-1.52518,53.66336],[-1.52586,53.66333],[-1.52602,53.66328],[-1.52626,53.66328],[-1.52648,53.66336],[-1.52686,53.66318],[-1.52685,53.66308],[-1.52712,53.66295],[-1.52764,53.66285],[-1.52794,53.66268],[-1.52804,53.66258],[-1.52819,53.6626],[-1.52842,53.66242],[-1.52872,53.66237],[-1.52872,53.66228],[-1.5288,53.66228],[-1.5296,53.66187],[-1.52959,53.66177],[-1.53014,53.66155],[-1.53036,53.66136],[-1.53035,53.66127],[-1.53097,53.66107],[-1.53097,53.66096],[-1.53102,53.66095],[-1.53114,53.66103],[-1.53128,53.66086],[-1.53248,53.66045],[-1.53243,53.6604],[-1.53432,53.66041],[-1.53438,53.66049],[-1.53416,53.66064],[-1.53474,53.66144],[-1.53504,53.66171],[-1.53526,53.66182],[-1.53534,53.66198],[-1.53576,53.6623],[-1.53568,53.6624],[-1.53553,53.6624],[-1.53553,53.66253],[-1.5356,53.66253],[-1.5356,53.66258],[-1.53575,53.66258],[-1.53583,53.66267],[-1.53598,53.66267],[-1.53598,53.66272],[-1.53568,53.66272],[-1.53568,53.66276],[-1.53575,53.66276],[-1.53575,53.66281],[-1.5359,53.66281],[-1.5359,53.6629],[-1.53605,53.6629],[-1.53605,53.66294],[-1.53613,53.66294],[-1.53605,53.66303],[-1.5362,53.66303],[-1.5362,53.66312],[-1.53635,53.66317],[-1.53635,53.66335],[-1.53628,53.66335],[-1.53627,53.66339],[-1.53643,53.66344],[-1.53642,53.66348],[-1.53627,53.66353],[-1.53635,53.66362],[-1.53627,53.66362],[-1.53627,53.66375],[-1.53612,53.6638],[-1.53612,53.66389],[-1.53597,53.66393],[-1.53597,53.66397],[-1.53574,53.66395],[-1.53566,53.66403],[-1.53574,53.66406],[-1.53559,53.66406],[-1.53551,53.66415],[-1.53543,53.66415],[-1.53543,53.66424],[-1.53551,53.66424],[-1.53545,53.66438],[-1.53557,53.6644],[-1.53558,53.6646],[-1.53566,53.6646],[-1.53559,53.6647],[-1.53581,53.66478],[-1.53596,53.66478],[-1.53596,53.66483],[-1.53662,53.66489],[-1.53671,53.66479],[-1.53686,53.66479],[-1.53686,53.66483],[-1.53724,53.66483],[-1.53724,53.66479],[-1.53732,53.66479],[-1.53732,53.66483],[-1.53762,53.66483],[-1.5377,53.66492],[-1.53777,53.66493],[-1.53777,53.66488],[-1.53792,53.66488],[-1.53792,53.66502],[-1.53807,53.66502],[-1.53807,53.66497],[-1.53815,53.66497],[-1.53815,53.66506],[-1.53822,53.66506],[-1.53822,53.66511],[-1.53837,53.66511],[-1.53837,53.6652],[-1.5386,53.6652],[-1.53868,53.66529],[-1.53883,53.66529],[-1.5389,53.66538],[-1.5392,53.66543],[-1.5392,53.66547],[-1.53981,53.66547],[-1.53981,53.66552],[-1.53988,53.66552],[-1.53988,53.66556],[-1.54003,53.66556],[-1.54003,53.66561],[-1.54026,53.66561],[-1.54026,53.66556],[-1.54034,53.66556],[-1.54034,53.66561],[-1.54049,53.66561],[-1.54049,53.66556],[-1.54064,53.66557],[-1.54064,53.66561],[-1.54102,53.66561],[-1.54117,53.66575],[-1.54147,53.66575],[-1.54147,53.66579],[-1.54177,53.66579],[-1.54177,53.66584],[-1.5423,53.66589],[-1.54238,53.66598],[-1.54253,53.66598],[-1.5426,53.66607],[-1.54275,53.66611],[-1.54275,53.66616],[-1.54287,53.66616],[-1.54287,53.66627],[-1.54305,53.66625],[-1.54305,53.66629],[-1.5432,53.66629],[-1.5432,53.66634],[-1.54328,53.66634],[-1.54328,53.66638],[-1.54351,53.66639],[-1.54351,53.66648],[-1.54373,53.66657],[-1.54373,53.66661],[-1.54388,53.66661],[-1.544,53.66674],[-1.54426,53.66679],[-1.54426,53.66684],[-1.54441,53.66684],[-1.54436,53.66687],[-1.54444,53.66694],[-1.54458,53.66688],[-1.54464,53.66693],[-1.54471,53.66693],[-1.54486,53.66706],[-1.54501,53.66707],[-1.54501,53.66716],[-1.54509,53.66716],[-1.54524,53.66729],[-1.54531,53.66729],[-1.54531,53.66734],[-1.54539,53.66734],[-1.54539,53.66738],[-1.54546,53.66738],[-1.54546,53.66743],[-1.54554,53.66743],[-1.54554,53.66756],[-1.54561,53.66756],[-1.54561,53.66761],[-1.54591,53.66765],[-1.54591,53.6677],[-1.54607,53.6677],[-1.54599,53.66779],[-1.54629,53.66788],[-1.54621,53.66797],[-1.54629,53.66797],[-1.54629,53.66801],[-1.54651,53.6681],[-1.54651,53.66828],[-1.54666,53.66833],[-1.54666,53.66855],[-1.54674,53.66855],[-1.54674,53.6686],[-1.54689,53.6686],[-1.54696,53.66878],[-1.54711,53.66878],[-1.54719,53.66901],[-1.54726,53.66901],[-1.54726,53.66896],[-1.54741,53.66896],[-1.54741,53.66892],[-1.54749,53.66892],[-1.54749,53.66896],[-1.54764,53.66896],[-1.54772,53.66887],[-1.54779,53.66887],[-1.54779,53.66892],[-1.54794,53.66892],[-1.54794,53.66887],[-1.5481,53.66887],[-1.5481,53.66892],[-1.54825,53.66892],[-1.54825,53.66905],[-1.54847,53.66906],[-1.54847,53.6691],[-1.54915,53.66915],[-1.54915,53.6691],[-1.54923,53.6691],[-1.5493,53.66919],[-1.54953,53.66919],[-1.54961,53.6691],[-1.54991,53.66911],[-1.54998,53.6692],[-1.55014,53.6692],[-1.55021,53.66929],[-1.54998,53.66929],[-1.54998,53.66933],[-1.54983,53.66933],[-1.54983,53.66942],[-1.54968,53.66942],[-1.54975,53.66964],[-1.5499,53.66965],[-1.5499,53.6696],[-1.54998,53.6696],[-1.54998,53.66947],[-1.55006,53.66947],[-1.55006,53.66956],[-1.55013,53.66956],[-1.55013,53.66965],[-1.54998,53.66965],[-1.54998,53.66974],[-1.55013,53.66974],[-1.55013,53.66996],[-1.54998,53.66996],[-1.54997,53.6701],[-1.55013,53.6701],[-1.55013,53.67014],[-1.54997,53.67014],[-1.54997,53.67081],[-1.55012,53.67081],[-1.55012,53.67095],[-1.55019,53.67095],[-1.55027,53.67117],[-1.55011,53.67122],[-1.55011,53.67126],[-1.55019,53.67126],[-1.55019,53.6714],[-1.55011,53.6714],[-1.55011,53.67153],[-1.54996,53.67153],[-1.54996,53.6718],[-1.55003,53.6718],[-1.55018,53.67194],[-1.55026,53.67194],[-1.55033,53.67216],[-1.55041,53.67216],[-1.5504,53.67234],[-1.55056,53.67239],[-1.55055,53.67248],[-1.55063,53.67248],[-1.5507,53.67266],[-1.55078,53.67266],[-1.55078,53.67275],[-1.55085,53.67275],[-1.55093,53.67297],[-1.55108,53.67302],[-1.55108,53.67316],[-1.55115,53.67316],[-1.55115,53.67325],[-1.55123,53.67325],[-1.5513,53.67343],[-1.55138,53.67343],[-1.55145,53.67361],[-1.55153,53.67361],[-1.5516,53.67379],[-1.55168,53.67379],[-1.55167,53.67392],[-1.55183,53.67397],[-1.55182,53.67406],[-1.55198,53.6741],[-1.55197,53.67419],[-1.55205,53.67419],[-1.55205,53.67424],[-1.5522,53.67424],[-1.5522,53.67428],[-1.55228,53.67428],[-1.55228,53.67437],[-1.55243,53.67442],[-1.55242,53.6746],[-1.5525,53.6746],[-1.5525,53.67469],[-1.55265,53.67473],[-1.55273,53.67464],[-1.55311,53.6746],[-1.55311,53.67456],[-1.55318,53.67456],[-1.55318,53.6746],[-1.55348,53.67465],[-1.55348,53.67469],[-1.55371,53.67469],[-1.5538,53.67483],[-1.55409,53.67487],[-1.55409,53.67492],[-1.55416,53.67492],[-1.55418,53.67504],[-1.55431,53.67501],[-1.55431,53.6751],[-1.55439,53.6751],[-1.55439,53.67514],[-1.55461,53.67524],[-1.55461,53.67537],[-1.55469,53.67537],[-1.55468,53.6756],[-1.55461,53.6756],[-1.55461,53.67569],[-1.55468,53.67569],[-1.55468,53.67573],[-1.55453,53.67573],[-1.55453,53.67577],[-1.55468,53.67582],[-1.55468,53.67587],[-1.55498,53.67587],[-1.55498,53.67582],[-1.55514,53.67582],[-1.55521,53.67591],[-1.55544,53.67591],[-1.55544,53.676],[-1.55566,53.676],[-1.55566,53.67605],[-1.55597,53.67609],[-1.55597,53.67618],[-1.55612,53.67618],[-1.55634,53.67637],[-1.55649,53.67637],[-1.55649,53.67641],[-1.55657,53.67641],[-1.55664,53.6765],[-1.55679,53.6765],[-1.55679,53.67659],[-1.55702,53.67668],[-1.55717,53.67682],[-1.5574,53.67691],[-1.5574,53.67695],[-1.55747,53.67695],[-1.55747,53.67711],[-1.55759,53.67713],[-1.55762,53.67718],[-1.5577,53.67718],[-1.55772,53.67726],[-1.55785,53.67727],[-1.55785,53.67731],[-1.558,53.67732],[-1.55806,53.67739],[-1.5583,53.67736],[-1.5583,53.67741],[-1.55875,53.67741],[-1.55875,53.67745],[-1.55902,53.67761],[-1.55921,53.67757],[-1.55928,53.67763],[-1.55951,53.67764],[-1.55951,53.67759],[-1.55958,53.67759],[-1.55958,53.67755],[-1.55951,53.67755],[-1.55951,53.67746],[-1.55957,53.67743],[-1.55947,53.67733],[-1.55928,53.67737],[-1.55928,53.67732],[-1.55921,53.67732],[-1.55921,53.67723],[-1.55898,53.67723],[-1.55891,53.67714],[-1.55876,53.67709],[-1.55876,53.67705],[-1.55861,53.677],[-1.55861,53.67691],[-1.55853,53.67691],[-1.55853,53.67687],[-1.55846,53.67687],[-1.55846,53.67691],[-1.5583,53.67691],[-1.55823,53.67682],[-1.55793,53.67678],[-1.55793,53.67673],[-1.55785,53.67673],[-1.55785,53.67669],[-1.5577,53.67669],[-1.55755,53.67655],[-1.55744,53.67655],[-1.55749,53.67651],[-1.5574,53.67648],[-1.55734,53.6765],[-1.55725,53.67641],[-1.5571,53.67641],[-1.55695,53.67628],[-1.5568,53.67628],[-1.5568,53.67623],[-1.55672,53.67623],[-1.55672,53.67619],[-1.55665,53.67619],[-1.55665,53.67614],[-1.55657,53.67614],[-1.55642,53.67601],[-1.55627,53.67596],[-1.55627,53.67588],[-1.55612,53.67587],[-1.55604,53.67578],[-1.55589,53.67573],[-1.55589,53.67569],[-1.55582,53.67569],[-1.55582,53.6756],[-1.55567,53.6756],[-1.55567,53.67551],[-1.55552,53.67551],[-1.5557,53.67542],[-1.5556,53.67533],[-1.55529,53.67528],[-1.55539,53.67518],[-1.55531,53.67509],[-1.55507,53.67515],[-1.55499,53.67506],[-1.55492,53.67506],[-1.55492,53.67492],[-1.55484,53.67492],[-1.55469,53.67479],[-1.55462,53.67479],[-1.55462,53.67474],[-1.55447,53.67474],[-1.55432,53.67461],[-1.55416,53.67465],[-1.55409,53.67454],[-1.55401,53.6746],[-1.55401,53.67456],[-1.55356,53.67451],[-1.55356,53.67442],[-1.55349,53.67442],[-1.55356,53.67429],[-1.55343,53.67423],[-1.55319,53.67424],[-1.55319,53.67415],[-1.55311,53.67415],[-1.55311,53.67411],[-1.55273,53.67415],[-1.55273,53.67411],[-1.55258,53.6741],[-1.55258,53.67415],[-1.5525,53.67415],[-1.55251,53.6741],[-1.55228,53.6741],[-1.55228,53.67397],[-1.5522,53.67397],[-1.55221,53.67374],[-1.55206,53.6737],[-1.55206,53.67352],[-1.55183,53.67352],[-1.55183,53.67343],[-1.55198,53.67338],[-1.55198,53.67329],[-1.55206,53.67329],[-1.55206,53.67284],[-1.55199,53.67284],[-1.55199,53.67289],[-1.55138,53.67289],[-1.55138,53.67284],[-1.55123,53.67284],[-1.55116,53.67275],[-1.55108,53.67275],[-1.55101,53.67257],[-1.55093,53.67257],[-1.55093,53.67244],[-1.55086,53.67244],[-1.55086,53.67235],[-1.55078,53.67235],[-1.55071,53.67212],[-1.55063,53.67212],[-1.55056,53.67194],[-1.55048,53.67194],[-1.55049,53.6718],[-1.55041,53.6718],[-1.55041,53.67176],[-1.55049,53.67176],[-1.55049,53.67154],[-1.55064,53.67154],[-1.55064,53.67149],[-1.55079,53.67149],[-1.55079,53.67145],[-1.55094,53.67149],[-1.55102,53.67131],[-1.55125,53.67131],[-1.55125,53.67122],[-1.55132,53.67122],[-1.55133,53.67118],[-1.55163,53.67113],[-1.55163,53.671],[-1.55171,53.671],[-1.55171,53.67087],[-1.55178,53.67087],[-1.55171,53.67078],[-1.55178,53.67078],[-1.55178,53.67069],[-1.55171,53.67069],[-1.55163,53.6706],[-1.55171,53.6706],[-1.55179,53.67042],[-1.55171,53.67042],[-1.55171,53.67028],[-1.55164,53.67028],[-1.55164,53.6701],[-1.55156,53.6701],[-1.55156,53.67001],[-1.55149,53.67001],[-1.55157,53.66974],[-1.55149,53.66974],[-1.55149,53.6697],[-1.55164,53.66965],[-1.55164,53.66961],[-1.55149,53.66961],[-1.55149,53.66956],[-1.55165,53.66952],[-1.55165,53.66943],[-1.55157,53.66943],[-1.55165,53.6692],[-1.55142,53.6692],[-1.55142,53.66911],[-1.55135,53.66911],[-1.55135,53.66907],[-1.55105,53.66907],[-1.55105,53.66902],[-1.55097,53.66902],[-1.55097,53.66889],[-1.55082,53.66888],[-1.55082,53.66884],[-1.55052,53.66888],[-1.55044,53.66879],[-1.55022,53.66879],[-1.55022,53.66875],[-1.55006,53.66875],[-1.55007,53.6687],[-1.54999,53.6687],[-1.54999,53.66866],[-1.54946,53.66861],[-1.54939,53.66852],[-1.54923,53.66852],[-1.54924,53.66847],[-1.54908,53.66847],[-1.54908,53.66843],[-1.54893,53.66843],[-1.54893,53.66825],[-1.54886,53.66825],[-1.54886,53.6682],[-1.54863,53.6682],[-1.54863,53.66816],[-1.54826,53.66811],[-1.54818,53.66802],[-1.5481,53.66802],[-1.54811,53.66789],[-1.54795,53.66789],[-1.54795,53.66793],[-1.54788,53.66793],[-1.5478,53.66784],[-1.54765,53.66784],[-1.54765,53.66788],[-1.54735,53.66788],[-1.54727,53.66779],[-1.54712,53.66775],[-1.54712,53.66766],[-1.5472,53.66766],[-1.5472,53.66761],[-1.5469,53.66761],[-1.5469,53.66757],[-1.54675,53.66757],[-1.54667,53.66748],[-1.54645,53.66748],[-1.5463,53.66734],[-1.54622,53.66734],[-1.54622,53.66729],[-1.54599,53.6672],[-1.546,53.66716],[-1.54584,53.66716],[-1.54584,53.66707],[-1.54577,53.66707],[-1.54569,53.66698],[-1.54539,53.66693],[-1.54532,53.66684],[-1.54517,53.6668],[-1.54517,53.66675],[-1.54509,53.66675],[-1.54509,53.66666],[-1.54502,53.66666],[-1.54502,53.66662],[-1.54494,53.66662],[-1.54479,53.66648],[-1.54456,53.66648],[-1.54446,53.66639],[-1.54451,53.66635],[-1.54396,53.66612],[-1.54396,53.66607],[-1.54389,53.66607],[-1.54389,53.66598],[-1.54381,53.66598],[-1.54381,53.66594],[-1.54366,53.66589],[-1.54359,53.6658],[-1.54351,53.6658],[-1.54351,53.66571],[-1.54344,53.66571],[-1.54336,53.66553],[-1.54314,53.66544],[-1.54299,53.6653],[-1.54284,53.6653],[-1.54276,53.66521],[-1.54261,53.66521],[-1.54261,53.66517],[-1.54246,53.66517],[-1.54246,53.66512],[-1.54238,53.66512],[-1.54246,53.66505],[-1.54227,53.66499],[-1.54208,53.66503],[-1.54208,53.66499],[-1.54186,53.66499],[-1.54165,53.66472],[-1.54125,53.6648],[-1.54118,53.66471],[-1.54103,53.66471],[-1.54103,53.66467],[-1.54095,53.66467],[-1.54088,53.66449],[-1.5408,53.66449],[-1.5408,53.66453],[-1.54073,53.66453],[-1.54073,53.66449],[-1.54058,53.66449],[-1.54058,53.66453],[-1.5405,53.66453],[-1.5405,53.66444],[-1.54027,53.66444],[-1.54027,53.66449],[-1.5402,53.66449],[-1.54012,53.6644],[-1.53997,53.66435],[-1.53997,53.66426],[-1.53969,53.66413],[-1.5396,53.66417],[-1.53951,53.66409],[-1.53944,53.66417],[-1.53945,53.66408],[-1.53922,53.66398],[-1.53907,53.66403],[-1.53907,53.66399],[-1.53877,53.66394],[-1.53869,53.66385],[-1.53854,53.66385],[-1.53839,53.66371],[-1.53831,53.66371],[-1.53832,53.66362],[-1.53816,53.66358],[-1.53817,53.66344],[-1.53794,53.66335],[-1.53794,53.66322],[-1.53779,53.66317],[-1.53779,53.66304],[-1.53787,53.66304],[-1.53787,53.66299],[-1.53779,53.66299],[-1.53779,53.66286],[-1.53772,53.66286],[-1.5378,53.66263],[-1.53764,53.66263],[-1.53765,53.66241],[-1.5375,53.66241],[-1.5375,53.66236],[-1.53757,53.66236],[-1.53757,53.66223],[-1.53742,53.66223],[-1.53742,53.66214],[-1.53735,53.66214],[-1.53735,53.66205],[-1.53742,53.66205],[-1.53742,53.662],[-1.53712,53.662],[-1.53712,53.66178],[-1.53705,53.66178],[-1.53705,53.66173],[-1.53713,53.66173],[-1.53713,53.66169],[-1.53705,53.66169],[-1.53705,53.66164],[-1.53713,53.66164],[-1.53713,53.6616],[-1.53698,53.6616],[-1.53698,53.66155],[-1.5369,53.66155],[-1.53696,53.66145],[-1.53684,53.66133],[-1.53695,53.66121],[-1.53687,53.66117],[-1.53689,53.6611],[-1.53671,53.66105],[-1.53672,53.66098],[-1.53663,53.66095],[-1.53663,53.66089],[-1.53711,53.66049],[-1.53684,53.66034],[-1.5369,53.66026],[-1.53681,53.66013],[-1.53658,53.66002],[-1.5368,53.65986],[-1.53698,53.65982],[-1.53721,53.65959],[-1.53711,53.65938],[-1.53702,53.65873],[-1.53727,53.65851],[-1.53742,53.65852],[-1.53762,53.65834],[-1.5378,53.65835],[-1.53803,53.65811],[-1.53812,53.65784],[-1.53841,53.65756],[-1.53797,53.65738],[-1.5379,53.65726],[-1.5376,53.65728],[-1.5372,53.65739],[-1.53578,53.65714],[-1.53609,53.65698],[-1.53619,53.65687],[-1.53661,53.6567],[-1.53676,53.65673],[-1.53671,53.65668],[-1.53676,53.65664],[-1.53685,53.65666],[-1.53721,53.65656],[-1.53727,53.65659],[-1.53748,53.65654],[-1.53754,53.65657],[-1.53782,53.6565],[-1.53797,53.65654],[-1.53809,53.65649],[-1.53824,53.65652],[-1.53848,53.65647],[-1.53912,53.65645],[-1.53921,53.65642],[-1.53933,53.65646],[-1.53945,53.6564],[-1.54001,53.65638],[-1.5407,53.65568],[-1.54092,53.6551],[-1.54122,53.65508],[-1.54279,53.65531],[-1.5431,53.65488],[-1.54366,53.65468],[-1.5445,53.65424],[-1.54482,53.654],[-1.54509,53.65398],[-1.5452,53.65402],[-1.54607,53.65416],[-1.54641,53.65412],[-1.54756,53.65417],[-1.5488,53.6536],[-1.54939,53.6536],[-1.55015,53.65343],[-1.55029,53.65347],[-1.55106,53.65322],[-1.55185,53.65304],[-1.5523,53.65304],[-1.55385,53.65323],[-1.55505,53.6535],[-1.55674,53.6542],[-1.5576,53.65435],[-1.55804,53.65474],[-1.55918,53.65558],[-1.56047,53.65639],[-1.56171,53.65658],[-1.5685,53.65881],[-1.56795,53.65921],[-1.56895,53.66039],[-1.57032,53.6611],[-1.5721,53.66162],[-1.57409,53.66212],[-1.57465,53.66209],[-1.57493,53.66171],[-1.57508,53.66185],[-1.5752,53.66188],[-1.5752,53.66196],[-1.57535,53.66198],[-1.57544,53.66208],[-1.57556,53.66207],[-1.57553,53.66218],[-1.57568,53.66213],[-1.57613,53.66237],[-1.57613,53.66244],[-1.57643,53.66263],[-1.57661,53.6627],[-1.57667,53.66267],[-1.57667,53.66275],[-1.57682,53.66278],[-1.57709,53.66295],[-1.57725,53.66298],[-1.57727,53.66303],[-1.57749,53.66307],[-1.57764,53.66318],[-1.57776,53.66319],[-1.57851,53.66366],[-1.5857,53.66637],[-1.58643,53.66641],[-1.58867,53.66744],[-1.58943,53.66848],[-1.58928,53.66874],[-1.58982,53.66922],[-1.59102,53.66906],[-1.59108,53.6692],[-1.59105,53.66934],[-1.59117,53.6695],[-1.59121,53.66936],[-1.59138,53.66941],[-1.59159,53.66914],[-1.59447,53.67099],[-1.59571,53.67065],[-1.59597,53.67073],[-1.59612,53.67084],[-1.59708,53.67103],[-1.5976,53.67117],[-1.59778,53.67142],[-1.59794,53.67152],[-1.5979,53.67158],[-1.59808,53.67166],[-1.59811,53.67163],[-1.59955,53.67227],[-1.60215,53.67188],[-1.60221,53.6718],[-1.60237,53.67184],[-1.60243,53.67192],[-1.60234,53.67208],[-1.60225,53.6721],[-1.60222,53.67219],[-1.6021,53.67224],[-1.60204,53.67238],[-1.60191,53.67245],[-1.60185,53.6726],[-1.60176,53.67262],[-1.60179,53.67267],[-1.60149,53.67296],[-1.60598,53.67471],[-1.60611,53.67573],[-1.60819,53.67606],[-1.60897,53.67569],[-1.60939,53.67607],[-1.60954,53.67615],[-1.60978,53.67651],[-1.60972,53.67663],[-1.60981,53.67669],[-1.60974,53.67687],[-1.60989,53.67697],[-1.60983,53.67706],[-1.60989,53.67713],[-1.60999,53.67829],[-1.61005,53.67832],[-1.60988,53.67841],[-1.60985,53.67848],[-1.60991,53.67853],[-1.60993,53.67843],[-1.61006,53.67841],[-1.61148,53.68122],[-1.61193,53.68121],[-1.61197,53.68066],[-1.61179,53.68022],[-1.61143,53.68004],[-1.61143,53.67995],[-1.61219,53.67925],[-1.61223,53.67868],[-1.61447,53.67854],[-1.61476,53.67837],[-1.61506,53.67873],[-1.61532,53.67944],[-1.61591,53.6801],[-1.61583,53.68009],[-1.61577,53.68018],[-1.61598,53.68041],[-1.61595,53.68055],[-1.6161,53.68075],[-1.61607,53.68081],[-1.61622,53.68095],[-1.61619,53.68106],[-1.61655,53.68144],[-1.61654,53.68162],[-1.61672,53.68178],[-1.61669,53.68183],[-1.61678,53.6819],[-1.61675,53.68205],[-1.61705,53.68215],[-1.61714,53.68209],[-1.6172,53.68218],[-1.6173,53.68219],[-1.61726,53.68241],[-1.61744,53.68261],[-1.61744,53.68275],[-1.61774,53.6829],[-1.6178,53.68302],[-1.61774,53.68311],[-1.61783,53.68329],[-1.61807,53.68337],[-1.61827,53.68442],[-1.61839,53.68451],[-1.61838,53.68463],[-1.61982,53.68576],[-1.61988,53.68562],[-1.62038,53.68574],[-1.62041,53.68594],[-1.62026,53.68609],[-1.62035,53.68612],[-1.62041,53.68625],[-1.62032,53.68645],[-1.62031,53.68679],[-1.62043,53.68702],[-1.62037,53.68711],[-1.62051,53.68721],[-1.61971,53.68767],[-1.6209,53.68843],[-1.62117,53.68854],[-1.62136,53.68826],[-1.62153,53.6882],[-1.62287,53.68831],[-1.62287,53.68841],[-1.62299,53.68845],[-1.62302,53.68856],[-1.6232,53.68859],[-1.62319,53.68854],[-1.62342,53.68846],[-1.62351,53.6885],[-1.62369,53.68839],[-1.62372,53.68843],[-1.62387,53.68846],[-1.62396,53.68852],[-1.62405,53.6885],[-1.62417,53.68863],[-1.62432,53.68867],[-1.62438,53.68864],[-1.62441,53.68869],[-1.62457,53.68868],[-1.6246,53.68872],[-1.62472,53.68875],[-1.62482,53.68906],[-1.62491,53.68909],[-1.62483,53.68916],[-1.62492,53.68923],[-1.62477,53.68923],[-1.6248,53.68934],[-1.62468,53.68939],[-1.62483,53.68942],[-1.62489,53.6895],[-1.62498,53.68953],[-1.62504,53.68969],[-1.62552,53.69002],[-1.62531,53.68998],[-1.62528,53.69004],[-1.62537,53.69013],[-1.62549,53.6902],[-1.62557,53.69018],[-1.6265,53.69099],[-1.6271,53.69135],[-1.62742,53.69136],[-1.62758,53.69174],[-1.62747,53.6927],[-1.62935,53.69237],[-1.62929,53.69204],[-1.63003,53.69189],[-1.6299,53.69163],[-1.62996,53.69163],[-1.62986,53.69111],[-1.62968,53.69095],[-1.62979,53.6902],[-1.63132,53.69009],[-1.6324,53.6901],[-1.63308,53.69024],[-1.63439,53.68937],[-1.63614,53.68958],[-1.63708,53.68945],[-1.63995,53.68736],[-1.64103,53.68632],[-1.64108,53.68634],[-1.64239,53.68502],[-1.64684,53.68128],[-1.64724,53.68122],[-1.64759,53.68099],[-1.64783,53.68105],[-1.64786,53.68102],[-1.64801,53.68105],[-1.64804,53.68102],[-1.64834,53.68104],[-1.64837,53.681],[-1.64852,53.68104],[-1.64858,53.681],[-1.64895,53.681],[-1.64907,53.68107],[-1.64913,53.68102],[-1.64925,53.68112],[-1.65008,53.68114],[-1.65037,53.68129],[-1.65132,53.68149],[-1.65147,53.68135],[-1.65162,53.6814],[-1.65246,53.68119],[-1.65303,53.68134],[-1.65306,53.68139],[-1.65318,53.68141],[-1.65361,53.68164],[-1.65383,53.68212],[-1.65387,53.68238],[-1.65402,53.68245],[-1.65417,53.68263],[-1.65438,53.68272],[-1.65438,53.68283],[-1.65459,53.68303],[-1.65453,53.68312],[-1.65462,53.68319],[-1.65459,53.68324],[-1.65489,53.68339],[-1.65486,53.68342],[-1.6551,53.68358],[-1.65526,53.68358],[-1.65529,53.68362],[-1.65544,53.68366],[-1.65547,53.68373],[-1.65694,53.68349],[-1.65673,53.68328],[-1.65738,53.68292],[-1.65762,53.68285],[-1.65777,53.68286],[-1.65773,53.68275],[-1.65752,53.68266],[-1.65746,53.68255],[-1.65731,53.68248],[-1.65734,53.68244],[-1.65707,53.68226],[-1.65708,53.68221],[-1.65689,53.68212],[-1.65687,53.68203],[-1.65696,53.6821],[-1.65705,53.68209],[-1.65717,53.68221],[-1.65748,53.68235],[-1.65745,53.68239],[-1.65778,53.68264],[-1.65787,53.68266],[-1.65784,53.68269],[-1.65799,53.68277],[-1.65823,53.68304],[-1.65847,53.68316],[-1.65862,53.68334],[-1.65892,53.68344],[-1.65895,53.68349],[-1.65901,53.68342],[-1.65916,53.68345],[-1.65947,53.68334],[-1.65962,53.68335],[-1.65977,53.68331],[-1.65998,53.68318],[-1.66019,53.6832],[-1.66032,53.68309],[-1.66075,53.68333],[-1.66095,53.68327],[-1.661,53.68315],[-1.66188,53.68273],[-1.66158,53.68251],[-1.66263,53.68178],[-1.66319,53.68171],[-1.66405,53.6824],[-1.66449,53.68235],[-1.66477,53.68238],[-1.66533,53.68271],[-1.66597,53.68239],[-1.6661,53.68182],[-1.6659,53.6817],[-1.66674,53.68124],[-1.66793,53.68085],[-1.66884,53.68129],[-1.66988,53.68159],[-1.67073,53.68099],[-1.67007,53.68048],[-1.67187,53.67949],[-1.67137,53.67906],[-1.67127,53.67888],[-1.67158,53.67879],[-1.6722,53.67912],[-1.67254,53.67907],[-1.67348,53.67871],[-1.67357,53.67854],[-1.6731,53.6782],[-1.67291,53.67799],[-1.67368,53.67741],[-1.67384,53.67684],[-1.67357,53.67657],[-1.67382,53.67613],[-1.67388,53.67613],[-1.67394,53.67602],[-1.67386,53.676],[-1.67391,53.67591],[-1.67403,53.67602],[-1.67415,53.67599],[-1.67435,53.67575],[-1.67455,53.67563],[-1.67459,53.67553],[-1.67453,53.67551],[-1.67579,53.67508],[-1.67634,53.6748],[-1.67675,53.67481],[-1.67679,53.67468],[-1.67719,53.67444],[-1.67725,53.67446],[-1.67725,53.6744],[-1.67746,53.67436],[-1.67764,53.67424],[-1.67777,53.67425],[-1.67789,53.67418],[-1.67807,53.67417],[-1.67798,53.67423],[-1.67801,53.67427],[-1.67839,53.67418],[-1.67926,53.67414],[-1.67946,53.67419],[-1.67975,53.67404],[-1.68063,53.67385],[-1.6808,53.67395],[-1.68455,53.67381],[-1.68442,53.67336],[-1.68513,53.6732],[-1.68504,53.67293],[-1.68463,53.67283],[-1.68465,53.6728],[-1.68534,53.67285],[-1.68637,53.67273],[-1.68789,53.67263],[-1.68816,53.67272],[-1.68828,53.67282],[-1.68843,53.67281],[-1.68846,53.67285],[-1.68901,53.67296],[-1.68984,53.67297],[-1.69044,53.67307],[-1.69072,53.67308],[-1.6907,53.67316],[-1.69084,53.67331],[-1.69276,53.67331],[-1.6929,53.67399],[-1.69437,53.67392],[-1.69505,53.67393],[-1.69567,53.67409],[-1.69605,53.67427],[-1.69694,53.67524],[-1.69747,53.67547],[-1.69967,53.67592],[-1.70201,53.67676],[-1.70595,53.67828],[-1.70934,53.67911],[-1.71302,53.68031],[-1.71381,53.68048],[-1.71401,53.68055],[-1.71372,53.68073],[-1.71441,53.68122],[-1.71508,53.68152],[-1.71541,53.6815],[-1.71606,53.68179],[-1.71633,53.68173],[-1.71778,53.68299],[-1.719,53.68374],[-1.72076,53.68461],[-1.72298,53.68538],[-1.72573,53.68616],[-1.72642,53.68702],[-1.72635,53.68703],[-1.72627,53.68735],[-1.72635,53.68735],[-1.72635,53.68753],[-1.72642,53.68753],[-1.72642,53.68762],[-1.72657,53.68766],[-1.72665,53.68775],[-1.72695,53.6878],[-1.72702,53.68789],[-1.72733,53.68793],[-1.72748,53.68807],[-1.72763,53.68807],[-1.72763,53.68811],[-1.72778,53.68811],[-1.72778,53.68816],[-1.7279,53.68816],[-1.72793,53.6882],[-1.72839,53.6882],[-1.72839,53.68825],[-1.72854,53.68829],[-1.72861,53.68847],[-1.72869,53.68847],[-1.72861,53.68856],[-1.72876,53.68861],[-1.72876,53.6887],[-1.72884,53.6887],[-1.72876,53.68879],[-1.72891,53.68883],[-1.72891,53.68897],[-1.72884,53.68897],[-1.72883,53.68901],[-1.72891,53.68901],[-1.72891,53.68906],[-1.72883,53.68906],[-1.72883,53.68915],[-1.72899,53.68915],[-1.72891,53.68924],[-1.72906,53.68924],[-1.72906,53.68937],[-1.72914,53.68937],[-1.72921,53.68955],[-1.72929,53.68955],[-1.72929,53.68964],[-1.72936,53.68964],[-1.72936,53.68973],[-1.72951,53.68978],[-1.72951,53.68987],[-1.72943,53.68987],[-1.72943,53.68991],[-1.72951,53.68991],[-1.72951,53.69],[-1.72959,53.69],[-1.72958,53.69014],[-1.72966,53.69014],[-1.72966,53.69023],[-1.72974,53.69023],[-1.72981,53.69041],[-1.72989,53.69041],[-1.72996,53.69063],[-1.73011,53.69068],[-1.73011,53.6909],[-1.73019,53.6909],[-1.73018,53.69099],[-1.73026,53.69099],[-1.73026,53.69122],[-1.73049,53.69122],[-1.73049,53.69131],[-1.73064,53.69135],[-1.73071,53.69153],[-1.73079,53.69154],[-1.73079,53.69162],[-1.73086,53.69163],[-1.73086,53.69171],[-1.73109,53.69181],[-1.73109,53.6919],[-1.73124,53.69194],[-1.73124,53.69203],[-1.73131,53.69203],[-1.73131,53.69208],[-1.73154,53.69217],[-1.73154,53.69226],[-1.73162,53.69226],[-1.73162,53.6923],[-1.73177,53.6923],[-1.73184,53.69239],[-1.73199,53.69239],[-1.73199,53.69248],[-1.73207,53.69248],[-1.73214,53.69257],[-1.7323,53.69257],[-1.73229,53.69266],[-1.73222,53.69266],[-1.73222,53.69271],[-1.73214,53.69271],[-1.73214,53.69266],[-1.73199,53.69266],[-1.73191,53.69284],[-1.73199,53.69284],[-1.73199,53.69289],[-1.73214,53.69289],[-1.73214,53.69293],[-1.73229,53.69293],[-1.73244,53.69307],[-1.73275,53.69311],[-1.73275,53.69316],[-1.7329,53.6932],[-1.7329,53.69329],[-1.73297,53.69329],[-1.73305,53.69338],[-1.73312,53.69338],[-1.73312,53.69347],[-1.7332,53.69347],[-1.7332,53.69361],[-1.73335,53.69365],[-1.73335,53.69379],[-1.73357,53.69388],[-1.73357,53.69401],[-1.73372,53.69406],[-1.73372,53.6941],[-1.73395,53.6941],[-1.7341,53.69424],[-1.73418,53.69424],[-1.73418,53.69428],[-1.7341,53.69428],[-1.7341,53.69442],[-1.73418,53.69442],[-1.73433,53.69455],[-1.73425,53.69455],[-1.73425,53.6946],[-1.7341,53.6946],[-1.7341,53.69473],[-1.73417,53.69473],[-1.73417,53.69482],[-1.73433,53.69478],[-1.73433,53.69487],[-1.73425,53.69487],[-1.73425,53.69496],[-1.73417,53.69496],[-1.73417,53.69505],[-1.73432,53.69505],[-1.73432,53.69518],[-1.73455,53.69518],[-1.73455,53.69514],[-1.73463,53.69514],[-1.73462,53.6955],[-1.7347,53.6955],[-1.7347,53.69545],[-1.73485,53.69545],[-1.73485,53.69554],[-1.73493,53.69554],[-1.73493,53.69559],[-1.73508,53.69559],[-1.73508,53.69568],[-1.73523,53.69563],[-1.73523,53.69568],[-1.73546,53.69568],[-1.73546,53.69577],[-1.73568,53.69568],[-1.73568,53.69577],[-1.73576,53.69577],[-1.73576,53.69573],[-1.73591,53.69568],[-1.73591,53.69582],[-1.73598,53.69582],[-1.73599,53.69577],[-1.73606,53.69577],[-1.73606,53.69568],[-1.73621,53.69568],[-1.73621,53.69586],[-1.73629,53.69586],[-1.73629,53.69582],[-1.73644,53.69582],[-1.73651,53.696],[-1.73659,53.696],[-1.73659,53.69595],[-1.73674,53.69595],[-1.73674,53.69591],[-1.73697,53.69582],[-1.73697,53.69577],[-1.73705,53.69577],[-1.73705,53.69573],[-1.7372,53.69573],[-1.7372,53.69582],[-1.73727,53.69582],[-1.73735,53.69573],[-1.7375,53.69573],[-1.7375,53.69568],[-1.7378,53.69569],[-1.7378,53.69564],[-1.73788,53.69564],[-1.73788,53.69573],[-1.73795,53.69573],[-1.73795,53.69569],[-1.73811,53.69569],[-1.73826,53.69582],[-1.73833,53.69582],[-1.73833,53.696],[-1.73863,53.69605],[-1.73863,53.69614],[-1.73871,53.69614],[-1.73871,53.69618],[-1.73894,53.69618],[-1.73894,53.69623],[-1.73901,53.69623],[-1.73901,53.69632],[-1.73924,53.69632],[-1.73924,53.69641],[-1.73931,53.69641],[-1.73931,53.69645],[-1.73946,53.69645],[-1.73946,53.69654],[-1.73962,53.69654],[-1.73962,53.69659],[-1.73977,53.69659],[-1.73977,53.69663],[-1.73984,53.69663],[-1.73984,53.69672],[-1.7403,53.69672],[-1.7403,53.69677],[-1.7406,53.69677],[-1.7406,53.69681],[-1.74098,53.69682],[-1.74098,53.69686],[-1.74105,53.69686],[-1.7412,53.697],[-1.74128,53.697],[-1.74135,53.69718],[-1.7415,53.69722],[-1.7415,53.69727],[-1.74143,53.69727],[-1.74143,53.69745],[-1.74165,53.69754],[-1.74165,53.69763],[-1.7418,53.69767],[-1.74188,53.69776],[-1.74196,53.69776],[-1.74195,53.6979],[-1.74203,53.6979],[-1.74203,53.69794],[-1.74233,53.69794],[-1.74233,53.6979],[-1.74241,53.6979],[-1.74241,53.69799],[-1.74256,53.69803],[-1.74256,53.69812],[-1.74271,53.69817],[-1.74278,53.69844],[-1.74286,53.69844],[-1.74301,53.69857],[-1.74309,53.69857],[-1.74309,53.69862],[-1.74324,53.69862],[-1.74324,53.69866],[-1.74331,53.69866],[-1.74331,53.69875],[-1.74339,53.69875],[-1.74339,53.69884],[-1.74346,53.69884],[-1.74354,53.69907],[-1.74369,53.69907],[-1.74369,53.69916],[-1.74399,53.69916],[-1.74399,53.6992],[-1.74407,53.6992],[-1.74407,53.69934],[-1.74422,53.69934],[-1.74437,53.69947],[-1.74459,53.69956],[-1.74459,53.69965],[-1.74475,53.6997],[-1.74474,53.69983],[-1.74482,53.69983],[-1.7449,53.70001],[-1.74497,53.70001],[-1.74497,53.7001],[-1.74505,53.7001],[-1.74505,53.70019],[-1.74512,53.70019],[-1.74512,53.70028],[-1.74535,53.70038],[-1.74535,53.70047],[-1.74557,53.70056],[-1.74565,53.70074],[-1.74572,53.70074],[-1.74572,53.70083],[-1.74587,53.70087],[-1.74587,53.70096],[-1.74595,53.70096],[-1.74602,53.70114],[-1.7461,53.70114],[-1.74617,53.70137],[-1.74625,53.70137],[-1.74625,53.70155],[-1.74632,53.70155],[-1.74648,53.70168],[-1.74655,53.70168],[-1.74663,53.70177],[-1.7467,53.70177],[-1.74678,53.70195],[-1.74685,53.70195],[-1.747,53.70209],[-1.74708,53.70209],[-1.74708,53.70218],[-1.74723,53.70222],[-1.74723,53.70231],[-1.74738,53.70236],[-1.74738,53.70245],[-1.74753,53.70249],[-1.74753,53.70263],[-1.74761,53.70263],[-1.74768,53.70281],[-1.74791,53.70281],[-1.74798,53.70272],[-1.74791,53.70272],[-1.74783,53.70249],[-1.74768,53.70245],[-1.74768,53.70236],[-1.74761,53.70236],[-1.74761,53.70222],[-1.74753,53.70222],[-1.74746,53.70213],[-1.74731,53.70209],[-1.74731,53.70204],[-1.74723,53.70204],[-1.74716,53.70186],[-1.74708,53.70186],[-1.74708,53.70182],[-1.74693,53.70182],[-1.74693,53.70177],[-1.74685,53.70177],[-1.74685,53.70168],[-1.7467,53.70164],[-1.7467,53.70159],[-1.74663,53.70159],[-1.74663,53.7015],[-1.74648,53.70146],[-1.74648,53.70123],[-1.7464,53.70123],[-1.74633,53.70105],[-1.74618,53.70101],[-1.74618,53.70083],[-1.7461,53.70083],[-1.74603,53.70056],[-1.74595,53.70056],[-1.74595,53.70047],[-1.74588,53.70047],[-1.74588,53.70033],[-1.74565,53.70024],[-1.74565,53.70011],[-1.74558,53.70011],[-1.74558,53.70006],[-1.74535,53.69997],[-1.74535,53.69975],[-1.7452,53.69975],[-1.7452,53.6997],[-1.74512,53.6997],[-1.74512,53.69961],[-1.74497,53.69957],[-1.7449,53.69948],[-1.74482,53.69948],[-1.74467,53.69934],[-1.7446,53.69934],[-1.7446,53.69925],[-1.74445,53.6992],[-1.74445,53.69916],[-1.74437,53.69916],[-1.74437,53.69907],[-1.74414,53.69898],[-1.74407,53.6988],[-1.74392,53.6988],[-1.74392,53.69875],[-1.74384,53.69875],[-1.74384,53.69866],[-1.74377,53.69866],[-1.74369,53.69857],[-1.74339,53.69853],[-1.74339,53.69848],[-1.74324,53.69844],[-1.74324,53.69835],[-1.74309,53.6983],[-1.74309,53.69821],[-1.74301,53.69821],[-1.74301,53.69812],[-1.74286,53.69812],[-1.74279,53.69794],[-1.74249,53.69781],[-1.74241,53.69772],[-1.74233,53.69772],[-1.74226,53.69754],[-1.74218,53.69754],[-1.74218,53.6974],[-1.74203,53.69736],[-1.74203,53.69727],[-1.74188,53.69727],[-1.74188,53.69718],[-1.74166,53.69709],[-1.74166,53.697],[-1.74151,53.69695],[-1.74151,53.69686],[-1.74143,53.69686],[-1.74143,53.69682],[-1.7412,53.69673],[-1.7412,53.69668],[-1.74105,53.69668],[-1.74105,53.69664],[-1.74083,53.69664],[-1.74083,53.69659],[-1.74045,53.69659],[-1.74045,53.69654],[-1.7403,53.69654],[-1.7403,53.6965],[-1.74015,53.6965],[-1.74007,53.69641],[-1.73992,53.69641],[-1.73984,53.69632],[-1.73969,53.69632],[-1.73969,53.69623],[-1.73939,53.69614],[-1.73932,53.69596],[-1.73909,53.69596],[-1.73909,53.69587],[-1.73894,53.69582],[-1.73894,53.69564],[-1.73871,53.69555],[-1.73864,53.69537],[-1.73856,53.69537],[-1.73856,53.69528],[-1.73834,53.69528],[-1.73826,53.69519],[-1.73803,53.69519],[-1.73796,53.6951],[-1.73766,53.69506],[-1.73766,53.69501],[-1.7375,53.69497],[-1.73735,53.69483],[-1.73728,53.69483],[-1.73728,53.69479],[-1.73705,53.69469],[-1.73705,53.69465],[-1.7369,53.69465],[-1.73675,53.69451],[-1.73652,53.69451],[-1.73652,53.69442],[-1.73645,53.69442],[-1.73645,53.69438],[-1.73599,53.69433],[-1.73599,53.69438],[-1.73584,53.69438],[-1.73569,53.69424],[-1.73554,53.69424],[-1.73554,53.6942],[-1.73547,53.6942],[-1.73546,53.69424],[-1.73531,53.69424],[-1.73531,53.69429],[-1.73509,53.69429],[-1.73509,53.69424],[-1.73501,53.69424],[-1.73501,53.69429],[-1.73493,53.69429],[-1.73493,53.69424],[-1.73486,53.69424],[-1.73486,53.69415],[-1.73448,53.6941],[-1.73448,53.69406],[-1.73433,53.69401],[-1.73433,53.69392],[-1.73426,53.69392],[-1.73426,53.69388],[-1.7341,53.69388],[-1.73418,53.69379],[-1.7341,53.69379],[-1.73395,53.69365],[-1.7338,53.69365],[-1.7338,53.69361],[-1.73373,53.69361],[-1.73373,53.69352],[-1.73358,53.69347],[-1.73358,53.69338],[-1.7335,53.69338],[-1.7335,53.69329],[-1.73335,53.69325],[-1.73328,53.69307],[-1.73313,53.69302],[-1.73305,53.69284],[-1.73282,53.69275],[-1.73282,53.69266],[-1.73275,53.69266],[-1.73275,53.69262],[-1.7326,53.69257],[-1.73252,53.69248],[-1.73245,53.69248],[-1.7323,53.69235],[-1.73222,53.69235],[-1.73222,53.6923],[-1.73215,53.6923],[-1.73215,53.69221],[-1.73207,53.69221],[-1.73207,53.69217],[-1.73184,53.69208],[-1.73169,53.69194],[-1.73162,53.69194],[-1.73162,53.69185],[-1.73154,53.69185],[-1.73154,53.69181],[-1.73124,53.69167],[-1.73117,53.69149],[-1.73109,53.69149],[-1.73109,53.6914],[-1.73102,53.6914],[-1.73102,53.69131],[-1.73086,53.69131],[-1.73087,53.69118],[-1.73071,53.69113],[-1.73071,53.691],[-1.73064,53.691],[-1.73064,53.69091],[-1.73056,53.69091],[-1.73057,53.69064],[-1.73049,53.69064],[-1.73049,53.69055],[-1.73041,53.69055],[-1.73042,53.69046],[-1.73034,53.69046],[-1.73034,53.69032],[-1.73026,53.69032],[-1.73027,53.68992],[-1.73019,53.68992],[-1.73019,53.68983],[-1.73012,53.68983],[-1.73012,53.68974],[-1.73004,53.68974],[-1.73004,53.68969],[-1.72997,53.68969],[-1.72989,53.6896],[-1.72966,53.6896],[-1.72959,53.68951],[-1.72951,53.68951],[-1.72951,53.68942],[-1.72944,53.68942],[-1.72944,53.68928],[-1.72936,53.68928],[-1.72936,53.68924],[-1.72951,53.68924],[-1.72952,53.6892],[-1.72936,53.68919],[-1.72937,53.68888],[-1.72921,53.68884],[-1.72922,53.68866],[-1.72914,53.68866],[-1.72914,53.68857],[-1.72906,53.68857],[-1.72899,53.68839],[-1.72891,53.68838],[-1.72892,53.6883],[-1.72884,53.68829],[-1.72884,53.68821],[-1.72869,53.68816],[-1.72869,53.68811],[-1.72854,53.68807],[-1.72839,53.68793],[-1.72827,53.68793],[-1.72831,53.68785],[-1.72825,53.6878],[-1.72801,53.68775],[-1.72793,53.68766],[-1.72786,53.68766],[-1.72786,53.68744],[-1.72794,53.68744],[-1.72794,53.68735],[-1.72801,53.68735],[-1.72801,53.68726],[-1.72816,53.68726],[-1.72816,53.68721],[-1.72862,53.68722],[-1.72862,53.68717],[-1.72877,53.68717],[-1.72877,53.68713],[-1.72907,53.68713],[-1.72907,53.68699],[-1.72915,53.68699],[-1.72923,53.6869],[-1.7293,53.6869],[-1.72945,53.68677],[-1.72953,53.68677],[-1.72953,53.68672],[-1.72946,53.68672],[-1.72946,53.68663],[-1.72938,53.68663],[-1.72938,53.68654],[-1.7293,53.68654],[-1.72931,53.68646],[-1.72953,53.68636],[-1.72953,53.68627],[-1.72969,53.68627],[-1.72969,53.68623],[-1.72976,53.68623],[-1.72976,53.68618],[-1.72991,53.68619],[-1.72999,53.6861],[-1.73022,53.6861],[-1.73022,53.68605],[-1.73037,53.68605],[-1.73037,53.68601],[-1.73067,53.68596],[-1.73067,53.68583],[-1.7306,53.6858],[-1.73119,53.68566],[-1.73164,53.6854],[-1.73182,53.6857],[-1.73197,53.68573],[-1.73204,53.68579],[-1.73228,53.68571],[-1.73226,53.68565],[-1.73249,53.6855],[-1.73273,53.68547],[-1.73275,53.68544],[-1.73261,53.68542],[-1.73255,53.68545],[-1.7324,53.68538],[-1.73233,53.68527],[-1.73216,53.68529],[-1.73208,53.68518],[-1.73212,53.68513],[-1.73201,53.68508],[-1.73378,53.68256],[-1.7353,53.6818],[-1.73709,53.68081],[-1.73645,53.67998],[-1.73494,53.67892],[-1.73387,53.67842],[-1.73392,53.67779],[-1.73333,53.6776],[-1.73289,53.67798],[-1.7326,53.67786],[-1.73165,53.67762],[-1.73077,53.6775],[-1.73036,53.67774],[-1.7303,53.67824],[-1.73078,53.67894],[-1.73053,53.67909],[-1.73044,53.67923],[-1.73053,53.67922],[-1.73056,53.67927],[-1.73044,53.67957],[-1.73079,53.67991],[-1.73074,53.68006],[-1.73087,53.68024],[-1.73086,53.68043],[-1.73077,53.68058],[-1.73068,53.6806],[-1.73074,53.68065],[-1.73066,53.68065],[-1.73052,53.6809],[-1.73043,53.68092],[-1.73026,53.68123],[-1.73,53.68133],[-1.72994,53.68131],[-1.72997,53.6814],[-1.72976,53.68153],[-1.72966,53.68151],[-1.7297,53.68156],[-1.72955,53.68165],[-1.72946,53.68167],[-1.72944,53.68162],[-1.72917,53.68153],[-1.72905,53.68131],[-1.7291,53.68123],[-1.7289,53.68113],[-1.72925,53.68098],[-1.72934,53.68102],[-1.72939,53.68093],[-1.72955,53.68087],[-1.72957,53.68081],[-1.72927,53.68056],[-1.72909,53.68052],[-1.72878,53.68057],[-1.72743,53.681],[-1.72724,53.68095],[-1.72604,53.68118],[-1.72587,53.68109],[-1.72568,53.68114],[-1.72531,53.68114],[-1.72528,53.68118],[-1.72492,53.68118],[-1.72489,53.68121],[-1.72465,53.68119],[-1.72462,53.68123],[-1.72446,53.68119],[-1.72443,53.68123],[-1.72407,53.68119],[-1.72404,53.68123],[-1.72389,53.68119],[-1.72386,53.68123],[-1.72371,53.68119],[-1.72365,53.68123],[-1.72337,53.68121],[-1.72319,53.68117],[-1.72318,53.68112],[-1.7231,53.68119],[-1.72291,53.68114],[-1.72271,53.68119],[-1.7225,53.68115],[-1.72259,53.6813],[-1.72301,53.68138],[-1.7231,53.68144],[-1.72325,53.68147],[-1.72328,53.68151],[-1.72367,53.68163],[-1.7237,53.68168],[-1.72395,53.68172],[-1.72398,53.68177],[-1.72413,53.68179],[-1.72416,53.68184],[-1.72431,53.68187],[-1.7244,53.68193],[-1.72482,53.68205],[-1.72491,53.68211],[-1.72482,53.68224],[-1.72467,53.68234],[-1.7245,53.68231],[-1.72178,53.68126],[-1.72141,53.68119],[-1.72144,53.68109],[-1.72139,53.68106],[-1.72095,53.68099],[-1.72094,53.68093],[-1.72053,53.68082],[-1.72052,53.68077],[-1.72035,53.68075],[-1.72,53.68059],[-1.71953,53.68054],[-1.71765,53.67978],[-1.71766,53.67975],[-1.71751,53.67972],[-1.71725,53.67954],[-1.71691,53.67949],[-1.71663,53.67931],[-1.71612,53.67918],[-1.71611,53.67912],[-1.71552,53.67894],[-1.71553,53.67889],[-1.71537,53.67887],[-1.71535,53.67882],[-1.71518,53.6788],[-1.71511,53.67873],[-1.71525,53.6785],[-1.7152,53.67837],[-1.71513,53.67839],[-1.71519,53.67842],[-1.71513,53.67853],[-1.71494,53.67867],[-1.71475,53.67862],[-1.71485,53.67867],[-1.71482,53.6787],[-1.71293,53.67798],[-1.71262,53.67818],[-1.71237,53.67807],[-1.71101,53.67788],[-1.71061,53.67766],[-1.71071,53.67748],[-1.71059,53.67749],[-1.71055,53.67754],[-1.71041,53.67722],[-1.70926,53.67679],[-1.70709,53.67624],[-1.70648,53.67604],[-1.70647,53.67607],[-1.70418,53.67571],[-1.70414,53.67564],[-1.70406,53.67568],[-1.704,53.67562],[-1.70493,53.67478],[-1.69957,53.67279],[-1.69959,53.67256],[-1.69923,53.67219],[-1.69934,53.67206],[-1.69914,53.6719],[-1.69914,53.67183],[-1.69854,53.67116],[-1.69809,53.67089],[-1.69786,53.67092],[-1.6973,53.67065],[-1.69712,53.67051],[-1.69703,53.67037],[-1.69691,53.67033],[-1.69676,53.67039],[-1.69592,53.66956],[-1.69514,53.66889],[-1.6944,53.66845],[-1.6942,53.6684],[-1.69394,53.66848],[-1.69369,53.66842],[-1.69379,53.66836],[-1.69363,53.66812],[-1.69284,53.66825],[-1.69275,53.66796],[-1.69172,53.66776],[-1.68847,53.66775],[-1.68832,53.66778],[-1.68773,53.66766],[-1.68762,53.66769],[-1.68744,53.66766],[-1.68732,53.66773],[-1.68677,53.66775],[-1.68652,53.66783],[-1.68638,53.66782],[-1.68591,53.66773],[-1.68525,53.66769],[-1.68501,53.66742],[-1.68467,53.66734],[-1.68471,53.66716],[-1.68442,53.66713],[-1.68454,53.66716],[-1.68448,53.66725],[-1.6846,53.6674],[-1.68472,53.6674],[-1.68466,53.66749],[-1.68475,53.66756],[-1.68472,53.66763],[-1.68402,53.66758],[-1.68364,53.66762],[-1.68314,53.6681],[-1.68255,53.66826],[-1.68058,53.66841],[-1.67992,53.66821],[-1.67978,53.66811],[-1.67946,53.66805],[-1.67934,53.66796],[-1.67912,53.66794],[-1.67895,53.66771],[-1.6786,53.66769],[-1.6778,53.66801],[-1.67751,53.66828],[-1.6773,53.66838],[-1.67717,53.66874],[-1.67669,53.6689],[-1.67656,53.66912],[-1.67555,53.66952],[-1.67437,53.67053],[-1.67473,53.67075],[-1.67473,53.6708],[-1.67484,53.6708],[-1.67487,53.67103],[-1.67443,53.67105],[-1.67425,53.67113],[-1.67408,53.67113],[-1.67361,53.67134],[-1.67344,53.67134],[-1.67314,53.67143],[-1.67306,53.6715],[-1.67297,53.67148],[-1.67291,53.67157],[-1.67212,53.67173],[-1.67199,53.6717],[-1.67191,53.67173],[-1.67175,53.67157],[-1.67146,53.67164],[-1.67119,53.67159],[-1.67073,53.67167],[-1.67064,53.67166],[-1.67046,53.67173],[-1.67019,53.67172],[-1.66938,53.67182],[-1.66859,53.67228],[-1.66853,53.6726],[-1.66821,53.67257],[-1.66805,53.67249],[-1.66743,53.67246],[-1.6674,53.67237],[-1.66731,53.67235],[-1.66627,53.6726],[-1.66524,53.67294],[-1.6646,53.67322],[-1.66421,53.67356],[-1.6641,53.67351],[-1.66381,53.67369],[-1.6639,53.67381],[-1.66375,53.67372],[-1.66193,53.67492],[-1.66101,53.67544],[-1.65877,53.67628],[-1.65875,53.67632],[-1.65858,53.67639],[-1.65849,53.67633],[-1.65696,53.67682],[-1.65642,53.67631],[-1.65397,53.67599],[-1.654,53.67595],[-1.65388,53.67588],[-1.65377,53.6759],[-1.65373,53.67563],[-1.65382,53.67561],[-1.65382,53.67539],[-1.65373,53.67539],[-1.65378,53.67533],[-1.65364,53.67535],[-1.65372,53.67529],[-1.6536,53.67529],[-1.65357,53.67525],[-1.65286,53.67512],[-1.65255,53.6751],[-1.65234,53.67502],[-1.65231,53.67487],[-1.65189,53.67485],[-1.65178,53.67504],[-1.65147,53.6749],[-1.65065,53.67475],[-1.65006,53.67452],[-1.64987,53.67449],[-1.64953,53.6745],[-1.6495,53.67459],[-1.64962,53.6747],[-1.64951,53.67479],[-1.64894,53.6747],[-1.64839,53.67487],[-1.6483,53.67487],[-1.64808,53.67495],[-1.64804,53.67503],[-1.64801,53.675],[-1.64786,53.67502],[-1.64776,53.67499],[-1.64777,53.67493],[-1.64761,53.67494],[-1.64741,53.67506],[-1.64698,53.67516],[-1.64667,53.67628],[-1.64546,53.67642],[-1.6467,53.6764],[-1.64676,53.67666],[-1.6449,53.67675],[-1.64458,53.67646],[-1.64448,53.67643],[-1.64344,53.6754],[-1.64314,53.67524],[-1.64318,53.67522],[-1.64311,53.67515],[-1.64312,53.67511],[-1.6429,53.67488],[-1.64296,53.67481],[-1.64314,53.67476],[-1.64361,53.6749],[-1.64366,53.67484],[-1.64396,53.67477],[-1.64399,53.67461],[-1.64414,53.67449],[-1.64465,53.67381],[-1.64454,53.67375],[-1.64454,53.67382],[-1.64442,53.67385],[-1.64433,53.67383],[-1.64447,53.67367],[-1.64435,53.67339],[-1.64376,53.67308],[-1.64332,53.67294],[-1.64301,53.67293],[-1.64301,53.67279],[-1.64243,53.6725],[-1.6411,53.67232],[-1.63953,53.67227],[-1.63939,53.67255],[-1.63921,53.67259],[-1.63909,53.67279],[-1.63912,53.67286],[-1.6393,53.67299],[-1.63924,53.67304],[-1.63911,53.67304],[-1.63911,53.6731],[-1.63917,53.67311],[-1.6389,53.67322],[-1.63887,53.67318],[-1.63874,53.67318],[-1.63874,53.67322],[-1.63822,53.67322],[-1.63816,53.6733],[-1.63733,53.67326],[-1.63702,53.6732],[-1.62953,53.67306],[-1.62876,53.67317],[-1.62811,53.67318],[-1.62688,53.6733],[-1.62644,53.67331],[-1.62455,53.67358],[-1.62264,53.67426],[-1.62267,53.6743],[-1.62229,53.67425],[-1.62221,53.67428],[-1.62176,53.67406],[-1.62077,53.67343],[-1.62077,53.67332],[-1.6191,53.67226],[-1.61898,53.67213],[-1.61901,53.6721],[-1.61883,53.67199],[-1.61886,53.67192],[-1.61874,53.67188],[-1.61871,53.67181],[-1.61857,53.67179],[-1.61811,53.67132],[-1.61798,53.67125],[-1.61782,53.67123],[-1.61771,53.67112],[-1.61747,53.67107],[-1.61726,53.6709],[-1.61725,53.67081],[-1.61667,53.67065],[-1.61666,53.6706],[-1.61639,53.67051],[-1.61642,53.67047],[-1.61622,53.67037],[-1.61589,53.67031],[-1.61581,53.67023],[-1.61572,53.67027],[-1.61453,53.67014],[-1.61414,53.67075],[-1.61375,53.67062],[-1.61363,53.67062],[-1.61363,53.67059],[-1.61334,53.67051],[-1.61336,53.67046],[-1.61307,53.67042],[-1.61309,53.67037],[-1.61277,53.67032],[-1.61276,53.67026],[-1.61245,53.67022],[-1.61239,53.67015],[-1.61217,53.67011],[-1.61215,53.67006],[-1.61178,53.67001],[-1.61179,53.66995],[-1.61171,53.66998],[-1.61111,53.66979],[-1.61108,53.66974],[-1.61084,53.6697],[-1.61081,53.66965],[-1.61036,53.66955],[-1.61031,53.6695],[-1.61008,53.66949],[-1.60962,53.66937],[-1.60959,53.66932],[-1.6093,53.66927],[-1.60866,53.66921],[-1.60859,53.66911],[-1.60833,53.66919],[-1.60797,53.66918],[-1.60774,53.66913],[-1.6077,53.66917],[-1.60691,53.66913],[-1.60688,53.66916],[-1.6067,53.66916],[-1.60659,53.66913],[-1.60659,53.66917],[-1.6062,53.66916],[-1.6062,53.6692],[-1.60609,53.66921],[-1.60609,53.66918],[-1.60597,53.66916],[-1.60582,53.66921],[-1.60558,53.66919],[-1.6053,53.66926],[-1.60518,53.66923],[-1.60485,53.66928],[-1.60461,53.66923],[-1.60458,53.66926],[-1.60434,53.66924],[-1.60427,53.66928],[-1.60415,53.66924],[-1.60409,53.66928],[-1.60394,53.66924],[-1.60382,53.6693],[-1.6037,53.66922],[-1.60301,53.6691],[-1.60298,53.66904],[-1.60276,53.66901],[-1.6026,53.66891],[-1.60248,53.66877],[-1.60254,53.66868],[-1.60239,53.66848],[-1.60241,53.66836],[-1.60229,53.66837],[-1.60229,53.6683],[-1.60207,53.66821],[-1.60212,53.6681],[-1.60171,53.66796],[-1.60159,53.66785],[-1.60144,53.66783],[-1.60132,53.66769],[-1.60111,53.66756],[-1.60099,53.66754],[-1.60075,53.66731],[-1.60056,53.66722],[-1.60054,53.66715],[-1.60018,53.667],[-1.60012,53.66702],[-1.60015,53.6671],[-1.60033,53.66724],[-1.60021,53.66724],[-1.60016,53.66715],[-1.59995,53.66705],[-1.59995,53.66698],[-1.59974,53.66689],[-1.59967,53.66678],[-1.59923,53.66653],[-1.59895,53.66618],[-1.59766,53.66489],[-1.59653,53.664],[-1.59638,53.66392],[-1.59555,53.66375],[-1.59546,53.66361],[-1.59537,53.66359],[-1.59522,53.66361],[-1.59464,53.66351],[-1.59463,53.66354],[-1.59399,53.66352],[-1.59381,53.66342],[-1.59365,53.66344],[-1.59328,53.66336],[-1.59328,53.66331],[-1.59313,53.66329],[-1.59303,53.66318],[-1.59282,53.66313],[-1.59264,53.66302],[-1.5925,53.66286],[-1.59238,53.66279],[-1.59232,53.66282],[-1.59229,53.66277],[-1.59196,53.66286],[-1.59183,53.66284],[-1.5918,53.66287],[-1.5915,53.6628],[-1.59144,53.66284],[-1.59119,53.66275],[-1.59128,53.66271],[-1.59105,53.66267],[-1.59085,53.66251],[-1.59072,53.66249],[-1.59066,53.6624],[-1.59037,53.66226],[-1.59034,53.66219],[-1.59004,53.66204],[-1.59003,53.66197],[-1.5898,53.6619],[-1.58879,53.66123],[-1.58479,53.65917],[-1.58355,53.6588],[-1.58352,53.65871],[-1.58328,53.65864],[-1.5831,53.6584],[-1.58282,53.65826],[-1.58282,53.65819],[-1.58267,53.65808],[-1.58268,53.65801],[-1.58261,53.65795],[-1.58267,53.65776],[-1.58261,53.65772],[-1.5827,53.65749],[-1.5818,53.65702],[-1.58183,53.65685],[-1.58192,53.65684],[-1.58197,53.65676],[-1.58221,53.65665],[-1.58248,53.6567],[-1.58248,53.65676],[-1.58301,53.65695],[-1.58304,53.65688],[-1.58324,53.65676],[-1.58348,53.65667],[-1.58347,53.65659],[-1.58359,53.6565],[-1.58353,53.65646],[-1.58394,53.65628],[-1.58411,53.65628],[-1.58424,53.65635],[-1.58519,53.65652],[-1.5862,53.65689],[-1.58689,53.6566],[-1.58696,53.65661],[-1.58696,53.6567],[-1.58711,53.65675],[-1.58711,53.65679],[-1.58734,53.65679],[-1.58734,53.65684],[-1.58749,53.65684],[-1.58749,53.65688],[-1.58764,53.65688],[-1.58764,53.65693],[-1.58779,53.65697],[-1.58779,53.65706],[-1.58794,53.65711],[-1.58801,53.65733],[-1.58809,53.65733],[-1.58809,53.65738],[-1.58824,53.65738],[-1.58824,53.65747],[-1.58832,53.65747],[-1.58832,53.65751],[-1.58847,53.65752],[-1.58847,53.65756],[-1.58854,53.65756],[-1.58854,53.65765],[-1.58892,53.6577],[-1.58892,53.65774],[-1.58922,53.65774],[-1.58922,53.65779],[-1.5896,53.65783],[-1.5896,53.65788],[-1.58982,53.65788],[-1.5899,53.65797],[-1.59005,53.65797],[-1.59013,53.65806],[-1.59028,53.65806],[-1.59028,53.65815],[-1.59035,53.65815],[-1.59035,53.6582],[-1.59065,53.65824],[-1.59073,53.65833],[-1.59103,53.65838],[-1.59103,53.65842],[-1.59126,53.65842],[-1.59126,53.65851],[-1.59148,53.65851],[-1.59148,53.6586],[-1.59156,53.6586],[-1.59156,53.65865],[-1.59171,53.65865],[-1.59171,53.65883],[-1.59178,53.65883],[-1.59178,53.65892],[-1.59193,53.65892],[-1.59193,53.65897],[-1.59201,53.65897],[-1.59201,53.65901],[-1.59223,53.6591],[-1.59223,53.65915],[-1.59269,53.65919],[-1.59269,53.65924],[-1.59276,53.65924],[-1.59276,53.65928],[-1.59291,53.65928],[-1.59291,53.65933],[-1.59306,53.65933],[-1.59306,53.65928],[-1.59344,53.65928],[-1.59344,53.65933],[-1.59359,53.65933],[-1.59359,53.65938],[-1.59374,53.65942],[-1.59374,53.6596],[-1.59382,53.6596],[-1.59382,53.65965],[-1.5942,53.65969],[-1.5942,53.65974],[-1.59435,53.65974],[-1.59435,53.65978],[-1.5945,53.65978],[-1.5945,53.65983],[-1.59472,53.65983],[-1.59472,53.65987],[-1.5951,53.65987],[-1.5951,53.65992],[-1.59556,53.65992],[-1.59556,53.65988],[-1.59593,53.65983],[-1.59601,53.65965],[-1.59609,53.65965],[-1.59609,53.65961],[-1.59632,53.65952],[-1.59632,53.65943],[-1.59639,53.65943],[-1.59654,53.6593],[-1.59662,53.6593],[-1.59662,53.65925],[-1.59677,53.65925],[-1.59677,53.65921],[-1.59692,53.65916],[-1.597,53.65907],[-1.59723,53.65907],[-1.59723,53.65903],[-1.59768,53.65903],[-1.59768,53.65894],[-1.59776,53.65894],[-1.59776,53.65889],[-1.59806,53.6589],[-1.59806,53.65885],[-1.59814,53.65885],[-1.59814,53.65894],[-1.59821,53.65894],[-1.59821,53.6589],[-1.59836,53.6589],[-1.59836,53.65899],[-1.59859,53.65899],[-1.59859,53.6589],[-1.59874,53.65885],[-1.59882,53.65876],[-1.59897,53.65876],[-1.59897,53.65872],[-1.59912,53.65872],[-1.59912,53.65867],[-1.59927,53.65872],[-1.59927,53.65868],[-1.5995,53.65868],[-1.59958,53.65859],[-1.59965,53.65859],[-1.59965,53.65863],[-1.5998,53.65863],[-1.59996,53.65845],[-1.60079,53.65846],[-1.60079,53.65841],[-1.60147,53.65841],[-1.60147,53.65837],[-1.60223,53.65837],[-1.60223,53.65833],[-1.60238,53.65833],[-1.60238,53.65828],[-1.60291,53.65824],[-1.60299,53.65815],[-1.60344,53.65815],[-1.60359,53.65802],[-1.60405,53.65797],[-1.60405,53.65793],[-1.60428,53.65793],[-1.60428,53.65788],[-1.60458,53.65784],[-1.60458,53.65779],[-1.60473,53.65779],[-1.60473,53.65775],[-1.60488,53.65775],[-1.60496,53.65766],[-1.60526,53.65762],[-1.60534,53.65753],[-1.60579,53.65748],[-1.60579,53.65744],[-1.60594,53.65744],[-1.60594,53.65739],[-1.6064,53.65735],[-1.6064,53.65731],[-1.60663,53.65731],[-1.60663,53.65726],[-1.60701,53.65722],[-1.60701,53.65717],[-1.60716,53.65717],[-1.60716,53.65713],[-1.60738,53.65713],[-1.60738,53.65708],[-1.60769,53.65709],[-1.60769,53.65704],[-1.60776,53.65704],[-1.60776,53.65709],[-1.60852,53.65713],[-1.60852,53.65709],[-1.60875,53.65709],[-1.60875,53.65704],[-1.6089,53.65704],[-1.6089,53.657],[-1.6092,53.657],[-1.6092,53.65696],[-1.6095,53.65696],[-1.6095,53.65691],[-1.60966,53.65691],[-1.60966,53.65687],[-1.60996,53.65687],[-1.60996,53.65682],[-1.61019,53.65682],[-1.61019,53.65678],[-1.61049,53.65678],[-1.61057,53.65669],[-1.61072,53.65669],[-1.61079,53.6566],[-1.61095,53.65656],[-1.61095,53.65651],[-1.6111,53.65647],[-1.6111,53.65642],[-1.61125,53.65642],[-1.61125,53.65638],[-1.61201,53.65634],[-1.61201,53.65629],[-1.61239,53.65629],[-1.61239,53.65625],[-1.61276,53.65625],[-1.61276,53.6562],[-1.61329,53.6562],[-1.61329,53.65616],[-1.61345,53.65621],[-1.61345,53.65616],[-1.61352,53.65616],[-1.61352,53.65625],[-1.6136,53.65625],[-1.61367,53.65616],[-1.61382,53.65616],[-1.61382,53.65621],[-1.61466,53.65621],[-1.61466,53.65625],[-1.61473,53.65625],[-1.61473,53.65621],[-1.61541,53.65621],[-1.61557,53.65603],[-1.61632,53.65603],[-1.61632,53.65599],[-1.61647,53.65599],[-1.61647,53.65595],[-1.61655,53.65595],[-1.61663,53.65586],[-1.61678,53.6559],[-1.61678,53.65586],[-1.61708,53.65586],[-1.61708,53.65581],[-1.61723,53.65581],[-1.61723,53.65577],[-1.61738,53.65581],[-1.61738,53.65577],[-1.61753,53.65577],[-1.61754,53.65572],[-1.61761,53.65572],[-1.61761,53.65568],[-1.61776,53.65568],[-1.61776,53.65572],[-1.61837,53.65573],[-1.61837,53.65577],[-1.61852,53.65577],[-1.61875,53.6555],[-1.61928,53.6555],[-1.61928,53.65555],[-1.61943,53.65555],[-1.61943,53.65551],[-1.61973,53.65551],[-1.61973,53.65555],[-1.62003,53.65555],[-1.62011,53.65564],[-1.62056,53.65564],[-1.62056,53.65569],[-1.62071,53.65569],[-1.62071,53.65573],[-1.62079,53.65573],[-1.62079,53.65578],[-1.62094,53.65578],[-1.62094,53.65582],[-1.62101,53.65582],[-1.62101,53.65587],[-1.62116,53.65592],[-1.62124,53.65601],[-1.62139,53.65601],[-1.62147,53.6561],[-1.62169,53.6561],[-1.62184,53.65623],[-1.62199,53.65623],[-1.62207,53.65632],[-1.62237,53.65637],[-1.62237,53.65641],[-1.62252,53.65641],[-1.62252,53.65646],[-1.62267,53.65646],[-1.62267,53.6565],[-1.62298,53.65651],[-1.62297,53.65655],[-1.62313,53.65655],[-1.62313,53.6566],[-1.62335,53.6566],[-1.62343,53.65669],[-1.62411,53.65673],[-1.62411,53.65678],[-1.62426,53.65678],[-1.62426,53.65682],[-1.62471,53.65687],[-1.62471,53.65696],[-1.62547,53.65701],[-1.62547,53.65705],[-1.62562,53.65705],[-1.62562,53.6571],[-1.62584,53.6571],[-1.62584,53.65714],[-1.62615,53.65714],[-1.62615,53.65719],[-1.6263,53.65719],[-1.6263,53.65723],[-1.62652,53.65724],[-1.62652,53.65733],[-1.62683,53.65724],[-1.62683,53.65728],[-1.62698,53.65728],[-1.62698,53.65737],[-1.62728,53.65737],[-1.62728,53.65742],[-1.62743,53.65742],[-1.62743,53.65746],[-1.62781,53.65751],[-1.62781,53.65755],[-1.62803,53.65755],[-1.62811,53.65764],[-1.62849,53.65765],[-1.62856,53.65774],[-1.62871,53.65774],[-1.62871,53.65778],[-1.62909,53.65783],[-1.62917,53.65792],[-1.62977,53.65796],[-1.62977,53.65801],[-1.63007,53.65801],[-1.63007,53.65806],[-1.63053,53.65806],[-1.63053,53.6581],[-1.63121,53.6581],[-1.63121,53.65815],[-1.63159,53.65819],[-1.63166,53.65828],[-1.63196,53.65824],[-1.63196,53.65829],[-1.63227,53.65829],[-1.63226,53.65833],[-1.63264,53.65833],[-1.63272,53.65842],[-1.63279,53.65842],[-1.63279,53.65838],[-1.63385,53.65838],[-1.63385,53.65843],[-1.634,53.65843],[-1.634,53.65847],[-1.63423,53.65847],[-1.63423,53.65843],[-1.63438,53.65843],[-1.63438,53.65838],[-1.63446,53.65838],[-1.63446,53.65843],[-1.63469,53.65843],[-1.63469,53.65838],[-1.63476,53.65838],[-1.63476,53.65843],[-1.63484,53.65843],[-1.63484,53.65838],[-1.63514,53.65839],[-1.63514,53.65843],[-1.63552,53.65843],[-1.63552,53.65848],[-1.6362,53.65848],[-1.6362,53.65852],[-1.6365,53.65852],[-1.6365,53.65857],[-1.63756,53.65857],[-1.63756,53.65853],[-1.63801,53.65853],[-1.63801,53.65857],[-1.63824,53.65857],[-1.63824,53.65853],[-1.63839,53.65853],[-1.63839,53.65857],[-1.63869,53.65858],[-1.63869,53.65853],[-1.63945,53.65853],[-1.63945,53.65858],[-1.63975,53.65858],[-1.63975,53.65853],[-1.64028,53.65854],[-1.64028,53.65858],[-1.64036,53.65858],[-1.64036,53.65854],[-1.64089,53.65854],[-1.64089,53.65858],[-1.64127,53.65858],[-1.64127,53.65854],[-1.64142,53.65854],[-1.64142,53.65858],[-1.6421,53.65859],[-1.6421,53.65854],[-1.64248,53.65854],[-1.64248,53.6585],[-1.64255,53.6585],[-1.64255,53.65854],[-1.64301,53.65854],[-1.64301,53.65859],[-1.64369,53.65859],[-1.64369,53.65864],[-1.64414,53.65864],[-1.64414,53.65868],[-1.64459,53.65868],[-1.64459,53.65873],[-1.64512,53.65877],[-1.64512,53.65882],[-1.64535,53.65882],[-1.64535,53.65887],[-1.6455,53.65887],[-1.6455,53.65882],[-1.64626,53.65882],[-1.64626,53.65887],[-1.64694,53.65887],[-1.64694,53.65878],[-1.64732,53.65874],[-1.64732,53.65869],[-1.64754,53.65869],[-1.64755,53.65865],[-1.64815,53.6586],[-1.64815,53.65856],[-1.64845,53.65856],[-1.64845,53.65851],[-1.64898,53.65852],[-1.64898,53.65847],[-1.64929,53.65847],[-1.64929,53.65843],[-1.64967,53.65847],[-1.64982,53.65834],[-1.64967,53.65829],[-1.64967,53.65834],[-1.64936,53.65834],[-1.64936,53.65838],[-1.64906,53.65838],[-1.64906,53.65843],[-1.64861,53.65843],[-1.64861,53.65847],[-1.64823,53.65847],[-1.64823,53.65851],[-1.64777,53.65851],[-1.64777,53.65856],[-1.64762,53.65856],[-1.64762,53.6586],[-1.64739,53.6586],[-1.64739,53.65865],[-1.64694,53.65865],[-1.64686,53.65873],[-1.6458,53.65873],[-1.6458,53.65869],[-1.6449,53.65864],[-1.6449,53.65859],[-1.64467,53.65859],[-1.64467,53.65855],[-1.6446,53.65855],[-1.64459,53.65859],[-1.64437,53.65859],[-1.64437,53.65855],[-1.64391,53.65855],[-1.64391,53.6585],[-1.64339,53.65846],[-1.64339,53.65841],[-1.64308,53.65841],[-1.64308,53.65836],[-1.64293,53.65836],[-1.64293,53.65841],[-1.64271,53.65841],[-1.64271,53.65836],[-1.64104,53.65836],[-1.64104,53.6584],[-1.64059,53.6584],[-1.64059,53.65836],[-1.6393,53.65835],[-1.6393,53.6584],[-1.63915,53.6584],[-1.63915,53.65835],[-1.63907,53.65835],[-1.63907,53.6584],[-1.63854,53.6584],[-1.63854,53.65835],[-1.63847,53.65835],[-1.63847,53.6584],[-1.63824,53.65839],[-1.63824,53.65835],[-1.63809,53.65835],[-1.63809,53.65839],[-1.63801,53.65839],[-1.63801,53.65835],[-1.63718,53.65835],[-1.63718,53.65839],[-1.63711,53.65839],[-1.63711,53.65835],[-1.63673,53.65835],[-1.63673,53.6583],[-1.63658,53.6583],[-1.63658,53.65834],[-1.6365,53.65834],[-1.6365,53.6583],[-1.63643,53.6583],[-1.63643,53.65834],[-1.63635,53.65834],[-1.63635,53.6583],[-1.6359,53.6583],[-1.6359,53.65825],[-1.63575,53.6583],[-1.63575,53.65825],[-1.63522,53.65825],[-1.63522,53.65821],[-1.63507,53.65821],[-1.63506,53.65825],[-1.63499,53.65825],[-1.63491,53.65816],[-1.63484,53.65816],[-1.63484,53.6582],[-1.63438,53.6582],[-1.63438,53.65825],[-1.63378,53.65825],[-1.63378,53.6582],[-1.63242,53.6582],[-1.63242,53.65815],[-1.63219,53.65815],[-1.63219,53.65811],[-1.63189,53.65811],[-1.63181,53.65802],[-1.63159,53.65801],[-1.63159,53.65797],[-1.63106,53.65792],[-1.63106,53.65788],[-1.63098,53.65788],[-1.63098,53.65792],[-1.63045,53.65792],[-1.63045,53.65788],[-1.6303,53.65788],[-1.63023,53.65779],[-1.6297,53.65778],[-1.62962,53.65769],[-1.6294,53.65769],[-1.62932,53.6576],[-1.62909,53.6576],[-1.62909,53.65756],[-1.62879,53.65751],[-1.62872,53.65742],[-1.62857,53.65738],[-1.62857,53.65733],[-1.62841,53.65738],[-1.62842,53.65733],[-1.62819,53.65733],[-1.62811,53.65724],[-1.62781,53.65724],[-1.62781,53.65719],[-1.62766,53.65724],[-1.62758,53.65715],[-1.62728,53.65715],[-1.62728,53.6571],[-1.62713,53.6571],[-1.62713,53.65706],[-1.62622,53.65701],[-1.62622,53.65696],[-1.62607,53.65696],[-1.62607,53.65692],[-1.62585,53.65692],[-1.62577,53.65683],[-1.62524,53.65678],[-1.62517,53.65669],[-1.62502,53.65674],[-1.62487,53.6566],[-1.62464,53.6566],[-1.62464,53.65656],[-1.62441,53.65655],[-1.62441,53.6566],[-1.62434,53.6566],[-1.62434,53.65655],[-1.62396,53.65655],[-1.62396,53.65651],[-1.62381,53.65651],[-1.62381,53.65646],[-1.62366,53.65646],[-1.62366,53.65637],[-1.62351,53.65642],[-1.62343,53.65633],[-1.6232,53.65633],[-1.6232,53.65624],[-1.62313,53.65624],[-1.62313,53.65628],[-1.62298,53.65624],[-1.62298,53.65628],[-1.62283,53.65628],[-1.62283,53.65623],[-1.62252,53.65623],[-1.62252,53.65614],[-1.6223,53.65614],[-1.6223,53.65605],[-1.62222,53.65605],[-1.62222,53.65601],[-1.62207,53.65601],[-1.62207,53.65592],[-1.62192,53.65592],[-1.62192,53.65587],[-1.62207,53.65587],[-1.62207,53.65583],[-1.62177,53.65583],[-1.62177,53.65578],[-1.622,53.65578],[-1.622,53.65569],[-1.62207,53.65569],[-1.62208,53.65547],[-1.622,53.65547],[-1.622,53.65542],[-1.62208,53.65542],[-1.62208,53.65524],[-1.62215,53.65524],[-1.62208,53.65515],[-1.62216,53.65515],[-1.62223,53.65493],[-1.62238,53.65493],[-1.62238,53.65484],[-1.62261,53.65484],[-1.62261,53.6548],[-1.62269,53.6548],[-1.62269,53.65475],[-1.62261,53.65475],[-1.62261,53.65453],[-1.62277,53.65448],[-1.62277,53.65444],[-1.62292,53.65444],[-1.62292,53.65448],[-1.62299,53.65448],[-1.62299,53.65444],[-1.6233,53.65444],[-1.62337,53.65435],[-1.6236,53.65435],[-1.6236,53.6543],[-1.62375,53.65431],[-1.62383,53.65422],[-1.62405,53.65422],[-1.62406,53.65417],[-1.62466,53.65417],[-1.62466,53.65413],[-1.62481,53.65413],[-1.62481,53.65417],[-1.62519,53.65418],[-1.62519,53.65413],[-1.62557,53.65413],[-1.62557,53.65409],[-1.62572,53.65409],[-1.62565,53.654],[-1.62527,53.654],[-1.62527,53.65404],[-1.62519,53.65404],[-1.62519,53.654],[-1.62391,53.65399],[-1.6239,53.65404],[-1.62375,53.65404],[-1.62375,53.65408],[-1.6236,53.65408],[-1.6236,53.65413],[-1.62345,53.65412],[-1.62345,53.65417],[-1.62322,53.65417],[-1.62322,53.65421],[-1.62307,53.65421],[-1.62307,53.65426],[-1.62292,53.65426],[-1.62292,53.6543],[-1.62277,53.6543],[-1.62277,53.65435],[-1.62262,53.65435],[-1.62262,53.65439],[-1.62246,53.65439],[-1.62246,53.65444],[-1.62231,53.65444],[-1.62231,53.65448],[-1.62201,53.65452],[-1.62201,53.65461],[-1.62186,53.65461],[-1.62186,53.65466],[-1.62178,53.65466],[-1.6217,53.65475],[-1.62155,53.65479],[-1.62148,53.65497],[-1.62132,53.65502],[-1.62132,53.65515],[-1.62117,53.65515],[-1.62117,53.6552],[-1.6211,53.6552],[-1.62117,53.65529],[-1.62102,53.65533],[-1.62102,53.65542],[-1.62087,53.65542],[-1.62087,53.65555],[-1.62079,53.65555],[-1.62079,53.65551],[-1.62049,53.65551],[-1.62049,53.65546],[-1.62034,53.65546],[-1.62034,53.65542],[-1.62003,53.65542],[-1.62003,53.65537],[-1.61966,53.65533],[-1.61966,53.65528],[-1.61943,53.65528],[-1.61943,53.65533],[-1.61882,53.65532],[-1.61882,53.65537],[-1.61845,53.65537],[-1.61845,53.65541],[-1.61799,53.65541],[-1.61799,53.65546],[-1.61769,53.65545],[-1.61769,53.6555],[-1.61678,53.65554],[-1.61678,53.65559],[-1.61617,53.65558],[-1.61617,53.65554],[-1.6161,53.65554],[-1.6161,53.65558],[-1.61572,53.65563],[-1.61572,53.65567],[-1.61549,53.65567],[-1.61542,53.65576],[-1.61527,53.65576],[-1.61527,53.65572],[-1.61511,53.65572],[-1.61511,53.65576],[-1.61481,53.65576],[-1.61481,53.6558],[-1.61466,53.6558],[-1.61466,53.65585],[-1.6142,53.65589],[-1.6142,53.65594],[-1.61383,53.65589],[-1.61383,53.65594],[-1.61367,53.65594],[-1.61368,53.65589],[-1.61352,53.65589],[-1.61352,53.65594],[-1.6133,53.65593],[-1.6133,53.65598],[-1.61292,53.65598],[-1.61292,53.65602],[-1.61224,53.65607],[-1.61224,53.65611],[-1.61102,53.65615],[-1.61102,53.6562],[-1.61072,53.65624],[-1.61072,53.65629],[-1.61049,53.65638],[-1.61049,53.65647],[-1.61042,53.65646],[-1.61042,53.65651],[-1.61034,53.65651],[-1.61034,53.65646],[-1.61019,53.65646],[-1.61004,53.6566],[-1.60951,53.6566],[-1.60951,53.65655],[-1.60928,53.65655],[-1.6092,53.65664],[-1.60905,53.65664],[-1.60905,53.6566],[-1.60898,53.6566],[-1.6089,53.65668],[-1.60875,53.65668],[-1.60875,53.65664],[-1.60868,53.65664],[-1.60867,53.65668],[-1.60852,53.65668],[-1.60852,53.65673],[-1.60822,53.65673],[-1.60822,53.65682],[-1.60777,53.65682],[-1.60777,53.65686],[-1.60761,53.65686],[-1.60761,53.65691],[-1.60739,53.6569],[-1.60731,53.65699],[-1.60716,53.65699],[-1.60716,53.65704],[-1.60655,53.65708],[-1.60648,53.65717],[-1.60617,53.65722],[-1.60617,53.65726],[-1.60579,53.65726],[-1.60579,53.6573],[-1.60534,53.65735],[-1.60534,53.65739],[-1.60519,53.65739],[-1.60519,53.65744],[-1.60488,53.65748],[-1.60479,53.65752],[-1.60481,53.65757],[-1.60448,53.65757],[-1.60435,53.65775],[-1.60413,53.65775],[-1.60413,53.65779],[-1.6039,53.65779],[-1.6039,53.65784],[-1.60329,53.65788],[-1.60329,53.65792],[-1.60314,53.65792],[-1.60314,53.65797],[-1.602,53.65801],[-1.602,53.65806],[-1.6017,53.65805],[-1.6017,53.6581],[-1.60117,53.65814],[-1.60117,53.65819],[-1.60026,53.65823],[-1.60026,53.65827],[-1.59958,53.65832],[-1.59958,53.65836],[-1.59897,53.65836],[-1.59897,53.6584],[-1.59882,53.6584],[-1.59882,53.65845],[-1.59822,53.65845],[-1.59822,53.65849],[-1.59807,53.65849],[-1.59807,53.65854],[-1.59799,53.65854],[-1.59799,53.65858],[-1.59769,53.65858],[-1.59769,53.65867],[-1.59761,53.65867],[-1.59761,53.65871],[-1.59746,53.65871],[-1.59746,53.65876],[-1.59723,53.65876],[-1.59723,53.6588],[-1.59685,53.6588],[-1.59685,53.65885],[-1.5967,53.65885],[-1.5967,53.65889],[-1.59655,53.65889],[-1.59655,53.65894],[-1.5964,53.65898],[-1.59617,53.65916],[-1.59579,53.6592],[-1.59579,53.65929],[-1.59571,53.65929],[-1.59571,53.65938],[-1.59564,53.65938],[-1.59556,53.65947],[-1.59541,53.65947],[-1.59533,53.65938],[-1.59503,53.65938],[-1.59503,53.65934],[-1.59496,53.65933],[-1.59495,53.65942],[-1.59465,53.65942],[-1.59465,53.65951],[-1.59458,53.65951],[-1.59458,53.65947],[-1.59442,53.65947],[-1.59443,53.65942],[-1.59427,53.65942],[-1.59427,53.65938],[-1.59412,53.65933],[-1.59412,53.6592],[-1.59405,53.6592],[-1.5939,53.65906],[-1.59322,53.65901],[-1.59322,53.65897],[-1.59292,53.65897],[-1.59292,53.65892],[-1.59277,53.65892],[-1.59277,53.65888],[-1.59261,53.65892],[-1.59246,53.65879],[-1.59231,53.65879],[-1.59231,53.6587],[-1.59216,53.65865],[-1.59216,53.65852],[-1.59209,53.65852],[-1.59209,53.65843],[-1.59201,53.65843],[-1.59194,53.65825],[-1.59171,53.65825],[-1.59171,53.65811],[-1.59156,53.65811],[-1.59156,53.65802],[-1.59141,53.65802],[-1.59134,53.65793],[-1.59126,53.65793],[-1.59126,53.65788],[-1.59111,53.65788],[-1.59111,53.65784],[-1.59081,53.65779],[-1.59073,53.6577],[-1.59043,53.6577],[-1.59036,53.65761],[-1.59013,53.65761],[-1.59013,53.65757],[-1.59005,53.65757],[-1.59006,53.65748],[-1.58998,53.65748],[-1.58998,53.65739],[-1.58991,53.65739],[-1.58991,53.65725],[-1.58998,53.65725],[-1.58998,53.65721],[-1.58991,53.65721],[-1.58991,53.65716],[-1.58983,53.65716],[-1.58983,53.65721],[-1.58953,53.6572],[-1.58953,53.65716],[-1.58938,53.65716],[-1.58938,53.65711],[-1.5893,53.65711],[-1.5893,53.65693],[-1.58915,53.65689],[-1.58915,53.65684],[-1.589,53.65684],[-1.589,53.6568],[-1.58893,53.6568],[-1.58893,53.65666],[-1.58885,53.65666],[-1.58885,53.65671],[-1.5887,53.65671],[-1.5887,53.65666],[-1.58855,53.65666],[-1.58855,53.65662],[-1.58848,53.65662],[-1.58847,53.65666],[-1.58817,53.65666],[-1.5881,53.65675],[-1.58802,53.65675],[-1.58802,53.6567],[-1.58787,53.6567],[-1.58772,53.65657],[-1.58764,53.65657],[-1.58764,53.65652],[-1.58749,53.65652],[-1.58749,53.65648],[-1.58742,53.65648],[-1.58742,53.65639],[-1.58727,53.65639],[-1.58712,53.65625],[-1.58704,53.65625],[-1.58704,53.65616],[-1.58697,53.65616],[-1.58682,53.65603],[-1.58674,53.65603],[-1.58674,53.65594],[-1.58667,53.65594],[-1.58667,53.65589],[-1.58659,53.65589],[-1.58659,53.6558],[-1.58652,53.6558],[-1.58652,53.65567],[-1.58637,53.65567],[-1.58629,53.65558],[-1.58614,53.65557],[-1.58614,53.65553],[-1.58599,53.65553],[-1.58599,53.65548],[-1.58576,53.65548],[-1.58576,53.65544],[-1.58531,53.65539],[-1.58531,53.65544],[-1.58486,53.65544],[-1.58484,53.65548],[-1.58428,53.6552],[-1.58369,53.65551],[-1.58266,53.65581],[-1.5806,53.65604],[-1.58054,53.65594],[-1.58063,53.65584],[-1.58048,53.65585],[-1.57998,53.65548],[-1.57964,53.65544],[-1.57971,53.65537],[-1.57956,53.65537],[-1.57956,53.65542],[-1.57941,53.65542],[-1.57941,53.65546],[-1.57926,53.6555],[-1.57927,53.65542],[-1.57935,53.65542],[-1.57939,53.65534],[-1.5795,53.65536],[-1.57956,53.65526],[-1.57947,53.65532],[-1.57932,53.65513],[-1.57906,53.65503],[-1.57899,53.65505],[-1.57917,53.65521],[-1.57908,53.65548],[-1.57888,53.65532],[-1.5788,53.65532],[-1.57881,53.65523],[-1.57865,53.65519],[-1.5785,53.65505],[-1.57843,53.65505],[-1.57836,53.65447],[-1.57828,53.65447],[-1.57828,53.65438],[-1.57821,53.65438],[-1.57821,53.65429],[-1.57829,53.65429],[-1.57842,53.65417],[-1.57814,53.65411],[-1.57821,53.65393],[-1.57806,53.65393],[-1.57806,53.65388],[-1.57799,53.65388],[-1.57799,53.65384],[-1.57791,53.65384],[-1.57791,53.65375],[-1.57784,53.65375],[-1.57784,53.65366],[-1.57776,53.65366],[-1.57776,53.65348],[-1.57784,53.65348],[-1.57784,53.65339],[-1.57792,53.65339],[-1.57792,53.65325],[-1.57822,53.65317],[-1.57822,53.65308],[-1.57837,53.65303],[-1.57837,53.65294],[-1.57845,53.65294],[-1.57845,53.65285],[-1.5786,53.65285],[-1.5786,53.65272],[-1.57868,53.65272],[-1.57868,53.65267],[-1.57876,53.65267],[-1.57876,53.65263],[-1.57883,53.65263],[-1.57898,53.65249],[-1.57906,53.65249],[-1.57906,53.65245],[-1.57921,53.65245],[-1.57921,53.65236],[-1.57929,53.65236],[-1.57929,53.65231],[-1.57936,53.65232],[-1.57952,53.65218],[-1.57959,53.65218],[-1.57959,53.65214],[-1.57967,53.65214],[-1.57967,53.65205],[-1.57974,53.65205],[-1.57975,53.652],[-1.57997,53.652],[-1.58005,53.65182],[-1.5802,53.65182],[-1.58028,53.65173],[-1.58035,53.65173],[-1.58035,53.65164],[-1.58051,53.6516],[-1.58051,53.65151],[-1.58073,53.65151],[-1.58073,53.65142],[-1.58089,53.65138],[-1.58089,53.65129],[-1.58104,53.65124],[-1.58104,53.65102],[-1.58134,53.65088],[-1.58135,53.65079],[-1.5815,53.65079],[-1.5815,53.6507],[-1.58157,53.65071],[-1.58157,53.65062],[-1.58165,53.65062],[-1.58165,53.65044],[-1.58195,53.65039],[-1.58196,53.65035],[-1.58226,53.65039],[-1.58241,53.65026],[-1.58271,53.65021],[-1.58279,53.65013],[-1.58294,53.65013],[-1.58294,53.65008],[-1.58309,53.65008],[-1.58309,53.65004],[-1.58324,53.65004],[-1.5834,53.6499],[-1.58355,53.6499],[-1.58362,53.64981],[-1.58378,53.64977],[-1.58378,53.64968],[-1.58393,53.64963],[-1.58401,53.64955],[-1.58408,53.64955],[-1.58408,53.64946],[-1.58431,53.64937],[-1.58431,53.64928],[-1.58446,53.64923],[-1.58446,53.64914],[-1.58461,53.64914],[-1.58462,53.6491],[-1.58492,53.64896],[-1.58492,53.64887],[-1.585,53.64887],[-1.58515,53.64874],[-1.5853,53.64874],[-1.58545,53.64861],[-1.5856,53.64861],[-1.58568,53.64852],[-1.58583,53.64852],[-1.58583,53.64847],[-1.58606,53.64838],[-1.58606,53.64834],[-1.58621,53.64834],[-1.58621,53.64829],[-1.58629,53.64829],[-1.58636,53.6482],[-1.58667,53.64816],[-1.58674,53.64807],[-1.58705,53.64803],[-1.58712,53.64794],[-1.58727,53.64794],[-1.58727,53.64789],[-1.5875,53.64789],[-1.5875,53.64785],[-1.58796,53.64785],[-1.58796,53.64781],[-1.58818,53.64781],[-1.58826,53.64772],[-1.58841,53.64772],[-1.58864,53.64754],[-1.58871,53.64754],[-1.58887,53.6474],[-1.58894,53.6474],[-1.58894,53.64736],[-1.58902,53.64736],[-1.58902,53.64732],[-1.5891,53.64732],[-1.5891,53.64723],[-1.58925,53.64718],[-1.58933,53.647],[-1.5894,53.647],[-1.58955,53.64687],[-1.58978,53.64687],[-1.58978,53.64691],[-1.58986,53.64691],[-1.58978,53.64669],[-1.58986,53.64669],[-1.58986,53.6466],[-1.58993,53.6466],[-1.58994,53.64651],[-1.59001,53.64651],[-1.59001,53.64642],[-1.59009,53.64642],[-1.59009,53.64633],[-1.59024,53.64629],[-1.59024,53.6462],[-1.59032,53.6462],[-1.59032,53.64615],[-1.59039,53.64615],[-1.59039,53.64606],[-1.59047,53.64606],[-1.59047,53.64602],[-1.59062,53.64602],[-1.59062,53.64597],[-1.59085,53.64597],[-1.59085,53.64584],[-1.591,53.64579],[-1.591,53.64575],[-1.59115,53.64575],[-1.59123,53.64553],[-1.59131,53.64553],[-1.59131,53.64548],[-1.59146,53.64548],[-1.59153,53.64539],[-1.59169,53.64539],[-1.59169,53.64535],[-1.59161,53.64535],[-1.59161,53.64526],[-1.59169,53.64526],[-1.59169,53.64517],[-1.59176,53.64517],[-1.59176,53.64503],[-1.59169,53.64503],[-1.59169,53.64499],[-1.59177,53.64499],[-1.59177,53.64476],[-1.59184,53.64476],[-1.59184,53.64467],[-1.59192,53.64467],[-1.59192,53.64449],[-1.592,53.64449],[-1.592,53.64413],[-1.59192,53.64413],[-1.59185,53.64368],[-1.59193,53.64368],[-1.59193,53.64355],[-1.59201,53.64355],[-1.59201,53.64328],[-1.59208,53.64328],[-1.59209,53.64265],[-1.59217,53.64265],[-1.59217,53.64252],[-1.59232,53.64252],[-1.59232,53.64234],[-1.59224,53.64234],[-1.59224,53.64229],[-1.5924,53.64225],[-1.59239,53.64261],[-1.59247,53.64261],[-1.59247,53.64279],[-1.59239,53.64279],[-1.59239,53.64283],[-1.59262,53.64283],[-1.5927,53.64234],[-1.59277,53.64234],[-1.59278,53.64189],[-1.59285,53.64189],[-1.59285,53.6418],[-1.59278,53.6418],[-1.59278,53.64126],[-1.59271,53.64126],[-1.59271,53.64122],[-1.59278,53.64122],[-1.59279,53.64104],[-1.59286,53.64104],[-1.59286,53.64099],[-1.59264,53.64099],[-1.59264,53.64095],[-1.59256,53.64095],[-1.59256,53.64086],[-1.59264,53.64086],[-1.59264,53.64068],[-1.59249,53.64068],[-1.59249,53.64063],[-1.59241,53.64063],[-1.59226,53.64076],[-1.59218,53.64076],[-1.59218,53.64085],[-1.59233,53.64086],[-1.59233,53.6409],[-1.59226,53.6409],[-1.59226,53.64121],[-1.59218,53.64121],[-1.59218,53.6413],[-1.5921,53.6413],[-1.5921,53.64144],[-1.59203,53.64144],[-1.59194,53.64265],[-1.59186,53.64265],[-1.59194,53.64274],[-1.59186,53.64274],[-1.59178,53.64368],[-1.5917,53.64368],[-1.5917,53.64382],[-1.59178,53.64382],[-1.59178,53.64386],[-1.5917,53.64386],[-1.5917,53.64422],[-1.59177,53.64422],[-1.59177,53.6444],[-1.5917,53.6444],[-1.59169,53.64449],[-1.59162,53.64449],[-1.59162,53.64463],[-1.59147,53.64467],[-1.59139,53.64485],[-1.59131,53.64485],[-1.59131,53.6449],[-1.59101,53.6449],[-1.59093,53.64521],[-1.59078,53.64525],[-1.59078,53.64534],[-1.5907,53.64534],[-1.59063,53.64552],[-1.59047,53.64557],[-1.59047,53.64566],[-1.5904,53.64566],[-1.5904,53.64575],[-1.59025,53.64575],[-1.59024,53.64579],[-1.59017,53.64579],[-1.59017,53.64593],[-1.59009,53.64593],[-1.59009,53.64602],[-1.59002,53.64602],[-1.59001,53.64611],[-1.58994,53.64611],[-1.58994,53.64619],[-1.58979,53.64624],[-1.58971,53.64642],[-1.58956,53.64646],[-1.58948,53.64655],[-1.58941,53.64655],[-1.5894,53.64664],[-1.58925,53.64669],[-1.58925,53.64678],[-1.5891,53.64682],[-1.5891,53.64687],[-1.58887,53.64696],[-1.58887,53.647],[-1.5888,53.647],[-1.5888,53.64704],[-1.58872,53.64704],[-1.58857,53.64718],[-1.58842,53.64718],[-1.58834,53.64727],[-1.58804,53.64727],[-1.58804,53.64736],[-1.58773,53.64736],[-1.58773,53.6474],[-1.58766,53.6474],[-1.58766,53.64749],[-1.58743,53.64758],[-1.58743,53.64767],[-1.58735,53.64767],[-1.58735,53.64771],[-1.5872,53.64771],[-1.58712,53.6478],[-1.58697,53.64785],[-1.58697,53.64789],[-1.58682,53.64789],[-1.58674,53.64798],[-1.58652,53.64798],[-1.58652,53.64803],[-1.58644,53.64803],[-1.58644,53.64807],[-1.58629,53.64807],[-1.58621,53.64816],[-1.58606,53.64816],[-1.58606,53.64825],[-1.58591,53.64825],[-1.58568,53.64843],[-1.58553,53.64843],[-1.58545,53.64852],[-1.5853,53.64852],[-1.58515,53.64865],[-1.585,53.64865],[-1.58492,53.64874],[-1.58477,53.64878],[-1.58477,53.64883],[-1.58469,53.64883],[-1.58454,53.64896],[-1.58447,53.64896],[-1.58446,53.64901],[-1.58439,53.64901],[-1.58439,53.6491],[-1.58416,53.64919],[-1.58416,53.64928],[-1.58393,53.64937],[-1.58393,53.64945],[-1.58378,53.64945],[-1.58378,53.64954],[-1.58363,53.64959],[-1.58363,53.64968],[-1.58347,53.64968],[-1.5834,53.64977],[-1.58325,53.64977],[-1.58317,53.64986],[-1.58294,53.64986],[-1.58294,53.6499],[-1.58249,53.6499],[-1.58249,53.64994],[-1.58211,53.64999],[-1.58196,53.65012],[-1.58173,53.65021],[-1.58173,53.65026],[-1.58135,53.65025],[-1.58135,53.65043],[-1.58127,53.65043],[-1.58127,53.65052],[-1.5812,53.65052],[-1.58112,53.6507],[-1.58104,53.6507],[-1.58104,53.65079],[-1.58097,53.65079],[-1.58089,53.65097],[-1.58081,53.65097],[-1.58074,53.65115],[-1.58059,53.6512],[-1.58058,53.65129],[-1.58036,53.65137],[-1.58028,53.65146],[-1.5802,53.65146],[-1.5802,53.65155],[-1.58005,53.6516],[-1.5799,53.65173],[-1.57982,53.65173],[-1.57982,53.65178],[-1.57967,53.65178],[-1.57967,53.65187],[-1.57944,53.65196],[-1.57944,53.652],[-1.57929,53.652],[-1.57929,53.65209],[-1.57906,53.65218],[-1.57899,53.65227],[-1.57891,53.65227],[-1.57883,53.65236],[-1.57876,53.65236],[-1.57876,53.65245],[-1.57861,53.65245],[-1.57853,53.65254],[-1.57845,53.65254],[-1.57845,53.65263],[-1.5783,53.65267],[-1.5783,53.65281],[-1.57815,53.65285],[-1.57807,53.65294],[-1.57792,53.65294],[-1.57792,53.65303],[-1.57777,53.65303],[-1.57777,53.65312],[-1.57762,53.65316],[-1.57761,53.65325],[-1.57754,53.65325],[-1.57754,53.6533],[-1.57746,53.6533],[-1.57746,53.65339],[-1.57739,53.65339],[-1.57738,53.65388],[-1.57731,53.65388],[-1.57731,53.65393],[-1.57738,53.65393],[-1.57745,53.65415],[-1.57753,53.65415],[-1.57745,53.65424],[-1.57753,53.65424],[-1.57753,53.65433],[-1.5776,53.65433],[-1.5775,53.65447],[-1.5778,53.6546],[-1.5779,53.65456],[-1.57798,53.65487],[-1.57805,53.65487],[-1.57805,53.65496],[-1.57813,53.65496],[-1.57813,53.6551],[-1.57805,53.65513],[-1.57828,53.65528],[-1.57835,53.65528],[-1.57835,53.65537],[-1.57843,53.65537],[-1.57842,53.6555],[-1.5785,53.6555],[-1.5785,53.65573],[-1.5778,53.656],[-1.57762,53.65616],[-1.577,53.65605],[-1.57672,53.65639],[-1.5766,53.65635],[-1.57655,53.65639],[-1.57547,53.65638],[-1.57305,53.65614],[-1.57287,53.65609],[-1.57246,53.65573],[-1.57148,53.65556],[-1.5714,53.65552],[-1.57128,53.65555],[-1.57119,53.65545],[-1.57088,53.65536],[-1.57071,53.6552],[-1.57023,53.65494],[-1.57015,53.65483],[-1.56967,53.65443],[-1.56949,53.65435],[-1.56945,53.65426],[-1.56925,53.65422],[-1.56891,53.65388],[-1.56864,53.65379],[-1.56847,53.65355],[-1.56772,53.65328],[-1.56434,53.6526],[-1.56307,53.65201],[-1.56312,53.65183],[-1.56306,53.65179],[-1.56329,53.65142],[-1.56323,53.65141],[-1.56314,53.65159],[-1.56295,53.65174],[-1.56179,53.65143],[-1.55876,53.65084],[-1.558,53.65076],[-1.55772,53.65066],[-1.55577,53.65027],[-1.55502,53.64993],[-1.55491,53.64975],[-1.55432,53.64967],[-1.5542,53.64973],[-1.55387,53.64969],[-1.55388,53.64979],[-1.55372,53.64985],[-1.55329,53.64972],[-1.55325,53.64963],[-1.55296,53.64961],[-1.55292,53.64952],[-1.55275,53.6495],[-1.5526,53.64954],[-1.5523,53.64948],[-1.5521,53.64936],[-1.55187,53.64938],[-1.54946,53.64884],[-1.5484,53.64847],[-1.54832,53.64824],[-1.54859,53.64826],[-1.54831,53.64777],[-1.54835,53.64775],[-1.54825,53.64766],[-1.54832,53.64759],[-1.54819,53.64746],[-1.54819,53.64725],[-1.5481,53.64718],[-1.54815,53.64689],[-1.54802,53.64669],[-1.54806,53.64667],[-1.54803,53.64658],[-1.54797,53.64657],[-1.54779,53.64668],[-1.54774,53.64662],[-1.54778,53.64646],[-1.54761,53.6465],[-1.5475,53.64647],[-1.54734,53.64652],[-1.54723,53.64649],[-1.54728,53.6464],[-1.54743,53.6464],[-1.54743,53.64636],[-1.5475,53.64636],[-1.54751,53.64618],[-1.54743,53.64618],[-1.54743,53.64609],[-1.54751,53.64609],[-1.54751,53.646],[-1.54758,53.646],[-1.54758,53.64595],[-1.54751,53.64595],[-1.54751,53.64586],[-1.54759,53.64586],[-1.54766,53.64577],[-1.54819,53.64578],[-1.54819,53.64569],[-1.54827,53.64569],[-1.54827,53.64564],[-1.54819,53.64564],[-1.5482,53.64537],[-1.54812,53.64537],[-1.54812,53.64524],[-1.54805,53.64524],[-1.54805,53.64515],[-1.54797,53.64515],[-1.54805,53.64506],[-1.54797,53.64506],[-1.54797,53.64497],[-1.5479,53.64497],[-1.54783,53.64443],[-1.54775,53.64443],[-1.54775,53.64434],[-1.54783,53.64434],[-1.54783,53.6442],[-1.54775,53.6442],[-1.54775,53.64416],[-1.54783,53.64416],[-1.54783,53.64393],[-1.54776,53.64393],[-1.54776,53.64339],[-1.54784,53.64339],[-1.54784,53.64326],[-1.54792,53.64326],[-1.54792,53.64312],[-1.54799,53.64312],[-1.54799,53.64308],[-1.54837,53.64303],[-1.54837,53.6429],[-1.5483,53.6429],[-1.5483,53.64285],[-1.54837,53.64285],[-1.54838,53.64272],[-1.54853,53.64268],[-1.5486,53.6425],[-1.54876,53.64245],[-1.54883,53.64227],[-1.54891,53.64227],[-1.54891,53.64209],[-1.54899,53.64209],[-1.54899,53.6416],[-1.54922,53.64151],[-1.54922,53.64146],[-1.54945,53.64147],[-1.5496,53.64133],[-1.54983,53.64124],[-1.54983,53.6412],[-1.55043,53.64115],[-1.55043,53.64111],[-1.55059,53.64111],[-1.55059,53.64107],[-1.55089,53.64107],[-1.55089,53.64102],[-1.55142,53.64107],[-1.55142,53.64102],[-1.55157,53.64102],[-1.55157,53.64098],[-1.55202,53.64094],[-1.55202,53.64089],[-1.55225,53.64089],[-1.55225,53.64085],[-1.5524,53.64085],[-1.5524,53.6408],[-1.55271,53.64076],[-1.55271,53.64071],[-1.55309,53.64072],[-1.55309,53.64067],[-1.55324,53.64063],[-1.55324,53.64054],[-1.55339,53.64054],[-1.55339,53.64045],[-1.55347,53.64045],[-1.55347,53.6404],[-1.55362,53.64045],[-1.55362,53.64036],[-1.55392,53.64036],[-1.55392,53.64031],[-1.554,53.64031],[-1.554,53.64036],[-1.55407,53.64036],[-1.55407,53.64031],[-1.55438,53.64032],[-1.55438,53.64027],[-1.55513,53.64027],[-1.55513,53.64023],[-1.55528,53.64027],[-1.55536,53.64018],[-1.55574,53.64019],[-1.55574,53.64014],[-1.55581,53.64014],[-1.55581,53.64019],[-1.55596,53.64019],[-1.55596,53.64023],[-1.55627,53.64023],[-1.55627,53.64028],[-1.55642,53.64028],[-1.55642,53.64037],[-1.55649,53.64037],[-1.55649,53.64032],[-1.55664,53.64037],[-1.55664,53.64032],[-1.55672,53.64032],[-1.55672,53.64037],[-1.55679,53.64037],[-1.55695,53.64024],[-1.5571,53.64028],[-1.55717,53.64019],[-1.55748,53.64019],[-1.55748,53.64028],[-1.55755,53.64028],[-1.55763,53.64019],[-1.5577,53.64019],[-1.55771,53.63988],[-1.55756,53.63988],[-1.55756,53.63983],[-1.55748,53.63983],[-1.55748,53.63988],[-1.5574,53.63988],[-1.55741,53.63983],[-1.5571,53.63979],[-1.5571,53.63983],[-1.55703,53.63983],[-1.55703,53.63992],[-1.55672,53.63992],[-1.55672,53.63996],[-1.55529,53.63996],[-1.55529,53.63991],[-1.55521,53.63991],[-1.55521,53.63996],[-1.55514,53.63996],[-1.55514,53.63991],[-1.55506,53.63991],[-1.55506,53.64005],[-1.55498,53.64005],[-1.55498,53.64],[-1.55483,53.64005],[-1.55483,53.64],[-1.55476,53.64],[-1.55476,53.64005],[-1.55415,53.64004],[-1.55415,53.64009],[-1.55355,53.64013],[-1.55354,53.64018],[-1.55332,53.64018],[-1.55324,53.64027],[-1.55309,53.64027],[-1.55309,53.64031],[-1.55279,53.64031],[-1.55279,53.64035],[-1.55264,53.64035],[-1.55264,53.6404],[-1.55248,53.6404],[-1.55248,53.64044],[-1.55233,53.64044],[-1.55233,53.64049],[-1.55195,53.64049],[-1.55195,53.6404],[-1.55188,53.6404],[-1.55188,53.64044],[-1.55173,53.64044],[-1.55173,53.64049],[-1.55135,53.64048],[-1.55135,53.64044],[-1.55127,53.64044],[-1.55127,53.64048],[-1.5512,53.64048],[-1.5512,53.64044],[-1.55112,53.64044],[-1.55112,53.64053],[-1.55082,53.64053],[-1.55082,53.64048],[-1.55067,53.64048],[-1.55067,53.64053],[-1.55044,53.64053],[-1.55044,53.64057],[-1.55036,53.64057],[-1.55036,53.64053],[-1.55021,53.64052],[-1.55021,53.64057],[-1.54961,53.64057],[-1.54961,53.64061],[-1.54946,53.64061],[-1.54946,53.6407],[-1.5493,53.64066],[-1.5493,53.6407],[-1.54923,53.6407],[-1.54908,53.64057],[-1.54885,53.64047],[-1.54885,53.64034],[-1.5487,53.64029],[-1.54871,53.64016],[-1.54855,53.64016],[-1.54856,53.64002],[-1.54848,53.64002],[-1.54848,53.63993],[-1.5484,53.63993],[-1.54841,53.63984],[-1.54833,53.63984],[-1.54833,53.6398],[-1.54818,53.6398],[-1.54818,53.63966],[-1.54811,53.63966],[-1.54811,53.63962],[-1.54795,53.63962],[-1.54796,53.63953],[-1.5478,53.63953],[-1.54781,53.63944],[-1.54773,53.63944],[-1.54773,53.63935],[-1.54765,53.63935],[-1.54766,53.63926],[-1.54758,53.63926],[-1.54758,53.63908],[-1.54743,53.63903],[-1.54743,53.63894],[-1.54728,53.63894],[-1.54728,53.6389],[-1.54721,53.6389],[-1.54721,53.63881],[-1.54706,53.63876],[-1.54698,53.63858],[-1.54676,53.63849],[-1.54683,53.6384],[-1.54676,53.6384],[-1.54676,53.63831],[-1.54668,53.63831],[-1.54668,53.63826],[-1.54661,53.63826],[-1.54668,53.63817],[-1.54653,53.63817],[-1.54654,53.63786],[-1.54646,53.63786],[-1.54639,53.63777],[-1.54608,53.63777],[-1.54608,53.63781],[-1.54616,53.63781],[-1.54616,53.6379],[-1.54623,53.6379],[-1.54631,53.63826],[-1.54638,53.63826],[-1.54638,53.63835],[-1.54646,53.63835],[-1.54645,53.63853],[-1.54653,53.63853],[-1.54653,53.63862],[-1.5466,53.63862],[-1.5466,53.6388],[-1.54668,53.6388],[-1.54668,53.63898],[-1.54675,53.63898],[-1.54675,53.63916],[-1.54683,53.63916],[-1.54682,53.6393],[-1.5469,53.6393],[-1.5469,53.63943],[-1.54697,53.63943],[-1.54697,53.63957],[-1.54705,53.63957],[-1.54705,53.63966],[-1.5472,53.6397],[-1.5472,53.63984],[-1.54727,53.63984],[-1.54719,53.64002],[-1.54727,53.64002],[-1.54734,53.6402],[-1.54742,53.6402],[-1.54742,53.64024],[-1.54757,53.64024],[-1.54757,53.64033],[-1.54772,53.64038],[-1.54779,53.64047],[-1.54795,53.64047],[-1.54794,53.64061],[-1.54802,53.64061],[-1.54802,53.64079],[-1.54809,53.64079],[-1.54809,53.64088],[-1.54817,53.64088],[-1.54817,53.64092],[-1.54839,53.64092],[-1.54832,53.64119],[-1.54847,53.64124],[-1.54847,53.64137],[-1.54839,53.64137],[-1.54839,53.64142],[-1.54846,53.64142],[-1.54846,53.6416],[-1.54854,53.6416],[-1.54846,53.64196],[-1.54838,53.64196],[-1.54838,53.64209],[-1.54831,53.64209],[-1.5483,53.64223],[-1.54823,53.64222],[-1.54823,53.6424],[-1.54815,53.6424],[-1.54815,53.64249],[-1.54785,53.64249],[-1.54785,53.64258],[-1.54754,53.64267],[-1.54754,53.64276],[-1.54739,53.64281],[-1.54739,53.6429],[-1.54731,53.6429],[-1.54731,53.64299],[-1.54724,53.64299],[-1.54731,53.64308],[-1.54724,53.64307],[-1.54723,53.64325],[-1.54716,53.64325],[-1.54716,53.64343],[-1.54708,53.64343],[-1.54708,53.64348],[-1.54716,53.64348],[-1.54714,53.64474],[-1.54707,53.64474],[-1.54707,53.64492],[-1.54699,53.64492],[-1.54699,53.64528],[-1.54683,53.64532],[-1.54683,53.64537],[-1.54699,53.64537],[-1.54706,53.64564],[-1.54698,53.64564],[-1.54698,53.64573],[-1.54691,53.64573],[-1.5469,53.64586],[-1.54668,53.64595],[-1.54668,53.64604],[-1.5466,53.64604],[-1.5466,53.64608],[-1.54652,53.64608],[-1.54652,53.64631],[-1.54645,53.64631],[-1.54644,53.6464],[-1.54629,53.6464],[-1.54629,53.64653],[-1.54614,53.64653],[-1.54614,53.64662],[-1.54603,53.64672],[-1.54539,53.64709],[-1.54371,53.64758],[-1.54248,53.64765],[-1.54248,53.64756],[-1.54236,53.64765],[-1.54207,53.64767],[-1.54162,53.6476],[-1.54152,53.64763],[-1.54143,53.64757],[-1.54136,53.64762],[-1.54142,53.64767],[-1.54129,53.64771],[-1.53989,53.64784],[-1.53965,53.64783],[-1.53948,53.64793],[-1.53944,53.6479],[-1.53842,53.64823],[-1.5383,53.64823],[-1.53591,53.64933],[-1.53368,53.6501],[-1.5331,53.65117],[-1.53303,53.65146],[-1.53245,53.65167],[-1.53248,53.65171],[-1.5322,53.65178],[-1.53114,53.65294],[-1.53071,53.65314],[-1.53041,53.65337],[-1.53044,53.65342],[-1.53029,53.65346],[-1.53029,53.65355],[-1.52861,53.65421],[-1.52855,53.65436],[-1.52861,53.65469],[-1.5287,53.65483],[-1.52864,53.65484],[-1.52867,53.65494],[-1.52876,53.65501],[-1.52872,53.65514],[-1.52887,53.65539],[-1.52884,53.6555],[-1.52869,53.65554],[-1.52869,53.65564],[-1.52758,53.65504],[-1.52724,53.65496],[-1.5272,53.65492],[-1.52734,53.65484],[-1.52715,53.65487],[-1.52709,53.65483],[-1.52696,53.65483],[-1.52696,53.65472],[-1.52539,53.65463],[-1.52491,53.65374],[-1.52454,53.65354],[-1.52251,53.65318],[-1.52209,53.65328],[-1.52194,53.65389],[-1.52053,53.65476],[-1.52048,53.65524],[-1.52095,53.6558],[-1.52084,53.65631],[-1.51863,53.65646],[-1.51687,53.65701],[-1.51608,53.65762],[-1.51602,53.65759],[-1.5159,53.65764],[-1.51592,53.65768],[-1.51577,53.65773],[-1.5158,53.65776],[-1.51565,53.65782],[-1.51565,53.65786],[-1.51556,53.65788],[-1.51541,53.65783],[-1.51532,53.65785],[-1.51535,53.65798],[-1.5151,53.6581],[-1.51513,53.65814],[-1.51471,53.6583],[-1.51518,53.65816],[-1.51515,53.65812],[-1.5153,53.65803],[-1.5155,53.65796],[-1.5155,53.65808],[-1.51527,53.65827],[-1.5144,53.65859],[-1.51351,53.65855],[-1.51262,53.65832],[-1.51248,53.65846],[-1.51134,53.65858],[-1.50919,53.66066],[-1.50804,53.66289],[-1.50781,53.66288],[-1.50766,53.66282],[-1.5072,53.66236],[-1.50679,53.66209],[-1.50689,53.66211],[-1.50656,53.66182],[-1.50656,53.66037],[-1.50618,53.65991],[-1.50663,53.6597],[-1.50649,53.65969],[-1.50605,53.65975],[-1.50533,53.65883],[-1.50908,53.65796],[-1.51185,53.6566],[-1.51174,53.65431],[-1.50502,53.65321],[-1.50197,53.65252],[-1.49942,53.65265],[-1.49879,53.65339],[-1.49842,53.65353],[-1.49838,53.65338],[-1.49842,53.65335],[-1.49832,53.6532],[-1.49834,53.65294],[-1.49828,53.65291],[-1.49819,53.65294],[-1.49819,53.65287],[-1.49813,53.65288],[-1.49808,53.65282],[-1.4981,53.65275],[-1.49831,53.6527],[-1.49831,53.65265],[-1.49814,53.65269],[-1.49818,53.6526],[-1.49812,53.65253],[-1.49818,53.65239],[-1.4983,53.6523],[-1.49829,53.65215],[-1.4982,53.65218],[-1.49815,53.65216],[-1.4982,53.65206],[-1.49812,53.65207],[-1.49794,53.65188],[-1.49799,53.65186],[-1.49793,53.65173],[-1.49773,53.65163],[-1.49767,53.65156],[-1.49772,53.65153],[-1.49754,53.65137],[-1.49746,53.65138],[-1.49754,53.6513],[-1.49748,53.65125],[-1.49742,53.65128],[-1.49737,53.65125],[-1.4975,53.6512],[-1.49741,53.65118],[-1.49748,53.65111],[-1.49759,53.65113],[-1.49772,53.65107],[-1.49766,53.65102],[-1.49745,53.65108],[-1.4972,53.65105],[-1.49723,53.65093],[-1.49732,53.65093],[-1.49741,53.65086],[-1.49744,53.65071],[-1.49761,53.65064],[-1.49771,53.65066],[-1.49753,53.65055],[-1.49769,53.65054],[-1.49778,53.65046],[-1.49775,53.65043],[-1.4979,53.65037],[-1.49767,53.65021],[-1.49792,53.6501],[-1.49771,53.64958],[-1.49777,53.64944],[-1.49793,53.64939],[-1.49758,53.64892],[-1.49725,53.64894],[-1.49725,53.64899],[-1.49717,53.64899],[-1.4971,53.6489],[-1.49695,53.6489],[-1.49695,53.64876],[-1.4968,53.64876],[-1.49673,53.64831],[-1.49665,53.64831],[-1.49679,53.64807],[-1.49666,53.64805],[-1.49658,53.64791],[-1.49651,53.64791],[-1.49657,53.64773],[-1.49645,53.64769],[-1.49643,53.64759],[-1.49647,53.64743],[-1.49657,53.64735],[-1.49644,53.64728],[-1.49644,53.6471],[-1.49652,53.6471],[-1.4966,53.64678],[-1.49667,53.64678],[-1.49667,53.64665],[-1.49675,53.64665],[-1.49675,53.64647],[-1.49683,53.64647],[-1.49683,53.64602],[-1.49676,53.64602],[-1.49676,53.64584],[-1.49668,53.64584],[-1.49669,53.64557],[-1.49676,53.64557],[-1.49676,53.64539],[-1.49684,53.64539],[-1.49684,53.64499],[-1.49692,53.64499],[-1.49692,53.6449],[-1.497,53.6449],[-1.497,53.64476],[-1.49707,53.64476],[-1.49707,53.64472],[-1.49738,53.64472],[-1.49738,53.64467],[-1.4976,53.64467],[-1.4976,53.64463],[-1.49813,53.64463],[-1.49813,53.64459],[-1.49836,53.64459],[-1.49836,53.64454],[-1.49851,53.6445],[-1.49859,53.64427],[-1.4989,53.64414],[-1.4989,53.64387],[-1.49852,53.64387],[-1.49852,53.64382],[-1.49837,53.64378],[-1.49837,53.64369],[-1.49815,53.6436],[-1.49815,53.64346],[-1.49822,53.64346],[-1.4983,53.64337],[-1.49868,53.64333],[-1.49891,53.64315],[-1.49898,53.64315],[-1.49906,53.64297],[-1.49899,53.64297],[-1.49899,53.64288],[-1.49884,53.64288],[-1.49884,53.64279],[-1.49899,53.64279],[-1.49899,53.64275],[-1.49906,53.64275],[-1.49914,53.64252],[-1.49929,53.64248],[-1.49929,53.64239],[-1.49945,53.64235],[-1.49945,53.64226],[-1.4999,53.64212],[-1.4999,53.64199],[-1.50013,53.6419],[-1.50013,53.64181],[-1.50021,53.64181],[-1.50021,53.6419],[-1.50028,53.6419],[-1.50028,53.64194],[-1.50066,53.64195],[-1.50066,53.6419],[-1.50081,53.6419],[-1.50081,53.64195],[-1.50104,53.64195],[-1.50104,53.6419],[-1.50112,53.6419],[-1.50112,53.64195],[-1.50127,53.64195],[-1.50127,53.64199],[-1.50142,53.64199],[-1.50142,53.64204],[-1.50187,53.64204],[-1.50187,53.642],[-1.50195,53.642],[-1.50195,53.64204],[-1.5021,53.64204],[-1.5021,53.642],[-1.50278,53.64195],[-1.50278,53.64191],[-1.50293,53.64191],[-1.50293,53.64187],[-1.50308,53.64191],[-1.50308,53.64187],[-1.50338,53.64187],[-1.50339,53.64182],[-1.50407,53.64178],[-1.50407,53.64174],[-1.50429,53.64174],[-1.50429,53.64169],[-1.50475,53.64165],[-1.50475,53.6416],[-1.50498,53.6416],[-1.50498,53.64156],[-1.50513,53.64156],[-1.50513,53.64152],[-1.50528,53.64152],[-1.50528,53.64147],[-1.50505,53.64147],[-1.50505,53.64151],[-1.50483,53.64151],[-1.50483,53.64156],[-1.50437,53.64156],[-1.50437,53.6416],[-1.50392,53.6416],[-1.50392,53.64165],[-1.50339,53.64164],[-1.50339,53.64169],[-1.50119,53.64168],[-1.50119,53.64172],[-1.50081,53.64177],[-1.50074,53.64186],[-1.50051,53.64186],[-1.50051,53.64168],[-1.50059,53.64168],[-1.5006,53.64087],[-1.50052,53.64087],[-1.50052,53.64078],[-1.50045,53.64078],[-1.50045,53.6406],[-1.50037,53.6406],[-1.50038,53.64051],[-1.5003,53.64051],[-1.5003,53.64046],[-1.50015,53.64046],[-1.50015,53.64028],[-1.50008,53.64028],[-1.50008,53.63988],[-1.50001,53.63988],[-1.50001,53.63965],[-1.49993,53.63965],[-1.49993,53.63956],[-1.49986,53.63956],[-1.49995,53.6393],[-1.49986,53.63928],[-1.49986,53.63911],[-1.49979,53.63911],[-1.49979,53.63902],[-1.49994,53.63898],[-1.49994,53.63889],[-1.50002,53.63889],[-1.50002,53.63884],[-1.49987,53.63884],[-1.49982,53.6388],[-1.49987,53.63873],[-1.49978,53.63839],[-1.49987,53.63839],[-1.49987,53.6383],[-1.49972,53.63826],[-1.49971,53.63811],[-1.49942,53.63809],[-1.49935,53.63794],[-1.49927,53.63794],[-1.4992,53.63785],[-1.49973,53.63785],[-1.49973,53.63776],[-1.49995,53.63776],[-1.50003,53.63767],[-1.50011,53.63767],[-1.50011,53.63763],[-1.50018,53.63763],[-1.50034,53.6375],[-1.50049,53.6375],[-1.50056,53.63741],[-1.50034,53.63741],[-1.50026,53.63732],[-1.50019,53.63732],[-1.50019,53.63723],[-1.50011,53.63722],[-1.50011,53.63718],[-1.50004,53.63718],[-1.50004,53.63713],[-1.49996,53.63713],[-1.49996,53.63709],[-1.49989,53.63709],[-1.49974,53.63695],[-1.49966,53.63695],[-1.49966,53.63691],[-1.49951,53.63691],[-1.49951,53.63686],[-1.49928,53.63686],[-1.49929,53.63682],[-1.49883,53.63682],[-1.49883,53.63686],[-1.49876,53.63686],[-1.49868,53.63677],[-1.49853,53.63677],[-1.49853,53.63686],[-1.49838,53.63686],[-1.49838,53.63677],[-1.49845,53.63677],[-1.49845,53.63672],[-1.49838,53.63672],[-1.49838,53.63668],[-1.498,53.63663],[-1.498,53.63672],[-1.49785,53.63672],[-1.49785,53.63668],[-1.4977,53.63668],[-1.4977,53.63659],[-1.49732,53.63654],[-1.49732,53.63649],[-1.49725,53.63649],[-1.49725,53.6364],[-1.49702,53.6364],[-1.4968,53.63622],[-1.49649,53.63622],[-1.49649,53.63618],[-1.49642,53.63618],[-1.49642,53.63613],[-1.49657,53.63613],[-1.49657,53.63609],[-1.49665,53.63609],[-1.49665,53.636],[-1.49657,53.636],[-1.49657,53.63591],[-1.4965,53.63591],[-1.4965,53.63546],[-1.49643,53.63546],[-1.49643,53.63532],[-1.49635,53.63532],[-1.49635,53.63528],[-1.49605,53.63523],[-1.49613,53.63492],[-1.49606,53.63492],[-1.49606,53.63483],[-1.49598,53.63483],[-1.49598,53.63465],[-1.49591,53.63465],[-1.49591,53.6346],[-1.49568,53.6346],[-1.49568,53.63438],[-1.49561,53.63437],[-1.49546,53.63424],[-1.49531,53.63419],[-1.49523,53.6341],[-1.49516,53.6341],[-1.49509,53.63388],[-1.49501,53.63388],[-1.49494,53.6337],[-1.49456,53.63361],[-1.49456,53.63356],[-1.49479,53.63347],[-1.49479,53.63329],[-1.49494,53.63325],[-1.49494,53.63316],[-1.49487,53.63316],[-1.49487,53.63298],[-1.49495,53.63298],[-1.49495,53.63253],[-1.49487,53.63253],[-1.49488,53.63244],[-1.49442,53.63244],[-1.49442,53.63235],[-1.4945,53.63235],[-1.49465,53.63221],[-1.49473,53.63221],[-1.49465,53.63194],[-1.49443,53.63185],[-1.49436,53.63163],[-1.49428,53.63163],[-1.49428,53.63154],[-1.49421,53.63154],[-1.49421,53.63149],[-1.49413,53.63149],[-1.49413,53.6314],[-1.49391,53.63131],[-1.49391,53.63127],[-1.49383,53.63127],[-1.49383,53.63122],[-1.49376,53.63122],[-1.49361,53.63109],[-1.49346,53.63108],[-1.49331,53.63095],[-1.49315,53.63095],[-1.49316,53.6309],[-1.49293,53.6309],[-1.49293,53.63086],[-1.49263,53.63081],[-1.49255,53.63072],[-1.49263,53.63072],[-1.49263,53.63068],[-1.49255,53.63068],[-1.49248,53.63059],[-1.49233,53.63059],[-1.4921,53.63041],[-1.49195,53.63036],[-1.49188,53.63018],[-1.4918,53.63018],[-1.49181,53.62991],[-1.49166,53.62986],[-1.49166,53.62973],[-1.49173,53.62973],[-1.49174,53.62906],[-1.49167,53.62906],[-1.49167,53.62892],[-1.49152,53.62892],[-1.49152,53.62883],[-1.49137,53.62878],[-1.49137,53.62874],[-1.49122,53.62874],[-1.49122,53.62869],[-1.49114,53.62869],[-1.49114,53.62874],[-1.49106,53.62874],[-1.49091,53.6286],[-1.49084,53.6286],[-1.49084,53.62847],[-1.49061,53.62838],[-1.49069,53.62829],[-1.49031,53.62824],[-1.49032,53.62815],[-1.49016,53.6281],[-1.49017,53.62797],[-1.49009,53.62797],[-1.49009,53.62788],[-1.49002,53.62788],[-1.49002,53.6277],[-1.48994,53.6277],[-1.48994,53.62761],[-1.48987,53.62761],[-1.48987,53.62752],[-1.48979,53.62752],[-1.4898,53.62729],[-1.48972,53.62729],[-1.48972,53.62711],[-1.48965,53.62711],[-1.48965,53.62689],[-1.48957,53.62689],[-1.4895,53.62662],[-1.48943,53.62662],[-1.48943,53.62653],[-1.4892,53.62644],[-1.4892,53.6263],[-1.48913,53.6263],[-1.48913,53.62621],[-1.48905,53.62621],[-1.48905,53.62608],[-1.48898,53.62608],[-1.48898,53.62599],[-1.4889,53.62599],[-1.48883,53.62581],[-1.48868,53.62576],[-1.48861,53.62567],[-1.48853,53.62567],[-1.48853,53.62558],[-1.48846,53.62558],[-1.48831,53.62545],[-1.48816,53.62544],[-1.48808,53.62535],[-1.48793,53.62535],[-1.48793,53.62526],[-1.48778,53.62522],[-1.48778,53.62508],[-1.48771,53.62508],[-1.48771,53.62486],[-1.48778,53.62486],[-1.48778,53.62481],[-1.48763,53.62481],[-1.48756,53.62463],[-1.48748,53.62463],[-1.48749,53.62459],[-1.48733,53.62454],[-1.48726,53.62445],[-1.48711,53.62441],[-1.48711,53.62436],[-1.48696,53.62432],[-1.48696,53.62427],[-1.48688,53.62427],[-1.48673,53.62414],[-1.48658,53.62413],[-1.48651,53.62404],[-1.48643,53.62404],[-1.48644,53.62391],[-1.48636,53.62391],[-1.48636,53.62377],[-1.48629,53.62377],[-1.48629,53.62364],[-1.48621,53.62364],[-1.48621,53.62359],[-1.48606,53.62359],[-1.48599,53.62341],[-1.48591,53.62341],[-1.48591,53.62337],[-1.48576,53.62337],[-1.48576,53.62328],[-1.48569,53.62328],[-1.48569,53.62305],[-1.48539,53.62301],[-1.48539,53.62305],[-1.48531,53.62305],[-1.48531,53.62296],[-1.48539,53.62296],[-1.48539,53.62292],[-1.48554,53.62292],[-1.48554,53.62296],[-1.48562,53.62296],[-1.48562,53.62292],[-1.48569,53.62292],[-1.48569,53.62278],[-1.48577,53.62278],[-1.48577,53.62274],[-1.48592,53.62274],[-1.48607,53.6226],[-1.48615,53.6226],[-1.48615,53.62256],[-1.48638,53.62247],[-1.48638,53.62243],[-1.48653,53.62243],[-1.48653,53.62238],[-1.48668,53.62234],[-1.48668,53.62216],[-1.48676,53.62216],[-1.48676,53.62211],[-1.48691,53.62211],[-1.48699,53.62202],[-1.48714,53.62202],[-1.48722,53.62194],[-1.48729,53.62194],[-1.48729,53.6218],[-1.48737,53.6218],[-1.48737,53.62171],[-1.48744,53.62171],[-1.48752,53.62153],[-1.4876,53.62153],[-1.4876,53.62144],[-1.48783,53.62135],[-1.48783,53.62122],[-1.4879,53.62122],[-1.48798,53.62095],[-1.48806,53.62095],[-1.48814,53.62077],[-1.48821,53.62077],[-1.48821,53.62068],[-1.48829,53.62068],[-1.48829,53.62055],[-1.48837,53.62055],[-1.48844,53.62037],[-1.48852,53.62037],[-1.48852,53.62028],[-1.4886,53.62028],[-1.4886,53.62014],[-1.48875,53.6201],[-1.48883,53.61987],[-1.48906,53.61979],[-1.48906,53.6197],[-1.48913,53.6197],[-1.48913,53.61961],[-1.48921,53.61961],[-1.48921,53.61952],[-1.48929,53.61952],[-1.48929,53.61943],[-1.48951,53.61934],[-1.48952,53.6192],[-1.48967,53.61916],[-1.48975,53.61898],[-1.4899,53.61898],[-1.4899,53.61889],[-1.49005,53.61885],[-1.49013,53.61876],[-1.49035,53.61876],[-1.49028,53.61867],[-1.49043,53.61867],[-1.49035,53.61858],[-1.49051,53.61858],[-1.49043,53.61849],[-1.49058,53.61849],[-1.49051,53.6184],[-1.49066,53.61835],[-1.49066,53.61822],[-1.49074,53.61822],[-1.49074,53.61818],[-1.49089,53.61818],[-1.49089,53.61813],[-1.49104,53.61813],[-1.49104,53.61818],[-1.49142,53.61818],[-1.49142,53.61813],[-1.49149,53.61813],[-1.4915,53.618],[-1.49142,53.618],[-1.49142,53.61795],[-1.4915,53.61795],[-1.4915,53.61786],[-1.49112,53.61786],[-1.49112,53.61782],[-1.49104,53.61782],[-1.49097,53.61764],[-1.49082,53.61759],[-1.49082,53.6175],[-1.49075,53.6175],[-1.49067,53.61723],[-1.49052,53.61719],[-1.49052,53.61701],[-1.49045,53.61701],[-1.49045,53.61692],[-1.49037,53.61692],[-1.49038,53.61687],[-1.49022,53.61687],[-1.49023,53.61678],[-1.49038,53.61674],[-1.49038,53.61651],[-1.49068,53.61642],[-1.49061,53.61633],[-1.49076,53.61633],[-1.49076,53.61629],[-1.49084,53.61629],[-1.49099,53.61615],[-1.49122,53.61615],[-1.49122,53.61606],[-1.49137,53.61607],[-1.49144,53.61598],[-1.49129,53.61598],[-1.49129,53.61593],[-1.49122,53.61593],[-1.49122,53.61584],[-1.49114,53.61584],[-1.49114,53.6158],[-1.49092,53.61579],[-1.49092,53.61588],[-1.49084,53.61588],[-1.49084,53.61597],[-1.49076,53.61597],[-1.49076,53.61606],[-1.49023,53.61615],[-1.49008,53.61628],[-1.49,53.61628],[-1.49,53.61637],[-1.48985,53.61637],[-1.48985,53.61642],[-1.4897,53.61646],[-1.48962,53.61655],[-1.48955,53.61655],[-1.48954,53.61682],[-1.48962,53.61682],[-1.48962,53.61691],[-1.48954,53.61691],[-1.48954,53.61714],[-1.48969,53.61718],[-1.48969,53.61745],[-1.48976,53.61745],[-1.48976,53.61759],[-1.48984,53.61759],[-1.48984,53.61768],[-1.48991,53.61768],[-1.48991,53.61781],[-1.49014,53.6179],[-1.49013,53.61813],[-1.49051,53.61813],[-1.49051,53.61822],[-1.49043,53.61822],[-1.49043,53.61826],[-1.49021,53.61826],[-1.49021,53.61831],[-1.49036,53.61831],[-1.49036,53.6184],[-1.49013,53.6184],[-1.49013,53.61844],[-1.49005,53.61844],[-1.49005,53.61853],[-1.48998,53.61853],[-1.48998,53.61862],[-1.48975,53.61871],[-1.48975,53.61885],[-1.48967,53.61884],[-1.48967,53.61893],[-1.48952,53.61898],[-1.48952,53.61907],[-1.48929,53.61916],[-1.48929,53.61925],[-1.48921,53.61925],[-1.48921,53.61934],[-1.48914,53.61934],[-1.48906,53.61952],[-1.48891,53.61952],[-1.48891,53.61961],[-1.48875,53.61965],[-1.48875,53.61974],[-1.48868,53.61974],[-1.48868,53.61978],[-1.48875,53.61978],[-1.48875,53.61987],[-1.4886,53.61992],[-1.48852,53.62001],[-1.48845,53.62001],[-1.48845,53.62005],[-1.48837,53.62005],[-1.48837,53.62014],[-1.4883,53.62014],[-1.48829,53.62032],[-1.48814,53.62037],[-1.48814,53.62046],[-1.48806,53.62046],[-1.48806,53.6205],[-1.48784,53.62059],[-1.48776,53.62077],[-1.48768,53.62077],[-1.48768,53.62086],[-1.48753,53.6209],[-1.48745,53.62108],[-1.4873,53.62113],[-1.4873,53.62122],[-1.48715,53.62126],[-1.48714,53.62149],[-1.48737,53.62149],[-1.48737,53.62158],[-1.48722,53.62162],[-1.48722,53.62167],[-1.48699,53.62166],[-1.48699,53.62175],[-1.48684,53.62175],[-1.48669,53.62189],[-1.48653,53.62193],[-1.48653,53.62202],[-1.48638,53.62207],[-1.48623,53.6222],[-1.48615,53.6222],[-1.486,53.62233],[-1.48593,53.62233],[-1.48585,53.62242],[-1.48577,53.62242],[-1.48577,53.62247],[-1.4857,53.62247],[-1.4857,53.62251],[-1.48562,53.62251],[-1.48562,53.62256],[-1.48539,53.62265],[-1.48539,53.62269],[-1.48524,53.62274],[-1.48509,53.62287],[-1.48494,53.62287],[-1.48494,53.62291],[-1.48486,53.62291],[-1.48486,53.623],[-1.48471,53.62305],[-1.48463,53.62314],[-1.48455,53.62314],[-1.48455,53.62318],[-1.48418,53.62318],[-1.48418,53.62314],[-1.48395,53.62313],[-1.48395,53.62309],[-1.48372,53.62309],[-1.48372,53.62313],[-1.48365,53.62313],[-1.48365,53.62309],[-1.4835,53.62309],[-1.4835,53.62304],[-1.48304,53.62304],[-1.48304,53.62309],[-1.48297,53.62309],[-1.48297,53.62304],[-1.48267,53.62304],[-1.48267,53.62308],[-1.48176,53.62308],[-1.48176,53.62304],[-1.48131,53.62303],[-1.48131,53.62299],[-1.48108,53.62299],[-1.48108,53.62294],[-1.48085,53.62294],[-1.48085,53.6229],[-1.48055,53.62285],[-1.48048,53.62276],[-1.48018,53.62271],[-1.4801,53.62262],[-1.47995,53.62262],[-1.47995,53.62258],[-1.4798,53.62258],[-1.4798,53.62253],[-1.47957,53.62253],[-1.47957,53.62249],[-1.47942,53.62249],[-1.47942,53.62244],[-1.47927,53.62244],[-1.47927,53.6224],[-1.47882,53.62235],[-1.47882,53.6223],[-1.47859,53.6223],[-1.47852,53.62221],[-1.47837,53.62221],[-1.47837,53.62217],[-1.47784,53.62212],[-1.47784,53.62207],[-1.47754,53.62207],[-1.47754,53.62203],[-1.47739,53.62203],[-1.47739,53.62198],[-1.47724,53.62203],[-1.47724,53.62198],[-1.47701,53.62198],[-1.47701,53.62194],[-1.47678,53.62194],[-1.47678,53.62189],[-1.47663,53.62189],[-1.47663,53.62184],[-1.47633,53.62184],[-1.47633,53.6218],[-1.47565,53.6218],[-1.47565,53.62175],[-1.4752,53.62175],[-1.4752,53.6217],[-1.47422,53.6217],[-1.47422,53.62174],[-1.47384,53.62174],[-1.47384,53.62179],[-1.47293,53.62183],[-1.47293,53.62187],[-1.4721,53.62187],[-1.47202,53.62178],[-1.47187,53.62178],[-1.47187,53.62173],[-1.47165,53.62164],[-1.47165,53.62155],[-1.47157,53.62155],[-1.47158,53.62119],[-1.4715,53.62119],[-1.47143,53.6207],[-1.47136,53.6207],[-1.47137,53.61957],[-1.47129,53.61957],[-1.4713,53.61944],[-1.47137,53.61944],[-1.47137,53.6193],[-1.47145,53.61931],[-1.47145,53.61904],[-1.47138,53.61904],[-1.47138,53.6185],[-1.47131,53.6185],[-1.47131,53.61836],[-1.47139,53.61836],[-1.47139,53.61827],[-1.47131,53.61827],[-1.47131,53.61809],[-1.47139,53.61809],[-1.47139,53.61805],[-1.47154,53.61805],[-1.47169,53.61791],[-1.47184,53.61791],[-1.47192,53.61782],[-1.47207,53.61778],[-1.47207,53.61773],[-1.47222,53.61769],[-1.47223,53.61765],[-1.4723,53.61765],[-1.47238,53.61756],[-1.47253,53.61751],[-1.47253,53.61747],[-1.47261,53.61747],[-1.47268,53.61738],[-1.47276,53.61738],[-1.47276,53.61729],[-1.47283,53.61729],[-1.47284,53.61724],[-1.47291,53.61724],[-1.47291,53.61715],[-1.47299,53.61715],[-1.47299,53.61702],[-1.47337,53.61693],[-1.47337,53.61684],[-1.47344,53.61684],[-1.47345,53.61675],[-1.4736,53.61671],[-1.4736,53.61662],[-1.47352,53.61662],[-1.47352,53.61666],[-1.47337,53.61666],[-1.47337,53.61671],[-1.47314,53.61671],[-1.47307,53.6168],[-1.47292,53.61679],[-1.47292,53.61684],[-1.47284,53.61684],[-1.47284,53.61693],[-1.47269,53.61697],[-1.47261,53.61706],[-1.47246,53.61706],[-1.47238,53.61715],[-1.47223,53.6172],[-1.47223,53.61729],[-1.47208,53.61733],[-1.47208,53.61742],[-1.47177,53.61746],[-1.4717,53.61755],[-1.47155,53.61755],[-1.47147,53.61764],[-1.47132,53.61764],[-1.47132,53.61769],[-1.47117,53.61769],[-1.47117,53.61773],[-1.47056,53.61768],[-1.47056,53.61764],[-1.47041,53.61764],[-1.47041,53.61759],[-1.47026,53.61759],[-1.47026,53.61755],[-1.47011,53.61755],[-1.47011,53.6175],[-1.46981,53.61746],[-1.46973,53.61736],[-1.46958,53.61736],[-1.46943,53.61723],[-1.46936,53.61723],[-1.46936,53.61718],[-1.46921,53.61714],[-1.46921,53.61705],[-1.46913,53.61705],[-1.46914,53.61696],[-1.46906,53.61696],[-1.46906,53.61682],[-1.46899,53.61682],[-1.46899,53.61669],[-1.46891,53.61669],[-1.46892,53.61628],[-1.46884,53.61628],[-1.46884,53.61619],[-1.46877,53.61619],[-1.46877,53.61606],[-1.46869,53.61606],[-1.46869,53.61592],[-1.46862,53.61592],[-1.46862,53.61579],[-1.46855,53.61579],[-1.46855,53.61574],[-1.4687,53.6157],[-1.4687,53.61552],[-1.46885,53.61547],[-1.46885,53.61534],[-1.469,53.61534],[-1.46901,53.61525],[-1.46893,53.61525],[-1.46893,53.6152],[-1.46923,53.61516],[-1.46923,53.61507],[-1.46916,53.61507],[-1.46916,53.61498],[-1.46908,53.61498],[-1.46909,53.61467],[-1.46916,53.61467],[-1.46916,53.61458],[-1.46909,53.61458],[-1.46902,53.6144],[-1.46887,53.61435],[-1.46887,53.61431],[-1.46909,53.61431],[-1.4691,53.61399],[-1.46902,53.61399],[-1.46902,53.61372],[-1.46895,53.61372],[-1.46903,53.61363],[-1.46895,53.61363],[-1.46896,53.613],[-1.46888,53.613],[-1.46881,53.61269],[-1.46874,53.61269],[-1.46866,53.61251],[-1.46859,53.61251],[-1.46859,53.61237],[-1.46851,53.61237],[-1.46851,53.61224],[-1.46844,53.61224],[-1.46844,53.6121],[-1.46836,53.6121],[-1.46829,53.61192],[-1.46822,53.61192],[-1.46822,53.6117],[-1.46814,53.6117],[-1.46814,53.61156],[-1.46799,53.61151],[-1.468,53.61138],[-1.46788,53.61134],[-1.46795,53.61126],[-1.46782,53.61124],[-1.46777,53.61111],[-1.46762,53.61106],[-1.46755,53.61088],[-1.46747,53.61088],[-1.46747,53.61075],[-1.4674,53.61075],[-1.4674,53.61066],[-1.46732,53.61066],[-1.46733,53.61052],[-1.46725,53.61052],[-1.46725,53.61043],[-1.46718,53.61043],[-1.46718,53.61039],[-1.46725,53.61039],[-1.46733,53.60994],[-1.46726,53.60994],[-1.46726,53.60962],[-1.46719,53.60962],[-1.46719,53.60949],[-1.46711,53.60949],[-1.46704,53.60931],[-1.46696,53.60931],[-1.46697,53.60917],[-1.46689,53.60917],[-1.46697,53.60877],[-1.4672,53.60868],[-1.4672,53.60864],[-1.4675,53.60864],[-1.4675,53.60859],[-1.46765,53.60859],[-1.46773,53.6085],[-1.46788,53.6085],[-1.46788,53.60846],[-1.46803,53.60846],[-1.46803,53.60841],[-1.46826,53.60842],[-1.46826,53.60837],[-1.46841,53.60837],[-1.46841,53.60833],[-1.46871,53.60828],[-1.46872,53.60824],[-1.46924,53.60819],[-1.46925,53.60815],[-1.46932,53.60815],[-1.46932,53.6082],[-1.46947,53.6082],[-1.46947,53.60815],[-1.46962,53.60815],[-1.46962,53.60811],[-1.46977,53.60815],[-1.46977,53.60811],[-1.46993,53.60811],[-1.46993,53.60806],[-1.47008,53.60806],[-1.47008,53.60802],[-1.47031,53.60802],[-1.47031,53.60797],[-1.47061,53.60798],[-1.47061,53.60793],[-1.47084,53.60793],[-1.47084,53.60789],[-1.47144,53.60784],[-1.47144,53.6078],[-1.47182,53.6078],[-1.47182,53.60776],[-1.47205,53.60776],[-1.47205,53.60771],[-1.4725,53.60767],[-1.4725,53.60762],[-1.47273,53.60763],[-1.47273,53.60758],[-1.47303,53.60754],[-1.47303,53.60749],[-1.47318,53.60749],[-1.47326,53.6074],[-1.47341,53.6074],[-1.47341,53.60736],[-1.47356,53.60731],[-1.47356,53.60727],[-1.47371,53.60727],[-1.47387,53.60714],[-1.47402,53.60714],[-1.47417,53.607],[-1.47432,53.60696],[-1.47432,53.60691],[-1.47463,53.60687],[-1.47463,53.60683],[-1.47478,53.60683],[-1.47486,53.60674],[-1.47501,53.60674],[-1.47501,53.60669],[-1.47516,53.60669],[-1.47516,53.60665],[-1.47531,53.60665],[-1.47539,53.60656],[-1.47554,53.60656],[-1.47554,53.60651],[-1.47569,53.60652],[-1.47569,53.60647],[-1.47592,53.60647],[-1.47599,53.60638],[-1.47622,53.60638],[-1.47622,53.60634],[-1.47645,53.60634],[-1.47645,53.60629],[-1.47675,53.60625],[-1.47683,53.60616],[-1.47713,53.60612],[-1.47713,53.60607],[-1.47766,53.60603],[-1.47766,53.60598],[-1.47811,53.60599],[-1.47811,53.60594],[-1.47857,53.6059],[-1.47857,53.60585],[-1.47917,53.60586],[-1.47917,53.60581],[-1.4794,53.60581],[-1.4794,53.60577],[-1.47993,53.60577],[-1.47993,53.60572],[-1.48001,53.60573],[-1.48001,53.60577],[-1.48031,53.60577],[-1.48031,53.60573],[-1.48038,53.60573],[-1.48038,53.60577],[-1.48076,53.60577],[-1.48076,53.60582],[-1.48091,53.60582],[-1.48091,53.60586],[-1.48114,53.60586],[-1.48114,53.60591],[-1.48174,53.60591],[-1.48174,53.60587],[-1.48189,53.60587],[-1.48189,53.60582],[-1.48197,53.60582],[-1.48197,53.60573],[-1.48212,53.60573],[-1.48212,53.60564],[-1.48235,53.60556],[-1.48235,53.60533],[-1.48228,53.60533],[-1.48228,53.60524],[-1.4822,53.60524],[-1.48213,53.60502],[-1.48236,53.60493],[-1.48236,53.60484],[-1.48243,53.60484],[-1.48244,53.60466],[-1.48251,53.60466],[-1.48251,53.60461],[-1.48266,53.60461],[-1.48259,53.60452],[-1.48274,53.60448],[-1.48274,53.6043],[-1.48244,53.60425],[-1.48237,53.60434],[-1.48229,53.60434],[-1.48221,53.60452],[-1.48214,53.60452],[-1.48221,53.60461],[-1.48214,53.60461],[-1.48213,53.60466],[-1.48221,53.60466],[-1.48221,53.6047],[-1.48213,53.6047],[-1.48213,53.60479],[-1.48198,53.60483],[-1.48198,53.60497],[-1.4819,53.60497],[-1.4819,53.60501],[-1.48198,53.60501],[-1.48198,53.60506],[-1.4819,53.60506],[-1.4819,53.60519],[-1.48198,53.60519],[-1.48197,53.60551],[-1.4819,53.60551],[-1.48182,53.6056],[-1.48167,53.60564],[-1.48167,53.60569],[-1.48137,53.60569],[-1.48137,53.60564],[-1.48106,53.60564],[-1.48107,53.60559],[-1.48046,53.60559],[-1.48046,53.60555],[-1.48031,53.60555],[-1.48031,53.60559],[-1.47963,53.60559],[-1.47963,53.60563],[-1.47925,53.60563],[-1.47925,53.60568],[-1.47872,53.60567],[-1.47872,53.60572],[-1.47819,53.60576],[-1.47819,53.60581],[-1.47804,53.60581],[-1.47804,53.60585],[-1.47759,53.60585],[-1.47759,53.60589],[-1.47743,53.60589],[-1.47743,53.60594],[-1.47713,53.60594],[-1.47713,53.60598],[-1.47698,53.60598],[-1.47698,53.60603],[-1.47683,53.60603],[-1.47683,53.60607],[-1.47668,53.60607],[-1.47668,53.60612],[-1.47645,53.60611],[-1.47645,53.60616],[-1.4763,53.60616],[-1.4763,53.6062],[-1.47615,53.6062],[-1.47615,53.60625],[-1.47599,53.60625],[-1.47599,53.60629],[-1.47577,53.60629],[-1.47577,53.60634],[-1.47562,53.60634],[-1.47562,53.60638],[-1.47531,53.60642],[-1.47531,53.60647],[-1.47516,53.60647],[-1.47508,53.60656],[-1.47493,53.60656],[-1.47486,53.60665],[-1.47471,53.60665],[-1.4747,53.60669],[-1.47455,53.60669],[-1.47455,53.60674],[-1.4744,53.60673],[-1.47433,53.60682],[-1.47417,53.60682],[-1.4741,53.60691],[-1.47379,53.60696],[-1.47379,53.607],[-1.47372,53.607],[-1.47372,53.60705],[-1.47357,53.60705],[-1.47357,53.60709],[-1.47349,53.60709],[-1.47334,53.60722],[-1.47319,53.60722],[-1.47311,53.60731],[-1.47296,53.60731],[-1.47296,53.60736],[-1.47281,53.60736],[-1.47281,53.6074],[-1.47266,53.6074],[-1.47265,53.60745],[-1.47235,53.60744],[-1.47235,53.60749],[-1.4722,53.60749],[-1.4722,53.60753],[-1.47197,53.60753],[-1.47197,53.60758],[-1.47182,53.60758],[-1.47182,53.60762],[-1.47129,53.60766],[-1.47129,53.60771],[-1.47016,53.60775],[-1.47016,53.60779],[-1.46985,53.60784],[-1.46985,53.60788],[-1.46963,53.60788],[-1.46963,53.60793],[-1.46917,53.60797],[-1.46917,53.60801],[-1.46902,53.60801],[-1.46902,53.60806],[-1.46857,53.6081],[-1.46857,53.60815],[-1.46841,53.60815],[-1.46841,53.60819],[-1.46826,53.60819],[-1.46826,53.60824],[-1.46811,53.60823],[-1.46811,53.60828],[-1.46788,53.60828],[-1.46788,53.60832],[-1.46766,53.60832],[-1.46766,53.60837],[-1.46713,53.60837],[-1.46705,53.60845],[-1.4669,53.60845],[-1.46675,53.60859],[-1.46667,53.60859],[-1.46667,53.60868],[-1.46659,53.60868],[-1.46659,53.60877],[-1.46652,53.60877],[-1.46651,53.60899],[-1.46644,53.60899],[-1.46644,53.60913],[-1.46651,53.60913],[-1.46651,53.60931],[-1.46659,53.60931],[-1.46666,53.60949],[-1.46681,53.60953],[-1.46681,53.60962],[-1.46696,53.60967],[-1.46696,53.60976],[-1.46703,53.60976],[-1.46703,53.60994],[-1.46696,53.60994],[-1.46695,53.61003],[-1.46688,53.61003],[-1.46688,53.61016],[-1.46695,53.61016],[-1.46695,53.61052],[-1.46702,53.61052],[-1.46702,53.61061],[-1.4671,53.61061],[-1.46717,53.61079],[-1.46725,53.61079],[-1.46725,53.61093],[-1.46732,53.61093],[-1.46732,53.61102],[-1.4674,53.61102],[-1.46747,53.61133],[-1.46754,53.61133],[-1.46754,53.61142],[-1.46762,53.61142],[-1.46762,53.61151],[-1.46769,53.61151],[-1.46769,53.6116],[-1.46777,53.6116],[-1.46777,53.61169],[-1.46784,53.61169],[-1.46784,53.61178],[-1.46792,53.61178],[-1.46791,53.61187],[-1.46799,53.61187],[-1.46799,53.61196],[-1.46806,53.61196],[-1.46806,53.61201],[-1.46814,53.61201],[-1.46814,53.6121],[-1.46821,53.6121],[-1.46821,53.61232],[-1.46829,53.61233],[-1.46836,53.61251],[-1.46844,53.61251],[-1.46843,53.61269],[-1.46851,53.61269],[-1.46851,53.61282],[-1.46858,53.61282],[-1.46858,53.61314],[-1.46865,53.61314],[-1.46865,53.61327],[-1.46858,53.61327],[-1.46857,53.61372],[-1.46865,53.61372],[-1.46864,53.61421],[-1.46856,53.61421],[-1.46848,53.61498],[-1.46833,53.61502],[-1.46833,53.61516],[-1.46825,53.61516],[-1.46825,53.61525],[-1.46817,53.61525],[-1.46817,53.61547],[-1.46794,53.61556],[-1.46786,53.61587],[-1.46779,53.61587],[-1.46779,53.6161],[-1.46786,53.6161],[-1.46786,53.61628],[-1.46793,53.61628],[-1.46793,53.61637],[-1.46808,53.61641],[-1.46816,53.6165],[-1.46823,53.6165],[-1.46831,53.61659],[-1.46838,53.61659],[-1.46838,53.61686],[-1.46846,53.61686],[-1.46853,53.61709],[-1.4686,53.61709],[-1.46868,53.61718],[-1.46883,53.61723],[-1.46883,53.61727],[-1.46898,53.61732],[-1.46905,53.61741],[-1.46913,53.61741],[-1.46913,53.61745],[-1.46928,53.61745],[-1.46943,53.61759],[-1.46958,53.61759],[-1.46958,53.61763],[-1.46966,53.61763],[-1.46966,53.61768],[-1.46981,53.61768],[-1.46981,53.61772],[-1.46996,53.61773],[-1.47011,53.61786],[-1.47041,53.61791],[-1.47048,53.618],[-1.47071,53.61809],[-1.47071,53.61813],[-1.47078,53.61813],[-1.47086,53.61831],[-1.47101,53.61836],[-1.471,53.61894],[-1.47108,53.61894],[-1.47115,53.61921],[-1.47107,53.61921],[-1.47107,53.6193],[-1.471,53.6193],[-1.47099,53.61935],[-1.47107,53.61935],[-1.47107,53.61962],[-1.47099,53.61962],[-1.47099,53.61989],[-1.47091,53.61989],[-1.4709,53.62052],[-1.47098,53.62052],[-1.47098,53.62065],[-1.47105,53.62065],[-1.47105,53.62101],[-1.47113,53.62101],[-1.47112,53.62115],[-1.4712,53.62115],[-1.47127,53.62137],[-1.47135,53.62137],[-1.47134,53.62178],[-1.47142,53.62178],[-1.47142,53.62187],[-1.47149,53.62187],[-1.47157,53.62196],[-1.47172,53.62196],[-1.47179,53.62205],[-1.47187,53.62205],[-1.47187,53.62214],[-1.47172,53.62218],[-1.47171,53.62223],[-1.47156,53.62223],[-1.47156,53.62218],[-1.47149,53.62218],[-1.47149,53.62223],[-1.47126,53.62223],[-1.47126,53.62227],[-1.47111,53.62227],[-1.47103,53.62236],[-1.47088,53.62236],[-1.4708,53.62245],[-1.47065,53.62245],[-1.47058,53.62254],[-1.47043,53.62254],[-1.47042,53.62263],[-1.4702,53.62272],[-1.4702,53.62285],[-1.47004,53.62289],[-1.47004,53.62303],[-1.46997,53.62303],[-1.46996,53.62312],[-1.46989,53.62312],[-1.46989,53.62343],[-1.46973,53.62348],[-1.46973,53.62357],[-1.46966,53.62357],[-1.46966,53.62366],[-1.46958,53.62366],[-1.46958,53.62379],[-1.4695,53.62379],[-1.4695,53.62393],[-1.46943,53.62393],[-1.46942,53.62401],[-1.46935,53.62401],[-1.46935,53.6241],[-1.4692,53.62415],[-1.4692,53.62419],[-1.46912,53.62419],[-1.46897,53.62433],[-1.46889,53.62433],[-1.46889,53.62437],[-1.46874,53.62442],[-1.46859,53.62455],[-1.46844,53.62455],[-1.46843,53.62459],[-1.46828,53.62459],[-1.46828,53.62464],[-1.46813,53.62464],[-1.46813,53.62468],[-1.46775,53.62468],[-1.46775,53.62473],[-1.4676,53.62473],[-1.4676,53.62477],[-1.46669,53.62477],[-1.46669,53.62481],[-1.46601,53.62485],[-1.46601,53.6249],[-1.46578,53.6249],[-1.46578,53.62494],[-1.46525,53.62494],[-1.46525,53.62499],[-1.46518,53.62498],[-1.46518,53.62494],[-1.46503,53.62494],[-1.46503,53.62489],[-1.46495,53.62489],[-1.46495,53.62485],[-1.46465,53.6248],[-1.46465,53.62476],[-1.46458,53.62476],[-1.46458,53.62467],[-1.46443,53.62462],[-1.46443,53.62458],[-1.46413,53.62453],[-1.46398,53.62431],[-1.46368,53.62426],[-1.46368,53.62421],[-1.46345,53.62421],[-1.46345,53.62417],[-1.46315,53.62417],[-1.46315,53.62412],[-1.46247,53.62412],[-1.46247,53.62407],[-1.46224,53.62407],[-1.46224,53.62412],[-1.46156,53.62411],[-1.46156,53.62407],[-1.46111,53.62407],[-1.46111,53.62411],[-1.46088,53.62411],[-1.46088,53.62416],[-1.4602,53.62415],[-1.4602,53.6242],[-1.46005,53.6242],[-1.46005,53.62424],[-1.45967,53.6242],[-1.45967,53.62415],[-1.45876,53.62419],[-1.45876,53.62424],[-1.45801,53.62428],[-1.45801,53.62432],[-1.45778,53.62432],[-1.45778,53.62437],[-1.4574,53.62441],[-1.4574,53.62446],[-1.45679,53.6245],[-1.45679,53.62454],[-1.45664,53.62454],[-1.45657,53.62463],[-1.45626,53.62468],[-1.45619,53.62476],[-1.45588,53.62481],[-1.45588,53.62485],[-1.45581,53.62485],[-1.45581,53.62494],[-1.45565,53.62499],[-1.45557,53.6253],[-1.4555,53.6253],[-1.4555,53.62535],[-1.45535,53.62534],[-1.45535,53.62543],[-1.45527,53.62543],[-1.45527,53.62552],[-1.45519,53.62552],[-1.45519,53.62557],[-1.45489,53.62552],[-1.45489,53.62557],[-1.45474,53.62557],[-1.45474,53.62561],[-1.45466,53.62561],[-1.45466,53.62575],[-1.45421,53.62574],[-1.45421,53.62579],[-1.45406,53.62579],[-1.45405,53.62583],[-1.4539,53.62583],[-1.45375,53.62597],[-1.45352,53.62597],[-1.45352,53.62601],[-1.4533,53.62601],[-1.4533,53.62605],[-1.45307,53.62605],[-1.45307,53.6261],[-1.45261,53.6261],[-1.45261,53.62614],[-1.45171,53.62614],[-1.45171,53.62618],[-1.45148,53.62618],[-1.45148,53.62623],[-1.45118,53.62627],[-1.45118,53.62631],[-1.45095,53.62631],[-1.45095,53.62636],[-1.45072,53.62636],[-1.45072,53.6264],[-1.44997,53.6264],[-1.44997,53.62635],[-1.44951,53.62631],[-1.44951,53.62635],[-1.44944,53.62635],[-1.44944,53.62644],[-1.44936,53.62644],[-1.44936,53.62649],[-1.44913,53.62657],[-1.44913,53.62662],[-1.44875,53.62662],[-1.44875,53.6268],[-1.44867,53.6268],[-1.44867,53.62711],[-1.44875,53.62711],[-1.44875,53.62716],[-1.44867,53.62716],[-1.44867,53.62725],[-1.44829,53.62725],[-1.44821,53.62733],[-1.44806,53.62733],[-1.44799,53.62697],[-1.44792,53.62697],[-1.44792,53.62679],[-1.44784,53.62679],[-1.44777,53.62643],[-1.4477,53.62643],[-1.4477,53.62621],[-1.44762,53.62621],[-1.44755,53.6258],[-1.44748,53.6258],[-1.4474,53.62562],[-1.44718,53.62553],[-1.44718,53.62544],[-1.44703,53.62544],[-1.44703,53.62553],[-1.44695,53.62553],[-1.44695,53.62558],[-1.44552,53.62552],[-1.44552,53.62557],[-1.44446,53.62561],[-1.44446,53.62565],[-1.4443,53.62565],[-1.4443,53.6257],[-1.44415,53.6257],[-1.44415,53.62565],[-1.44332,53.62565],[-1.44332,53.62569],[-1.44302,53.62569],[-1.44302,53.62574],[-1.44272,53.62574],[-1.44272,53.62578],[-1.44264,53.62578],[-1.44264,53.62587],[-1.44256,53.62587],[-1.44256,53.62596],[-1.44233,53.62605],[-1.44233,53.62609],[-1.44218,53.62609],[-1.44218,53.62614],[-1.44165,53.62609],[-1.44165,53.62605],[-1.4415,53.62605],[-1.4415,53.626],[-1.4412,53.626],[-1.4412,53.62604],[-1.44105,53.62604],[-1.44105,53.62609],[-1.4409,53.62613],[-1.4409,53.62618],[-1.44059,53.62622],[-1.44059,53.62627],[-1.44044,53.62626],[-1.44044,53.62631],[-1.44014,53.62631],[-1.44014,53.62635],[-1.43893,53.6263],[-1.43893,53.62635],[-1.43878,53.62639],[-1.43877,53.62648],[-1.4387,53.62648],[-1.4387,53.62653],[-1.43855,53.62653],[-1.43847,53.62662],[-1.43832,53.62661],[-1.43832,53.62666],[-1.43817,53.62666],[-1.43817,53.6267],[-1.43802,53.6267],[-1.43794,53.62679],[-1.43771,53.62688],[-1.43763,53.62706],[-1.43756,53.62706],[-1.43756,53.6272],[-1.4374,53.62724],[-1.4374,53.62737],[-1.43748,53.62737],[-1.43748,53.62746],[-1.43755,53.62746],[-1.43755,53.62755],[-1.4377,53.62756],[-1.4377,53.62769],[-1.43778,53.62769],[-1.43777,53.62778],[-1.43793,53.62778],[-1.43792,53.62787],[-1.4383,53.62783],[-1.4383,53.62778],[-1.43846,53.62774],[-1.43846,53.6276],[-1.43884,53.62761],[-1.43884,53.62756],[-1.43899,53.62756],[-1.43899,53.62752],[-1.43959,53.62752],[-1.43959,53.62747],[-1.43982,53.62748],[-1.43982,53.62752],[-1.44005,53.62752],[-1.44005,53.62748],[-1.44027,53.62748],[-1.44027,53.62743],[-1.44194,53.62744],[-1.44194,53.6274],[-1.44337,53.6274],[-1.44337,53.62745],[-1.44398,53.62745],[-1.44398,53.6274],[-1.44421,53.62741],[-1.44428,53.62732],[-1.44466,53.62732],[-1.44466,53.62736],[-1.44474,53.62736],[-1.44474,53.62732],[-1.44496,53.62732],[-1.44496,53.62736],[-1.44519,53.62737],[-1.44519,53.62732],[-1.44564,53.62732],[-1.44564,53.62737],[-1.44594,53.62741],[-1.44594,53.62746],[-1.44617,53.62746],[-1.44617,53.62751],[-1.4467,53.62751],[-1.4467,53.62746],[-1.44685,53.62746],[-1.44693,53.62737],[-1.44708,53.62737],[-1.44716,53.62728],[-1.44731,53.62729],[-1.44723,53.62738],[-1.44738,53.62742],[-1.44738,53.62747],[-1.44753,53.62747],[-1.44753,53.62751],[-1.44783,53.62751],[-1.44783,53.62756],[-1.44791,53.62756],[-1.44791,53.62751],[-1.44806,53.62751],[-1.44806,53.62742],[-1.44814,53.62742],[-1.44814,53.62756],[-1.44829,53.6276],[-1.44829,53.62765],[-1.44844,53.62765],[-1.44851,53.62756],[-1.44859,53.62756],[-1.44859,53.62761],[-1.44889,53.62761],[-1.44889,53.62756],[-1.44919,53.62752],[-1.4492,53.62747],[-1.44935,53.62752],[-1.44935,53.62747],[-1.44965,53.62748],[-1.44965,53.62739],[-1.4498,53.62734],[-1.44973,53.62725],[-1.44988,53.62725],[-1.44988,53.62721],[-1.44973,53.62721],[-1.44973,53.62716],[-1.45003,53.62716],[-1.45003,53.62707],[-1.45018,53.62707],[-1.45018,53.62694],[-1.45041,53.62694],[-1.45041,53.62685],[-1.45019,53.62685],[-1.45019,53.62676],[-1.45034,53.62676],[-1.45034,53.62681],[-1.45064,53.62681],[-1.45064,53.62672],[-1.45057,53.62672],[-1.45057,53.62667],[-1.45102,53.62663],[-1.45102,53.62654],[-1.45125,53.62654],[-1.45125,53.62649],[-1.45148,53.6265],[-1.45148,53.62645],[-1.45216,53.62641],[-1.45216,53.62636],[-1.45276,53.62637],[-1.45276,53.62632],[-1.45344,53.62628],[-1.45344,53.62624],[-1.45367,53.62624],[-1.45375,53.62615],[-1.4539,53.62615],[-1.45398,53.62606],[-1.45413,53.62606],[-1.45413,53.62601],[-1.45428,53.62601],[-1.45428,53.62597],[-1.45443,53.62597],[-1.45443,53.62593],[-1.45496,53.62588],[-1.45496,53.62584],[-1.45526,53.62584],[-1.45526,53.62579],[-1.45542,53.62579],[-1.45549,53.62571],[-1.45587,53.62566],[-1.45587,53.62562],[-1.45602,53.62562],[-1.4561,53.62553],[-1.45625,53.62553],[-1.45625,53.62548],[-1.45633,53.62548],[-1.45633,53.62539],[-1.4564,53.62539],[-1.4564,53.62535],[-1.45671,53.62522],[-1.45671,53.62513],[-1.45701,53.62499],[-1.45709,53.6249],[-1.45724,53.6249],[-1.45732,53.62481],[-1.4577,53.62477],[-1.4577,53.62473],[-1.45785,53.62473],[-1.45785,53.62468],[-1.45815,53.62468],[-1.45815,53.62464],[-1.45838,53.62464],[-1.45838,53.62459],[-1.45883,53.6246],[-1.45883,53.62455],[-1.45914,53.62455],[-1.45914,53.62451],[-1.45974,53.62451],[-1.45974,53.62447],[-1.46042,53.62442],[-1.46042,53.62438],[-1.46133,53.62438],[-1.46133,53.62434],[-1.46156,53.62434],[-1.46156,53.62429],[-1.46231,53.6243],[-1.46231,53.62434],[-1.46292,53.62435],[-1.46292,53.62439],[-1.4633,53.62439],[-1.4633,53.62435],[-1.46337,53.62435],[-1.46337,53.62439],[-1.46352,53.62439],[-1.46352,53.62444],[-1.46375,53.62444],[-1.46382,53.62453],[-1.4639,53.62453],[-1.4639,53.62462],[-1.46397,53.62462],[-1.46397,53.62475],[-1.4642,53.62485],[-1.46412,53.62507],[-1.46389,53.62516],[-1.46389,53.62525],[-1.46374,53.62529],[-1.46374,53.62534],[-1.46359,53.62534],[-1.46359,53.62543],[-1.46343,53.62543],[-1.46343,53.62547],[-1.46328,53.62547],[-1.46328,53.62552],[-1.46321,53.62552],[-1.46321,53.62561],[-1.46313,53.6256],[-1.46313,53.62569],[-1.46305,53.62569],[-1.46305,53.62574],[-1.4629,53.62574],[-1.46282,53.62583],[-1.46267,53.62583],[-1.46252,53.62596],[-1.46229,53.62605],[-1.46229,53.6261],[-1.46214,53.62609],[-1.46214,53.62623],[-1.46221,53.62623],[-1.46222,53.62618],[-1.46237,53.62619],[-1.46237,53.62614],[-1.46252,53.62614],[-1.46259,53.62605],[-1.46282,53.62605],[-1.46282,53.62601],[-1.46297,53.62601],[-1.46297,53.62596],[-1.46343,53.62597],[-1.46343,53.62592],[-1.46381,53.62592],[-1.46381,53.62588],[-1.46396,53.62588],[-1.46403,53.62579],[-1.46419,53.62579],[-1.46426,53.6257],[-1.46449,53.62561],[-1.46449,53.62552],[-1.46457,53.62552],[-1.46464,53.62543],[-1.46502,53.62543],[-1.46502,53.62539],[-1.46517,53.62539],[-1.46517,53.62534],[-1.46525,53.62534],[-1.46525,53.62525],[-1.46555,53.62521],[-1.46556,53.62512],[-1.46571,53.62517],[-1.46571,53.62521],[-1.46586,53.62521],[-1.46586,53.62517],[-1.46593,53.62517],[-1.46684,53.62522],[-1.46684,53.62517],[-1.46722,53.62517],[-1.46722,53.62522],[-1.46737,53.62522],[-1.46737,53.62517],[-1.46767,53.62518],[-1.46767,53.62522],[-1.4679,53.62522],[-1.4679,53.62518],[-1.46828,53.62513],[-1.46828,53.62504],[-1.46843,53.62504],[-1.46843,53.62513],[-1.4685,53.62513],[-1.4685,53.62509],[-1.46866,53.62509],[-1.46866,53.62505],[-1.46881,53.62505],[-1.46881,53.625],[-1.46896,53.62496],[-1.46911,53.62482],[-1.46919,53.62482],[-1.46919,53.62478],[-1.46926,53.62478],[-1.46926,53.62469],[-1.46934,53.62469],[-1.46934,53.6246],[-1.46942,53.6246],[-1.46942,53.62437],[-1.46957,53.62438],[-1.46957,53.62433],[-1.46972,53.62433],[-1.46972,53.62429],[-1.4698,53.62429],[-1.4698,53.6242],[-1.46988,53.6242],[-1.46988,53.62402],[-1.46995,53.62402],[-1.46996,53.62379],[-1.47003,53.62379],[-1.47003,53.6237],[-1.47011,53.6237],[-1.47011,53.62339],[-1.47026,53.62334],[-1.47034,53.62317],[-1.47042,53.62317],[-1.47042,53.62308],[-1.47034,53.62308],[-1.47034,53.62303],[-1.47042,53.62303],[-1.47042,53.62294],[-1.47065,53.62285],[-1.47065,53.62276],[-1.47088,53.62267],[-1.47088,53.62263],[-1.4711,53.62263],[-1.47111,53.62258],[-1.47126,53.62258],[-1.47126,53.62254],[-1.47148,53.62254],[-1.47156,53.62245],[-1.47194,53.62245],[-1.47194,53.62241],[-1.47254,53.62241],[-1.47254,53.62237],[-1.47338,53.62241],[-1.47338,53.62237],[-1.47353,53.62237],[-1.47353,53.62233],[-1.47383,53.62233],[-1.47383,53.62237],[-1.47391,53.62237],[-1.47391,53.62233],[-1.47534,53.62233],[-1.47534,53.62229],[-1.47685,53.62225],[-1.47686,53.62221],[-1.47708,53.62221],[-1.47708,53.62225],[-1.47723,53.62225],[-1.47731,53.62234],[-1.47768,53.62239],[-1.47768,53.62243],[-1.47806,53.62244],[-1.47814,53.62253],[-1.47836,53.62253],[-1.47836,53.62257],[-1.47874,53.62257],[-1.47874,53.62262],[-1.47889,53.62262],[-1.47889,53.62266],[-1.47904,53.62266],[-1.47904,53.62271],[-1.47957,53.62276],[-1.47964,53.62285],[-1.4798,53.62285],[-1.4798,53.62289],[-1.4801,53.62294],[-1.48017,53.62303],[-1.48047,53.62307],[-1.48047,53.62312],[-1.48062,53.62312],[-1.48062,53.62317],[-1.48077,53.62317],[-1.48077,53.62321],[-1.481,53.62321],[-1.481,53.62326],[-1.48115,53.62326],[-1.48115,53.6233],[-1.4816,53.62335],[-1.4816,53.62339],[-1.48191,53.6234],[-1.48191,53.62344],[-1.48206,53.62344],[-1.48206,53.6234],[-1.48251,53.6234],[-1.48251,53.62344],[-1.48296,53.62345],[-1.48296,53.62349],[-1.48379,53.62349],[-1.48379,53.62354],[-1.4841,53.62354],[-1.48425,53.62372],[-1.4844,53.62372],[-1.48455,53.62386],[-1.48485,53.6239],[-1.48492,53.62399],[-1.48507,53.62399],[-1.48507,53.62404],[-1.48515,53.62404],[-1.48515,53.62413],[-1.48537,53.62422],[-1.48537,53.62431],[-1.48545,53.62431],[-1.48552,53.6244],[-1.48567,53.62445],[-1.48567,53.62454],[-1.48582,53.62458],[-1.48582,53.62463],[-1.4859,53.62463],[-1.4859,53.62467],[-1.48597,53.62467],[-1.48597,53.62472],[-1.48605,53.62472],[-1.48605,53.62476],[-1.4862,53.62481],[-1.48627,53.6249],[-1.48635,53.6249],[-1.48635,53.62494],[-1.48642,53.62494],[-1.48642,53.62499],[-1.4865,53.62499],[-1.4865,53.62503],[-1.48657,53.62503],[-1.48665,53.62512],[-1.4868,53.62512],[-1.48702,53.62531],[-1.48755,53.6254],[-1.48763,53.62549],[-1.48793,53.62553],[-1.488,53.62562],[-1.48815,53.62562],[-1.48823,53.62571],[-1.48838,53.62572],[-1.48838,53.62576],[-1.48845,53.62576],[-1.48845,53.62585],[-1.48853,53.62585],[-1.4886,53.62594],[-1.48875,53.62599],[-1.48875,53.62608],[-1.48883,53.62608],[-1.48883,53.62617],[-1.4889,53.62617],[-1.48897,53.62644],[-1.48905,53.62644],[-1.48912,53.62666],[-1.4892,53.62666],[-1.4892,53.62675],[-1.48927,53.62675],[-1.48927,53.62689],[-1.48935,53.62689],[-1.48935,53.62702],[-1.48942,53.62702],[-1.48942,53.62716],[-1.4895,53.62716],[-1.48949,53.62734],[-1.48957,53.62734],[-1.48957,53.62752],[-1.48964,53.62752],[-1.48972,53.62774],[-1.48979,53.62774],[-1.48979,53.62788],[-1.48986,53.62788],[-1.48986,53.62801],[-1.48994,53.62801],[-1.49001,53.62819],[-1.49009,53.62819],[-1.49009,53.62824],[-1.49016,53.62824],[-1.49016,53.62833],[-1.49031,53.62838],[-1.49031,53.62851],[-1.49046,53.62856],[-1.49046,53.6286],[-1.49061,53.6286],[-1.49061,53.62865],[-1.49069,53.62865],[-1.49069,53.62874],[-1.49084,53.62878],[-1.49091,53.62887],[-1.49099,53.62887],[-1.49099,53.62896],[-1.49114,53.62901],[-1.49106,53.62919],[-1.49091,53.62919],[-1.49098,53.62928],[-1.49091,53.62928],[-1.4909,53.62968],[-1.49083,53.62968],[-1.49082,53.63004],[-1.4909,53.63004],[-1.49089,53.63031],[-1.49097,53.63031],[-1.49097,53.63045],[-1.49104,53.63045],[-1.49104,53.63054],[-1.49127,53.63063],[-1.49127,53.63067],[-1.49134,53.63067],[-1.49134,53.63076],[-1.49142,53.63076],[-1.49142,53.63081],[-1.49157,53.63081],[-1.49157,53.6309],[-1.49164,53.6309],[-1.49164,53.63094],[-1.49187,53.63094],[-1.49202,53.63112],[-1.4924,53.63117],[-1.4924,53.63122],[-1.49247,53.63122],[-1.49247,53.63131],[-1.49277,53.63135],[-1.49285,53.63144],[-1.49292,53.63144],[-1.49299,53.63171],[-1.49307,53.63171],[-1.49307,53.63189],[-1.49314,53.63189],[-1.49314,53.63203],[-1.49299,53.63207],[-1.49299,53.63221],[-1.49314,53.63225],[-1.49313,53.63288],[-1.49321,53.63288],[-1.49328,53.63306],[-1.4932,53.63306],[-1.49313,53.63324],[-1.4932,53.63324],[-1.4932,53.63338],[-1.49328,53.63338],[-1.49327,53.63378],[-1.49335,53.63378],[-1.49335,53.63396],[-1.49342,53.63396],[-1.49342,53.63405],[-1.4935,53.63405],[-1.49349,53.63414],[-1.49357,53.63414],[-1.49364,53.63437],[-1.49379,53.63441],[-1.49379,53.6345],[-1.49394,53.63455],[-1.49394,53.63459],[-1.49417,53.63468],[-1.49417,53.63477],[-1.49439,53.63486],[-1.49447,53.63504],[-1.49454,53.63504],[-1.49454,53.63518],[-1.49462,53.63518],[-1.49468,53.63603],[-1.49476,53.63603],[-1.49476,53.63612],[-1.49468,53.63612],[-1.49468,53.63644],[-1.4946,53.63644],[-1.4946,53.63662],[-1.49467,53.63662],[-1.49467,53.63671],[-1.4949,53.6368],[-1.49505,53.63693],[-1.49512,53.63693],[-1.49527,53.63707],[-1.4955,53.63716],[-1.4955,53.63725],[-1.49565,53.63725],[-1.49565,53.6373],[-1.4958,53.6373],[-1.4958,53.63734],[-1.49603,53.63734],[-1.49603,53.63739],[-1.49633,53.63743],[-1.49633,53.63761],[-1.4964,53.63761],[-1.4964,53.63766],[-1.4967,53.63766],[-1.4967,53.63771],[-1.49678,53.63771],[-1.49678,53.63766],[-1.49686,53.63766],[-1.49685,53.63775],[-1.49701,53.63775],[-1.497,53.6378],[-1.49716,53.6378],[-1.49723,53.63789],[-1.49746,53.63789],[-1.49746,53.63793],[-1.49814,53.63794],[-1.49814,53.63798],[-1.49844,53.63798],[-1.49844,53.63807],[-1.49859,53.63807],[-1.49859,53.63798],[-1.49867,53.63798],[-1.49867,53.63803],[-1.49897,53.63807],[-1.49897,53.63816],[-1.49904,53.63816],[-1.49904,53.63834],[-1.49912,53.63834],[-1.49911,53.63848],[-1.49919,53.63848],[-1.49911,53.63875],[-1.49919,53.63875],[-1.49918,53.63893],[-1.49926,53.63893],[-1.49926,53.63902],[-1.49933,53.63902],[-1.49933,53.63906],[-1.49949,53.63906],[-1.49948,53.63911],[-1.49926,53.63911],[-1.49926,53.63933],[-1.49948,53.63942],[-1.4994,53.63965],[-1.49933,53.63965],[-1.49932,53.63992],[-1.49947,53.63996],[-1.49947,53.64014],[-1.49962,53.64019],[-1.49962,53.64028],[-1.49992,53.64042],[-1.49992,53.6405],[-1.50007,53.64055],[-1.50007,53.64073],[-1.50015,53.64073],[-1.50014,53.64105],[-1.50007,53.64104],[-1.50007,53.64113],[-1.50014,53.64114],[-1.50014,53.64122],[-1.50022,53.64123],[-1.50021,53.64154],[-1.50006,53.64154],[-1.49998,53.64163],[-1.49983,53.64167],[-1.49983,53.64176],[-1.49976,53.64176],[-1.49975,53.64194],[-1.49968,53.64194],[-1.49968,53.64199],[-1.49953,53.64199],[-1.49945,53.64208],[-1.49922,53.64216],[-1.49922,53.64225],[-1.49907,53.6423],[-1.49907,53.64243],[-1.49884,53.64243],[-1.49884,53.64252],[-1.49876,53.64252],[-1.49876,53.64261],[-1.49869,53.64261],[-1.49869,53.6427],[-1.49861,53.6427],[-1.49861,53.64279],[-1.49846,53.64284],[-1.49838,53.64293],[-1.49831,53.64292],[-1.4983,53.64297],[-1.49823,53.64297],[-1.49815,53.64315],[-1.49808,53.64315],[-1.49807,53.64324],[-1.49792,53.64328],[-1.49785,53.64337],[-1.49777,53.64337],[-1.49777,53.64346],[-1.49769,53.64346],[-1.49769,53.6436],[-1.49754,53.64364],[-1.49746,53.64373],[-1.49739,53.64373],[-1.49731,53.64391],[-1.49723,53.64391],[-1.49723,53.64409],[-1.49731,53.64409],[-1.49731,53.64413],[-1.49746,53.64413],[-1.49738,53.64422],[-1.49723,53.64418],[-1.49723,53.64431],[-1.49731,53.64431],[-1.49738,53.64449],[-1.49708,53.64449],[-1.497,53.6444],[-1.49678,53.6444],[-1.49677,53.64449],[-1.4967,53.64449],[-1.4967,53.64458],[-1.49662,53.64458],[-1.49662,53.64467],[-1.49655,53.64467],[-1.49654,53.64481],[-1.49647,53.6448],[-1.49647,53.64494],[-1.49654,53.64494],[-1.49654,53.64525],[-1.49661,53.64525],[-1.49661,53.6453],[-1.49654,53.6453],[-1.49654,53.64539],[-1.49646,53.64539],[-1.49646,53.64552],[-1.49638,53.64552],[-1.49638,53.64593],[-1.49645,53.64593],[-1.49645,53.64602],[-1.49638,53.64602],[-1.49637,53.64629],[-1.49645,53.64629],[-1.49645,53.64638],[-1.49637,53.64638],[-1.49637,53.64647],[-1.49622,53.64651],[-1.49614,53.64678],[-1.49607,53.64678],[-1.49599,53.64696],[-1.49591,53.64696],[-1.49591,53.64709],[-1.49584,53.64709],[-1.49583,53.64777],[-1.4959,53.64777],[-1.4959,53.6479],[-1.49598,53.6479],[-1.49598,53.64804],[-1.49605,53.64804],[-1.49599,53.64823],[-1.49612,53.64835],[-1.4962,53.64835],[-1.4962,53.64853],[-1.49627,53.64853],[-1.49627,53.64885],[-1.49596,53.64894],[-1.49596,53.64898],[-1.49589,53.64898],[-1.49589,53.64907],[-1.49581,53.64907],[-1.49581,53.64916],[-1.49574,53.64916],[-1.49566,53.64948],[-1.49573,53.64948],[-1.49573,53.64961],[-1.49588,53.64966],[-1.49588,53.64979],[-1.49573,53.64979],[-1.49573,53.64993],[-1.4958,53.64993],[-1.4958,53.64997],[-1.49573,53.64997],[-1.49572,53.6501],[-1.49565,53.6501],[-1.49565,53.65024],[-1.49557,53.65024],[-1.49557,53.65033],[-1.49549,53.65033],[-1.49549,53.65042],[-1.49534,53.65046],[-1.49543,53.65065],[-1.49503,53.65094],[-1.49506,53.65097],[-1.49482,53.6511],[-1.49479,53.65124],[-1.4947,53.65128],[-1.49473,53.65139],[-1.49457,53.6518],[-1.49469,53.65184],[-1.49463,53.65185],[-1.49469,53.65191],[-1.49457,53.65196],[-1.49466,53.65209],[-1.4945,53.65219],[-1.49459,53.65228],[-1.49456,53.65239],[-1.49438,53.6525],[-1.4945,53.65254],[-1.49453,53.6527],[-1.49444,53.65273],[-1.49437,53.65297],[-1.49455,53.6532],[-1.49449,53.65322],[-1.49461,53.65338],[-1.49458,53.65343],[-1.49473,53.65356],[-1.49476,53.65392],[-1.49469,53.65408],[-1.49457,53.65417],[-1.49466,53.65426],[-1.49463,53.65435],[-1.49451,53.65444],[-1.49475,53.6546],[-1.49472,53.65469],[-1.49456,53.65476],[-1.49474,53.65493],[-1.49421,53.65513],[-1.49456,53.65544],[-1.49472,53.65542],[-1.49485,53.6562],[-1.49568,53.65643],[-1.49575,53.65657],[-1.49563,53.65649],[-1.4956,53.65655],[-1.49569,53.65664],[-1.49569,53.65678],[-1.49587,53.65687],[-1.49584,53.65693],[-1.49599,53.65698],[-1.4973,53.65857],[-1.49741,53.6595],[-1.49732,53.65976],[-1.49738,53.65995],[-1.49731,53.66008],[-1.49737,53.66021],[-1.49731,53.66022],[-1.49749,53.6606],[-1.49757,53.66064],[-1.4976,53.66049],[-1.4977,53.66051],[-1.49764,53.66053],[-1.4977,53.66058],[-1.49761,53.66071],[-1.49767,53.66076],[-1.49758,53.66089],[-1.49764,53.66096],[-1.49754,53.66112],[-1.49751,53.66155],[-1.49723,53.66213],[-1.49714,53.66216],[-1.49717,53.66224],[-1.49711,53.66225],[-1.49707,53.66252],[-1.49698,53.66256],[-1.49704,53.66267],[-1.49683,53.66295],[-1.49673,53.66346],[-1.49664,53.66349],[-1.49658,53.66373],[-1.49648,53.66376],[-1.49654,53.66382],[-1.49642,53.66417],[-1.49648,53.66423],[-1.49639,53.66435],[-1.49645,53.66445],[-1.49638,53.66448],[-1.49638,53.66464],[-1.49623,53.66462],[-1.49626,53.66471],[-1.49635,53.66473],[-1.49614,53.66487],[-1.49617,53.66502],[-1.49608,53.66505],[-1.49616,53.66514],[-1.4961,53.66522],[-1.49616,53.66536],[-1.4961,53.66545],[-1.49628,53.66547],[-1.49619,53.66552],[-1.49631,53.66556],[-1.49637,53.66563],[-1.49631,53.66565],[-1.49655,53.66572],[-1.49641,53.66586],[-1.49655,53.66579],[-1.49666,53.66584],[-1.49634,53.6659],[-1.49573,53.66613],[-1.49497,53.66656],[-1.49411,53.66727],[-1.49411,53.66736],[-1.49292,53.66846],[-1.4929,53.66835],[-1.49306,53.66824],[-1.49292,53.66827],[-1.49266,53.66802],[-1.49268,53.6681],[-1.4924,53.66825],[-1.49207,53.6681],[-1.49198,53.66819],[-1.49192,53.66817],[-1.49189,53.66826],[-1.49177,53.66823],[-1.49177,53.66831],[-1.49192,53.66833],[-1.49204,53.66842],[-1.49207,53.66858],[-1.49195,53.66869],[-1.49201,53.66874],[-1.49194,53.66896],[-1.492,53.66899],[-1.49176,53.66904],[-1.4916,53.66931],[-1.49139,53.66938],[-1.49142,53.66942],[-1.49133,53.66945],[-1.49136,53.66974],[-1.4913,53.66988],[-1.49126,53.67033],[-1.49132,53.67037],[-1.49135,53.67032],[-1.49147,53.67032],[-1.4915,53.67018],[-1.49153,53.67049],[-1.49092,53.6706],[-1.49012,53.67068],[-1.48995,53.6709],[-1.49016,53.67153],[-1.48974,53.67216],[-1.48996,53.67238],[-1.48978,53.67244],[-1.48948,53.67242],[-1.48942,53.67249],[-1.48908,53.67257],[-1.48914,53.67266],[-1.48923,53.67263],[-1.48929,53.67267],[-1.48911,53.67282],[-1.48866,53.67273],[-1.48823,53.6728],[-1.48808,53.67287],[-1.4882,53.67291],[-1.48811,53.67302],[-1.48756,53.67319],[-1.48737,53.67314],[-1.48723,53.67317],[-1.48719,53.67305],[-1.48708,53.67306],[-1.48711,53.67311],[-1.48702,53.67313],[-1.48681,53.67308],[-1.48681,53.67318],[-1.48671,53.6732],[-1.4868,53.6733],[-1.48671,53.67333],[-1.48698,53.67346],[-1.48695,53.67352],[-1.48659,53.67342],[-1.48686,53.67354],[-1.48683,53.67358],[-1.48657,53.67348],[-1.48647,53.67351],[-1.48639,53.67346],[-1.48639,53.67337],[-1.48632,53.67338],[-1.48597,53.67324],[-1.4859,53.67325],[-1.48427,53.67265],[-1.48277,53.67278],[-1.48061,53.67337],[-1.47967,53.67339],[-1.47876,53.67151],[-1.47567,53.67188],[-1.47758,53.67407],[-1.47717,53.67419],[-1.477,53.67418],[-1.47629,53.67389],[-1.47531,53.67357],[-1.47145,53.67508],[-1.47149,53.67521],[-1.47138,53.67528],[-1.47134,53.67547],[-1.47105,53.67558],[-1.47112,53.67571],[-1.4711,53.67608],[-1.47032,53.67727],[-1.46878,53.67809],[-1.46844,53.67821],[-1.46836,53.6783],[-1.4654,53.67926],[-1.46441,53.67971],[-1.46351,53.68018],[-1.46189,53.68124],[-1.46116,53.68159],[-1.46051,53.68186],[-1.46017,53.68186],[-1.45645,53.68335],[-1.45533,53.68408],[-1.45503,53.68404],[-1.45472,53.68412],[-1.45442,53.68459],[-1.45017,53.68733],[-1.44844,53.68784],[-1.44741,53.68878],[-1.44723,53.68965],[-1.44739,53.6901],[-1.44739,53.69067],[-1.44741,53.69087],[-1.44764,53.69111],[-1.44759,53.69123],[-1.44796,53.69222],[-1.44717,53.69423],[-1.4468,53.69417],[-1.4466,53.69417],[-1.447,53.69452],[-1.44711,53.69474],[-1.44718,53.69477],[-1.44721,53.69497],[-1.44774,53.69569],[-1.44856,53.69673],[-1.44931,53.6975],[-1.44984,53.6978],[-1.45092,53.69874],[-1.45228,53.69974],[-1.45312,53.7005],[-1.45361,53.70114],[-1.45426,53.70239],[-1.45429,53.70254],[-1.45519,53.70335],[-1.4552,53.70344],[-1.45594,53.70392],[-1.45827,53.70502],[-1.45893,53.70543],[-1.45904,53.70557],[-1.45938,53.70581],[-1.45975,53.70587],[-1.46095,53.70662],[-1.46077,53.7075],[-1.46038,53.7083],[-1.45966,53.7093],[-1.45929,53.70965],[-1.45862,53.71015],[-1.45766,53.71047],[-1.45677,53.7109],[-1.45538,53.71174],[-1.45376,53.71203],[-1.45281,53.71188],[-1.45269,53.71179],[-1.4514,53.71184],[-1.45114,53.71187],[-1.45061,53.7121],[-1.44944,53.71222],[-1.44947,53.71195],[-1.44863,53.71163],[-1.44834,53.71164],[-1.4482,53.71159],[-1.44738,53.71165],[-1.44654,53.71139],[-1.44462,53.71129],[-1.44407,53.71131],[-1.4438,53.71117],[-1.44334,53.71133],[-1.44263,53.71133],[-1.44079,53.71171],[-1.44066,53.71167],[-1.43868,53.71214],[-1.43799,53.71251],[-1.43714,53.71282],[-1.43617,53.71295],[-1.43599,53.71292],[-1.43572,53.71295],[-1.4355,53.71289],[-1.43459,53.71308],[-1.43438,53.71331],[-1.43519,53.71356],[-1.43546,53.71361],[-1.43575,53.71356],[-1.43708,53.71404],[-1.43715,53.7142],[-1.43648,53.71448],[-1.43638,53.71459],[-1.43478,53.71505],[-1.43312,53.7156],[-1.4314,53.71599],[-1.43124,53.71589],[-1.4312,53.7161],[-1.43026,53.71611],[-1.42922,53.71602],[-1.42825,53.71585],[-1.42785,53.71557],[-1.42659,53.71561],[-1.42579,53.71556],[-1.42442,53.7156],[-1.42446,53.71625],[-1.42539,53.71693],[-1.4266,53.71726],[-1.42712,53.71795],[-1.42723,53.71831],[-1.42691,53.71865],[-1.42624,53.719],[-1.42625,53.7191],[-1.42607,53.71922],[-1.42603,53.71914],[-1.42586,53.71932],[-1.42475,53.7197],[-1.42421,53.71988],[-1.41453,53.72178],[-1.41341,53.72173],[-1.41313,53.72163],[-1.41298,53.72148],[-1.41254,53.7213],[-1.41221,53.72123],[-1.41142,53.72101],[-1.41087,53.72062],[-1.41026,53.72036],[-1.40845,53.71932],[-1.40807,53.71902],[-1.40771,53.71893],[-1.40658,53.71861],[-1.40609,53.71854],[-1.40568,53.71853],[-1.40441,53.71859],[-1.40363,53.71872],[-1.40241,53.71885],[-1.40134,53.71804],[-1.40142,53.71772],[-1.40157,53.71768],[-1.40157,53.71759],[-1.40173,53.71754],[-1.40181,53.71732],[-1.40203,53.71732],[-1.40203,53.71727],[-1.40219,53.71723],[-1.40219,53.71714],[-1.40234,53.71714],[-1.40242,53.71705],[-1.40264,53.71696],[-1.40265,53.71687],[-1.40295,53.71674],[-1.40295,53.71665],[-1.4031,53.71665],[-1.40311,53.71652],[-1.40333,53.71652],[-1.40333,53.71638],[-1.40356,53.71638],[-1.40372,53.71625],[-1.40379,53.71625],[-1.40387,53.71616],[-1.4041,53.71607],[-1.4041,53.71603],[-1.40425,53.71603],[-1.40433,53.71594],[-1.40463,53.71589],[-1.40463,53.71585],[-1.40486,53.71585],[-1.40486,53.71581],[-1.40516,53.71581],[-1.40516,53.71576],[-1.40531,53.71576],[-1.40547,53.71563],[-1.40577,53.71559],[-1.40577,53.71554],[-1.40612,53.7156],[-1.40653,53.71558],[-1.40645,53.71545],[-1.40653,53.71545],[-1.40653,53.71536],[-1.40661,53.71536],[-1.40661,53.71532],[-1.40638,53.71523],[-1.40638,53.71518],[-1.40646,53.71518],[-1.40646,53.71509],[-1.40653,53.71509],[-1.40654,53.71487],[-1.40646,53.71487],[-1.40646,53.71482],[-1.40631,53.71482],[-1.40631,53.71487],[-1.40616,53.71487],[-1.40589,53.71454],[-1.40537,53.71468],[-1.40539,53.71486],[-1.40525,53.71482],[-1.40517,53.71491],[-1.40495,53.71491],[-1.40479,53.71504],[-1.40426,53.71504],[-1.40426,53.71508],[-1.40411,53.71508],[-1.40411,53.71522],[-1.40388,53.71522],[-1.40381,53.71499],[-1.40373,53.71499],[-1.40366,53.7149],[-1.40343,53.71481],[-1.40343,53.71472],[-1.40321,53.71463],[-1.40313,53.71454],[-1.40298,53.71454],[-1.40298,53.71445],[-1.40313,53.71445],[-1.40321,53.71436],[-1.40329,53.71436],[-1.40329,53.71431],[-1.40344,53.71432],[-1.40352,53.71423],[-1.40382,53.71423],[-1.40382,53.71418],[-1.40412,53.71414],[-1.40412,53.71409],[-1.40428,53.71409],[-1.40428,53.71405],[-1.40443,53.71405],[-1.40443,53.71401],[-1.40473,53.71396],[-1.40473,53.71392],[-1.40496,53.71392],[-1.40496,53.71387],[-1.40511,53.71387],[-1.40511,53.71383],[-1.40526,53.71383],[-1.40527,53.71379],[-1.40549,53.71379],[-1.40549,53.71374],[-1.40564,53.71374],[-1.40565,53.7137],[-1.4058,53.7137],[-1.4058,53.71365],[-1.4061,53.71361],[-1.4061,53.71356],[-1.40633,53.71357],[-1.40633,53.71352],[-1.40648,53.71352],[-1.40648,53.71348],[-1.40663,53.71348],[-1.40663,53.71343],[-1.40679,53.71343],[-1.40679,53.71339],[-1.40694,53.71339],[-1.40694,53.71334],[-1.40732,53.7133],[-1.40739,53.71321],[-1.40709,53.71321],[-1.40709,53.71308],[-1.40732,53.71299],[-1.4074,53.7129],[-1.40747,53.7129],[-1.40748,53.71281],[-1.40763,53.71281],[-1.40763,53.71267],[-1.40771,53.71267],[-1.40771,53.71258],[-1.40778,53.71258],[-1.40778,53.71245],[-1.40763,53.71245],[-1.40763,53.71236],[-1.40771,53.71236],[-1.40771,53.71218],[-1.40779,53.71218],[-1.40779,53.71191],[-1.40749,53.71194],[-1.40742,53.71168],[-1.40719,53.71159],[-1.40719,53.7115],[-1.40712,53.7115],[-1.40704,53.71141],[-1.40689,53.71137],[-1.40689,53.71132],[-1.40674,53.71132],[-1.40674,53.71128],[-1.40666,53.71128],[-1.40666,53.71132],[-1.40651,53.71132],[-1.40651,53.71136],[-1.40636,53.71136],[-1.40636,53.71145],[-1.40598,53.71145],[-1.40598,53.71136],[-1.40613,53.71132],[-1.40613,53.71127],[-1.40598,53.71123],[-1.40598,53.71114],[-1.40583,53.71109],[-1.40583,53.711],[-1.40576,53.711],[-1.40569,53.71082],[-1.40561,53.71082],[-1.40561,53.711],[-1.40568,53.711],[-1.40568,53.71141],[-1.4056,53.71141],[-1.4056,53.71149],[-1.40545,53.71149],[-1.40545,53.71154],[-1.40537,53.71154],[-1.40537,53.71163],[-1.4053,53.71163],[-1.40529,53.71167],[-1.40484,53.71172],[-1.40484,53.71167],[-1.40423,53.71167],[-1.40424,53.71162],[-1.40393,53.71162],[-1.40393,53.71158],[-1.40318,53.71157],[-1.40317,53.71162],[-1.40302,53.71162],[-1.40302,53.71171],[-1.40287,53.71175],[-1.40287,53.71184],[-1.40264,53.71193],[-1.40264,53.71197],[-1.40256,53.71197],[-1.40241,53.71211],[-1.40226,53.71211],[-1.40226,53.71215],[-1.40165,53.71215],[-1.40165,53.7121],[-1.40143,53.7121],[-1.40135,53.71201],[-1.40128,53.71201],[-1.4012,53.71179],[-1.40105,53.71174],[-1.40105,53.71165],[-1.40098,53.71165],[-1.40091,53.71134],[-1.40083,53.71134],[-1.40083,53.71129],[-1.40068,53.71129],[-1.40068,53.71125],[-1.40053,53.71124],[-1.40053,53.71107],[-1.40038,53.71106],[-1.40046,53.71089],[-1.40038,53.71088],[-1.40023,53.71075],[-1.40008,53.71075],[-1.40008,53.7107],[-1.40001,53.7107],[-1.40001,53.71034],[-1.40009,53.71034],[-1.40009,53.71025],[-1.40016,53.71025],[-1.40017,53.71012],[-1.40032,53.71012],[-1.40032,53.71008],[-1.4007,53.71008],[-1.4007,53.70999],[-1.40077,53.70999],[-1.40077,53.70994],[-1.40093,53.70994],[-1.40093,53.7099],[-1.40108,53.7099],[-1.40108,53.70985],[-1.40168,53.70986],[-1.40169,53.70977],[-1.40199,53.70977],[-1.40199,53.70972],[-1.40214,53.70972],[-1.40214,53.70977],[-1.40229,53.70977],[-1.40229,53.70973],[-1.40237,53.70973],[-1.40237,53.70964],[-1.40222,53.70959],[-1.40223,53.70883],[-1.40231,53.70883],[-1.40239,53.70851],[-1.40246,53.70851],[-1.40246,53.70833],[-1.40239,53.70833],[-1.40239,53.70824],[-1.40216,53.70815],[-1.40209,53.70797],[-1.40194,53.70793],[-1.40179,53.70806],[-1.40088,53.7081],[-1.40072,53.70823],[-1.40057,53.70823],[-1.40057,53.70832],[-1.40042,53.70832],[-1.40042,53.70837],[-1.40011,53.70837],[-1.40011,53.70841],[-1.40004,53.70841],[-1.40004,53.7085],[-1.40011,53.7085],[-1.40011,53.70855],[-1.40004,53.70855],[-1.40004,53.70859],[-1.40011,53.70859],[-1.40011,53.70864],[-1.39996,53.70864],[-1.39996,53.70873],[-1.39988,53.70872],[-1.39981,53.70881],[-1.39965,53.70886],[-1.39965,53.70895],[-1.39935,53.70895],[-1.39935,53.70904],[-1.39897,53.70908],[-1.39897,53.70912],[-1.39851,53.70912],[-1.39851,53.70908],[-1.39844,53.70908],[-1.39844,53.70899],[-1.39836,53.70899],[-1.39837,53.7089],[-1.39829,53.7089],[-1.39821,53.70881],[-1.39806,53.70881],[-1.39806,53.70876],[-1.39799,53.70876],[-1.39792,53.70858],[-1.39776,53.70853],[-1.39777,53.70848],[-1.39769,53.70848],[-1.39761,53.70839],[-1.39739,53.70834],[-1.39739,53.7083],[-1.39724,53.7083],[-1.39724,53.70825],[-1.39709,53.70825],[-1.39709,53.70821],[-1.39694,53.70821],[-1.39694,53.70816],[-1.39671,53.70812],[-1.39656,53.70799],[-1.39641,53.70798],[-1.39626,53.70785],[-1.39611,53.70784],[-1.39611,53.7078],[-1.39588,53.70775],[-1.39581,53.70767],[-1.39558,53.70766],[-1.39543,53.70749],[-1.39528,53.70749],[-1.39521,53.70731],[-1.39513,53.70731],[-1.39498,53.70717],[-1.39491,53.70717],[-1.39491,53.70708],[-1.39476,53.70704],[-1.39476,53.70699],[-1.39468,53.70699],[-1.39468,53.70695],[-1.39453,53.70695],[-1.39453,53.7069],[-1.39438,53.70689],[-1.3943,53.70681],[-1.39415,53.7068],[-1.39416,53.70658],[-1.39423,53.70658],[-1.39423,53.70649],[-1.39416,53.70649],[-1.39416,53.7064],[-1.39408,53.7064],[-1.39409,53.70627],[-1.39401,53.70627],[-1.39401,53.70622],[-1.39409,53.70622],[-1.39409,53.70609],[-1.39416,53.70609],[-1.39409,53.70577],[-1.39402,53.70577],[-1.39402,53.70564],[-1.39387,53.70564],[-1.39379,53.70555],[-1.39372,53.70555],[-1.39372,53.70546],[-1.39349,53.70537],[-1.39334,53.70523],[-1.39327,53.70523],[-1.39327,53.70505],[-1.39319,53.70505],[-1.3932,53.70496],[-1.39312,53.70496],[-1.39312,53.70478],[-1.39305,53.70478],[-1.39305,53.7047],[-1.39352,53.70458],[-1.39412,53.70401],[-1.39419,53.70402],[-1.39419,53.70407],[-1.39434,53.70407],[-1.39442,53.70429],[-1.39457,53.70434],[-1.39457,53.70447],[-1.39464,53.70447],[-1.39449,53.70461],[-1.39434,53.70461],[-1.39434,53.70465],[-1.39426,53.70465],[-1.39426,53.70488],[-1.39456,53.70488],[-1.39456,53.70479],[-1.39471,53.70479],[-1.39471,53.70474],[-1.39479,53.70474],[-1.39479,53.7047],[-1.39471,53.7047],[-1.39472,53.70456],[-1.39487,53.70452],[-1.39494,53.70443],[-1.3951,53.70443],[-1.3951,53.70434],[-1.39525,53.7043],[-1.39525,53.70416],[-1.39533,53.70416],[-1.39533,53.70421],[-1.39548,53.70421],[-1.39548,53.70416],[-1.39555,53.70416],[-1.39555,53.70421],[-1.39563,53.70421],[-1.39563,53.70416],[-1.39601,53.70417],[-1.39601,53.70412],[-1.39624,53.70412],[-1.39624,53.70408],[-1.39654,53.70403],[-1.39654,53.70408],[-1.39669,53.70408],[-1.39669,53.70412],[-1.39677,53.70413],[-1.39684,53.70422],[-1.39737,53.70426],[-1.39737,53.70422],[-1.39798,53.70422],[-1.39798,53.70418],[-1.39828,53.70413],[-1.39843,53.704],[-1.39859,53.704],[-1.39874,53.70387],[-1.39882,53.70387],[-1.39882,53.70378],[-1.39889,53.70378],[-1.39889,53.70373],[-1.39897,53.70373],[-1.39897,53.70369],[-1.39882,53.70369],[-1.39882,53.70364],[-1.39852,53.70364],[-1.39852,53.70355],[-1.39859,53.70355],[-1.39859,53.70346],[-1.39867,53.70346],[-1.39875,53.70328],[-1.3989,53.70324],[-1.39898,53.70306],[-1.39913,53.70301],[-1.39921,53.70283],[-1.39936,53.70279],[-1.39936,53.7027],[-1.39944,53.7027],[-1.39944,53.70261],[-1.39914,53.70256],[-1.39914,53.70252],[-1.39921,53.70252],[-1.39921,53.70243],[-1.39929,53.70243],[-1.39929,53.70239],[-1.39937,53.70239],[-1.39945,53.70221],[-1.3996,53.70216],[-1.3996,53.70207],[-1.39975,53.70203],[-1.39975,53.70194],[-1.3999,53.70189],[-1.39998,53.70167],[-1.40013,53.70167],[-1.40029,53.70154],[-1.40044,53.70154],[-1.40044,53.70149],[-1.40059,53.70154],[-1.40059,53.70145],[-1.40064,53.70145],[-1.40126,53.70211],[-1.40336,53.70141],[-1.40242,53.70079],[-1.40249,53.70078],[-1.4025,53.70069],[-1.40242,53.70068],[-1.4028,53.70055],[-1.4025,53.70027],[-1.4025,53.70006],[-1.40258,53.70006],[-1.40258,53.69997],[-1.40266,53.69998],[-1.40266,53.69966],[-1.40274,53.69966],[-1.40274,53.69953],[-1.40282,53.69953],[-1.40282,53.69948],[-1.40274,53.69948],[-1.40274,53.69939],[-1.40267,53.69939],[-1.40267,53.69921],[-1.40274,53.69921],[-1.40267,53.69903],[-1.40275,53.69903],[-1.40275,53.69881],[-1.40267,53.69881],[-1.40268,53.69872],[-1.4026,53.69872],[-1.4026,53.69867],[-1.40274,53.69862],[-1.40259,53.69848],[-1.40245,53.69851],[-1.4023,53.69848],[-1.4023,53.69844],[-1.40207,53.69835],[-1.40208,53.69825],[-1.40229,53.69811],[-1.40215,53.69807],[-1.40216,53.698],[-1.40185,53.69795],[-1.40155,53.69768],[-1.40133,53.69768],[-1.40125,53.69759],[-1.4011,53.69754],[-1.4011,53.69747],[-1.4013,53.69739],[-1.40126,53.69703],[-1.40096,53.69705],[-1.40096,53.697],[-1.40088,53.697],[-1.40088,53.69691],[-1.40066,53.6969],[-1.40058,53.69673],[-1.40043,53.69673],[-1.40043,53.69667],[-1.40028,53.69667],[-1.40028,53.69663],[-1.40021,53.69663],[-1.40021,53.69641],[-1.40006,53.69641],[-1.40006,53.69637],[-1.39998,53.69637],[-1.40015,53.69626],[-1.39991,53.69615],[-1.39991,53.6961],[-1.39983,53.6961],[-1.39976,53.69593],[-1.39939,53.69577],[-1.39939,53.69568],[-1.39931,53.69568],[-1.39931,53.69577],[-1.3987,53.69581],[-1.3987,53.69573],[-1.39878,53.69573],[-1.39878,53.69569],[-1.39863,53.69564],[-1.39863,53.6956],[-1.39848,53.6956],[-1.39833,53.69541],[-1.39795,53.69541],[-1.39795,53.69538],[-1.39779,53.69534],[-1.39762,53.69545],[-1.3975,53.69545],[-1.3975,53.69537],[-1.39739,53.69533],[-1.39727,53.69545],[-1.39727,53.69541],[-1.39629,53.6954],[-1.39629,53.69536],[-1.39583,53.69535],[-1.39583,53.69531],[-1.39523,53.6953],[-1.39523,53.69526],[-1.395,53.69525],[-1.395,53.69522],[-1.39477,53.69521],[-1.39477,53.69517],[-1.39462,53.69516],[-1.39462,53.69512],[-1.39447,53.69512],[-1.39447,53.69508],[-1.39425,53.69507],[-1.39425,53.69503],[-1.39402,53.69502],[-1.39402,53.69498],[-1.39379,53.69493],[-1.39372,53.69485],[-1.39349,53.69484],[-1.39342,53.69476],[-1.39319,53.69475],[-1.39319,53.69471],[-1.39304,53.69467],[-1.39304,53.69461],[-1.39289,53.69461],[-1.39266,53.69443],[-1.39251,53.69443],[-1.39251,53.69439],[-1.39236,53.69434],[-1.39236,53.6943],[-1.39206,53.69416],[-1.39199,53.69407],[-1.39184,53.69403],[-1.39184,53.69399],[-1.39154,53.69393],[-1.39154,53.69389],[-1.39131,53.69389],[-1.39131,53.69385],[-1.39108,53.69384],[-1.39108,53.69381],[-1.39086,53.69379],[-1.39086,53.69371],[-1.39078,53.6937],[-1.39078,53.69362],[-1.39063,53.69358],[-1.39063,53.69352],[-1.39033,53.69357],[-1.39033,53.69367],[-1.39025,53.69367],[-1.39025,53.69385],[-1.39033,53.69385],[-1.39032,53.69394],[-1.3904,53.69394],[-1.39047,53.69403],[-1.3907,53.69403],[-1.3907,53.69398],[-1.39078,53.69398],[-1.39078,53.69407],[-1.391,53.69407],[-1.391,53.69403],[-1.39108,53.69403],[-1.39108,53.69412],[-1.39123,53.69417],[-1.39123,53.69421],[-1.39161,53.69426],[-1.39176,53.69439],[-1.39183,53.69439],[-1.39183,53.69444],[-1.39198,53.69444],[-1.39198,53.69448],[-1.39221,53.69448],[-1.39236,53.69462],[-1.39251,53.69462],[-1.39251,53.69471],[-1.39259,53.69471],[-1.39258,53.69476],[-1.39274,53.69476],[-1.39274,53.6948],[-1.39289,53.6948],[-1.39289,53.69485],[-1.39311,53.69485],[-1.39311,53.69489],[-1.39319,53.69489],[-1.39334,53.69503],[-1.39349,53.69503],[-1.39364,53.69517],[-1.39379,53.69517],[-1.39379,53.69521],[-1.39394,53.69521],[-1.39394,53.69526],[-1.39432,53.69526],[-1.39432,53.6953],[-1.39447,53.69531],[-1.39454,53.6954],[-1.39485,53.69544],[-1.39492,53.69553],[-1.39522,53.69558],[-1.39522,53.69562],[-1.39537,53.69562],[-1.39537,53.69567],[-1.39552,53.69567],[-1.39552,53.69572],[-1.39621,53.69572],[-1.3962,53.69585],[-1.39636,53.69585],[-1.39635,53.6959],[-1.39666,53.69595],[-1.39666,53.69599],[-1.39703,53.69599],[-1.39703,53.69604],[-1.39734,53.69608],[-1.39734,53.69613],[-1.39749,53.69608],[-1.39749,53.69613],[-1.39764,53.69613],[-1.39771,53.69622],[-1.39786,53.69622],[-1.39794,53.69631],[-1.39809,53.69636],[-1.39809,53.6964],[-1.39801,53.6964],[-1.39801,53.69654],[-1.39809,53.69654],[-1.39809,53.69658],[-1.39793,53.69663],[-1.39793,53.69672],[-1.39786,53.69672],[-1.39786,53.69681],[-1.39778,53.69681],[-1.39778,53.69689],[-1.39808,53.69694],[-1.39808,53.69703],[-1.39831,53.69712],[-1.3983,53.69726],[-1.39815,53.69726],[-1.39815,53.69739],[-1.39845,53.69739],[-1.39845,53.69735],[-1.39853,53.69735],[-1.39853,53.69739],[-1.39868,53.69744],[-1.39875,53.69753],[-1.39928,53.69753],[-1.39921,53.69744],[-1.39936,53.69744],[-1.39936,53.6974],[-1.39944,53.6974],[-1.39951,53.69749],[-1.39974,53.69749],[-1.39974,53.6974],[-1.39989,53.6974],[-1.39989,53.69749],[-1.40004,53.69754],[-1.40004,53.69763],[-1.40012,53.69763],[-1.40019,53.69799],[-1.40026,53.69799],[-1.40026,53.69812],[-1.40034,53.69812],[-1.40033,53.69826],[-1.40041,53.69826],[-1.40041,53.69839],[-1.40048,53.69839],[-1.40048,53.69857],[-1.40056,53.69857],[-1.40056,53.69862],[-1.40048,53.69862],[-1.40048,53.69874],[-1.4004,53.69874],[-1.4004,53.6988],[-1.40033,53.6988],[-1.40025,53.69888],[-1.39969,53.69865],[-1.39922,53.69893],[-1.39931,53.69917],[-1.39964,53.69932],[-1.39956,53.69932],[-1.39956,53.69938],[-1.39941,53.69941],[-1.39933,53.6995],[-1.39918,53.69954],[-1.39918,53.6996],[-1.39895,53.69969],[-1.39887,53.69978],[-1.3988,53.69978],[-1.39887,53.69986],[-1.39872,53.6999],[-1.39872,53.7],[-1.39864,53.7],[-1.39864,53.70008],[-1.39857,53.70008],[-1.39857,53.70018],[-1.39849,53.70018],[-1.39849,53.70022],[-1.39864,53.70022],[-1.39864,53.70027],[-1.39856,53.70027],[-1.39841,53.7004],[-1.39833,53.7004],[-1.39833,53.70045],[-1.39841,53.70045],[-1.39841,53.70053],[-1.39833,53.70053],[-1.39833,53.70057],[-1.39811,53.70057],[-1.39803,53.70067],[-1.3978,53.70067],[-1.3978,53.70085],[-1.3981,53.70085],[-1.3981,53.70081],[-1.39825,53.70081],[-1.39825,53.70085],[-1.39833,53.70085],[-1.39833,53.7009],[-1.39825,53.7009],[-1.39825,53.70099],[-1.39833,53.70099],[-1.39833,53.70103],[-1.39817,53.70103],[-1.3981,53.70112],[-1.39795,53.70117],[-1.39794,53.70121],[-1.39787,53.70121],[-1.39787,53.70125],[-1.39772,53.70125],[-1.39764,53.70134],[-1.39726,53.70139],[-1.39718,53.70148],[-1.39688,53.70152],[-1.39688,53.70156],[-1.39635,53.70161],[-1.39635,53.70165],[-1.3962,53.70165],[-1.3962,53.7017],[-1.39612,53.7017],[-1.39612,53.70174],[-1.39582,53.70174],[-1.39582,53.70169],[-1.39567,53.70169],[-1.39567,53.70165],[-1.39544,53.70165],[-1.39544,53.70169],[-1.39514,53.70168],[-1.39513,53.70186],[-1.39498,53.70182],[-1.39498,53.70187],[-1.39491,53.70187],[-1.3949,53.70218],[-1.39483,53.70218],[-1.39482,53.70227],[-1.39475,53.70227],[-1.39475,53.70238],[-1.39407,53.70218],[-1.3933,53.70273],[-1.3933,53.70271],[-1.39315,53.7027],[-1.393,53.70284],[-1.39292,53.70284],[-1.39284,53.70302],[-1.39277,53.70302],[-1.39269,53.70315],[-1.39254,53.70321],[-1.39254,53.70333],[-1.39246,53.70333],[-1.39246,53.70343],[-1.39238,53.70343],[-1.39238,53.70361],[-1.39231,53.70361],[-1.3923,53.70383],[-1.39223,53.70383],[-1.39222,53.70446],[-1.39229,53.70446],[-1.39229,53.7046],[-1.39237,53.7046],[-1.39244,53.70482],[-1.39252,53.70482],[-1.39251,53.70491],[-1.39259,53.70491],[-1.39266,53.70523],[-1.39274,53.70523],[-1.39274,53.70532],[-1.39289,53.70536],[-1.39288,53.7055],[-1.39281,53.7055],[-1.3928,53.70586],[-1.39295,53.7059],[-1.39295,53.70613],[-1.39303,53.70613],[-1.39303,53.70617],[-1.3931,53.70617],[-1.3931,53.70622],[-1.39333,53.70631],[-1.39332,53.70653],[-1.39347,53.70658],[-1.39347,53.70667],[-1.39355,53.70667],[-1.39355,53.70681],[-1.39362,53.70681],[-1.39362,53.7069],[-1.3937,53.7069],[-1.3937,53.70699],[-1.39377,53.70699],[-1.39377,53.70708],[-1.39385,53.70708],[-1.39392,53.70735],[-1.39407,53.70739],[-1.39407,53.70748],[-1.39414,53.70748],[-1.39422,53.70757],[-1.39437,53.70757],[-1.39444,53.70766],[-1.3946,53.70766],[-1.39467,53.70776],[-1.39482,53.70776],[-1.3949,53.70785],[-1.39505,53.70785],[-1.3952,53.70798],[-1.3955,53.70803],[-1.39557,53.70812],[-1.39573,53.70812],[-1.3958,53.70821],[-1.39625,53.70826],[-1.3964,53.70839],[-1.39678,53.70844],[-1.39678,53.70853],[-1.39701,53.70853],[-1.39701,53.70858],[-1.39708,53.70858],[-1.39708,53.70867],[-1.39716,53.70867],[-1.39715,53.70912],[-1.39723,53.70912],[-1.39722,53.7093],[-1.3973,53.7093],[-1.3973,53.70943],[-1.39737,53.70943],[-1.39745,53.70958],[-1.39638,53.71011],[-1.39681,53.71046],[-1.39678,53.71057],[-1.39755,53.7111],[-1.3975,53.71114],[-1.39689,53.71114],[-1.39689,53.71109],[-1.39667,53.71109],[-1.39674,53.71141],[-1.39712,53.71136],[-1.39712,53.71145],[-1.39727,53.71145],[-1.39727,53.7115],[-1.39734,53.7115],[-1.39734,53.71145],[-1.3975,53.71145],[-1.3975,53.71141],[-1.39765,53.71141],[-1.39765,53.71146],[-1.39772,53.71146],[-1.39772,53.71137],[-1.39795,53.71128],[-1.39795,53.71123],[-1.3981,53.71128],[-1.3981,53.71123],[-1.39863,53.71124],[-1.39864,53.71119],[-1.39894,53.71119],[-1.39833,53.71154],[-1.39918,53.71213],[-1.4001,53.71169],[-1.40022,53.71169],[-1.40037,53.71183],[-1.40044,53.71183],[-1.40044,53.71192],[-1.40059,53.71196],[-1.40074,53.71228],[-1.40089,53.71233],[-1.40089,53.71237],[-1.40112,53.71237],[-1.40111,53.71273],[-1.40119,53.71273],[-1.40119,53.71282],[-1.40126,53.71282],[-1.40126,53.71296],[-1.40134,53.71296],[-1.40134,53.71305],[-1.40126,53.71305],[-1.40126,53.71332],[-1.40133,53.71332],[-1.40133,53.71336],[-1.40126,53.71336],[-1.40125,53.71345],[-1.40118,53.71345],[-1.40118,53.71354],[-1.40125,53.71354],[-1.40125,53.71359],[-1.4011,53.71363],[-1.4011,53.71372],[-1.40102,53.71372],[-1.40102,53.71376],[-1.4008,53.71376],[-1.40087,53.71385],[-1.40079,53.71385],[-1.40079,53.71394],[-1.40049,53.71399],[-1.40056,53.71426],[-1.40049,53.71426],[-1.40041,53.71435],[-1.40026,53.71434],[-1.40033,53.71466],[-1.4004,53.71466],[-1.4004,53.71475],[-1.40055,53.7148],[-1.40055,53.71489],[-1.4007,53.71493],[-1.40078,53.71502],[-1.40101,53.71502],[-1.40101,53.71498],[-1.40161,53.71498],[-1.40161,53.71494],[-1.40169,53.71494],[-1.40176,53.71503],[-1.40184,53.71503],[-1.40184,53.71512],[-1.40199,53.71516],[-1.40199,53.71525],[-1.40214,53.7153],[-1.40214,53.71539],[-1.40229,53.71539],[-1.40229,53.71543],[-1.40259,53.71543],[-1.40259,53.71548],[-1.40297,53.71548],[-1.40304,53.71557],[-1.40327,53.71566],[-1.40327,53.71575],[-1.40342,53.7158],[-1.40342,53.71593],[-1.40334,53.71593],[-1.40326,53.71616],[-1.40303,53.71625],[-1.40303,53.71634],[-1.40273,53.71647],[-1.40273,53.71651],[-1.40265,53.71651],[-1.40265,53.71656],[-1.4025,53.71659],[-1.4025,53.71664],[-1.40235,53.71665],[-1.40227,53.71674],[-1.40212,53.71677],[-1.40212,53.71682],[-1.40196,53.71682],[-1.40196,53.71687],[-1.40174,53.71696],[-1.40166,53.71705],[-1.40151,53.71705],[-1.40135,53.71723],[-1.4012,53.71723],[-1.40112,53.71731],[-1.40105,53.71731],[-1.40105,53.7174],[-1.4009,53.7174],[-1.40074,53.71754],[-1.40059,53.71754],[-1.40059,53.71758],[-1.40051,53.71758],[-1.40051,53.71763],[-1.40036,53.71763],[-1.40036,53.71767],[-1.40021,53.71767],[-1.40021,53.71771],[-1.39998,53.71771],[-1.39998,53.71776],[-1.39892,53.71775],[-1.39892,53.71771],[-1.39869,53.71771],[-1.39862,53.71762],[-1.39854,53.71762],[-1.39854,53.71757],[-1.39847,53.71757],[-1.39847,53.71744],[-1.39832,53.71739],[-1.39832,53.7173],[-1.3981,53.71721],[-1.3981,53.71708],[-1.39802,53.71707],[-1.39802,53.71698],[-1.39795,53.71698],[-1.39796,53.7164],[-1.39803,53.7164],[-1.39803,53.71622],[-1.39796,53.71622],[-1.39789,53.71591],[-1.39781,53.71591],[-1.39781,53.71586],[-1.39766,53.71586],[-1.39751,53.71568],[-1.39698,53.71563],[-1.39698,53.71568],[-1.39683,53.71568],[-1.39683,53.71563],[-1.39668,53.71558],[-1.39668,53.7155],[-1.3966,53.71549],[-1.39661,53.7154],[-1.39645,53.71536],[-1.39646,53.71522],[-1.39638,53.71522],[-1.39638,53.71513],[-1.39631,53.71513],[-1.39631,53.71509],[-1.39585,53.71509],[-1.39585,53.71513],[-1.39512,53.71513],[-1.39601,53.71466],[-1.39394,53.71312],[-1.39138,53.71434],[-1.39216,53.71489],[-1.39214,53.71498],[-1.39207,53.71498],[-1.39207,53.71502],[-1.39191,53.71502],[-1.39191,53.71511],[-1.39176,53.71516],[-1.39168,53.71525],[-1.39153,53.71524],[-1.39145,53.71533],[-1.3913,53.71533],[-1.3913,53.71538],[-1.39115,53.71538],[-1.39115,53.71542],[-1.39062,53.71546],[-1.39062,53.71551],[-1.39016,53.71551],[-1.39016,53.71555],[-1.39009,53.71555],[-1.39009,53.71551],[-1.38994,53.71551],[-1.38994,53.71555],[-1.38971,53.71555],[-1.38956,53.71568],[-1.3894,53.71568],[-1.38933,53.71577],[-1.38918,53.71577],[-1.38918,53.71582],[-1.3888,53.71581],[-1.3888,53.71586],[-1.38842,53.7159],[-1.38842,53.71595],[-1.38834,53.71595],[-1.38834,53.71608],[-1.38826,53.71608],[-1.38826,53.71631],[-1.38795,53.71639],[-1.38769,53.71656],[-1.38775,53.71675],[-1.38772,53.71671],[-1.3875,53.71671],[-1.3875,53.71666],[-1.38598,53.7167],[-1.38598,53.71665],[-1.3856,53.71661],[-1.3856,53.71652],[-1.38553,53.71652],[-1.38553,53.71647],[-1.3853,53.71647],[-1.3853,53.71629],[-1.38523,53.71629],[-1.38523,53.71625],[-1.38508,53.71625],[-1.38508,53.7162],[-1.38493,53.7162],[-1.38493,53.71615],[-1.3847,53.71615],[-1.3847,53.7162],[-1.3844,53.71623],[-1.38432,53.71606],[-1.38417,53.71606],[-1.38417,53.71602],[-1.3841,53.71602],[-1.3841,53.71593],[-1.38399,53.71592],[-1.38405,53.71587],[-1.38369,53.71558],[-1.38357,53.7156],[-1.3835,53.71543],[-1.38335,53.71538],[-1.38335,53.71534],[-1.3832,53.71534],[-1.3832,53.71529],[-1.38305,53.71529],[-1.3829,53.71498],[-1.38275,53.71493],[-1.38275,53.71488],[-1.3826,53.71493],[-1.38252,53.71484],[-1.38222,53.71479],[-1.38222,53.71475],[-1.38207,53.7147],[-1.382,53.71461],[-1.38192,53.71461],[-1.38185,53.71452],[-1.38169,53.71447],[-1.38169,53.71443],[-1.38147,53.71443],[-1.38147,53.71447],[-1.38124,53.71447],[-1.38124,53.71452],[-1.38101,53.71452],[-1.38101,53.71456],[-1.38056,53.71456],[-1.38056,53.7146],[-1.3801,53.7146],[-1.3801,53.71456],[-1.37874,53.71455],[-1.37874,53.71459],[-1.37843,53.71459],[-1.37844,53.71455],[-1.37836,53.71458],[-1.37806,53.71455],[-1.37806,53.71458],[-1.3779,53.71458],[-1.37791,53.71455],[-1.3776,53.71454],[-1.3776,53.71458],[-1.37745,53.71459],[-1.37745,53.71463],[-1.37662,53.71463],[-1.37662,53.71466],[-1.37646,53.71466],[-1.37646,53.71471],[-1.37631,53.71471],[-1.37624,53.71462],[-1.37609,53.71462],[-1.37609,53.71458],[-1.37571,53.71457],[-1.37571,53.71453],[-1.37533,53.71452],[-1.37533,53.71449],[-1.37503,53.71452],[-1.37503,53.71444],[-1.37495,53.71444],[-1.37488,53.71435],[-1.37427,53.7143],[-1.37427,53.71426],[-1.37412,53.71426],[-1.37412,53.71421],[-1.37397,53.71421],[-1.37397,53.71417],[-1.37337,53.71416],[-1.37337,53.71412],[-1.37284,53.71411],[-1.37276,53.71416],[-1.37243,53.71413],[-1.37208,53.71416],[-1.37208,53.7142],[-1.37124,53.7142],[-1.37102,53.71419],[-1.37102,53.71415],[-1.37026,53.71414],[-1.37026,53.7141],[-1.37011,53.7141],[-1.37011,53.71406],[-1.36935,53.71404],[-1.3692,53.71392],[-1.36905,53.71391],[-1.36905,53.71387],[-1.36837,53.71381],[-1.36837,53.71378],[-1.36814,53.71377],[-1.36807,53.71368],[-1.36792,53.71368],[-1.36775,53.71349],[-1.36754,53.71346],[-1.36762,53.71338],[-1.36761,53.71327],[-1.36747,53.71323],[-1.36747,53.71314],[-1.36762,53.71314],[-1.3677,53.71296],[-1.36785,53.71292],[-1.36785,53.71283],[-1.36808,53.71274],[-1.36808,53.71265],[-1.36816,53.71265],[-1.36831,53.71252],[-1.36839,53.71252],[-1.36839,53.71243],[-1.36862,53.71234],[-1.36862,53.71229],[-1.3687,53.71229],[-1.36877,53.71212],[-1.36893,53.71212],[-1.36893,53.71203],[-1.369,53.71203],[-1.36901,53.71189],[-1.36893,53.71189],[-1.36894,53.71144],[-1.36901,53.71144],[-1.36909,53.71113],[-1.36887,53.71104],[-1.36887,53.71099],[-1.36864,53.71099],[-1.36864,53.71095],[-1.36826,53.71094],[-1.36826,53.7109],[-1.36811,53.7109],[-1.36811,53.71085],[-1.36804,53.71085],[-1.36796,53.71076],[-1.36774,53.71067],[-1.36774,53.71063],[-1.36743,53.71058],[-1.36743,53.71054],[-1.36706,53.71053],[-1.36698,53.71044],[-1.36668,53.7104],[-1.36668,53.71035],[-1.36653,53.71035],[-1.36653,53.71031],[-1.3663,53.7103],[-1.36623,53.71021],[-1.36509,53.71016],[-1.36497,53.70999],[-1.36479,53.70998],[-1.36479,53.70994],[-1.36472,53.70994],[-1.36472,53.70985],[-1.36457,53.7098],[-1.36457,53.70967],[-1.36448,53.70967],[-1.36431,53.70955],[-1.36412,53.70953],[-1.36406,53.70941],[-1.36366,53.70944],[-1.36359,53.70935],[-1.36344,53.70935],[-1.36336,53.70944],[-1.36321,53.70943],[-1.36321,53.70948],[-1.36275,53.70948],[-1.36275,53.70943],[-1.36253,53.70943],[-1.36253,53.70939],[-1.362,53.70934],[-1.36192,53.70925],[-1.3614,53.70916],[-1.36132,53.70907],[-1.36117,53.70906],[-1.3611,53.70897],[-1.36094,53.70893],[-1.36094,53.70888],[-1.36079,53.70888],[-1.36079,53.70884],[-1.36064,53.70884],[-1.36064,53.70879],[-1.36034,53.70875],[-1.36034,53.7087],[-1.36004,53.70865],[-1.36004,53.70861],[-1.35966,53.70855],[-1.35951,53.70847],[-1.35936,53.70846],[-1.35929,53.70838],[-1.35868,53.70828],[-1.35853,53.7082],[-1.3583,53.7082],[-1.3583,53.70815],[-1.35793,53.70809],[-1.35778,53.70801],[-1.35755,53.708],[-1.35755,53.70809],[-1.35747,53.70809],[-1.35747,53.70814],[-1.35732,53.70814],[-1.35732,53.70828],[-1.3577,53.70833],[-1.3577,53.70837],[-1.35807,53.70837],[-1.35807,53.70842],[-1.35853,53.70847],[-1.35853,53.70851],[-1.35875,53.70851],[-1.35875,53.70856],[-1.35906,53.7086],[-1.35913,53.70869],[-1.35928,53.70869],[-1.35936,53.70878],[-1.35951,53.70879],[-1.35958,53.70888],[-1.35988,53.70892],[-1.35988,53.70897],[-1.35996,53.70897],[-1.36003,53.70906],[-1.36018,53.7091],[-1.36018,53.70915],[-1.36026,53.70915],[-1.36026,53.70919],[-1.36041,53.70919],[-1.36041,53.70924],[-1.36056,53.70924],[-1.36056,53.70929],[-1.36094,53.70929],[-1.36094,53.70938],[-1.36101,53.70938],[-1.36109,53.70947],[-1.36131,53.70956],[-1.36131,53.7096],[-1.36154,53.7097],[-1.36154,53.70983],[-1.36161,53.70983],[-1.36161,53.71006],[-1.36153,53.71005],[-1.36146,53.71014],[-1.36161,53.71015],[-1.36176,53.71028],[-1.36229,53.71024],[-1.36237,53.71015],[-1.36252,53.71015],[-1.36252,53.71011],[-1.36335,53.71011],[-1.36335,53.71015],[-1.3635,53.71016],[-1.36358,53.71025],[-1.36373,53.71025],[-1.3638,53.71034],[-1.36395,53.71034],[-1.36403,53.71043],[-1.36425,53.71043],[-1.36425,53.71047],[-1.36463,53.71048],[-1.36463,53.71052],[-1.36471,53.71052],[-1.36471,53.71048],[-1.36494,53.71048],[-1.36494,53.71052],[-1.36554,53.71053],[-1.36554,53.71057],[-1.36577,53.71057],[-1.36577,53.71062],[-1.36592,53.71062],[-1.36599,53.71071],[-1.36614,53.71071],[-1.36614,53.71089],[-1.36622,53.71089],[-1.36622,53.71098],[-1.36629,53.71098],[-1.36629,53.71103],[-1.36617,53.71106],[-1.36615,53.71122],[-1.36651,53.71134],[-1.36658,53.71165],[-1.36666,53.71165],[-1.36665,53.7121],[-1.36673,53.7121],[-1.36672,53.71242],[-1.3668,53.71242],[-1.3668,53.71273],[-1.36664,53.71278],[-1.36664,53.71296],[-1.36649,53.71296],[-1.36641,53.71304],[-1.36618,53.71305],[-1.36618,53.71309],[-1.36603,53.71313],[-1.36595,53.71322],[-1.3658,53.71322],[-1.36573,53.71331],[-1.36565,53.71331],[-1.3655,53.71322],[-1.36524,53.7134],[-1.36492,53.71324],[-1.36466,53.71342],[-1.36481,53.71357],[-1.36494,53.71352],[-1.36504,53.71367],[-1.36496,53.71367],[-1.36496,53.71376],[-1.36472,53.71372],[-1.36457,53.71381],[-1.36467,53.71389],[-1.36466,53.71403],[-1.3645,53.71407],[-1.3645,53.71412],[-1.36443,53.71411],[-1.36443,53.7142],[-1.36429,53.7142],[-1.3642,53.71434],[-1.36412,53.71434],[-1.36412,53.71443],[-1.36404,53.71443],[-1.36404,53.71461],[-1.36396,53.71461],[-1.36396,53.71474],[-1.36381,53.71479],[-1.36381,53.71488],[-1.36366,53.71487],[-1.36358,53.71501],[-1.36343,53.71505],[-1.36343,53.71519],[-1.36335,53.71519],[-1.36341,53.71551],[-1.36357,53.71551],[-1.36365,53.71559],[-1.3638,53.71559],[-1.3638,53.71564],[-1.36418,53.71564],[-1.36425,53.71555],[-1.36457,53.71556],[-1.36463,53.71546],[-1.36471,53.71546],[-1.36471,53.71542],[-1.36486,53.71538],[-1.36494,53.71529],[-1.36501,53.71529],[-1.36502,53.71524],[-1.36509,53.71524],[-1.36517,53.71515],[-1.36524,53.71515],[-1.36532,53.71506],[-1.3657,53.71502],[-1.3657,53.71498],[-1.36593,53.71498],[-1.36593,53.71493],[-1.36616,53.71493],[-1.36631,53.7148],[-1.36646,53.7148],[-1.36654,53.71474],[-1.36675,53.71475],[-1.36677,53.71458],[-1.36718,53.71458],[-1.36722,53.71449],[-1.36745,53.71449],[-1.36753,53.7144],[-1.36768,53.71436],[-1.36768,53.71431],[-1.36783,53.71431],[-1.36799,53.71418],[-1.36829,53.71418],[-1.36829,53.71414],[-1.36837,53.71414],[-1.36836,53.71418],[-1.36852,53.71414],[-1.36852,53.71418],[-1.36882,53.71418],[-1.36882,53.71423],[-1.36905,53.71423],[-1.36905,53.71427],[-1.36935,53.71428],[-1.36935,53.71432],[-1.37026,53.71437],[-1.37026,53.71442],[-1.37101,53.71442],[-1.37101,53.71446],[-1.37132,53.71447],[-1.37131,53.71451],[-1.37162,53.71451],[-1.37162,53.71447],[-1.37177,53.71447],[-1.37177,53.71451],[-1.37215,53.71452],[-1.37215,53.71456],[-1.37245,53.71456],[-1.37245,53.71461],[-1.37283,53.71461],[-1.37283,53.71465],[-1.37296,53.71465],[-1.37313,53.71477],[-1.37324,53.7147],[-1.37374,53.71475],[-1.37373,53.71479],[-1.37395,53.71488],[-1.37401,53.71484],[-1.37442,53.71484],[-1.37442,53.71489],[-1.37464,53.71489],[-1.37464,53.71493],[-1.37473,53.71493],[-1.37473,53.7151],[-1.37487,53.71509],[-1.37494,53.71516],[-1.37509,53.71516],[-1.37515,53.71531],[-1.37529,53.71531],[-1.37539,53.71525],[-1.3754,53.71512],[-1.37547,53.71512],[-1.37547,53.71507],[-1.37562,53.71507],[-1.37563,53.71503],[-1.37578,53.71503],[-1.37578,53.71498],[-1.37593,53.71498],[-1.37608,53.71485],[-1.37616,53.71485],[-1.37616,53.71481],[-1.37639,53.71481],[-1.37639,53.71485],[-1.37661,53.71485],[-1.37661,53.7149],[-1.37722,53.7149],[-1.37722,53.71486],[-1.37746,53.71481],[-1.37767,53.71499],[-1.37782,53.71499],[-1.37782,53.71504],[-1.3782,53.71503],[-1.37835,53.71508],[-1.37843,53.71499],[-1.3785,53.715],[-1.37853,53.71512],[-1.37873,53.71517],[-1.37873,53.71522],[-1.37888,53.71527],[-1.37895,53.71536],[-1.37918,53.71536],[-1.37933,53.7155],[-1.37948,53.7155],[-1.37956,53.71559],[-1.37986,53.71559],[-1.37986,53.71563],[-1.38001,53.71563],[-1.38001,53.71559],[-1.3813,53.71555],[-1.3813,53.7156],[-1.38145,53.7156],[-1.38145,53.71564],[-1.3816,53.71564],[-1.3816,53.71569],[-1.38175,53.71569],[-1.38175,53.71573],[-1.38205,53.71574],[-1.38205,53.71578],[-1.38236,53.71583],[-1.38236,53.71587],[-1.38258,53.71587],[-1.38266,53.71596],[-1.38281,53.71596],[-1.38281,53.71601],[-1.38296,53.71601],[-1.38296,53.71605],[-1.38326,53.71606],[-1.38341,53.71619],[-1.38349,53.71619],[-1.38349,53.71628],[-1.38364,53.71633],[-1.38379,53.71646],[-1.38386,53.71646],[-1.38394,53.71655],[-1.38409,53.71655],[-1.38416,53.71664],[-1.38431,53.71669],[-1.38431,53.71674],[-1.38446,53.71674],[-1.38446,53.71678],[-1.38507,53.71678],[-1.38507,53.71683],[-1.38537,53.71683],[-1.38537,53.71688],[-1.38567,53.71692],[-1.38567,53.71697],[-1.3859,53.71706],[-1.3859,53.7171],[-1.38597,53.7171],[-1.38597,53.71715],[-1.38613,53.71715],[-1.3862,53.71724],[-1.38635,53.71724],[-1.38635,53.71729],[-1.38658,53.71729],[-1.38658,53.71733],[-1.38673,53.71733],[-1.38673,53.71738],[-1.38688,53.71738],[-1.38688,53.71742],[-1.38703,53.71742],[-1.38703,53.71747],[-1.38718,53.71747],[-1.38718,53.71751],[-1.38748,53.71756],[-1.38748,53.71761],[-1.38771,53.7177],[-1.38793,53.71788],[-1.38808,53.71788],[-1.38808,53.71792],[-1.38824,53.71792],[-1.38823,53.71797],[-1.38854,53.71797],[-1.38854,53.71802],[-1.38869,53.71802],[-1.38869,53.71806],[-1.38899,53.71806],[-1.38899,53.71802],[-1.38922,53.71802],[-1.38922,53.71793],[-1.38967,53.71793],[-1.38968,53.7178],[-1.38975,53.7178],[-1.38975,53.71789],[-1.39013,53.71789],[-1.39013,53.71784],[-1.39028,53.71784],[-1.39028,53.7178],[-1.39043,53.7178],[-1.39051,53.71771],[-1.39081,53.71771],[-1.39082,53.71767],[-1.39097,53.71767],[-1.39097,53.71762],[-1.39104,53.71762],[-1.39104,53.71753],[-1.39203,53.71754],[-1.39203,53.71758],[-1.39233,53.71759],[-1.39233,53.71763],[-1.39278,53.71768],[-1.39286,53.71777],[-1.39301,53.71777],[-1.39301,53.71781],[-1.39309,53.71781],[-1.39308,53.7179],[-1.39324,53.7179],[-1.39324,53.71795],[-1.39346,53.71795],[-1.39346,53.718],[-1.39361,53.718],[-1.39361,53.71804],[-1.39384,53.71804],[-1.39384,53.71809],[-1.39399,53.71809],[-1.39399,53.71813],[-1.39429,53.71813],[-1.39429,53.71818],[-1.39444,53.71818],[-1.39452,53.71827],[-1.39482,53.71832],[-1.39482,53.71836],[-1.39505,53.71836],[-1.39505,53.71845],[-1.39535,53.7185],[-1.3955,53.71863],[-1.39565,53.71864],[-1.39565,53.71873],[-1.39572,53.71873],[-1.39562,53.71881],[-1.3957,53.72034],[-1.39563,53.72034],[-1.39562,53.72048],[-1.39555,53.72048],[-1.39555,53.72057],[-1.39547,53.72057],[-1.39547,53.72075],[-1.39539,53.72075],[-1.39539,53.72088],[-1.39531,53.72088],[-1.39531,53.72111],[-1.39524,53.72111],[-1.39523,53.72124],[-1.39516,53.72124],[-1.39516,53.72133],[-1.39508,53.72133],[-1.39508,53.72146],[-1.395,53.72146],[-1.395,53.7216],[-1.39493,53.7216],[-1.39492,53.72173],[-1.39485,53.72173],[-1.39485,53.72182],[-1.39477,53.72182],[-1.39477,53.72191],[-1.39469,53.72191],[-1.39469,53.72196],[-1.39454,53.722],[-1.39439,53.72213],[-1.39424,53.72213],[-1.39424,53.72218],[-1.39416,53.72218],[-1.39416,53.72227],[-1.39401,53.72231],[-1.39401,53.72236],[-1.39385,53.72236],[-1.39378,53.72245],[-1.39363,53.72245],[-1.39362,53.72249],[-1.39332,53.72249],[-1.39332,53.72253],[-1.39309,53.72253],[-1.39309,53.72258],[-1.39294,53.72258],[-1.39294,53.72262],[-1.39256,53.72262],[-1.39256,53.72266],[-1.39203,53.72266],[-1.39203,53.72271],[-1.39173,53.72271],[-1.39173,53.72266],[-1.39135,53.72266],[-1.39127,53.72257],[-1.39097,53.72252],[-1.39097,53.72248],[-1.39075,53.72248],[-1.39075,53.72243],[-1.39059,53.72243],[-1.3906,53.72239],[-1.39022,53.72234],[-1.39014,53.72225],[-1.38999,53.72225],[-1.38991,53.72234],[-1.38976,53.72234],[-1.38976,53.72238],[-1.38953,53.72238],[-1.38938,53.72251],[-1.38923,53.72256],[-1.38923,53.7226],[-1.38915,53.7226],[-1.38915,53.72265],[-1.38892,53.72274],[-1.38892,53.72283],[-1.38877,53.72287],[-1.38869,53.72296],[-1.38862,53.72296],[-1.38862,53.72305],[-1.38854,53.72305],[-1.38854,53.72309],[-1.38846,53.72309],[-1.38846,53.72314],[-1.38839,53.72314],[-1.38839,53.72318],[-1.38823,53.72323],[-1.38816,53.72332],[-1.38808,53.72332],[-1.38808,53.72341],[-1.38793,53.72345],[-1.38793,53.72358],[-1.38785,53.72358],[-1.38785,53.72367],[-1.38777,53.72367],[-1.38777,53.72381],[-1.3877,53.72381],[-1.38769,53.7243],[-1.38776,53.7243],[-1.38776,53.72439],[-1.38784,53.72439],[-1.38784,53.72444],[-1.38776,53.72444],[-1.38776,53.72453],[-1.38765,53.72457],[-1.38783,53.72485],[-1.38643,53.72523],[-1.38572,53.72539],[-1.38521,53.72482],[-1.3832,53.72544],[-1.38154,53.72607],[-1.38015,53.72661],[-1.37953,53.72647],[-1.37908,53.72609],[-1.37811,53.72609],[-1.37815,53.72594],[-1.37768,53.72582],[-1.37709,53.72585],[-1.37645,53.72575],[-1.37583,53.72562],[-1.37551,53.72562],[-1.37553,53.72579],[-1.37537,53.72583],[-1.37496,53.72591],[-1.37467,53.72598],[-1.37408,53.72594],[-1.3733,53.72597],[-1.3733,53.72577],[-1.37371,53.72569],[-1.37373,53.72561],[-1.37286,53.72562],[-1.37282,53.72524],[-1.37193,53.72532],[-1.37191,53.72519],[-1.37173,53.7252],[-1.37176,53.72533],[-1.37147,53.72533],[-1.37144,53.72522],[-1.37037,53.72524],[-1.37021,53.72487],[-1.36893,53.725],[-1.36865,53.72478],[-1.36776,53.7232],[-1.3643,53.72363],[-1.36453,53.72502],[-1.363,53.72524],[-1.36281,53.72487],[-1.36334,53.72482],[-1.3633,53.72458],[-1.36265,53.72459],[-1.36252,53.72396],[-1.36208,53.724],[-1.36214,53.72416],[-1.36194,53.7242],[-1.36198,53.72444],[-1.36147,53.72448],[-1.36167,53.72507],[-1.36229,53.72502],[-1.36244,53.72529],[-1.36128,53.7255],[-1.36072,53.72553],[-1.36081,53.72574],[-1.36034,53.72576],[-1.36038,53.72597],[-1.36036,53.72631],[-1.3603,53.72643],[-1.36009,53.7265],[-1.3601,53.72656],[-1.35914,53.72692],[-1.35922,53.72701],[-1.35848,53.72725],[-1.35844,53.72721],[-1.35833,53.72723],[-1.3583,53.72721],[-1.35806,53.72728],[-1.35812,53.72735],[-1.35786,53.72736],[-1.35756,53.72742],[-1.35718,53.72738],[-1.35718,53.72734],[-1.35701,53.72736],[-1.35622,53.72736],[-1.35611,53.72759],[-1.35595,53.72759],[-1.35522,53.72779],[-1.3552,53.7279],[-1.35545,53.7281],[-1.35629,53.72808],[-1.35714,53.72816],[-1.35753,53.72829],[-1.35808,53.72871],[-1.35853,53.72907],[-1.3587,53.72976],[-1.35874,53.73018],[-1.35878,53.73103],[-1.35878,53.73169],[-1.35971,53.73237],[-1.36092,53.73234],[-1.36234,53.73211],[-1.36372,53.73193],[-1.36961,53.73455],[-1.37358,53.73627],[-1.37804,53.73624],[-1.37981,53.73462],[-1.38345,53.73402],[-1.38002,53.73382],[-1.38563,53.73249],[-1.38531,53.73119],[-1.38349,53.73127],[-1.38381,53.73054],[-1.38398,53.72985],[-1.38278,53.72934],[-1.38314,53.72873],[-1.38421,53.72809],[-1.38506,53.72755],[-1.38556,53.7271],[-1.38641,53.72681],[-1.38745,53.72628],[-1.3886,53.72598],[-1.38885,53.72572],[-1.39092,53.72513],[-1.39121,53.72497],[-1.3912,53.72492],[-1.39141,53.72478],[-1.39193,53.72476],[-1.39265,53.72465],[-1.39345,53.72427],[-1.395,53.72389],[-1.3953,53.72379],[-1.39552,53.7236],[-1.39639,53.72339],[-1.39728,53.72305],[-1.39747,53.72302],[-1.3978,53.72283],[-1.39793,53.72254],[-1.39803,53.72209],[-1.39807,53.72116],[-1.39827,53.72056],[-1.39866,53.72028],[-1.39892,53.72019],[-1.40034,53.72007],[-1.40169,53.72024],[-1.40362,53.7209],[-1.40395,53.7211],[-1.40442,53.72121],[-1.40455,53.7213],[-1.40414,53.72182],[-1.40322,53.72337],[-1.40334,53.72347],[-1.4037,53.72352],[-1.40425,53.72345],[-1.40447,53.72318],[-1.40474,53.72309],[-1.40529,53.72304],[-1.40573,53.72306],[-1.40635,53.72295],[-1.40641,53.72282],[-1.40667,53.72267],[-1.40819,53.72324],[-1.40861,53.72363],[-1.40888,53.72425],[-1.40887,53.72482],[-1.4088,53.72653],[-1.40855,53.72682],[-1.40793,53.72771],[-1.4078,53.72892],[-1.40745,53.72892],[-1.40735,53.72908],[-1.40714,53.72911],[-1.40696,53.72929],[-1.40606,53.72946],[-1.40562,53.72975],[-1.40531,53.72976],[-1.40522,53.73001],[-1.40372,53.73001],[-1.4029,53.7301],[-1.40223,53.73007],[-1.39924,53.7328],[-1.39935,53.73348],[-1.39934,53.73411],[-1.39943,53.73433],[-1.39434,53.73529]],[[-1.59247,53.64207],[-1.5924,53.64207],[-1.5924,53.64216],[-1.59225,53.64216],[-1.59225,53.6422],[-1.59217,53.6422],[-1.59217,53.64193],[-1.59225,53.64193],[-1.59225,53.64189],[-1.59217,53.64189],[-1.59217,53.64171],[-1.5921,53.64171],[-1.5921,53.64166],[-1.59218,53.64166],[-1.59225,53.64139],[-1.59233,53.64139],[-1.59233,53.64144],[-1.5924,53.64144],[-1.5924,53.64153],[-1.59248,53.64153],[-1.59248,53.64193],[-1.5924,53.64193],[-1.5924,53.64198],[-1.59247,53.64198],[-1.59247,53.64207]],[[-1.60272,53.6691],[-1.60272,53.66904],[-1.60279,53.66903],[-1.60288,53.6691],[-1.60304,53.66912],[-1.60306,53.66917],[-1.6034,53.6692],[-1.60352,53.66926],[-1.60303,53.6692],[-1.60272,53.6691]],[[-1.62577,53.6738],[-1.62797,53.67354],[-1.63106,53.67354],[-1.63124,53.67359],[-1.63162,53.67381],[-1.63177,53.67401],[-1.63161,53.67413],[-1.63173,53.67444],[-1.63215,53.6746],[-1.63237,53.6745],[-1.63377,53.67539],[-1.63425,53.67554],[-1.63452,53.67576],[-1.63488,53.67588],[-1.63571,53.67605],[-1.63591,53.67625],[-1.63825,53.67644],[-1.63856,53.67637],[-1.6389,53.67681],[-1.63752,53.67736],[-1.63777,53.67764],[-1.63753,53.67773],[-1.63741,53.67771],[-1.63726,53.67785],[-1.63714,53.67787],[-1.63707,53.67794],[-1.63697,53.67794],[-1.63698,53.67805],[-1.63689,53.67805],[-1.63686,53.67814],[-1.63677,53.67816],[-1.63671,53.67826],[-1.63677,53.6783],[-1.63668,53.67832],[-1.63668,53.67837],[-1.6368,53.67833],[-1.63686,53.67835],[-1.63645,53.67843],[-1.63607,53.67893],[-1.63585,53.6797],[-1.63512,53.68129],[-1.63639,53.68381],[-1.63564,53.68407],[-1.63569,53.68416],[-1.63551,53.68425],[-1.63557,53.68426],[-1.63553,53.6848],[-1.63532,53.68491],[-1.63514,53.68516],[-1.6348,53.68538],[-1.63474,53.68536],[-1.63453,53.68563],[-1.63422,53.68564],[-1.63421,53.68559],[-1.63397,53.6855],[-1.63371,53.68546],[-1.63368,53.68542],[-1.63335,53.68535],[-1.63336,53.6853],[-1.63318,53.68529],[-1.63312,53.68524],[-1.6322,53.68542],[-1.63162,53.68537],[-1.63187,53.68485],[-1.63047,53.68482],[-1.63005,53.68477],[-1.62893,53.68481],[-1.62716,53.68445],[-1.62666,53.68442],[-1.62676,53.68328],[-1.62645,53.68279],[-1.62618,53.68217],[-1.62635,53.68204],[-1.62635,53.68175],[-1.62573,53.68074],[-1.6249,53.67995],[-1.62374,53.6779],[-1.6229,53.67677],[-1.62316,53.67666],[-1.62325,53.6765],[-1.62321,53.67646],[-1.62319,53.67616],[-1.62309,53.67603],[-1.6231,53.67598],[-1.62297,53.6759],[-1.623,53.67583],[-1.62264,53.67543],[-1.62267,53.6754],[-1.62258,53.67536],[-1.62251,53.67514],[-1.62243,53.67507],[-1.62245,53.67501],[-1.62231,53.67489],[-1.62228,53.67477],[-1.6223,53.67472],[-1.6226,53.67481],[-1.62301,53.67479],[-1.62286,53.67458],[-1.62309,53.67453],[-1.62319,53.6746],[-1.62577,53.6738]]],[[[-1.6972,53.67021],[-1.69731,53.67027],[-1.69773,53.67012],[-1.69764,53.67],[-1.6975,53.66998],[-1.6972,53.67021]]]]},"properties":{"fwdCode":"123WAF964","label":"Lower River Calder catchment","description":"River Calder from Brighouse to Castleford including Chickenley Beck, Spring Mill Beck and Waindike","river":"River Calder","county":"Calderdale, Kirklees, Leeds, Wakefield","eaArea":"Yorkshire","type":"area","quickDial":"204001","eaId":"http://environment.data.gov.uk/flood-monitoring/id/floodAreas/123WAF964"}},{"type":"Feature","geometry":{"type":"Polygon","coordinates":[[[-1.74542,53.69419],[-1.74583,53.69448],[-1.74624,53.69465],[-1.74696,53.69477],[-1.74768,53.69477],[-1.74838,53.69451],[-1.74933,53.69414],[-1.75065,53.69346],[-1.75152,53.69335],[-1.75152,53.69392],[-1.75188,53.69406],[-1.75231,53.6939],[-1.75287,53.69391],[-1.75328,53.69405],[-1.75376,53.69381],[-1.75405,53.69324],[-1.75482,53.69305],[-1.75634,53.69306],[-1.75639,53.69223],[-1.75591,53.69224],[-1.75406,53.69204],[-1.75237,53.69176],[-1.75122,53.69172],[-1.74936,53.69193],[-1.74847,53.6921],[-1.74729,53.69208],[-1.74621,53.69191],[-1.74556,53.6914],[-1.74522,53.69135],[-1.74421,53.69094],[-1.74338,53.69033],[-1.74237,53.68895],[-1.74002,53.68819],[-1.74011,53.68884],[-1.74,53.68872],[-1.73957,53.68868],[-1.7394,53.68879],[-1.73934,53.68885],[-1.73976,53.68914],[-1.74018,53.68963],[-1.7404,53.69035],[-1.74099,53.69137],[-1.74169,53.69196],[-1.74325,53.693],[-1.74451,53.69392],[-1.74501,53.69422],[-1.74527,53.69407],[-1.74542,53.69419]]]},"properties":{"fwdCode":"123FWF327","label":"River Calder at Brighouse - Nun Bank Wood","description":"Nun Bank Hotel and pub and Robin Hood's Cottage on Wakefield Road","river":"River Calder","county":"Calderdale, Kirklees","eaArea":"Yorkshire","type":"area","quickDial":"304033","eaId":"http://environment.data.gov.uk/flood-monitoring/id/floodAreas/123FWF327"}},{"type":"Feature","geometry":{"type":"Polygon","coordinates":[[[-1.77615,53.70454],[-1.77654,53.7045],[-1.77688,53.70466],[-1.77752,53.70464],[-1.77759,53.70444],[-1.77794,53.70442],[-1.77793,53.70425],[-1.77772,53.70423],[-1.77751,53.70348],[-1.77694,53.70329],[-1.77732,53.70305],[-1.77777,53.70299],[-1.77769,53.70278],[-1.77792,53.70276],[-1.77814,53.70306],[-1.77906,53.70293],[-1.77959,53.70284],[-1.78,53.70266],[-1.78104,53.70252],[-1.7814,53.70245],[-1.78124,53.70215],[-1.78224,53.70202],[-1.78243,53.70195],[-1.7828,53.70179],[-1.78325,53.70158],[-1.78358,53.70146],[-1.78399,53.70175],[-1.78506,53.70172],[-1.78613,53.70178],[-1.78717,53.70202],[-1.78733,53.70195],[-1.78739,53.70189],[-1.78922,53.70225],[-1.78974,53.70245],[-1.78999,53.7022],[-1.78971,53.70201],[-1.78955,53.70186],[-1.78782,53.7001],[-1.78831,53.69974],[-1.78396,53.69912],[-1.78396,53.69906],[-1.78359,53.69896],[-1.78353,53.69883],[-1.78381,53.69863],[-1.78398,53.69842],[-1.78441,53.6982],[-1.78452,53.69815],[-1.78587,53.69722],[-1.78588,53.69705],[-1.78634,53.69668],[-1.78602,53.69652],[-1.78589,53.6966],[-1.78545,53.69696],[-1.78431,53.69763],[-1.78394,53.69747],[-1.78361,53.6982],[-1.78344,53.69834],[-1.78339,53.69847],[-1.78322,53.69852],[-1.78309,53.69891],[-1.78297,53.69897],[-1.7819,53.69909],[-1.78114,53.69916],[-1.77969,53.69916],[-1.77931,53.69905],[-1.77925,53.69905],[-1.77925,53.69917],[-1.77856,53.69919],[-1.77858,53.69914],[-1.77849,53.6991],[-1.77836,53.69908],[-1.77829,53.69893],[-1.77772,53.69893],[-1.77772,53.69901],[-1.77695,53.69902],[-1.77691,53.6992],[-1.77598,53.6992],[-1.77556,53.6992],[-1.77476,53.69905],[-1.77457,53.69868],[-1.77467,53.69848],[-1.7748,53.69843],[-1.77479,53.69814],[-1.77491,53.69799],[-1.7751,53.69779],[-1.77362,53.69721],[-1.77275,53.69695],[-1.77182,53.69667],[-1.77023,53.69614],[-1.76951,53.6959],[-1.76793,53.69523],[-1.76813,53.69482],[-1.765,53.69371],[-1.76334,53.69311],[-1.76333,53.69312],[-1.76332,53.69311],[-1.76195,53.69292],[-1.76179,53.69305],[-1.76106,53.69254],[-1.76111,53.69252],[-1.76122,53.69237],[-1.76094,53.69231],[-1.76028,53.69217],[-1.75968,53.6922],[-1.75974,53.69229],[-1.75905,53.69225],[-1.75824,53.69239],[-1.75726,53.69233],[-1.75674,53.69233],[-1.75649,53.69237],[-1.75663,53.69307],[-1.75722,53.69303],[-1.75792,53.6931],[-1.75852,53.6931],[-1.75915,53.693],[-1.75974,53.69294],[-1.76037,53.693],[-1.76055,53.69333],[-1.76051,53.69358],[-1.76003,53.69386],[-1.75991,53.69369],[-1.75864,53.69375],[-1.75857,53.69456],[-1.7587,53.69483],[-1.75951,53.69483],[-1.76,53.6951],[-1.7589,53.69515],[-1.75869,53.69537],[-1.75944,53.69569],[-1.76064,53.69603],[-1.75984,53.69671],[-1.7596,53.69706],[-1.76094,53.69729],[-1.76173,53.69747],[-1.76231,53.69771],[-1.76348,53.69816],[-1.76494,53.69894],[-1.76623,53.69967],[-1.7687,53.70069],[-1.77223,53.70146],[-1.77256,53.70107],[-1.77344,53.70137],[-1.77312,53.70164],[-1.77379,53.7018],[-1.77384,53.70182],[-1.77381,53.70184],[-1.77371,53.70212],[-1.77427,53.70232],[-1.77424,53.70249],[-1.77428,53.70292],[-1.77444,53.70294],[-1.7745,53.70324],[-1.77503,53.70319],[-1.77509,53.70344],[-1.77489,53.70344],[-1.77496,53.70416],[-1.77507,53.70423],[-1.77527,53.70431],[-1.77587,53.70434],[-1.77615,53.70454]]]},"properties":{"fwdCode":"123FWF372","label":"River Calder at Brighouse","description":"Central Brighouse including Atlas Mill Road, Briggate, Mill Lane, Commercial Street, Armytage Road, Birds Royd Lane, Foundry Street, River Street, Cliffe Road, Bethel Street and Ganny Lock","river":"River Calder","county":"Calderdale, Kirklees","eaArea":"Yorkshire","type":"area","quickDial":"304066","eaId":"http://environment.data.gov.uk/flood-monitoring/id/floodAreas/123FWF372"}}]}