{"type":"FeatureCollection","crs":{"type":"name","properties":{"name":"EPSG:4326"}},"features":[{"type":"Feature","geometry":{"type":"Polygon","coordinates":[[[-2.9485,50.7181],[-2.9485,50.7164],[-2.9512,50.7164],[-2.9512,50.7146],[-2.9539,50.7146],[-2.9539,50.7129],[-2.9567,50.7129],[-2.9594,50.7129],[-2.9622,50.7129],[-2.9649,50.7129],[-2.9676,50.7129],[-2.9676,50.7112],[-2.9704,50.7112],[-2.9704,50.7094],[-2.9731,50.7094],[-2.9731,50.7077],[-2.9759,50.7077],[-2.9786,50.7077],[-2.9786,50.706],[-2.9813,50.706],[-2.9813,50.7042],[-2.9841,50.7042],[-2.9868,50.7042],[-2.9868,50.706],[-2.9896,50.706],[-2.9923,50.706],[-2.995,50.706],[-2.995,50.7042],[-2.9978,50.7042],[-3.0005,50.7042],[-3.0005,50.7025],[-3.0033,50.7025],[-3.0033,50.7007],[-3.006,50.7007],[-3.0087,50.7007],[-3.0115,50.7007],[-3.0115,50.699],[-3.0142,50.699],[-3.017,50.699],[-3.0197,50.699],[-3.0224,50.699],[-3.0252,50.699],[-3.0279,50.699],[-3.0307,50.699],[-3.0334,50.699],[-3.0361,50.699],[-3.0361,50.7007],[-3.0389,50.7007],[-3.0416,50.7007],[-3.0444,50.7007],[-3.0471,50.7007],[-3.0498,50.7007],[-3.0498,50.7025],[-3.0526,50.7025],[-3.0553,50.7025],[-3.0581,50.7025],[-3.0581,50.7042],[-3.0581,50.706],[-3.0581,50.7077],[-3.0581,50.7094],[-3.0581,50.7112],[-3.0553,50.7112],[-3.0553,50.7129],[-3.0553,50.7146],[-3.0581,50.7164],[-3.0581,50.7181],[-3.0581,50.7198],[-3.0581,50.7216],[-3.0581,50.7233],[-3.0581,50.725],[-3.0581,50.7268],[-3.0581,50.7285],[-3.0581,50.7302],[-3.0608,50.7302],[-3.0608,50.732],[-3.0608,50.7337],[-3.0635,50.7337],[-3.0635,50.7354],[-3.0635,50.7372],[-3.0635,50.7389],[-3.0635,50.7406],[-3.0635,50.7424],[-3.0663,50.7424],[-3.069,50.7424],[-3.0718,50.7424],[-3.0718,50.7441],[-3.0745,50.7441],[-3.0772,50.7458],[-3.08,50.7458],[-3.0827,50.7458],[-3.0827,50.7441],[-3.0855,50.7441],[-3.0855,50.7424],[-3.0855,50.7406],[-3.0827,50.7406],[-3.08,50.7406],[-3.08,50.7389],[-3.0827,50.7389],[-3.0827,50.7372],[-3.0855,50.7372],[-3.0855,50.7354],[-3.0882,50.7354],[-3.0882,50.7337],[-3.0909,50.7337],[-3.0909,50.732],[-3.0937,50.732],[-3.0964,50.732],[-3.0964,50.7302],[-3.0992,50.7302],[-3.0992,50.7285],[-3.0992,50.7268],[-3.0992,50.725],[-3.1019,50.725],[-3.1019,50.7233],[-3.1046,50.7233],[-3.1046,50.7216],[-3.1074,50.7216],[-3.1074,50.7198],[-3.1046,50.7198],[-3.1046,50.7181],[-3.1046,50.7164],[-3.1019,50.7164],[-3.1019,50.7146],[-3.0992,50.7146],[-3.0992,50.7129],[-3.0992,50.7112],[-3.0992,50.7094],[-3.1019,50.7094],[-3.1019,50.7077],[-3.1019,50.706],[-3.0992,50.7042],[-3.0992,50.7025],[-3.0992,50.7007],[-3.0964,50.7007],[-3.0964,50.699],[-3.0937,50.699],[-3.0909,50.6973],[-3.0909,50.6955],[-3.0937,50.6955],[-3.0937,50.6938],[-3.0937,50.6921],[-3.0937,50.6903],[-3.0937,50.6886],[-3.0937,50.6869],[-3.0964,50.6869],[-3.0964,50.6851],[-3.0992,50.6851],[-3.1019,50.6851],[-3.1046,50.6851],[-3.1074,50.6851],[-3.1101,50.6851],[-3.1101,50.6869],[-3.1129,50.6869],[-3.1156,50.6869],[-3.1183,50.6869],[-3.1211,50.6869],[-3.1238,50.6869],[-3.1266,50.6869],[-3.1293,50.6869],[-3.132,50.6869],[-3.1348,50.6869],[-3.1375,50.6869],[-3.1402,50.6869],[-3.1402,50.6851],[-3.143,50.6851],[-3.1457,50.6851],[-3.1485,50.6851],[-3.1512,50.6851],[-3.1539,50.6851],[-3.1567,50.6851],[-3.1567,50.6869],[-3.1594,50.6869],[-3.1594,50.6851],[-3.1622,50.6851],[-3.1649,50.6851],[-3.1676,50.6851],[-3.1704,50.6851],[-3.1731,50.6851],[-3.1759,50.6851],[-3.1786,50.6851],[-3.1813,50.6851],[-3.1841,50.6851],[-3.1868,50.6851],[-3.1896,50.6851],[-3.1923,50.6851],[-3.1923,50.6834],[-3.195,50.6834],[-3.1978,50.6834],[-3.1978,50.6817],[-3.2005,50.6817],[-3.2033,50.6817],[-3.206,50.6817],[-3.2087,50.6817],[-3.2115,50.6817],[-3.2142,50.6817],[-3.217,50.6817],[-3.2197,50.6817],[-3.2197,50.6799],[-3.2224,50.6799],[-3.2252,50.6799],[-3.2279,50.6799],[-3.2307,50.6799],[-3.2307,50.6817],[-3.2279,50.6817],[-3.2279,50.6834],[-3.2307,50.6834],[-3.2307,50.6851],[-3.2307,50.6869],[-3.2334,50.6869],[-3.2334,50.6886],[-3.2307,50.6886],[-3.2307,50.6903],[-3.2279,50.6903],[-3.2279,50.6921],[-3.2279,50.6938],[-3.2252,50.6938],[-3.2252,50.6955],[-3.2224,50.6955],[-3.2224,50.6973],[-3.2224,50.699],[-3.2224,50.7007],[-3.2197,50.7007],[-3.217,50.7007],[-3.217,50.7025],[-3.217,50.7042],[-3.2197,50.7042],[-3.2224,50.7042],[-3.2252,50.7042],[-3.2279,50.7042],[-3.2279,50.706],[-3.2307,50.706],[-3.2334,50.706],[-3.2334,50.7042],[-3.2361,50.7042],[-3.2389,50.7042],[-3.2416,50.7042],[-3.2416,50.7025],[-3.2416,50.7007],[-3.2416,50.699],[-3.2444,50.699],[-3.2471,50.699],[-3.2498,50.699],[-3.2498,50.6973],[-3.2526,50.6973],[-3.2553,50.6973],[-3.2553,50.6955],[-3.2526,50.6955],[-3.2498,50.6955],[-3.2498,50.6938],[-3.2471,50.6938],[-3.2471,50.6921],[-3.2471,50.6903],[-3.2444,50.6903],[-3.2444,50.6886],[-3.2444,50.6869],[-3.2471,50.6869],[-3.2471,50.6851],[-3.2498,50.6851],[-3.2526,50.6851],[-3.2553,50.6851],[-3.2553,50.6869],[-3.2581,50.6869],[-3.2581,50.6851],[-3.2553,50.6851],[-3.2553,50.6834],[-3.2526,50.6834],[-3.2526,50.6817],[-3.2526,50.6799],[-3.2498,50.6799],[-3.2498,50.6782],[-3.2498,50.6764],[-3.2471,50.6764],[-3.2471,50.6747],[-3.2498,50.6747],[-3.2526,50.6747],[-3.2553,50.6747],[-3.2553,50.673],[-3.2581,50.673],[-3.2608,50.673],[-3.2608,50.6712],[-3.2635,50.6712],[-3.2663,50.6712],[-3.2663,50.6695],[-3.2663,50.6678],[-3.2663,50.666],[-3.269,50.666],[-3.269,50.6643],[-3.2718,50.6643],[-3.2718,50.6626],[-3.2745,50.6626],[-3.2772,50.6626],[-3.2772,50.6608],[-3.2772,50.6591],[-3.28,50.6591],[-3.28,50.6573],[-3.28,50.6556],[-3.2827,50.6556],[-3.2827,50.6539],[-3.2855,50.6539],[-3.2855,50.6521],[-3.2855,50.6504],[-3.2855,50.6487],[-3.2855,50.6469],[-3.2882,50.6469],[-3.2882,50.6452],[-3.2882,50.6434],[-3.2882,50.6417],[-3.2909,50.6417],[-3.2909,50.64],[-3.2937,50.64],[-3.2937,50.6382],[-3.2937,50.6365],[-3.2937,50.6348],[-3.2964,50.6348],[-3.2992,50.6348],[-3.2992,50.633],[-3.3019,50.633],[-3.3019,50.6313],[-3.3019,50.6295],[-3.3046,50.6295],[-3.3074,50.6295],[-3.3101,50.6295],[-3.3129,50.6295],[-3.3156,50.6295],[-3.3183,50.6295],[-3.3211,50.6295],[-3.3211,50.6278],[-3.3238,50.6278],[-3.3266,50.6278],[-3.3293,50.6261],[-3.332,50.6261],[-3.3348,50.6261],[-3.3348,50.6243],[-3.3375,50.6243],[-3.3403,50.6226],[-3.343,50.6226],[-3.3457,50.6226],[-3.3457,50.6209],[-3.3485,50.6209],[-3.3512,50.6191],[-3.354,50.6191],[-3.354,50.6174],[-3.3567,50.6174],[-3.3567,50.6156],[-3.3594,50.6156],[-3.3594,50.6139],[-3.3594,50.6122],[-3.3594,50.6104],[-3.3567,50.6104],[-3.3567,50.6087],[-3.3594,50.6087],[-3.3594,50.6069],[-3.3622,50.6069],[-3.3622,50.6087],[-3.3649,50.6087],[-3.3649,50.6104],[-3.3677,50.6104],[-3.3704,50.6104],[-3.3704,50.6087],[-3.3731,50.6087],[-3.3759,50.6087],[-3.3759,50.6069],[-3.3786,50.6069],[-3.3814,50.6069],[-3.3841,50.6069],[-3.3868,50.6069],[-3.3868,50.6087],[-3.3896,50.6087],[-3.3923,50.6087],[-3.3923,50.6104],[-3.3951,50.6104],[-3.3978,50.6104],[-3.3978,50.6122],[-3.3951,50.6122],[-3.3951,50.6139],[-3.3923,50.6139],[-3.3896,50.6139],[-3.3868,50.6139],[-3.3868,50.6156],[-3.3841,50.6156],[-3.3814,50.6156],[-3.3814,50.6174],[-3.3786,50.6174],[-3.3786,50.6191],[-3.3759,50.6191],[-3.3759,50.6209],[-3.3731,50.6209],[-3.3731,50.6226],[-3.3759,50.6226],[-3.3759,50.6243],[-3.3759,50.6261],[-3.3786,50.6261],[-3.3786,50.6278],[-3.3786,50.6295],[-3.3759,50.6295],[-3.3759,50.6313],[-3.3731,50.6313],[-3.3704,50.6313],[-3.3677,50.633],[-3.3649,50.633],[-3.3622,50.633],[-3.3594,50.633],[-3.3567,50.633],[-3.3567,50.6348],[-3.3594,50.6348],[-3.3594,50.6365],[-3.3594,50.6382],[-3.3594,50.64],[-3.3622,50.64],[-3.3622,50.6417],[-3.3649,50.6417],[-3.3649,50.6434],[-3.3649,50.6452],[-3.3677,50.6452],[-3.3677,50.6469],[-3.3704,50.6469],[-3.3704,50.6487],[-3.3731,50.6487],[-3.3731,50.6504],[-3.3759,50.6504],[-3.3786,50.6504],[-3.3814,50.6504],[-3.3841,50.6504],[-3.3841,50.6521],[-3.3841,50.6539],[-3.3841,50.6556],[-3.3841,50.6573],[-3.3841,50.6591],[-3.3868,50.6591],[-3.3841,50.666],[-3.3841,50.6678],[-3.3841,50.6695],[-3.3868,50.6695],[-3.3896,50.6695],[-3.3896,50.6712],[-3.3896,50.673],[-3.3868,50.673],[-3.3868,50.6747],[-3.3841,50.6747],[-3.3841,50.6764],[-3.3841,50.6782],[-3.3814,50.6782],[-3.3814,50.6799],[-3.3759,50.6834],[-3.3759,50.6851],[-3.3704,50.6869],[-3.3677,50.6869],[-3.3567,50.6886],[-3.3567,50.6903],[-3.354,50.6903],[-3.354,50.6921],[-3.3512,50.6921],[-3.3512,50.6938],[-3.3512,50.6955],[-3.3485,50.6955],[-3.3485,50.6973],[-3.3485,50.699],[-3.3485,50.7007],[-3.3485,50.7025],[-3.3485,50.7042],[-3.3485,50.706],[-3.3485,50.7077],[-3.3485,50.7094],[-3.3485,50.7112],[-3.3457,50.7112],[-3.3457,50.7129],[-3.3457,50.7146],[-3.343,50.7146],[-3.343,50.7164],[-3.343,50.7181],[-3.343,50.7198],[-3.343,50.7216],[-3.3457,50.7216],[-3.3457,50.7233],[-3.3457,50.725],[-3.343,50.725],[-3.343,50.7268],[-3.3403,50.7268],[-3.3375,50.7268],[-3.3375,50.7285],[-3.3348,50.7285],[-3.3348,50.7268],[-3.332,50.7268],[-3.332,50.725],[-3.332,50.7233],[-3.3293,50.7233],[-3.3293,50.7216],[-3.3266,50.7216],[-3.3238,50.7216],[-3.3238,50.7198],[-3.3211,50.7198],[-3.3183,50.7198],[-3.3183,50.7181],[-3.3156,50.7181],[-3.3129,50.7181],[-3.3129,50.7164],[-3.3101,50.7164],[-3.3074,50.7164],[-3.3046,50.7164],[-3.3019,50.7164],[-3.2992,50.7164],[-3.2964,50.7164],[-3.2937,50.7164],[-3.2937,50.7146],[-3.2937,50.7129],[-3.2909,50.7129],[-3.2909,50.7112],[-3.2882,50.7112],[-3.2882,50.7129],[-3.2882,50.7146],[-3.2882,50.7164],[-3.2882,50.7181],[-3.2855,50.7181],[-3.2855,50.7198],[-3.2827,50.7198],[-3.28,50.7198],[-3.2772,50.7198],[-3.2745,50.7198],[-3.2745,50.7216],[-3.2718,50.7216],[-3.2718,50.7233],[-3.269,50.7233],[-3.2663,50.7233],[-3.2635,50.7233],[-3.2635,50.725],[-3.2608,50.725],[-3.2608,50.7268],[-3.2581,50.7268],[-3.2581,50.7285],[-3.2581,50.7302],[-3.2553,50.7302],[-3.2553,50.732],[-3.2553,50.7337],[-3.2526,50.7354],[-3.2526,50.7372],[-3.2526,50.7389],[-3.2526,50.7406],[-3.2498,50.7406],[-3.2498,50.7424],[-3.2498,50.7441],[-3.2498,50.7458],[-3.2471,50.7476],[-3.2471,50.7493],[-3.2471,50.751],[-3.2444,50.751],[-3.2444,50.7528],[-3.2444,50.7545],[-3.2416,50.7545],[-3.2416,50.7562],[-3.2444,50.7562],[-3.2444,50.758],[-3.2444,50.7597],[-3.2444,50.7614],[-3.2444,50.7632],[-3.2416,50.7632],[-3.2416,50.7649],[-3.2416,50.7666],[-3.2416,50.7684],[-3.2389,50.7701],[-3.2389,50.7718],[-3.2361,50.7718],[-3.2361,50.7736],[-3.2361,50.7753],[-3.2389,50.7753],[-3.2389,50.777],[-3.2416,50.777],[-3.2416,50.7788],[-3.2389,50.7788],[-3.2389,50.7805],[-3.2416,50.7805],[-3.2416,50.7822],[-3.2252,50.784],[-3.217,50.7857],[-3.2087,50.7874],[-3.2033,50.7892],[-3.2005,50.7892],[-3.1978,50.7892],[-3.195,50.7892],[-3.1923,50.7892],[-3.1923,50.7874],[-3.1896,50.7874],[-3.1896,50.7892],[-3.1868,50.7892],[-3.1841,50.7892],[-3.1841,50.7874],[-3.1813,50.7874],[-3.1786,50.7874],[-3.1786,50.7892],[-3.1759,50.7892],[-3.1759,50.7909],[-3.1731,50.7926],[-3.1731,50.7944],[-3.1731,50.7961],[-3.1704,50.7961],[-3.1704,50.7978],[-3.1676,50.7978],[-3.1649,50.7996],[-3.1622,50.7996],[-3.1622,50.8013],[-3.1594,50.8013],[-3.1594,50.7996],[-3.1567,50.7996],[-3.1567,50.7978],[-3.1539,50.7978],[-3.1539,50.7961],[-3.1512,50.7961],[-3.1485,50.7961],[-3.1457,50.7961],[-3.143,50.7961],[-3.1402,50.7961],[-3.1375,50.7961],[-3.1348,50.7961],[-3.132,50.7961],[-3.132,50.7944],[-3.1293,50.7944],[-3.1266,50.7944],[-3.1238,50.7944],[-3.1211,50.7944],[-3.1211,50.7926],[-3.1183,50.7926],[-3.1183,50.7944],[-3.1156,50.7944],[-3.1129,50.7944],[-3.1101,50.7944],[-3.1101,50.7926],[-3.1074,50.7926],[-3.1046,50.7926],[-3.1046,50.7909],[-3.1019,50.7909],[-3.1019,50.7892],[-3.0992,50.7892],[-3.0964,50.7892],[-3.0964,50.7874],[-3.0937,50.7874],[-3.0937,50.7857],[-3.0937,50.784],[-3.0909,50.784],[-3.0909,50.7822],[-3.0882,50.7822],[-3.0882,50.7805],[-3.0855,50.7805],[-3.0827,50.7805],[-3.08,50.7805],[-3.0772,50.7805],[-3.0772,50.7788],[-3.0745,50.7788],[-3.0745,50.7805],[-3.0718,50.7805],[-3.069,50.7805],[-3.069,50.7822],[-3.0663,50.7822],[-3.0663,50.784],[-3.0635,50.784],[-3.0635,50.7857],[-3.0608,50.7857],[-3.0608,50.7874],[-3.0581,50.7874],[-3.0581,50.7857],[-3.0553,50.7857],[-3.0526,50.7857],[-3.0498,50.7857],[-3.0498,50.784],[-3.0471,50.784],[-3.0444,50.784],[-3.0444,50.7822],[-3.0416,50.7822],[-3.0389,50.7805],[-3.0361,50.7805],[-3.0361,50.7788],[-3.0334,50.7788],[-3.0334,50.777],[-3.0334,50.7753],[-3.0334,50.7736],[-3.0334,50.7718],[-3.0252,50.7701],[-3.0252,50.7718],[-3.0224,50.7718],[-3.0197,50.7718],[-3.0197,50.7701],[-3.017,50.7701],[-3.017,50.7718],[-3.0197,50.7718],[-3.0197,50.7736],[-3.017,50.7736],[-3.0142,50.7736],[-3.0115,50.7736],[-3.0087,50.7736],[-3.006,50.7736],[-3.006,50.7718],[-3.006,50.7701],[-3.006,50.7684],[-3.006,50.7666],[-3.006,50.7649],[-3.0087,50.7649],[-3.0087,50.7632],[-3.0087,50.7614],[-3.006,50.7597],[-3.0033,50.7597],[-3.0005,50.7597],[-3.0005,50.758],[-2.9978,50.758],[-2.9978,50.7597],[-2.995,50.7597],[-2.995,50.758],[-2.9923,50.758],[-2.9896,50.758],[-2.9896,50.7562],[-2.9868,50.7562],[-2.9868,50.758],[-2.9841,50.758],[-2.9841,50.7597],[-2.9813,50.7597],[-2.9786,50.7597],[-2.9786,50.7614],[-2.9759,50.7614],[-2.9759,50.7632],[-2.9731,50.7632],[-2.9704,50.7632],[-2.9676,50.7632],[-2.9676,50.7614],[-2.9649,50.7614],[-2.9649,50.7597],[-2.9622,50.7597],[-2.9622,50.758],[-2.9594,50.758],[-2.9594,50.7597],[-2.9567,50.7597],[-2.9567,50.7614],[-2.9539,50.7614],[-2.9512,50.7614],[-2.9485,50.7614],[-2.9485,50.7597],[-2.9457,50.7597],[-2.943,50.758],[-2.9402,50.758],[-2.9402,50.7562],[-2.9375,50.7562],[-2.9375,50.7545],[-2.9348,50.7545],[-2.9348,50.7528],[-2.9375,50.7528],[-2.9402,50.7528],[-2.9402,50.751],[-2.9402,50.7493],[-2.9402,50.7476],[-2.9375,50.7476],[-2.9375,50.7458],[-2.9375,50.7441],[-2.9402,50.7441],[-2.9402,50.7424],[-2.943,50.7424],[-2.943,50.7406],[-2.943,50.7389],[-2.9457,50.7389],[-2.9457,50.7372],[-2.9457,50.7354],[-2.9485,50.7354],[-2.9485,50.7337],[-2.9485,50.732],[-2.9512,50.732],[-2.9512,50.7302],[-2.9512,50.7285],[-2.9539,50.7285],[-2.9539,50.7268],[-2.9539,50.725],[-2.9512,50.725],[-2.9512,50.7233],[-2.9512,50.7216],[-2.9485,50.7216],[-2.9485,50.7198],[-2.9485,50.7181]]]},"properties":{"NAME":"East Devon","CODE":"11","DESIG_DATE":"Sep-63"}},{"type":"Feature","geometry":{"type":"Polygon","coordinates":[[[-6.461,49.8833],[-6.4637,49.8851],[-6.4637,49.8869],[-6.4637,49.8886],[-6.461,49.8921],[-6.461,49.8939],[-6.461,49.8957],[-6.461,49.8974],[-6.4582,49.8992],[-6.4582,49.901],[-6.4582,49.9027],[-6.4555,49.9045],[-6.4555,49.9063],[-6.4527,49.9063],[-6.4527,49.908],[-6.4527,49.9098],[-6.45,49.9116],[-6.45,49.9133],[-6.4473,49.9151],[-6.4473,49.9169],[-6.4445,49.9186],[-6.4418,49.9204],[-6.4418,49.9221],[-6.439,49.9239],[-6.4363,49.9257],[-6.4363,49.9274],[-6.4336,49.9274],[-6.4336,49.9292],[-6.4308,49.9327],[-6.4281,49.9345],[-6.4281,49.9363],[-6.4253,49.938],[-6.4226,49.9398],[-6.4226,49.9415],[-6.4199,49.9415],[-6.4199,49.9433],[-6.4171,49.9433],[-6.4171,49.9451],[-6.4144,49.9468],[-6.4116,49.9486],[-6.4089,49.9504],[-6.4062,49.9521],[-6.4034,49.9539],[-6.4007,49.9557],[-6.3979,49.9574],[-6.3952,49.9592],[-6.3925,49.9609],[-6.3897,49.9627],[-6.387,49.9645],[-6.3842,49.9662],[-6.3815,49.968],[-6.3788,49.968],[-6.376,49.9698],[-6.3733,49.9715],[-6.3705,49.9733],[-6.3678,49.9733],[-6.3651,49.975],[-6.3623,49.9768],[-6.3596,49.9768],[-6.3568,49.9786],[-6.3541,49.9786],[-6.3514,49.9786],[-6.3486,49.9803],[-6.3431,49.9821],[-6.3404,49.9821],[-6.3377,49.9838],[-6.3349,49.9838],[-6.3322,49.9838],[-6.3294,49.9856],[-6.3267,49.9856],[-6.324,49.9856],[-6.3212,49.9874],[-6.3157,49.9874],[-6.3103,49.9891],[-6.3075,49.9891],[-6.3021,49.9891],[-6.2966,49.9891],[-6.2911,49.9891],[-6.2884,49.9891],[-6.2856,49.9891],[-6.2829,49.9891],[-6.2801,49.9891],[-6.2719,49.9874],[-6.2692,49.9856],[-6.2637,49.9856],[-6.261,49.9838],[-6.2582,49.9838],[-6.2555,49.9821],[-6.2527,49.9803],[-6.25,49.9803],[-6.25,49.9786],[-6.2473,49.9786],[-6.239,49.975],[-6.2363,49.9715],[-6.2308,49.968],[-6.2281,49.9662],[-6.2281,49.9645],[-6.2281,49.9627],[-6.2253,49.9609],[-6.2253,49.9592],[-6.2226,49.9539],[-6.2226,49.9504],[-6.2199,49.9486],[-6.2199,49.9468],[-6.2199,49.9451],[-6.2199,49.9433],[-6.2226,49.9415],[-6.2226,49.9398],[-6.2226,49.938],[-6.2226,49.9363],[-6.2253,49.9345],[-6.2253,49.9327],[-6.2281,49.931],[-6.2281,49.9292],[-6.2308,49.9274],[-6.2308,49.9257],[-6.2336,49.9257],[-6.2363,49.9239],[-6.2445,49.9169],[-6.2527,49.9116],[-6.261,49.908],[-6.2692,49.9027],[-6.2719,49.901],[-6.2747,49.8992],[-6.2801,49.8957],[-6.2884,49.8921],[-6.2966,49.8886],[-6.3021,49.8851],[-6.3103,49.8816],[-6.3157,49.878],[-6.3185,49.878],[-6.3212,49.8763],[-6.3349,49.871],[-6.3377,49.8692],[-6.3404,49.8692],[-6.3431,49.8674],[-6.3459,49.8657],[-6.3486,49.8657],[-6.3514,49.8639],[-6.3541,49.8639],[-6.3623,49.8604],[-6.3651,49.8604],[-6.3678,49.8586],[-6.3705,49.8586],[-6.376,49.8568],[-6.3788,49.8568],[-6.3842,49.8568],[-6.3925,49.8551],[-6.3952,49.8551],[-6.3979,49.8551],[-6.4007,49.8551],[-6.4034,49.8551],[-6.4116,49.8551],[-6.4144,49.8551],[-6.4171,49.8551],[-6.4199,49.8568],[-6.4226,49.8568],[-6.4281,49.8586],[-6.4336,49.8604],[-6.4363,49.8604],[-6.439,49.8621],[-6.4418,49.8639],[-6.4445,49.8639],[-6.4473,49.8657],[-6.45,49.8674],[-6.45,49.8692],[-6.4527,49.8692],[-6.4527,49.871],[-6.4555,49.871],[-6.4555,49.8727],[-6.4582,49.8745],[-6.4582,49.8763],[-6.461,49.8763],[-6.461,49.878],[-6.461,49.8798],[-6.461,49.8816],[-6.461,49.8833]]]},"properties":{"NAME":"Isles Of Scilly","CODE":"17","DESIG_DATE":"Feb-76"}},{"type":"Feature","geometry":{"type":"Polygon","coordinates":[[[-2.9512,51.3145],[-2.9512,51.3162],[-2.9512,51.3179],[-2.9512,51.3196],[-2.9539,51.3196],[-2.9539,51.3213],[-2.9512,51.3213],[-2.9485,51.3213],[-2.9485,51.323],[-2.9457,51.323],[-2.943,51.323],[-2.9402,51.323],[-2.9375,51.323],[-2.9348,51.323],[-2.932,51.323],[-2.9293,51.323],[-2.9293,51.3247],[-2.9265,51.3247],[-2.9238,51.3247],[-2.9211,51.3247],[-2.9211,51.3265],[-2.9211,51.3282],[-2.9183,51.3282],[-2.9156,51.3282],[-2.9128,51.3282],[-2.9101,51.3282],[-2.9074,51.3282],[-2.9074,51.3265],[-2.9046,51.3265],[-2.9019,51.3265],[-2.8991,51.3265],[-2.8964,51.3265],[-2.8937,51.3265],[-2.8937,51.3282],[-2.8909,51.3282],[-2.8909,51.3265],[-2.8882,51.3265],[-2.8854,51.3265],[-2.8827,51.3265],[-2.88,51.3265],[-2.8772,51.3265],[-2.8745,51.3265],[-2.8717,51.3265],[-2.869,51.3265],[-2.8663,51.3265],[-2.8635,51.3265],[-2.8608,51.3247],[-2.8608,51.3265],[-2.8608,51.3282],[-2.858,51.3282],[-2.8553,51.3282],[-2.8553,51.3299],[-2.8526,51.3299],[-2.8498,51.3299],[-2.8471,51.3299],[-2.8471,51.3316],[-2.8443,51.3316],[-2.8416,51.3316],[-2.8416,51.3299],[-2.8416,51.3282],[-2.8389,51.3282],[-2.8389,51.3265],[-2.8389,51.3247],[-2.8389,51.323],[-2.8361,51.323],[-2.8361,51.3213],[-2.8361,51.3196],[-2.8361,51.3179],[-2.8361,51.3162],[-2.8361,51.3145],[-2.8389,51.3145],[-2.8416,51.3145],[-2.8416,51.3128],[-2.8416,51.311],[-2.8416,51.3093],[-2.8389,51.3093],[-2.8389,51.311],[-2.8361,51.311],[-2.8334,51.311],[-2.8334,51.3093],[-2.8334,51.3076],[-2.8306,51.3076],[-2.8279,51.3076],[-2.8279,51.3093],[-2.8252,51.3093],[-2.8224,51.3093],[-2.8197,51.3093],[-2.8197,51.311],[-2.8197,51.3128],[-2.8197,51.3145],[-2.8224,51.3145],[-2.8224,51.3128],[-2.8252,51.3128],[-2.8252,51.3145],[-2.8252,51.3162],[-2.8279,51.3162],[-2.8279,51.3179],[-2.8306,51.3179],[-2.8306,51.3196],[-2.8334,51.3196],[-2.8334,51.3213],[-2.8334,51.323],[-2.8334,51.3247],[-2.8334,51.3265],[-2.8334,51.3282],[-2.8334,51.3299],[-2.8306,51.3299],[-2.8306,51.3316],[-2.8279,51.3316],[-2.8252,51.3316],[-2.8224,51.3316],[-2.8197,51.3316],[-2.8169,51.3316],[-2.8169,51.3333],[-2.8142,51.3333],[-2.8115,51.3333],[-2.8087,51.3333],[-2.806,51.3333],[-2.8032,51.3333],[-2.8005,51.3333],[-2.7978,51.3333],[-2.795,51.3333],[-2.795,51.3316],[-2.7923,51.3316],[-2.7895,51.3316],[-2.7868,51.3316],[-2.7868,51.3333],[-2.7841,51.3333],[-2.7813,51.3333],[-2.7786,51.3333],[-2.7786,51.3316],[-2.7758,51.3316],[-2.7731,51.3316],[-2.7704,51.3316],[-2.7676,51.3316],[-2.7649,51.3316],[-2.7621,51.3316],[-2.7594,51.3316],[-2.7567,51.3316],[-2.7539,51.3316],[-2.7512,51.3316],[-2.7512,51.3333],[-2.7484,51.3333],[-2.7457,51.3333],[-2.7457,51.335],[-2.743,51.335],[-2.7402,51.335],[-2.7375,51.335],[-2.7348,51.335],[-2.7348,51.3367],[-2.732,51.3367],[-2.7293,51.3367],[-2.7265,51.3367],[-2.7238,51.3367],[-2.7211,51.3367],[-2.7183,51.3367],[-2.7156,51.3367],[-2.7156,51.3384],[-2.7128,51.3401],[-2.7128,51.3419],[-2.7101,51.3419],[-2.7101,51.3436],[-2.7101,51.3453],[-2.7074,51.3453],[-2.7074,51.347],[-2.7046,51.347],[-2.7046,51.3487],[-2.7019,51.3487],[-2.6991,51.3487],[-2.6964,51.3487],[-2.6964,51.347],[-2.6937,51.347],[-2.6909,51.347],[-2.6909,51.3453],[-2.6909,51.3436],[-2.6909,51.3419],[-2.6937,51.3419],[-2.6937,51.3401],[-2.6909,51.3401],[-2.6882,51.3401],[-2.6854,51.3401],[-2.6827,51.3401],[-2.6827,51.3384],[-2.68,51.3384],[-2.68,51.3367],[-2.6772,51.3367],[-2.6772,51.335],[-2.6745,51.335],[-2.6717,51.335],[-2.669,51.335],[-2.6663,51.335],[-2.6635,51.335],[-2.6608,51.335],[-2.658,51.335],[-2.658,51.3367],[-2.6553,51.3367],[-2.6553,51.3384],[-2.6526,51.3384],[-2.6526,51.3401],[-2.6498,51.3401],[-2.6471,51.3419],[-2.6443,51.3419],[-2.6443,51.3436],[-2.6443,51.3453],[-2.6416,51.3453],[-2.6416,51.347],[-2.6389,51.347],[-2.6389,51.3487],[-2.6361,51.3487],[-2.6334,51.3487],[-2.6334,51.3504],[-2.6334,51.3521],[-2.6306,51.3521],[-2.6279,51.3521],[-2.6252,51.3521],[-2.6224,51.3521],[-2.6224,51.3504],[-2.6197,51.3504],[-2.6169,51.3504],[-2.6142,51.3504],[-2.6115,51.3504],[-2.6115,51.3487],[-2.6087,51.3487],[-2.6087,51.347],[-2.606,51.347],[-2.606,51.3453],[-2.6032,51.3453],[-2.6032,51.3436],[-2.6005,51.3436],[-2.6005,51.3419],[-2.6005,51.3401],[-2.6005,51.3384],[-2.5978,51.3384],[-2.5978,51.3367],[-2.5978,51.335],[-2.6005,51.335],[-2.6032,51.335],[-2.6032,51.3333],[-2.6032,51.3316],[-2.6032,51.3299],[-2.6005,51.3299],[-2.5978,51.3299],[-2.5978,51.3316],[-2.595,51.3316],[-2.5923,51.3316],[-2.5923,51.3333],[-2.5895,51.3333],[-2.5895,51.3316],[-2.5868,51.3316],[-2.5868,51.3299],[-2.5868,51.3282],[-2.5868,51.3265],[-2.5895,51.3265],[-2.5895,51.3247],[-2.5895,51.323],[-2.5895,51.3213],[-2.5895,51.3196],[-2.5895,51.3179],[-2.5895,51.3162],[-2.5895,51.3145],[-2.5895,51.3128],[-2.5895,51.311],[-2.5895,51.3093],[-2.5923,51.3093],[-2.5923,51.3076],[-2.5895,51.3076],[-2.5895,51.3059],[-2.5868,51.3059],[-2.5868,51.3042],[-2.5868,51.3025],[-2.5868,51.3008],[-2.5841,51.3008],[-2.5841,51.2991],[-2.5841,51.2973],[-2.5813,51.2973],[-2.5813,51.2956],[-2.5786,51.2956],[-2.5758,51.2956],[-2.5758,51.2939],[-2.5758,51.2922],[-2.5758,51.2905],[-2.5758,51.2888],[-2.5786,51.2888],[-2.5813,51.2888],[-2.5813,51.2871],[-2.5813,51.2853],[-2.5841,51.2853],[-2.5841,51.2836],[-2.5868,51.2836],[-2.5868,51.2819],[-2.5868,51.2802],[-2.5841,51.2802],[-2.5813,51.2802],[-2.5786,51.2802],[-2.5786,51.2785],[-2.5758,51.2785],[-2.5758,51.2768],[-2.5758,51.2751],[-2.5786,51.2751],[-2.5786,51.2733],[-2.5813,51.2733],[-2.5813,51.2716],[-2.5841,51.2716],[-2.5868,51.2699],[-2.5868,51.2682],[-2.5868,51.2665],[-2.5895,51.2665],[-2.5895,51.2648],[-2.5923,51.2648],[-2.5923,51.2631],[-2.5923,51.2613],[-2.595,51.2613],[-2.595,51.2596],[-2.595,51.2579],[-2.5978,51.2579],[-2.5978,51.2562],[-2.5978,51.2545],[-2.6005,51.2545],[-2.6005,51.2528],[-2.6032,51.2528],[-2.6032,51.2511],[-2.606,51.2493],[-2.606,51.2476],[-2.6087,51.2476],[-2.6087,51.2459],[-2.6115,51.2442],[-2.6115,51.2425],[-2.6142,51.2425],[-2.6142,51.2408],[-2.6169,51.2408],[-2.6169,51.2391],[-2.6169,51.2373],[-2.6142,51.2373],[-2.6142,51.2356],[-2.6115,51.2356],[-2.6087,51.2356],[-2.606,51.2356],[-2.6032,51.2356],[-2.6005,51.2356],[-2.5978,51.2356],[-2.595,51.2356],[-2.5923,51.2356],[-2.5895,51.2356],[-2.5895,51.2339],[-2.5895,51.2322],[-2.5923,51.2322],[-2.5923,51.2305],[-2.595,51.2305],[-2.595,51.2288],[-2.5978,51.2288],[-2.6005,51.2288],[-2.6005,51.227],[-2.6032,51.227],[-2.6032,51.2253],[-2.606,51.2253],[-2.6087,51.2253],[-2.6087,51.2236],[-2.6115,51.2236],[-2.6115,51.2219],[-2.6115,51.2202],[-2.6142,51.2202],[-2.6142,51.2185],[-2.6169,51.2185],[-2.6169,51.2167],[-2.6197,51.2167],[-2.6197,51.215],[-2.6197,51.2133],[-2.6224,51.2133],[-2.6252,51.2133],[-2.6252,51.215],[-2.6279,51.215],[-2.6279,51.2167],[-2.6306,51.2167],[-2.6334,51.2167],[-2.6361,51.2167],[-2.6389,51.2167],[-2.6389,51.215],[-2.6416,51.215],[-2.6443,51.215],[-2.6471,51.215],[-2.6498,51.215],[-2.6498,51.2167],[-2.6526,51.2167],[-2.6553,51.2167],[-2.6553,51.2185],[-2.658,51.2185],[-2.6608,51.2185],[-2.6608,51.2202],[-2.6635,51.2202],[-2.6663,51.2202],[-2.6663,51.2219],[-2.669,51.2219],[-2.6717,51.2219],[-2.6717,51.2236],[-2.669,51.2236],[-2.669,51.2253],[-2.6717,51.2236],[-2.6717,51.2253],[-2.6717,51.227],[-2.6745,51.227],[-2.6772,51.227],[-2.68,51.227],[-2.68,51.2288],[-2.6827,51.2288],[-2.6854,51.2288],[-2.6882,51.2288],[-2.6909,51.2288],[-2.6937,51.2288],[-2.6964,51.2288],[-2.6964,51.227],[-2.6991,51.227],[-2.6991,51.2288],[-2.7019,51.2288],[-2.7046,51.2288],[-2.7046,51.2305],[-2.7046,51.2322],[-2.7074,51.2322],[-2.7101,51.2339],[-2.7128,51.2339],[-2.7128,51.2356],[-2.7128,51.2373],[-2.7128,51.2391],[-2.7128,51.2408],[-2.7156,51.2408],[-2.7156,51.2425],[-2.7183,51.2425],[-2.7183,51.2408],[-2.7156,51.2408],[-2.7156,51.2391],[-2.7156,51.2373],[-2.7183,51.2373],[-2.7211,51.2373],[-2.7211,51.2391],[-2.7238,51.2391],[-2.7265,51.2391],[-2.7265,51.2408],[-2.7293,51.2408],[-2.7293,51.2425],[-2.732,51.2425],[-2.732,51.2442],[-2.7348,51.2442],[-2.7348,51.2459],[-2.7375,51.2459],[-2.7375,51.2476],[-2.7375,51.2493],[-2.7402,51.2493],[-2.7402,51.2511],[-2.743,51.2511],[-2.7457,51.2511],[-2.7457,51.2528],[-2.7484,51.2528],[-2.7484,51.2545],[-2.7484,51.2562],[-2.7512,51.2562],[-2.7512,51.2579],[-2.7539,51.2579],[-2.7539,51.2596],[-2.7567,51.2596],[-2.7567,51.2613],[-2.7594,51.2613],[-2.7594,51.2631],[-2.7621,51.2631],[-2.7621,51.2648],[-2.7649,51.2648],[-2.7649,51.2665],[-2.7676,51.2665],[-2.7676,51.2682],[-2.7704,51.2682],[-2.7704,51.2699],[-2.7731,51.2699],[-2.7731,51.2716],[-2.7731,51.2733],[-2.7704,51.2733],[-2.7704,51.2751],[-2.7676,51.2751],[-2.7676,51.2768],[-2.7704,51.2768],[-2.7704,51.2785],[-2.7704,51.2802],[-2.7731,51.2802],[-2.7704,51.2819],[-2.7731,51.2819],[-2.7731,51.2836],[-2.7731,51.2853],[-2.7731,51.2871],[-2.7758,51.2871],[-2.7786,51.2871],[-2.7786,51.2853],[-2.7813,51.2853],[-2.7813,51.2836],[-2.7841,51.2836],[-2.7841,51.2853],[-2.7868,51.2853],[-2.7868,51.2871],[-2.7895,51.2871],[-2.7923,51.2871],[-2.795,51.2871],[-2.7978,51.2871],[-2.8005,51.2871],[-2.8005,51.2888],[-2.8032,51.2888],[-2.806,51.2888],[-2.8087,51.2888],[-2.8115,51.2888],[-2.8142,51.2888],[-2.8169,51.2888],[-2.8197,51.2888],[-2.8224,51.2888],[-2.8252,51.2888],[-2.8279,51.2888],[-2.8306,51.2888],[-2.8334,51.2888],[-2.8334,51.2905],[-2.8361,51.2905],[-2.8361,51.2888],[-2.8389,51.2888],[-2.8416,51.2888],[-2.8443,51.2888],[-2.8443,51.2905],[-2.8471,51.2905],[-2.8498,51.2905],[-2.8526,51.2905],[-2.8526,51.2922],[-2.8553,51.2922],[-2.858,51.2922],[-2.858,51.2905],[-2.8608,51.2905],[-2.8635,51.2905],[-2.8663,51.2905],[-2.869,51.2905],[-2.8717,51.2905],[-2.8717,51.2922],[-2.8745,51.2922],[-2.8772,51.2922],[-2.88,51.2922],[-2.88,51.2939],[-2.8827,51.2939],[-2.8854,51.2939],[-2.8854,51.2956],[-2.8882,51.2956],[-2.8909,51.2956],[-2.8937,51.2956],[-2.8964,51.2956],[-2.8991,51.2956],[-2.9019,51.2956],[-2.9046,51.2956],[-2.9074,51.2956],[-2.9101,51.2956],[-2.9128,51.2973],[-2.9156,51.2973],[-2.9156,51.2991],[-2.9183,51.2991],[-2.9211,51.2991],[-2.9211,51.3008],[-2.9211,51.3025],[-2.9238,51.3025],[-2.9238,51.3042],[-2.9265,51.3042],[-2.9293,51.3042],[-2.9293,51.3059],[-2.932,51.3059],[-2.9348,51.3059],[-2.9375,51.3059],[-2.9402,51.3059],[-2.9402,51.3076],[-2.943,51.3076],[-2.9457,51.3076],[-2.9457,51.3093],[-2.9485,51.3093],[-2.9485,51.311],[-2.9485,51.3128],[-2.9485,51.3145],[-2.9512,51.3145]],[[-2.7978,51.3128],[-2.795,51.3128],[-2.7923,51.3128],[-2.7923,51.3145],[-2.795,51.3145],[-2.795,51.3162],[-2.7923,51.3179],[-2.795,51.3179],[-2.7978,51.3179],[-2.7978,51.3162],[-2.8005,51.3162],[-2.8005,51.3145],[-2.8005,51.3128],[-2.7978,51.3128]]]},"properties":{"NAME":"Mendip Hills","CODE":"21","DESIG_DATE":"Oct-89"}},{"type":"Feature","geometry":{"type":"MultiPolygon","coordinates":[[[[-2.0827,52.0264],[-2.0854,52.0264],[-2.0854,52.0281],[-2.0827,52.0281],[-2.0827,52.0264]]],[[[-1.4772,51.8423],[-1.4772,51.844],[-1.4744,51.844],[-1.4772,51.8423]]],[[[-2.3457,51.3795],[-2.3484,51.3795],[-2.3484,51.3812],[-2.3457,51.3812],[-2.3457,51.3795]]],[[[-2.3429,51.3145],[-2.3457,51.3145],[-2.3484,51.3145],[-2.3512,51.3145],[-2.3539,51.3145],[-2.3539,51.3162],[-2.3566,51.3162],[-2.3566,51.3179],[-2.3594,51.3179],[-2.3621,51.3179],[-2.3621,51.3196],[-2.3649,51.3196],[-2.3676,51.3196],[-2.3703,51.3196],[-2.3731,51.3196],[-2.3758,51.3196],[-2.3758,51.3179],[-2.3786,51.3179],[-2.3786,51.3162],[-2.3813,51.3179],[-2.3813,51.3196],[-2.3813,51.3213],[-2.3813,51.323],[-2.3813,51.3247],[-2.3813,51.3265],[-2.3813,51.3282],[-2.384,51.3282],[-2.384,51.3299],[-2.384,51.3316],[-2.3868,51.3316],[-2.3868,51.3333],[-2.3895,51.3333],[-2.3895,51.335],[-2.3923,51.335],[-2.3923,51.3367],[-2.3895,51.3367],[-2.3895,51.3384],[-2.3895,51.3401],[-2.3895,51.3419],[-2.3923,51.3419],[-2.3923,51.3436],[-2.3923,51.3453],[-2.3923,51.347],[-2.3895,51.347],[-2.3895,51.3487],[-2.3868,51.3487],[-2.384,51.3487],[-2.384,51.3504],[-2.384,51.3521],[-2.3813,51.3521],[-2.3786,51.3521],[-2.3758,51.3521],[-2.3731,51.3521],[-2.3731,51.3538],[-2.3731,51.3555],[-2.3703,51.3555],[-2.3676,51.3555],[-2.3649,51.3555],[-2.3649,51.3538],[-2.3621,51.3538],[-2.3621,51.3555],[-2.3621,51.3573],[-2.3594,51.3573],[-2.3566,51.3573],[-2.3539,51.3573],[-2.3512,51.3573],[-2.3484,51.3573],[-2.3457,51.3573],[-2.3429,51.3573],[-2.3429,51.359],[-2.3402,51.359],[-2.3402,51.3573],[-2.3375,51.359],[-2.3347,51.3607],[-2.3347,51.3624],[-2.3347,51.3641],[-2.3375,51.3624],[-2.3402,51.3624],[-2.3429,51.3624],[-2.3457,51.3624],[-2.3457,51.3641],[-2.3457,51.3658],[-2.3484,51.3658],[-2.3512,51.3658],[-2.3539,51.3658],[-2.3539,51.3641],[-2.3566,51.3641],[-2.3566,51.3658],[-2.3594,51.3658],[-2.3621,51.3658],[-2.3621,51.3675],[-2.3649,51.3675],[-2.3649,51.3692],[-2.3621,51.3692],[-2.3594,51.3692],[-2.3566,51.3692],[-2.3566,51.3709],[-2.3539,51.3709],[-2.3539,51.3727],[-2.3539,51.3744],[-2.3512,51.3744],[-2.3512,51.3727],[-2.3484,51.3727],[-2.3457,51.3727],[-2.3457,51.3744],[-2.3457,51.3761],[-2.3457,51.3778],[-2.3457,51.3795],[-2.3429,51.3795],[-2.3429,51.3812],[-2.3429,51.3829],[-2.3429,51.3846],[-2.3429,51.3863],[-2.3402,51.3863],[-2.3402,51.388],[-2.3402,51.3898],[-2.3375,51.3898],[-2.3347,51.3915],[-2.332,51.3915],[-2.3293,51.3915],[-2.3265,51.3915],[-2.3238,51.3915],[-2.321,51.3915],[-2.321,51.3898],[-2.3183,51.3898],[-2.3183,51.3915],[-2.3183,51.3932],[-2.3183,51.3949],[-2.321,51.3949],[-2.321,51.3966],[-2.321,51.3983],[-2.3183,51.3983],[-2.3183,51.4],[-2.3156,51.4],[-2.3128,51.4],[-2.3128,51.4017],[-2.3101,51.4017],[-2.3073,51.4017],[-2.3073,51.4],[-2.3073,51.3983],[-2.3073,51.3966],[-2.3046,51.3966],[-2.3019,51.3966],[-2.2991,51.3966],[-2.2991,51.3983],[-2.2964,51.3983],[-2.2936,51.3983],[-2.2936,51.4],[-2.2936,51.4017],[-2.2964,51.4017],[-2.2991,51.4017],[-2.3019,51.4017],[-2.3019,51.4034],[-2.3019,51.4051],[-2.3046,51.4051],[-2.3046,51.4069],[-2.3046,51.4086],[-2.3046,51.4103],[-2.3046,51.412],[-2.3073,51.412],[-2.3073,51.4103],[-2.3101,51.4103],[-2.3128,51.4103],[-2.3128,51.4086],[-2.3128,51.4069],[-2.3156,51.4069],[-2.3156,51.4086],[-2.3156,51.4103],[-2.3156,51.412],[-2.3156,51.4137],[-2.3183,51.4137],[-2.321,51.4137],[-2.321,51.412],[-2.321,51.4103],[-2.321,51.4086],[-2.321,51.4069],[-2.321,51.4051],[-2.3238,51.4051],[-2.3238,51.4034],[-2.3265,51.4034],[-2.3293,51.4034],[-2.332,51.4034],[-2.3347,51.4034],[-2.3375,51.4034],[-2.3402,51.4034],[-2.3429,51.4034],[-2.3429,51.4017],[-2.3457,51.4017],[-2.3484,51.4017],[-2.3512,51.4017],[-2.3512,51.4],[-2.3539,51.4],[-2.3539,51.4017],[-2.3566,51.4017],[-2.3566,51.4],[-2.3594,51.4],[-2.3621,51.4],[-2.3649,51.4],[-2.3676,51.4],[-2.3676,51.4017],[-2.3703,51.4017],[-2.3703,51.4034],[-2.3731,51.4034],[-2.3731,51.4051],[-2.3703,51.4051],[-2.3703,51.4069],[-2.3676,51.4069],[-2.3676,51.4086],[-2.3703,51.4086],[-2.3731,51.4086],[-2.3758,51.4086],[-2.3758,51.4103],[-2.3786,51.4103],[-2.3813,51.4086],[-2.3813,51.4069],[-2.3786,51.4069],[-2.3758,51.4069],[-2.3758,51.4051],[-2.3758,51.4034],[-2.3758,51.4017],[-2.3731,51.4017],[-2.3731,51.4],[-2.3758,51.4],[-2.3758,51.3983],[-2.3758,51.3966],[-2.3786,51.3966],[-2.3786,51.3949],[-2.3813,51.3949],[-2.384,51.3949],[-2.384,51.3966],[-2.3868,51.3966],[-2.3868,51.3983],[-2.3868,51.4],[-2.3895,51.4],[-2.3895,51.4017],[-2.3923,51.4017],[-2.3923,51.4034],[-2.395,51.4034],[-2.395,51.4051],[-2.3977,51.4051],[-2.4005,51.4051],[-2.4005,51.4069],[-2.4032,51.4069],[-2.4032,51.4051],[-2.4032,51.4034],[-2.4005,51.4034],[-2.4005,51.4017],[-2.4005,51.4],[-2.4005,51.3983],[-2.3977,51.3966],[-2.395,51.3966],[-2.395,51.3949],[-2.3977,51.3949],[-2.3977,51.3932],[-2.4005,51.3932],[-2.4032,51.3932],[-2.406,51.3932],[-2.406,51.3915],[-2.4032,51.3915],[-2.4032,51.3898],[-2.406,51.3898],[-2.4087,51.3898],[-2.4087,51.3915],[-2.4087,51.3932],[-2.4114,51.3932],[-2.4142,51.3932],[-2.4169,51.3932],[-2.4197,51.3932],[-2.4224,51.3932],[-2.4224,51.3915],[-2.4251,51.3915],[-2.4279,51.3915],[-2.4279,51.3898],[-2.4306,51.3898],[-2.4306,51.3915],[-2.4334,51.3915],[-2.4361,51.3915],[-2.4361,51.3932],[-2.4388,51.3932],[-2.4388,51.3949],[-2.4416,51.3949],[-2.4443,51.3949],[-2.4443,51.3966],[-2.4471,51.3966],[-2.4471,51.3983],[-2.4471,51.4],[-2.4498,51.4],[-2.4498,51.4017],[-2.4498,51.4034],[-2.4498,51.4051],[-2.4498,51.4069],[-2.4471,51.4069],[-2.4471,51.4086],[-2.4443,51.4086],[-2.4416,51.4103],[-2.4388,51.4103],[-2.4388,51.412],[-2.4388,51.4137],[-2.4388,51.4154],[-2.4416,51.4154],[-2.4416,51.4171],[-2.4443,51.4171],[-2.4443,51.4188],[-2.4443,51.4205],[-2.4471,51.4205],[-2.4471,51.4222],[-2.4471,51.4239],[-2.4471,51.4256],[-2.4498,51.4256],[-2.4498,51.4274],[-2.4498,51.4291],[-2.4498,51.4308],[-2.4498,51.4325],[-2.4471,51.4325],[-2.4471,51.4308],[-2.4443,51.4308],[-2.4416,51.4308],[-2.4416,51.4325],[-2.4388,51.4325],[-2.4388,51.4342],[-2.4361,51.4342],[-2.4361,51.4359],[-2.4361,51.4376],[-2.4334,51.4376],[-2.4334,51.4393],[-2.4306,51.4393],[-2.4306,51.441],[-2.4306,51.4427],[-2.4306,51.4444],[-2.4279,51.4444],[-2.4279,51.4461],[-2.4251,51.4461],[-2.4251,51.4479],[-2.4224,51.4479],[-2.4224,51.4496],[-2.4224,51.4513],[-2.4197,51.4513],[-2.4197,51.453],[-2.4169,51.453],[-2.4169,51.4547],[-2.4169,51.4564],[-2.4142,51.4564],[-2.4142,51.4581],[-2.4114,51.4581],[-2.4114,51.4598],[-2.4087,51.4598],[-2.4087,51.4615],[-2.406,51.4615],[-2.406,51.4632],[-2.406,51.4649],[-2.4032,51.4649],[-2.4032,51.4666],[-2.4005,51.4666],[-2.4005,51.4683],[-2.4005,51.47],[-2.4005,51.4718],[-2.3977,51.4735],[-2.395,51.4735],[-2.395,51.4752],[-2.3923,51.4752],[-2.3923,51.4769],[-2.3923,51.4786],[-2.3895,51.4786],[-2.3868,51.4786],[-2.3868,51.4769],[-2.384,51.4769],[-2.3813,51.4769],[-2.3813,51.4786],[-2.3813,51.4803],[-2.3813,51.482],[-2.384,51.4837],[-2.384,51.4854],[-2.3868,51.4854],[-2.3868,51.4871],[-2.384,51.4871],[-2.384,51.4888],[-2.3813,51.4888],[-2.3813,51.4905],[-2.3813,51.4922],[-2.3813,51.4939],[-2.3786,51.4939],[-2.3786,51.4956],[-2.3786,51.4973],[-2.3758,51.4973],[-2.3758,51.499],[-2.3731,51.499],[-2.3731,51.5008],[-2.3758,51.5008],[-2.3758,51.5025],[-2.3731,51.5025],[-2.3703,51.5025],[-2.3703,51.5042],[-2.3703,51.5059],[-2.3703,51.5076],[-2.3676,51.5076],[-2.3676,51.5093],[-2.3649,51.511],[-2.3649,51.5127],[-2.3621,51.5127],[-2.3621,51.5144],[-2.3621,51.5161],[-2.3621,51.5178],[-2.3621,51.5195],[-2.3594,51.5195],[-2.3594,51.5212],[-2.3594,51.5229],[-2.3594,51.5246],[-2.3594,51.5263],[-2.3594,51.528],[-2.3594,51.5297],[-2.3594,51.5314],[-2.3566,51.5314],[-2.3566,51.5331],[-2.3594,51.5331],[-2.3621,51.5331],[-2.3621,51.5349],[-2.3621,51.5366],[-2.3621,51.5383],[-2.3621,51.54],[-2.3621,51.5417],[-2.3621,51.5434],[-2.3594,51.5434],[-2.3594,51.5451],[-2.3594,51.5468],[-2.3594,51.5485],[-2.3566,51.5485],[-2.3566,51.5502],[-2.3566,51.5519],[-2.3539,51.5519],[-2.3539,51.5536],[-2.3539,51.5553],[-2.3539,51.557],[-2.3539,51.5587],[-2.3539,51.5604],[-2.3512,51.5604],[-2.3512,51.5621],[-2.3512,51.5638],[-2.3539,51.5638],[-2.3539,51.5655],[-2.3566,51.5655],[-2.3566,51.5672],[-2.3566,51.5689],[-2.3566,51.5706],[-2.3539,51.5706],[-2.3539,51.5723],[-2.3512,51.5723],[-2.3512,51.574],[-2.3484,51.574],[-2.3484,51.5757],[-2.3512,51.5757],[-2.3512,51.5774],[-2.3484,51.5774],[-2.3484,51.5791],[-2.3484,51.5808],[-2.3457,51.5825],[-2.3457,51.5843],[-2.3457,51.586],[-2.3457,51.5877],[-2.3457,51.5894],[-2.3429,51.5894],[-2.3429,51.5911],[-2.3429,51.5928],[-2.3429,51.5945],[-2.3429,51.5962],[-2.3429,51.5979],[-2.3429,51.5996],[-2.3457,51.5996],[-2.3457,51.6013],[-2.3457,51.603],[-2.3457,51.6047],[-2.3457,51.6064],[-2.3457,51.6081],[-2.3457,51.6098],[-2.3457,51.6115],[-2.3457,51.6132],[-2.3457,51.6149],[-2.3484,51.6149],[-2.3484,51.6166],[-2.3484,51.6183],[-2.3457,51.6183],[-2.3457,51.62],[-2.3429,51.62],[-2.3429,51.6217],[-2.3429,51.6234],[-2.3457,51.6234],[-2.3457,51.6251],[-2.3484,51.6251],[-2.3512,51.6268],[-2.3512,51.6285],[-2.3539,51.6285],[-2.3539,51.6302],[-2.3566,51.6302],[-2.3566,51.6319],[-2.3594,51.6319],[-2.3594,51.6336],[-2.3594,51.6353],[-2.3621,51.6353],[-2.3649,51.6353],[-2.3649,51.637],[-2.3649,51.6387],[-2.3676,51.6387],[-2.3676,51.6404],[-2.3676,51.6421],[-2.3703,51.6421],[-2.3703,51.6438],[-2.3703,51.6455],[-2.3731,51.6455],[-2.3731,51.6472],[-2.3758,51.6472],[-2.3758,51.6489],[-2.3786,51.6489],[-2.3786,51.6506],[-2.3813,51.6506],[-2.3813,51.6489],[-2.384,51.6489],[-2.384,51.6506],[-2.384,51.6523],[-2.384,51.654],[-2.3868,51.654],[-2.3868,51.6557],[-2.3895,51.6557],[-2.3895,51.6574],[-2.3923,51.6574],[-2.3923,51.6591],[-2.3923,51.6608],[-2.3923,51.6625],[-2.3923,51.6642],[-2.3895,51.6642],[-2.3895,51.6659],[-2.3895,51.6676],[-2.3895,51.6693],[-2.3923,51.6693],[-2.3923,51.671],[-2.395,51.671],[-2.395,51.6727],[-2.3977,51.6727],[-2.4005,51.6727],[-2.4005,51.6744],[-2.4005,51.6761],[-2.4005,51.6778],[-2.4005,51.6795],[-2.4005,51.6812],[-2.4005,51.6829],[-2.4005,51.6846],[-2.4005,51.6863],[-2.3977,51.6863],[-2.3977,51.688],[-2.3977,51.6897],[-2.3977,51.6914],[-2.395,51.6914],[-2.395,51.6931],[-2.395,51.6948],[-2.3923,51.6948],[-2.3923,51.6965],[-2.3895,51.6982],[-2.3868,51.6982],[-2.384,51.6982],[-2.384,51.6965],[-2.3868,51.6965],[-2.3868,51.6948],[-2.384,51.6948],[-2.384,51.6931],[-2.3813,51.6931],[-2.3786,51.6931],[-2.3758,51.6931],[-2.3731,51.6931],[-2.3703,51.6931],[-2.3676,51.6931],[-2.3676,51.6914],[-2.3649,51.6914],[-2.3621,51.6897],[-2.3649,51.688],[-2.3649,51.6863],[-2.3649,51.6846],[-2.3621,51.6846],[-2.3594,51.6846],[-2.3594,51.6829],[-2.3594,51.6812],[-2.3594,51.6795],[-2.3566,51.6795],[-2.3566,51.6778],[-2.3539,51.6778],[-2.3539,51.6761],[-2.3512,51.6761],[-2.3512,51.6744],[-2.3512,51.6727],[-2.3484,51.6727],[-2.3457,51.6727],[-2.3429,51.6727],[-2.3402,51.6727],[-2.3375,51.6727],[-2.3375,51.6744],[-2.3347,51.6744],[-2.3347,51.6761],[-2.3347,51.6778],[-2.3375,51.6778],[-2.3375,51.6795],[-2.3402,51.6795],[-2.3429,51.6795],[-2.3429,51.6812],[-2.3457,51.6812],[-2.3457,51.6829],[-2.3484,51.6829],[-2.3484,51.6846],[-2.3484,51.6863],[-2.3457,51.6863],[-2.3457,51.688],[-2.3429,51.688],[-2.3429,51.6897],[-2.3402,51.6897],[-2.3402,51.6914],[-2.3402,51.6931],[-2.3375,51.6931],[-2.3375,51.6948],[-2.3375,51.6965],[-2.3402,51.6965],[-2.3402,51.6982],[-2.3375,51.6982],[-2.3375,51.6999],[-2.3347,51.6999],[-2.332,51.6999],[-2.3293,51.6999],[-2.3265,51.6999],[-2.3265,51.7016],[-2.3238,51.7016],[-2.321,51.7016],[-2.3183,51.7016],[-2.3156,51.7016],[-2.3156,51.7033],[-2.3156,51.705],[-2.3156,51.7067],[-2.3128,51.7067],[-2.3128,51.7084],[-2.3128,51.7101],[-2.3128,51.7118],[-2.3101,51.7118],[-2.3101,51.7135],[-2.3101,51.7152],[-2.3101,51.7168],[-2.3073,51.7168],[-2.3046,51.7185],[-2.3046,51.7202],[-2.3019,51.7202],[-2.3019,51.7219],[-2.2991,51.7219],[-2.2991,51.7236],[-2.2964,51.7253],[-2.2964,51.7236],[-2.2936,51.7236],[-2.2909,51.7236],[-2.2882,51.7236],[-2.2882,51.7253],[-2.2854,51.7253],[-2.2854,51.7236],[-2.2827,51.7236],[-2.2799,51.7236],[-2.2799,51.7253],[-2.2772,51.7253],[-2.2772,51.727],[-2.2745,51.727],[-2.2717,51.727],[-2.2717,51.7287],[-2.269,51.7287],[-2.269,51.7304],[-2.269,51.7321],[-2.2717,51.7321],[-2.2717,51.7338],[-2.2745,51.7338],[-2.2745,51.7355],[-2.2717,51.7372],[-2.269,51.7372],[-2.2662,51.7372],[-2.2635,51.7372],[-2.2608,51.7372],[-2.258,51.7372],[-2.2553,51.7372],[-2.2525,51.7372],[-2.2498,51.7372],[-2.2498,51.7389],[-2.2471,51.7389],[-2.2443,51.7389],[-2.2416,51.7389],[-2.2416,51.7372],[-2.2388,51.7372],[-2.2361,51.7372],[-2.2361,51.7355],[-2.2361,51.7338],[-2.2361,51.7321],[-2.2361,51.7304],[-2.2334,51.7304],[-2.2306,51.7304],[-2.2306,51.7287],[-2.2334,51.7287],[-2.2334,51.727],[-2.2306,51.727],[-2.2306,51.7287],[-2.2279,51.7287],[-2.2251,51.7287],[-2.2251,51.7304],[-2.2251,51.7321],[-2.2251,51.7338],[-2.2279,51.7338],[-2.2279,51.7355],[-2.2279,51.7372],[-2.2251,51.7372],[-2.2224,51.7372],[-2.2224,51.7389],[-2.2224,51.7406],[-2.2197,51.7406],[-2.2169,51.7406],[-2.2142,51.7406],[-2.2142,51.7389],[-2.2114,51.7389],[-2.2114,51.7372],[-2.2087,51.7372],[-2.2087,51.7355],[-2.2087,51.7338],[-2.206,51.7338],[-2.206,51.7321],[-2.206,51.7304],[-2.206,51.7287],[-2.206,51.727],[-2.206,51.7253],[-2.2032,51.7253],[-2.2032,51.7236],[-2.2005,51.7236],[-2.2005,51.7219],[-2.1977,51.7219],[-2.1977,51.7202],[-2.195,51.7202],[-2.195,51.7185],[-2.1923,51.7185],[-2.1895,51.7185],[-2.1895,51.7168],[-2.1868,51.7168],[-2.184,51.7168],[-2.1813,51.7168],[-2.1786,51.7168],[-2.1786,51.7185],[-2.1758,51.7185],[-2.1731,51.7185],[-2.1731,51.7202],[-2.1758,51.7202],[-2.1786,51.7202],[-2.1813,51.7202],[-2.184,51.7202],[-2.1868,51.7202],[-2.1895,51.7202],[-2.1895,51.7219],[-2.1923,51.7219],[-2.1923,51.7236],[-2.195,51.7236],[-2.195,51.7253],[-2.1977,51.7253],[-2.1977,51.727],[-2.2005,51.727],[-2.2005,51.7287],[-2.2005,51.7304],[-2.2005,51.7321],[-2.2005,51.7338],[-2.2032,51.7355],[-2.206,51.7372],[-2.206,51.7389],[-2.2032,51.7389],[-2.2005,51.7389],[-2.2005,51.7406],[-2.1977,51.7406],[-2.195,51.7406],[-2.195,51.7423],[-2.1923,51.7423],[-2.1923,51.744],[-2.1895,51.744],[-2.1895,51.7457],[-2.1895,51.7474],[-2.1923,51.7474],[-2.1923,51.7491],[-2.195,51.7491],[-2.195,51.7508],[-2.1977,51.7508],[-2.1977,51.7525],[-2.2005,51.7525],[-2.2005,51.7542],[-2.2032,51.7542],[-2.206,51.7542],[-2.2087,51.7542],[-2.2087,51.7525],[-2.2114,51.7525],[-2.2142,51.7525],[-2.2142,51.7508],[-2.2169,51.7508],[-2.2169,51.7491],[-2.2197,51.7491],[-2.2224,51.7491],[-2.2224,51.7508],[-2.2197,51.7508],[-2.2197,51.7525],[-2.2224,51.7525],[-2.2224,51.7542],[-2.2224,51.7559],[-2.2251,51.7559],[-2.2279,51.7559],[-2.2306,51.7559],[-2.2306,51.7576],[-2.2334,51.7576],[-2.2334,51.7559],[-2.2334,51.7542],[-2.2334,51.7525],[-2.2361,51.7525],[-2.2388,51.7525],[-2.2416,51.7525],[-2.2443,51.7525],[-2.2471,51.7525],[-2.2498,51.7525],[-2.2498,51.7542],[-2.2525,51.7542],[-2.2525,51.7525],[-2.2553,51.7525],[-2.2553,51.7508],[-2.2553,51.7491],[-2.2553,51.7474],[-2.258,51.7474],[-2.258,51.7457],[-2.258,51.744],[-2.2608,51.744],[-2.2608,51.7423],[-2.2635,51.7423],[-2.2662,51.7423],[-2.2662,51.744],[-2.269,51.744],[-2.269,51.7423],[-2.2717,51.7423],[-2.2717,51.744],[-2.2745,51.744],[-2.2745,51.7457],[-2.2772,51.7457],[-2.2772,51.7474],[-2.2772,51.7491],[-2.2745,51.7491],[-2.2745,51.7508],[-2.2745,51.7525],[-2.2745,51.7542],[-2.2772,51.7542],[-2.2799,51.7559],[-2.2827,51.7559],[-2.2827,51.7576],[-2.2827,51.7593],[-2.2854,51.7593],[-2.2854,51.761],[-2.2827,51.761],[-2.2827,51.7627],[-2.2799,51.7627],[-2.2799,51.7644],[-2.2799,51.766],[-2.2799,51.7677],[-2.2799,51.7694],[-2.2827,51.7694],[-2.2827,51.7711],[-2.2827,51.7728],[-2.2799,51.7728],[-2.2799,51.7745],[-2.2799,51.7762],[-2.2799,51.7779],[-2.2772,51.7779],[-2.2772,51.7796],[-2.2772,51.7813],[-2.2772,51.783],[-2.2745,51.783],[-2.2745,51.7847],[-2.2745,51.7864],[-2.2745,51.7881],[-2.2717,51.7881],[-2.2717,51.7898],[-2.269,51.7898],[-2.269,51.7915],[-2.2662,51.7915],[-2.2635,51.7915],[-2.2635,51.7932],[-2.2608,51.7932],[-2.258,51.7932],[-2.258,51.7949],[-2.2553,51.7966],[-2.2525,51.7966],[-2.2498,51.7966],[-2.2471,51.7966],[-2.2471,51.7983],[-2.2471,51.7999],[-2.2471,51.8016],[-2.2443,51.8016],[-2.2416,51.8016],[-2.2416,51.8033],[-2.2388,51.8033],[-2.2388,51.805],[-2.2388,51.8067],[-2.2388,51.8084],[-2.2361,51.8084],[-2.2334,51.8084],[-2.2334,51.8101],[-2.2306,51.8101],[-2.2306,51.8118],[-2.2279,51.8118],[-2.2279,51.8135],[-2.2251,51.8135],[-2.2251,51.8152],[-2.2224,51.8152],[-2.2224,51.8169],[-2.2224,51.8186],[-2.2197,51.8186],[-2.2197,51.8203],[-2.2197,51.822],[-2.2197,51.8237],[-2.2169,51.8237],[-2.2169,51.8254],[-2.2142,51.8254],[-2.2114,51.8254],[-2.2114,51.827],[-2.2087,51.827],[-2.2087,51.8287],[-2.2087,51.8304],[-2.206,51.8304],[-2.2032,51.8304],[-2.2032,51.8321],[-2.2005,51.8321],[-2.2005,51.8304],[-2.2005,51.8287],[-2.1977,51.8287],[-2.1977,51.827],[-2.195,51.827],[-2.195,51.8254],[-2.1923,51.8254],[-2.1895,51.8254],[-2.1868,51.8254],[-2.1868,51.827],[-2.1868,51.8287],[-2.1895,51.8287],[-2.1895,51.8304],[-2.1895,51.8321],[-2.1895,51.8338],[-2.1895,51.8355],[-2.1895,51.8372],[-2.1868,51.8372],[-2.1868,51.8389],[-2.184,51.8389],[-2.1813,51.8389],[-2.1786,51.8389],[-2.1786,51.8372],[-2.1758,51.8372],[-2.1758,51.8355],[-2.1731,51.8355],[-2.1731,51.8372],[-2.1703,51.8372],[-2.1703,51.8389],[-2.1676,51.8389],[-2.1649,51.8389],[-2.1649,51.8406],[-2.1621,51.8406],[-2.1621,51.8389],[-2.1594,51.8389],[-2.1566,51.8389],[-2.1566,51.8406],[-2.1539,51.8406],[-2.1512,51.8406],[-2.1512,51.8423],[-2.1484,51.8423],[-2.1484,51.844],[-2.1457,51.844],[-2.1457,51.8457],[-2.1429,51.8457],[-2.1429,51.8474],[-2.1402,51.8474],[-2.1402,51.8491],[-2.1375,51.8508],[-2.1347,51.8508],[-2.1347,51.8524],[-2.1347,51.8541],[-2.132,51.8541],[-2.132,51.8558],[-2.1292,51.8558],[-2.1292,51.8575],[-2.1265,51.8575],[-2.1265,51.8592],[-2.1238,51.8592],[-2.1238,51.8609],[-2.121,51.8609],[-2.1183,51.8609],[-2.1183,51.8626],[-2.1155,51.8626],[-2.1155,51.8643],[-2.1128,51.8643],[-2.1128,51.866],[-2.1101,51.866],[-2.1073,51.866],[-2.1073,51.8677],[-2.1046,51.8677],[-2.1018,51.8677],[-2.0991,51.8677],[-2.0991,51.8694],[-2.0964,51.8694],[-2.0964,51.8711],[-2.0936,51.8711],[-2.0909,51.8711],[-2.0909,51.8727],[-2.0881,51.8727],[-2.0854,51.8727],[-2.0854,51.8744],[-2.0827,51.8744],[-2.0827,51.8727],[-2.0799,51.8727],[-2.0799,51.8744],[-2.0772,51.8744],[-2.0772,51.8727],[-2.0772,51.8711],[-2.0772,51.8694],[-2.0744,51.8694],[-2.0744,51.8711],[-2.0744,51.8727],[-2.0717,51.8727],[-2.0717,51.8744],[-2.069,51.8744],[-2.0662,51.8744],[-2.0662,51.8727],[-2.0635,51.8727],[-2.0635,51.8744],[-2.0635,51.8761],[-2.0607,51.8761],[-2.058,51.8761],[-2.0553,51.8761],[-2.0525,51.8761],[-2.0498,51.8761],[-2.047,51.8761],[-2.0443,51.8761],[-2.0416,51.8761],[-2.0416,51.8778],[-2.0388,51.8778],[-2.0388,51.8795],[-2.0388,51.8812],[-2.0361,51.8812],[-2.0361,51.8829],[-2.0388,51.8829],[-2.0388,51.8846],[-2.0416,51.8846],[-2.0416,51.8863],[-2.0416,51.888],[-2.0416,51.8897],[-2.0443,51.8897],[-2.047,51.8897],[-2.047,51.8914],[-2.047,51.893],[-2.0498,51.893],[-2.0498,51.8947],[-2.047,51.8947],[-2.047,51.8964],[-2.0443,51.8964],[-2.0443,51.8981],[-2.047,51.8981],[-2.047,51.8998],[-2.047,51.9015],[-2.0443,51.9015],[-2.0416,51.9015],[-2.0388,51.9015],[-2.0388,51.8998],[-2.0361,51.8998],[-2.0361,51.9015],[-2.0361,51.9032],[-2.0361,51.9049],[-2.0361,51.9066],[-2.0361,51.9083],[-2.0333,51.9083],[-2.0333,51.9099],[-2.0333,51.9116],[-2.0306,51.9116],[-2.0306,51.9133],[-2.0333,51.9133],[-2.0333,51.915],[-2.0361,51.915],[-2.0361,51.9167],[-2.0388,51.9167],[-2.0388,51.9184],[-2.0388,51.9201],[-2.0388,51.9218],[-2.0388,51.9235],[-2.0388,51.9252],[-2.0388,51.9268],[-2.0416,51.9285],[-2.0416,51.9302],[-2.0388,51.9302],[-2.0388,51.9319],[-2.0388,51.9336],[-2.0388,51.9353],[-2.0361,51.937],[-2.0388,51.937],[-2.0388,51.9387],[-2.0388,51.9404],[-2.0388,51.942],[-2.0361,51.942],[-2.0361,51.9437],[-2.0388,51.9437],[-2.0361,51.9454],[-2.0388,51.9454],[-2.0416,51.9454],[-2.0416,51.9471],[-2.0416,51.9488],[-2.0443,51.9488],[-2.0443,51.9505],[-2.0443,51.9522],[-2.047,51.9522],[-2.047,51.9539],[-2.047,51.9556],[-2.047,51.9572],[-2.047,51.9589],[-2.0443,51.9589],[-2.0443,51.9606],[-2.0443,51.9623],[-2.0443,51.964],[-2.0416,51.964],[-2.0416,51.9657],[-2.0388,51.9657],[-2.0388,51.9674],[-2.0361,51.9674],[-2.0333,51.9691],[-2.0361,51.9691],[-2.0388,51.9691],[-2.0388,51.9674],[-2.0416,51.9674],[-2.0443,51.9674],[-2.0443,51.9691],[-2.047,51.9691],[-2.0498,51.9691],[-2.0498,51.9674],[-2.0525,51.9674],[-2.0553,51.9674],[-2.0553,51.9691],[-2.058,51.9691],[-2.0607,51.9691],[-2.0607,51.9708],[-2.0635,51.9708],[-2.0662,51.9708],[-2.0662,51.9724],[-2.069,51.9724],[-2.069,51.9741],[-2.069,51.9758],[-2.069,51.9775],[-2.069,51.9792],[-2.069,51.9809],[-2.069,51.9826],[-2.069,51.9843],[-2.069,51.9859],[-2.069,51.9876],[-2.069,51.9893],[-2.0662,51.9893],[-2.0662,51.991],[-2.0662,51.9927],[-2.0635,51.9927],[-2.0635,51.9944],[-2.0607,51.9944],[-2.0607,51.9961],[-2.058,51.9961],[-2.0553,51.9961],[-2.0525,51.9961],[-2.0498,51.9961],[-2.0498,51.9944],[-2.047,51.9944],[-2.0443,51.9944],[-2.0416,51.9944],[-2.0388,51.9944],[-2.0361,51.9944],[-2.0361,51.9927],[-2.0333,51.9927],[-2.0306,51.9927],[-2.0279,51.9927],[-2.0251,51.9927],[-2.0251,51.991],[-2.0251,51.9893],[-2.0251,51.9876],[-2.0251,51.9859],[-2.0279,51.9859],[-2.0279,51.9843],[-2.0251,51.9843],[-2.0251,51.9826],[-2.0251,51.9809],[-2.0224,51.9809],[-2.0224,51.9826],[-2.0196,51.9826],[-2.0169,51.9826],[-2.0169,51.9809],[-2.0169,51.9792],[-2.0169,51.9775],[-2.0169,51.9758],[-2.0142,51.9758],[-2.0142,51.9741],[-2.0142,51.9724],[-2.0169,51.9724],[-2.0169,51.9708],[-2.0169,51.9691],[-2.0142,51.9708],[-2.0114,51.9708],[-2.0087,51.9708],[-2.0059,51.9708],[-2.0032,51.9708],[-2.0005,51.9708],[-1.9977,51.9724],[-1.995,51.9724],[-1.9922,51.9724],[-1.9895,51.9724],[-1.9868,51.9724],[-1.984,51.9724],[-1.984,51.9741],[-1.9813,51.9741],[-1.9785,51.9741],[-1.9785,51.9724],[-1.9758,51.9724],[-1.9758,51.9708],[-1.9731,51.9708],[-1.9731,51.9691],[-1.9731,51.9674],[-1.9731,51.9657],[-1.9703,51.9657],[-1.9703,51.964],[-1.9703,51.9623],[-1.9703,51.9606],[-1.9676,51.9606],[-1.9676,51.9589],[-1.9676,51.9572],[-1.9648,51.9572],[-1.9621,51.9572],[-1.9594,51.9572],[-1.9594,51.9589],[-1.9594,51.9606],[-1.9566,51.9606],[-1.9566,51.9623],[-1.9566,51.964],[-1.9566,51.9657],[-1.9539,51.9657],[-1.9511,51.9657],[-1.9511,51.9674],[-1.9484,51.9674],[-1.9484,51.9691],[-1.9457,51.9691],[-1.9429,51.9708],[-1.9402,51.9708],[-1.9402,51.9724],[-1.9375,51.9724],[-1.9347,51.9724],[-1.9347,51.9741],[-1.932,51.9741],[-1.932,51.9758],[-1.932,51.9775],[-1.9292,51.9775],[-1.9292,51.9792],[-1.9292,51.9809],[-1.9292,51.9826],[-1.9292,51.9843],[-1.9292,51.9859],[-1.9292,51.9876],[-1.9292,51.9893],[-1.9292,51.991],[-1.932,51.991],[-1.9347,51.991],[-1.9375,51.991],[-1.9402,51.991],[-1.9429,51.991],[-1.9457,51.991],[-1.9484,51.991],[-1.9511,51.991],[-1.9539,51.991],[-1.9566,51.991],[-1.9566,51.9927],[-1.9594,51.9927],[-1.9621,51.9927],[-1.9648,51.9927],[-1.9648,51.9944],[-1.9676,51.9944],[-1.9676,51.9961],[-1.9703,51.9961],[-1.9703,51.9944],[-1.9731,51.9944],[-1.9731,51.9927],[-1.9758,51.9927],[-1.9758,51.991],[-1.9785,51.991],[-1.9785,51.9927],[-1.9813,51.9927],[-1.9813,51.9944],[-1.984,51.9944],[-1.984,51.9927],[-1.9868,51.9927],[-1.9868,51.9944],[-1.9868,51.9961],[-1.9895,51.9961],[-1.9922,51.9961],[-1.9922,51.9978],[-1.995,51.9978],[-1.995,51.9994],[-1.9977,51.9994],[-2.0005,51.9994],[-2.0032,51.9994],[-2.0059,51.9994],[-2.0059,52.0011],[-2.0087,52.0011],[-2.0087,52.0028],[-2.0114,52.0028],[-2.0114,52.0045],[-2.0142,52.0045],[-2.0169,52.0045],[-2.0169,52.0062],[-2.0196,52.0062],[-2.0196,52.0079],[-2.0196,52.0096],[-2.0196,52.0112],[-2.0224,52.0112],[-2.0224,52.0129],[-2.0251,52.0129],[-2.0251,52.0146],[-2.0251,52.0163],[-2.0279,52.0163],[-2.0279,52.018],[-2.0279,52.0197],[-2.0279,52.0214],[-2.0306,52.0214],[-2.0306,52.023],[-2.0306,52.0247],[-2.0333,52.0247],[-2.0361,52.0247],[-2.0388,52.0247],[-2.0416,52.0247],[-2.0443,52.0247],[-2.047,52.0247],[-2.0498,52.0247],[-2.0525,52.0247],[-2.0525,52.0264],[-2.0553,52.0264],[-2.058,52.0264],[-2.058,52.0247],[-2.0607,52.0247],[-2.0607,52.0264],[-2.0607,52.0281],[-2.0662,52.0281],[-2.069,52.0281],[-2.0717,52.0281],[-2.0744,52.0281],[-2.0772,52.0281],[-2.0799,52.0281],[-2.0827,52.0281],[-2.0827,52.0298],[-2.0827,52.0315],[-2.0827,52.0332],[-2.0854,52.0332],[-2.0881,52.0332],[-2.0909,52.0332],[-2.0936,52.0332],[-2.0964,52.0332],[-2.0964,52.0348],[-2.0991,52.0348],[-2.0991,52.0365],[-2.1018,52.0365],[-2.1018,52.0382],[-2.1046,52.0382],[-2.1046,52.0399],[-2.1046,52.0416],[-2.1046,52.0433],[-2.1073,52.0433],[-2.1073,52.045],[-2.1101,52.0466],[-2.1101,52.0483],[-2.1101,52.05],[-2.1101,52.0517],[-2.1073,52.0517],[-2.1073,52.0534],[-2.1073,52.0551],[-2.1073,52.0568],[-2.1073,52.0584],[-2.1101,52.0584],[-2.1101,52.0601],[-2.1101,52.0618],[-2.1101,52.0635],[-2.1073,52.0635],[-2.1046,52.0635],[-2.1046,52.0652],[-2.1018,52.0652],[-2.0991,52.0652],[-2.0964,52.0652],[-2.0936,52.0652],[-2.0909,52.0652],[-2.0909,52.0669],[-2.0881,52.0669],[-2.0854,52.0669],[-2.0854,52.0685],[-2.0827,52.0685],[-2.0827,52.0702],[-2.0854,52.0702],[-2.0854,52.0719],[-2.0854,52.0736],[-2.0881,52.0736],[-2.0881,52.0753],[-2.0854,52.0753],[-2.0827,52.0753],[-2.0799,52.0753],[-2.0772,52.0753],[-2.0772,52.077],[-2.0744,52.077],[-2.0744,52.0787],[-2.0717,52.0787],[-2.0717,52.0803],[-2.0717,52.082],[-2.069,52.082],[-2.0662,52.082],[-2.0662,52.0803],[-2.0635,52.0803],[-2.0635,52.082],[-2.0607,52.082],[-2.0607,52.0837],[-2.058,52.0837],[-2.058,52.0854],[-2.0553,52.0854],[-2.0553,52.0871],[-2.0525,52.0871],[-2.0525,52.0888],[-2.0498,52.0888],[-2.0498,52.0871],[-2.0498,52.0854],[-2.047,52.0854],[-2.047,52.0837],[-2.047,52.082],[-2.047,52.0803],[-2.0443,52.0803],[-2.0416,52.0803],[-2.0388,52.0803],[-2.0361,52.0803],[-2.0333,52.0787],[-2.0306,52.0803],[-2.0306,52.0787],[-2.0306,52.077],[-2.0306,52.0753],[-2.0279,52.0753],[-2.0279,52.0736],[-2.0251,52.0736],[-2.0251,52.0719],[-2.0251,52.0702],[-2.0224,52.0702],[-2.0224,52.0685],[-2.0224,52.0669],[-2.0224,52.0652],[-2.0196,52.0635],[-2.0169,52.0635],[-2.0169,52.0618],[-2.0142,52.0618],[-2.0114,52.0601],[-2.0087,52.0584],[-2.0087,52.0601],[-2.0059,52.0601],[-2.0032,52.0618],[-2.0005,52.0618],[-1.9977,52.0618],[-1.9977,52.0601],[-1.9977,52.0584],[-1.9977,52.0568],[-1.9977,52.0551],[-2.0005,52.0551],[-2.0005,52.0534],[-2.0005,52.0517],[-2.0005,52.05],[-2.0005,52.0483],[-2.0005,52.0466],[-2.0032,52.0466],[-2.0032,52.045],[-2.0032,52.0433],[-2.0032,52.0416],[-2.0032,52.0399],[-2.0032,52.0382],[-2.0032,52.0365],[-2.0032,52.0348],[-2.0032,52.0332],[-2.0005,52.0332],[-1.9977,52.0332],[-1.9977,52.0315],[-1.9977,52.0298],[-1.9977,52.0281],[-1.995,52.0281],[-1.995,52.0264],[-1.995,52.0247],[-1.9922,52.0247],[-1.9895,52.0247],[-1.9868,52.0247],[-1.984,52.0247],[-1.984,52.023],[-1.9813,52.023],[-1.9813,52.0247],[-1.9785,52.0247],[-1.9758,52.0247],[-1.9731,52.0247],[-1.9703,52.0264],[-1.9676,52.0264],[-1.9648,52.0264],[-1.9621,52.0264],[-1.9621,52.0247],[-1.9594,52.0247],[-1.9566,52.0247],[-1.9539,52.0247],[-1.9511,52.0247],[-1.9484,52.0247],[-1.9484,52.0264],[-1.9457,52.0264],[-1.9429,52.0264],[-1.9429,52.0247],[-1.9429,52.023],[-1.9429,52.0214],[-1.9402,52.0214],[-1.9402,52.0197],[-1.9402,52.018],[-1.9375,52.018],[-1.9375,52.0163],[-1.9347,52.0163],[-1.932,52.0163],[-1.9292,52.0163],[-1.9292,52.0146],[-1.9265,52.0146],[-1.9238,52.0146],[-1.9238,52.0129],[-1.921,52.0129],[-1.9183,52.0129],[-1.9183,52.0112],[-1.9155,52.0096],[-1.9155,52.0112],[-1.9128,52.0112],[-1.9101,52.0112],[-1.9101,52.0129],[-1.9073,52.0129],[-1.9073,52.0146],[-1.9046,52.0146],[-1.9046,52.0163],[-1.9018,52.018],[-1.9018,52.0197],[-1.8991,52.0214],[-1.8964,52.023],[-1.8936,52.0247],[-1.8936,52.0264],[-1.8909,52.0264],[-1.8909,52.0281],[-1.8881,52.0281],[-1.8881,52.0298],[-1.8881,52.0315],[-1.8854,52.0315],[-1.8854,52.0332],[-1.8827,52.0332],[-1.8799,52.0332],[-1.8772,52.0332],[-1.8744,52.0332],[-1.8744,52.0348],[-1.8717,52.0348],[-1.8717,52.0365],[-1.869,52.0365],[-1.869,52.0382],[-1.8662,52.0382],[-1.8662,52.0399],[-1.8662,52.0416],[-1.8662,52.0433],[-1.8662,52.045],[-1.8662,52.0466],[-1.8662,52.0483],[-1.8635,52.0483],[-1.8635,52.05],[-1.8607,52.05],[-1.8607,52.0517],[-1.858,52.0534],[-1.8553,52.0534],[-1.8553,52.0551],[-1.8525,52.0551],[-1.8498,52.0551],[-1.8498,52.0568],[-1.847,52.0568],[-1.8443,52.0568],[-1.8416,52.0568],[-1.8416,52.0584],[-1.8388,52.0584],[-1.8361,52.0584],[-1.8361,52.0601],[-1.8333,52.0601],[-1.8306,52.0601],[-1.8279,52.0618],[-1.8251,52.0618],[-1.8251,52.0635],[-1.8224,52.0635],[-1.8224,52.0652],[-1.8196,52.0652],[-1.8196,52.0669],[-1.8196,52.0685],[-1.8196,52.0702],[-1.8169,52.0702],[-1.8142,52.0702],[-1.8114,52.0719],[-1.8087,52.0719],[-1.8087,52.0736],[-1.8059,52.0736],[-1.8032,52.0736],[-1.8005,52.0736],[-1.8005,52.0753],[-1.7977,52.0753],[-1.7977,52.077],[-1.795,52.077],[-1.7922,52.077],[-1.7922,52.0787],[-1.7895,52.0787],[-1.7895,52.0803],[-1.7868,52.0803],[-1.7868,52.082],[-1.784,52.082],[-1.784,52.0837],[-1.7813,52.0837],[-1.7813,52.0854],[-1.7785,52.0854],[-1.7758,52.0854],[-1.7758,52.0871],[-1.7731,52.0871],[-1.7703,52.0871],[-1.7676,52.0871],[-1.7676,52.0888],[-1.7648,52.0888],[-1.7648,52.0904],[-1.7648,52.0921],[-1.7621,52.0921],[-1.7594,52.0921],[-1.7594,52.0938],[-1.7566,52.0938],[-1.7566,52.0955],[-1.7539,52.0955],[-1.7539,52.0972],[-1.7539,52.0989],[-1.7539,52.1005],[-1.7539,52.1022],[-1.7566,52.1022],[-1.7566,52.1039],[-1.7594,52.1039],[-1.7594,52.1056],[-1.7594,52.1073],[-1.7566,52.1073],[-1.7566,52.1089],[-1.7566,52.1106],[-1.7566,52.1123],[-1.7566,52.114],[-1.7566,52.1157],[-1.7539,52.1157],[-1.7511,52.1157],[-1.7511,52.1174],[-1.7484,52.1174],[-1.7457,52.1174],[-1.7429,52.1174],[-1.7402,52.1174],[-1.7374,52.1174],[-1.7374,52.1157],[-1.7347,52.1157],[-1.732,52.1157],[-1.7292,52.1157],[-1.7292,52.114],[-1.7292,52.1123],[-1.7292,52.1106],[-1.7292,52.1089],[-1.7292,52.1073],[-1.732,52.1073],[-1.7292,52.1039],[-1.7265,52.1039],[-1.7237,52.1022],[-1.7237,52.1005],[-1.721,52.1005],[-1.721,52.0989],[-1.7183,52.0989],[-1.7155,52.0989],[-1.7155,52.0972],[-1.7128,52.0972],[-1.7128,52.0955],[-1.71,52.0955],[-1.7073,52.0955],[-1.7046,52.0955],[-1.7018,52.0955],[-1.6991,52.0955],[-1.6963,52.0955],[-1.6963,52.0938],[-1.6936,52.0938],[-1.6909,52.0938],[-1.6881,52.0938],[-1.6881,52.0921],[-1.6909,52.0921],[-1.6909,52.0904],[-1.6909,52.0888],[-1.6881,52.0888],[-1.6881,52.0871],[-1.6881,52.0854],[-1.6854,52.0854],[-1.6854,52.0837],[-1.6854,52.082],[-1.6854,52.0803],[-1.6854,52.0787],[-1.6854,52.077],[-1.6881,52.077],[-1.6909,52.077],[-1.6909,52.0753],[-1.6909,52.0736],[-1.6936,52.0736],[-1.6936,52.0719],[-1.6936,52.0702],[-1.6936,52.0685],[-1.6936,52.0669],[-1.6909,52.0669],[-1.6881,52.0669],[-1.6881,52.0652],[-1.6909,52.0652],[-1.6909,52.0635],[-1.6909,52.0618],[-1.6909,52.0601],[-1.6909,52.0584],[-1.6909,52.0568],[-1.6936,52.0568],[-1.6936,52.0551],[-1.6936,52.0534],[-1.6963,52.0534],[-1.6963,52.0517],[-1.6991,52.0517],[-1.7018,52.0517],[-1.7018,52.05],[-1.7046,52.05],[-1.7073,52.05],[-1.71,52.05],[-1.71,52.0483],[-1.71,52.0466],[-1.7128,52.0466],[-1.7155,52.0466],[-1.7155,52.045],[-1.7183,52.045],[-1.7183,52.0433],[-1.7183,52.0416],[-1.721,52.0416],[-1.721,52.0399],[-1.7237,52.0399],[-1.7265,52.0399],[-1.7292,52.0399],[-1.7292,52.0382],[-1.7265,52.0382],[-1.7265,52.0365],[-1.7292,52.0365],[-1.7292,52.0348],[-1.732,52.0348],[-1.732,52.0332],[-1.7347,52.0332],[-1.7347,52.0315],[-1.7347,52.0298],[-1.732,52.0298],[-1.7292,52.0298],[-1.7292,52.0281],[-1.7265,52.0281],[-1.7265,52.0264],[-1.7237,52.0264],[-1.7237,52.0247],[-1.721,52.0247],[-1.7183,52.0247],[-1.7183,52.023],[-1.7155,52.023],[-1.7128,52.023],[-1.7128,52.0214],[-1.7128,52.0197],[-1.71,52.0197],[-1.71,52.018],[-1.71,52.0163],[-1.71,52.0146],[-1.7073,52.0146],[-1.7073,52.0129],[-1.7073,52.0112],[-1.7073,52.0096],[-1.7073,52.0079],[-1.7046,52.0079],[-1.7046,52.0062],[-1.7046,52.0045],[-1.7046,52.0028],[-1.7018,52.0011],[-1.7018,51.9994],[-1.7018,51.9978],[-1.7018,51.9961],[-1.7018,51.9944],[-1.7018,51.9927],[-1.6991,51.9927],[-1.6991,51.991],[-1.6991,51.9893],[-1.6991,51.9876],[-1.6963,51.9859],[-1.6963,51.9843],[-1.6991,51.9843],[-1.7018,51.9843],[-1.7046,51.9843],[-1.7046,51.9826],[-1.7046,51.9809],[-1.7073,51.9809],[-1.7073,51.9792],[-1.7073,51.9775],[-1.7073,51.9758],[-1.7073,51.9741],[-1.7073,51.9724],[-1.7073,51.9708],[-1.71,51.9708],[-1.71,51.9691],[-1.71,51.9674],[-1.71,51.9657],[-1.71,51.964],[-1.71,51.9623],[-1.7073,51.9606],[-1.7046,51.9606],[-1.7046,51.9589],[-1.7018,51.9589],[-1.7018,51.9572],[-1.7018,51.9556],[-1.7018,51.9539],[-1.6991,51.9539],[-1.6991,51.9522],[-1.6991,51.9505],[-1.7018,51.9505],[-1.6991,51.9488],[-1.6991,51.9471],[-1.6991,51.9454],[-1.6963,51.9454],[-1.6963,51.9437],[-1.6936,51.9437],[-1.6909,51.9437],[-1.6881,51.9437],[-1.6881,51.942],[-1.6854,51.942],[-1.6826,51.942],[-1.6826,51.9404],[-1.6799,51.9404],[-1.6799,51.9387],[-1.6772,51.9387],[-1.6744,51.9387],[-1.6744,51.937],[-1.6717,51.937],[-1.6717,51.9353],[-1.6689,51.9353],[-1.6689,51.9336],[-1.6662,51.9336],[-1.6635,51.9336],[-1.6635,51.9353],[-1.6607,51.9353],[-1.658,51.9353],[-1.658,51.937],[-1.658,51.9387],[-1.658,51.9404],[-1.658,51.942],[-1.6552,51.942],[-1.6552,51.9437],[-1.6552,51.9454],[-1.6552,51.9471],[-1.6552,51.9488],[-1.6552,51.9505],[-1.658,51.9505],[-1.658,51.9522],[-1.658,51.9539],[-1.6552,51.9539],[-1.6552,51.9556],[-1.6552,51.9572],[-1.6525,51.9572],[-1.6525,51.9589],[-1.6498,51.9589],[-1.647,51.9589],[-1.647,51.9606],[-1.647,51.9623],[-1.6443,51.9623],[-1.6415,51.9623],[-1.6415,51.964],[-1.6443,51.964],[-1.6443,51.9657],[-1.6443,51.9674],[-1.647,51.9674],[-1.647,51.9691],[-1.6498,51.9691],[-1.6498,51.9708],[-1.6525,51.9708],[-1.6525,51.9724],[-1.6498,51.9724],[-1.6498,51.9741],[-1.6498,51.9758],[-1.6525,51.9758],[-1.6525,51.9775],[-1.6525,51.9792],[-1.6498,51.9792],[-1.6498,51.9809],[-1.647,51.9809],[-1.647,51.9826],[-1.6443,51.9826],[-1.6443,51.9843],[-1.6443,51.9859],[-1.6443,51.9876],[-1.6443,51.9893],[-1.647,51.9893],[-1.647,51.991],[-1.6443,51.9927],[-1.6443,51.9944],[-1.6415,51.9944],[-1.6415,51.9961],[-1.6388,51.9978],[-1.6361,51.9978],[-1.6333,51.9978],[-1.6306,51.9978],[-1.6306,51.9994],[-1.6278,51.9994],[-1.6278,52.0011],[-1.6306,52.0011],[-1.6306,52.0028],[-1.6333,52.0028],[-1.6333,52.0045],[-1.6333,52.0062],[-1.6333,52.0079],[-1.6306,52.0079],[-1.6306,52.0096],[-1.6278,52.0096],[-1.6278,52.0112],[-1.6251,52.0112],[-1.6251,52.0129],[-1.6251,52.0146],[-1.6251,52.0163],[-1.6251,52.018],[-1.6251,52.0197],[-1.6251,52.0214],[-1.6224,52.0214],[-1.6196,52.0214],[-1.6169,52.0214],[-1.6141,52.0214],[-1.6114,52.0214],[-1.6087,52.0214],[-1.6059,52.0214],[-1.6059,52.023],[-1.6032,52.023],[-1.6004,52.023],[-1.5977,52.023],[-1.595,52.023],[-1.5922,52.023],[-1.5895,52.023],[-1.5867,52.023],[-1.584,52.023],[-1.584,52.0247],[-1.5813,52.0247],[-1.5785,52.0247],[-1.5785,52.0264],[-1.5758,52.0264],[-1.5758,52.0281],[-1.5785,52.0281],[-1.5785,52.0298],[-1.5785,52.0315],[-1.5813,52.0332],[-1.584,52.0332],[-1.584,52.0348],[-1.5867,52.0348],[-1.5867,52.0365],[-1.5867,52.0382],[-1.5867,52.0399],[-1.5895,52.0399],[-1.5867,52.0416],[-1.5867,52.0433],[-1.5867,52.045],[-1.5867,52.0466],[-1.5867,52.0483],[-1.5867,52.05],[-1.5867,52.0517],[-1.5867,52.0534],[-1.5867,52.0551],[-1.584,52.0551],[-1.584,52.0568],[-1.5813,52.0568],[-1.5813,52.0584],[-1.5785,52.0584],[-1.5785,52.0601],[-1.5785,52.0618],[-1.5758,52.0618],[-1.573,52.0618],[-1.5703,52.0618],[-1.5703,52.0601],[-1.5676,52.0601],[-1.5648,52.0601],[-1.5621,52.0601],[-1.5593,52.0601],[-1.5593,52.0618],[-1.5566,52.0618],[-1.5539,52.0618],[-1.5511,52.0618],[-1.5484,52.0618],[-1.5457,52.0618],[-1.5429,52.0618],[-1.5429,52.0635],[-1.5402,52.0635],[-1.5374,52.0635],[-1.5374,52.0652],[-1.5374,52.0669],[-1.5374,52.0685],[-1.5374,52.0702],[-1.5347,52.0719],[-1.5347,52.0736],[-1.5347,52.0753],[-1.5347,52.077],[-1.5347,52.0787],[-1.5347,52.0803],[-1.5347,52.082],[-1.5347,52.0837],[-1.5347,52.0854],[-1.532,52.0854],[-1.5292,52.0854],[-1.5292,52.0871],[-1.5265,52.0871],[-1.5265,52.0854],[-1.5237,52.0854],[-1.5237,52.0871],[-1.521,52.0871],[-1.5183,52.0888],[-1.5155,52.0888],[-1.5128,52.0888],[-1.51,52.0888],[-1.5073,52.0888],[-1.5073,52.0904],[-1.5046,52.0904],[-1.5046,52.0921],[-1.5046,52.0938],[-1.5018,52.0938],[-1.5018,52.0955],[-1.5018,52.0972],[-1.5018,52.0989],[-1.4991,52.0989],[-1.4991,52.1005],[-1.4991,52.1022],[-1.4991,52.1039],[-1.4963,52.1039],[-1.4963,52.1056],[-1.4936,52.1056],[-1.4936,52.1073],[-1.4909,52.1073],[-1.4909,52.1089],[-1.4881,52.1089],[-1.4881,52.1106],[-1.4854,52.1123],[-1.4854,52.114],[-1.4826,52.114],[-1.4826,52.1157],[-1.4799,52.1174],[-1.4772,52.119],[-1.4744,52.1207],[-1.4717,52.1207],[-1.4717,52.1224],[-1.4689,52.1224],[-1.4689,52.1241],[-1.4662,52.1241],[-1.4662,52.1258],[-1.4662,52.1275],[-1.4662,52.1291],[-1.4635,52.1291],[-1.4607,52.1308],[-1.4607,52.1325],[-1.458,52.1325],[-1.458,52.1342],[-1.4552,52.1342],[-1.4525,52.1342],[-1.4498,52.1342],[-1.4498,52.1359],[-1.4498,52.1375],[-1.447,52.1375],[-1.4443,52.1375],[-1.4415,52.1375],[-1.4415,52.1392],[-1.4388,52.1392],[-1.4388,52.1409],[-1.4361,52.1409],[-1.4361,52.1392],[-1.4361,52.1375],[-1.4361,52.1359],[-1.4333,52.1359],[-1.4306,52.1359],[-1.4278,52.1359],[-1.4251,52.1359],[-1.4251,52.1342],[-1.4224,52.1342],[-1.4224,52.1359],[-1.4196,52.1359],[-1.4169,52.1359],[-1.4141,52.1359],[-1.4141,52.1375],[-1.4114,52.1375],[-1.4087,52.1359],[-1.4087,52.1342],[-1.4059,52.1342],[-1.4059,52.1325],[-1.4032,52.1308],[-1.4032,52.1291],[-1.4004,52.1291],[-1.4004,52.1275],[-1.3977,52.1275],[-1.395,52.1275],[-1.3922,52.1275],[-1.3895,52.1258],[-1.3895,52.1241],[-1.3895,52.1224],[-1.3922,52.1224],[-1.395,52.1224],[-1.395,52.1241],[-1.3977,52.1241],[-1.4004,52.1241],[-1.4032,52.1241],[-1.4032,52.1224],[-1.4032,52.1207],[-1.4059,52.1207],[-1.4059,52.119],[-1.4087,52.119],[-1.4087,52.1174],[-1.4114,52.1174],[-1.4114,52.1157],[-1.4141,52.1157],[-1.4169,52.1157],[-1.4169,52.1174],[-1.4196,52.1174],[-1.4224,52.1174],[-1.4251,52.1174],[-1.4278,52.1174],[-1.4306,52.1174],[-1.4333,52.1174],[-1.4361,52.1174],[-1.4388,52.1174],[-1.4388,52.1157],[-1.4415,52.1157],[-1.4443,52.1157],[-1.447,52.1157],[-1.4498,52.1157],[-1.4498,52.114],[-1.4525,52.114],[-1.4525,52.1123],[-1.4552,52.1123],[-1.458,52.1106],[-1.4552,52.1106],[-1.4552,52.1089],[-1.4552,52.1073],[-1.4525,52.1073],[-1.4525,52.1056],[-1.4525,52.1039],[-1.4525,52.1022],[-1.4498,52.1022],[-1.4498,52.1005],[-1.4498,52.0989],[-1.4498,52.0972],[-1.4525,52.0972],[-1.4525,52.0989],[-1.4552,52.0989],[-1.458,52.0989],[-1.458,52.0972],[-1.4607,52.0972],[-1.4635,52.0972],[-1.4662,52.0972],[-1.4689,52.0972],[-1.4717,52.0972],[-1.4717,52.0989],[-1.4717,52.1005],[-1.4744,52.1005],[-1.4772,52.1005],[-1.4799,52.1005],[-1.4799,52.0989],[-1.4799,52.0972],[-1.4799,52.0955],[-1.4799,52.0938],[-1.4799,52.0921],[-1.4826,52.0921],[-1.4826,52.0904],[-1.4826,52.0888],[-1.4854,52.0871],[-1.4854,52.0854],[-1.4826,52.0854],[-1.4799,52.0854],[-1.4799,52.0837],[-1.4799,52.082],[-1.4772,52.082],[-1.4772,52.0803],[-1.4772,52.0787],[-1.4772,52.077],[-1.4772,52.0753],[-1.4772,52.0736],[-1.4772,52.0719],[-1.4772,52.0702],[-1.4744,52.0702],[-1.4744,52.0685],[-1.4744,52.0669],[-1.4717,52.0669],[-1.4717,52.0652],[-1.4717,52.0635],[-1.4744,52.0635],[-1.4744,52.0618],[-1.4772,52.0618],[-1.4799,52.0618],[-1.4826,52.0618],[-1.4826,52.0601],[-1.4854,52.0601],[-1.4854,52.0584],[-1.4881,52.0584],[-1.4881,52.0568],[-1.4881,52.0551],[-1.4881,52.0534],[-1.4881,52.0517],[-1.4881,52.05],[-1.4909,52.05],[-1.4936,52.05],[-1.4936,52.0517],[-1.4963,52.0517],[-1.4991,52.0517],[-1.5018,52.0517],[-1.5018,52.05],[-1.5018,52.0483],[-1.5018,52.0466],[-1.5018,52.045],[-1.5046,52.045],[-1.5046,52.0433],[-1.5046,52.0416],[-1.5046,52.0399],[-1.5073,52.0399],[-1.5073,52.0382],[-1.5073,52.0365],[-1.5073,52.0348],[-1.5073,52.0332],[-1.5073,52.0315],[-1.51,52.0315],[-1.51,52.0298],[-1.51,52.0281],[-1.51,52.0264],[-1.51,52.0247],[-1.51,52.023],[-1.51,52.0214],[-1.5128,52.0214],[-1.5128,52.0197],[-1.5128,52.018],[-1.5155,52.018],[-1.5155,52.0163],[-1.5155,52.0146],[-1.5155,52.0129],[-1.5183,52.0129],[-1.5183,52.0112],[-1.5183,52.0096],[-1.5183,52.0079],[-1.521,52.0079],[-1.521,52.0062],[-1.521,52.0045],[-1.521,52.0028],[-1.521,52.0011],[-1.521,51.9994],[-1.5237,51.9994],[-1.5237,51.9978],[-1.5237,51.9961],[-1.521,51.9944],[-1.521,51.9927],[-1.521,51.991],[-1.5183,51.991],[-1.5183,51.9893],[-1.5155,51.9893],[-1.5155,51.9876],[-1.5128,51.9876],[-1.5128,51.9859],[-1.51,51.9859],[-1.5073,51.9859],[-1.5046,51.9859],[-1.5046,51.9843],[-1.5018,51.9843],[-1.5018,51.9826],[-1.5018,51.9809],[-1.4991,51.9809],[-1.4991,51.9792],[-1.4991,51.9775],[-1.5018,51.9775],[-1.5018,51.9758],[-1.5018,51.9741],[-1.5018,51.9724],[-1.5018,51.9708],[-1.5046,51.9708],[-1.5046,51.9691],[-1.5073,51.9691],[-1.5073,51.9674],[-1.51,51.9674],[-1.51,51.9657],[-1.51,51.964],[-1.5128,51.964],[-1.5128,51.9623],[-1.5128,51.9606],[-1.5155,51.9606],[-1.5155,51.9589],[-1.5155,51.9572],[-1.5183,51.9572],[-1.5183,51.9556],[-1.5183,51.9539],[-1.521,51.9539],[-1.521,51.9522],[-1.5237,51.9522],[-1.5265,51.9522],[-1.5265,51.9505],[-1.5292,51.9505],[-1.5292,51.9488],[-1.532,51.9488],[-1.5347,51.9488],[-1.5347,51.9471],[-1.5374,51.9471],[-1.5374,51.9454],[-1.5402,51.9454],[-1.5402,51.9437],[-1.5374,51.9437],[-1.5374,51.942],[-1.5402,51.942],[-1.5402,51.9404],[-1.5402,51.9387],[-1.5429,51.9387],[-1.5457,51.937],[-1.5429,51.937],[-1.5429,51.9353],[-1.5402,51.9353],[-1.5402,51.9336],[-1.5402,51.9319],[-1.5429,51.9319],[-1.5429,51.9302],[-1.5429,51.9285],[-1.5402,51.9285],[-1.5402,51.9268],[-1.5402,51.9252],[-1.5402,51.9235],[-1.5429,51.9235],[-1.5429,51.9218],[-1.5402,51.9218],[-1.5374,51.9218],[-1.5347,51.9218],[-1.532,51.9218],[-1.5292,51.9218],[-1.5265,51.9218],[-1.5237,51.9218],[-1.521,51.9218],[-1.5183,51.9218],[-1.5155,51.9218],[-1.5155,51.9201],[-1.5128,51.9201],[-1.51,51.9201],[-1.5073,51.9201],[-1.5046,51.9201],[-1.5046,51.9184],[-1.5018,51.9184],[-1.4991,51.9184],[-1.4991,51.9167],[-1.4963,51.9167],[-1.4963,51.915],[-1.4936,51.915],[-1.4936,51.9133],[-1.4909,51.9133],[-1.4909,51.9116],[-1.4909,51.9099],[-1.4881,51.9099],[-1.4881,51.9083],[-1.4854,51.9083],[-1.4854,51.9066],[-1.4826,51.9066],[-1.4799,51.9066],[-1.4799,51.9049],[-1.4772,51.9049],[-1.4772,51.9032],[-1.4744,51.9032],[-1.4744,51.9015],[-1.4717,51.9015],[-1.4717,51.8998],[-1.4717,51.8981],[-1.4689,51.8981],[-1.4689,51.8964],[-1.4662,51.8964],[-1.4662,51.8947],[-1.4635,51.8947],[-1.4635,51.893],[-1.4607,51.8914],[-1.458,51.8897],[-1.458,51.888],[-1.4552,51.888],[-1.4525,51.888],[-1.4525,51.8863],[-1.4525,51.8846],[-1.4498,51.8846],[-1.4498,51.8829],[-1.4498,51.8812],[-1.4498,51.8795],[-1.447,51.8795],[-1.447,51.8778],[-1.447,51.8761],[-1.447,51.8744],[-1.4443,51.8744],[-1.4443,51.8727],[-1.4415,51.8727],[-1.4415,51.8711],[-1.4388,51.8711],[-1.4388,51.8694],[-1.4361,51.8694],[-1.4361,51.8677],[-1.4333,51.8677],[-1.4333,51.8694],[-1.4306,51.8694],[-1.4306,51.8677],[-1.4278,51.8677],[-1.4251,51.8677],[-1.4251,51.866],[-1.4224,51.866],[-1.4196,51.866],[-1.4169,51.866],[-1.4141,51.866],[-1.4114,51.8643],[-1.4087,51.8643],[-1.4059,51.8643],[-1.4059,51.8626],[-1.4032,51.8626],[-1.4004,51.8626],[-1.4004,51.8609],[-1.3977,51.8609],[-1.3977,51.8592],[-1.3977,51.8575],[-1.395,51.8575],[-1.395,51.8558],[-1.395,51.8541],[-1.395,51.8524],[-1.3977,51.8508],[-1.3977,51.8491],[-1.395,51.8474],[-1.395,51.8457],[-1.3922,51.8457],[-1.3895,51.844],[-1.3867,51.844],[-1.3867,51.8423],[-1.3867,51.8406],[-1.384,51.8406],[-1.384,51.8389],[-1.3813,51.8389],[-1.3813,51.8372],[-1.3785,51.8372],[-1.3785,51.8355],[-1.3813,51.8338],[-1.3785,51.8338],[-1.3785,51.8321],[-1.3758,51.8321],[-1.3758,51.8304],[-1.3758,51.8287],[-1.373,51.8287],[-1.3703,51.8287],[-1.3676,51.8287],[-1.3676,51.827],[-1.3703,51.827],[-1.3703,51.8254],[-1.373,51.8254],[-1.3758,51.8254],[-1.3758,51.827],[-1.3785,51.827],[-1.3785,51.8287],[-1.3813,51.8287],[-1.384,51.8287],[-1.384,51.8304],[-1.3867,51.8304],[-1.3895,51.8304],[-1.3922,51.8304],[-1.3922,51.8287],[-1.395,51.8287],[-1.395,51.827],[-1.3977,51.827],[-1.3977,51.8287],[-1.4004,51.8287],[-1.4032,51.8287],[-1.4059,51.8287],[-1.4087,51.8287],[-1.4087,51.827],[-1.4114,51.827],[-1.4114,51.8287],[-1.4141,51.8287],[-1.4141,51.827],[-1.4169,51.827],[-1.4169,51.8287],[-1.4196,51.8287],[-1.4196,51.8304],[-1.4224,51.8304],[-1.4251,51.8304],[-1.4251,51.8321],[-1.4278,51.8321],[-1.4278,51.8338],[-1.4306,51.8338],[-1.4333,51.8338],[-1.4333,51.8355],[-1.4361,51.8355],[-1.4388,51.8355],[-1.4388,51.8372],[-1.4415,51.8372],[-1.4443,51.8372],[-1.447,51.8372],[-1.4498,51.8372],[-1.4525,51.8372],[-1.4552,51.8372],[-1.458,51.8372],[-1.4607,51.8372],[-1.4607,51.8389],[-1.4607,51.8406],[-1.4635,51.8406],[-1.4635,51.8423],[-1.4662,51.8423],[-1.4689,51.8423],[-1.4717,51.8423],[-1.4744,51.8423],[-1.4744,51.844],[-1.4744,51.8457],[-1.4744,51.8474],[-1.4772,51.8474],[-1.4799,51.8474],[-1.4799,51.8457],[-1.4826,51.8457],[-1.4854,51.8457],[-1.4854,51.844],[-1.4881,51.844],[-1.4909,51.844],[-1.4909,51.8423],[-1.4936,51.8406],[-1.4936,51.8389],[-1.4963,51.8389],[-1.4963,51.8372],[-1.4991,51.8372],[-1.4991,51.8355],[-1.5018,51.8355],[-1.5018,51.8338],[-1.5018,51.8321],[-1.5018,51.8304],[-1.5018,51.8287],[-1.5018,51.827],[-1.5018,51.8254],[-1.5018,51.8237],[-1.5018,51.822],[-1.5018,51.8203],[-1.5018,51.8186],[-1.5046,51.8186],[-1.5046,51.8169],[-1.5046,51.8152],[-1.5073,51.8152],[-1.5073,51.8135],[-1.5073,51.8118],[-1.5073,51.8101],[-1.51,51.8101],[-1.5128,51.8101],[-1.5155,51.8101],[-1.5155,51.8084],[-1.5183,51.8084],[-1.5183,51.8067],[-1.521,51.8067],[-1.521,51.805],[-1.5237,51.805],[-1.5265,51.8033],[-1.5292,51.8033],[-1.5292,51.8016],[-1.5292,51.7999],[-1.532,51.7999],[-1.532,51.7983],[-1.5347,51.7983],[-1.5374,51.7983],[-1.5402,51.7983],[-1.5429,51.7983],[-1.5429,51.7966],[-1.5457,51.7966],[-1.5484,51.7966],[-1.5511,51.7966],[-1.5539,51.7966],[-1.5539,51.7949],[-1.5566,51.7949],[-1.5593,51.7932],[-1.5621,51.7932],[-1.5621,51.7915],[-1.5648,51.7915],[-1.5676,51.7915],[-1.5676,51.7898],[-1.5703,51.7898],[-1.573,51.7898],[-1.5758,51.7898],[-1.5785,51.7898],[-1.5813,51.7898],[-1.584,51.7898],[-1.5867,51.7898],[-1.5895,51.7898],[-1.5895,51.7915],[-1.5922,51.7915],[-1.595,51.7915],[-1.5977,51.7915],[-1.5977,51.7932],[-1.6004,51.7932],[-1.6004,51.7949],[-1.6032,51.7949],[-1.6059,51.7949],[-1.6059,51.7966],[-1.6087,51.7966],[-1.6114,51.7966],[-1.6141,51.7966],[-1.6169,51.7966],[-1.6169,51.7983],[-1.6196,51.7983],[-1.6224,51.7983],[-1.6251,51.7983],[-1.6251,51.7999],[-1.6278,51.7999],[-1.6306,51.7999],[-1.6306,51.8016],[-1.6333,51.8016],[-1.6361,51.8016],[-1.6361,51.8033],[-1.6388,51.8033],[-1.6415,51.8033],[-1.6443,51.805],[-1.647,51.805],[-1.6498,51.805],[-1.6498,51.8067],[-1.6525,51.8067],[-1.6552,51.8067],[-1.658,51.8067],[-1.6607,51.8067],[-1.6607,51.8084],[-1.6635,51.8084],[-1.6662,51.8084],[-1.6689,51.8101],[-1.6717,51.8101],[-1.6744,51.8101],[-1.6772,51.8101],[-1.6799,51.8101],[-1.6826,51.8101],[-1.6826,51.8084],[-1.6854,51.8084],[-1.6881,51.8084],[-1.6881,51.8067],[-1.6909,51.8067],[-1.6936,51.8067],[-1.6963,51.8067],[-1.6991,51.8067],[-1.7018,51.8067],[-1.7046,51.8067],[-1.7073,51.8067],[-1.71,51.8067],[-1.7128,51.8067],[-1.7155,51.8067],[-1.7155,51.8084],[-1.7183,51.8084],[-1.721,51.8084],[-1.721,51.8101],[-1.7237,51.8101],[-1.7265,51.8101],[-1.7265,51.8118],[-1.7292,51.8118],[-1.732,51.8118],[-1.732,51.8135],[-1.7347,51.8135],[-1.7347,51.8118],[-1.7374,51.8118],[-1.7374,51.8101],[-1.7347,51.8101],[-1.7347,51.8084],[-1.7374,51.8084],[-1.7402,51.8084],[-1.7429,51.8084],[-1.7457,51.8067],[-1.7457,51.805],[-1.7457,51.8033],[-1.7457,51.8016],[-1.7457,51.7999],[-1.7457,51.7983],[-1.7484,51.7983],[-1.7484,51.7966],[-1.7484,51.7949],[-1.7511,51.7949],[-1.7511,51.7932],[-1.7511,51.7915],[-1.7511,51.7898],[-1.7484,51.7898],[-1.7457,51.7898],[-1.7429,51.7898],[-1.7402,51.7898],[-1.7374,51.7898],[-1.7347,51.7898],[-1.732,51.7898],[-1.7292,51.7898],[-1.7292,51.7881],[-1.7265,51.7881],[-1.7237,51.7881],[-1.721,51.7881],[-1.7183,51.7881],[-1.7155,51.7881],[-1.7155,51.7898],[-1.7128,51.7898],[-1.71,51.7898],[-1.7073,51.7898],[-1.7073,51.7881],[-1.71,51.7881],[-1.71,51.7864],[-1.7128,51.7864],[-1.7155,51.7864],[-1.7155,51.7847],[-1.7183,51.7847],[-1.7183,51.783],[-1.7183,51.7813],[-1.7155,51.7813],[-1.7155,51.7796],[-1.7128,51.7796],[-1.71,51.7779],[-1.7073,51.7779],[-1.7073,51.7762],[-1.7046,51.7762],[-1.7046,51.7745],[-1.7046,51.7728],[-1.7018,51.7728],[-1.7018,51.7711],[-1.7018,51.7694],[-1.6991,51.7694],[-1.6991,51.7677],[-1.6991,51.766],[-1.6991,51.7644],[-1.6991,51.7627],[-1.6991,51.761],[-1.6963,51.7593],[-1.6963,51.7576],[-1.6963,51.7559],[-1.6936,51.7559],[-1.6936,51.7542],[-1.6936,51.7525],[-1.6963,51.7525],[-1.6963,51.7508],[-1.6963,51.7491],[-1.6963,51.7474],[-1.6963,51.7457],[-1.6963,51.744],[-1.6963,51.7423],[-1.6936,51.7406],[-1.6963,51.7406],[-1.6963,51.7389],[-1.6963,51.7372],[-1.6991,51.7372],[-1.6991,51.7355],[-1.7018,51.7355],[-1.7046,51.7355],[-1.7046,51.7338],[-1.7046,51.7321],[-1.7046,51.7304],[-1.7018,51.7304],[-1.6991,51.7304],[-1.6991,51.7287],[-1.6963,51.7287],[-1.6963,51.727],[-1.6936,51.727],[-1.6936,51.7253],[-1.6936,51.7236],[-1.6963,51.7236],[-1.6963,51.7219],[-1.6936,51.7219],[-1.6936,51.7202],[-1.6963,51.7202],[-1.6963,51.7185],[-1.6991,51.7185],[-1.6991,51.7202],[-1.6991,51.7219],[-1.7018,51.7219],[-1.7046,51.7219],[-1.7046,51.7236],[-1.7073,51.7236],[-1.7073,51.7219],[-1.71,51.7219],[-1.71,51.7236],[-1.7128,51.7236],[-1.7128,51.7253],[-1.7128,51.727],[-1.7155,51.727],[-1.7155,51.7287],[-1.7183,51.7287],[-1.721,51.7287],[-1.721,51.7304],[-1.7237,51.7304],[-1.7265,51.7304],[-1.7292,51.7304],[-1.7292,51.7321],[-1.732,51.7321],[-1.7347,51.7321],[-1.7347,51.7338],[-1.7374,51.7338],[-1.7374,51.7355],[-1.7402,51.7355],[-1.7429,51.7338],[-1.7457,51.7338],[-1.7457,51.7321],[-1.7484,51.7321],[-1.7484,51.7304],[-1.7511,51.7304],[-1.7539,51.7304],[-1.7539,51.7321],[-1.7566,51.7321],[-1.7566,51.7338],[-1.7594,51.7338],[-1.7621,51.7338],[-1.7621,51.7355],[-1.7648,51.7355],[-1.7676,51.7355],[-1.7676,51.7372],[-1.7703,51.7372],[-1.7731,51.7372],[-1.7758,51.7372],[-1.7758,51.7389],[-1.7785,51.7389],[-1.7813,51.7389],[-1.784,51.7389],[-1.7868,51.7389],[-1.7895,51.7389],[-1.7922,51.7389],[-1.795,51.7389],[-1.7977,51.7389],[-1.8005,51.7389],[-1.8032,51.7389],[-1.8032,51.7406],[-1.8059,51.7406],[-1.8087,51.7406],[-1.8114,51.7406],[-1.8114,51.7423],[-1.8142,51.7423],[-1.8169,51.7423],[-1.8196,51.7423],[-1.8224,51.7423],[-1.8251,51.7423],[-1.8279,51.7423],[-1.8306,51.7423],[-1.8333,51.7423],[-1.8361,51.7423],[-1.8361,51.7406],[-1.8388,51.7406],[-1.8416,51.7406],[-1.8443,51.7406],[-1.847,51.7389],[-1.8498,51.7389],[-1.8525,51.7389],[-1.8553,51.7389],[-1.8553,51.7372],[-1.858,51.7372],[-1.8607,51.7372],[-1.8635,51.7355],[-1.8662,51.7355],[-1.869,51.7355],[-1.8717,51.7355],[-1.8717,51.7338],[-1.8744,51.7338],[-1.8772,51.7338],[-1.8799,51.7338],[-1.8799,51.7321],[-1.8827,51.7321],[-1.8854,51.7321],[-1.8881,51.7321],[-1.8881,51.7304],[-1.8909,51.7304],[-1.8936,51.7304],[-1.8964,51.7304],[-1.8991,51.7304],[-1.9018,51.7304],[-1.9046,51.7287],[-1.9073,51.7287],[-1.9073,51.7304],[-1.9101,51.7304],[-1.9128,51.7304],[-1.9155,51.7304],[-1.9183,51.7304],[-1.9183,51.7287],[-1.921,51.7287],[-1.9238,51.7287],[-1.9238,51.727],[-1.9265,51.727],[-1.9292,51.727],[-1.932,51.727],[-1.9347,51.727],[-1.9375,51.727],[-1.9402,51.7253],[-1.9429,51.7253],[-1.9429,51.727],[-1.9429,51.7287],[-1.9429,51.7304],[-1.9429,51.7321],[-1.9429,51.7338],[-1.9457,51.7338],[-1.9457,51.7355],[-1.9484,51.7355],[-1.9511,51.7355],[-1.9539,51.7355],[-1.9566,51.7372],[-1.9594,51.7372],[-1.9621,51.7372],[-1.9621,51.7389],[-1.9648,51.7389],[-1.9676,51.7389],[-1.9676,51.7372],[-1.9703,51.7372],[-1.9731,51.7372],[-1.9758,51.7372],[-1.9785,51.7372],[-1.9785,51.7355],[-1.9813,51.7355],[-1.9813,51.7338],[-1.984,51.7338],[-1.984,51.7321],[-1.9813,51.7321],[-1.9813,51.7304],[-1.9813,51.7287],[-1.9785,51.7287],[-1.9785,51.727],[-1.9785,51.7253],[-1.9785,51.7236],[-1.9758,51.7236],[-1.9785,51.7219],[-1.9758,51.7219],[-1.9758,51.7202],[-1.9758,51.7185],[-1.9731,51.7185],[-1.9731,51.7168],[-1.9703,51.7168],[-1.9703,51.7152],[-1.9731,51.7152],[-1.9758,51.7152],[-1.9758,51.7135],[-1.9785,51.7135],[-1.9785,51.7118],[-1.9813,51.7118],[-1.9813,51.7101],[-1.984,51.7101],[-1.984,51.7084],[-1.9868,51.7084],[-1.9895,51.7084],[-1.9895,51.7067],[-1.9922,51.7067],[-1.9922,51.705],[-1.995,51.705],[-1.995,51.7033],[-1.9977,51.7033],[-1.9977,51.7016],[-2.0005,51.7016],[-2.0005,51.6999],[-2.0032,51.6999],[-2.0032,51.6982],[-2.0059,51.6982],[-2.0087,51.6982],[-2.0087,51.6965],[-2.0114,51.6965],[-2.0114,51.6948],[-2.0142,51.6948],[-2.0142,51.6931],[-2.0169,51.6931],[-2.0196,51.6914],[-2.0224,51.6914],[-2.0224,51.6897],[-2.0251,51.6897],[-2.0251,51.688],[-2.0279,51.688],[-2.0279,51.6863],[-2.0306,51.6863],[-2.0306,51.6846],[-2.0333,51.6846],[-2.0333,51.6829],[-2.0361,51.6829],[-2.0388,51.6812],[-2.0416,51.6812],[-2.0416,51.6795],[-2.0443,51.6795],[-2.0443,51.6778],[-2.047,51.6778],[-2.0498,51.6778],[-2.0525,51.6761],[-2.0525,51.6744],[-2.0553,51.6744],[-2.058,51.6744],[-2.0607,51.6744],[-2.0607,51.6727],[-2.0635,51.6727],[-2.0662,51.6727],[-2.069,51.6727],[-2.0717,51.6727],[-2.0717,51.671],[-2.0744,51.671],[-2.0772,51.671],[-2.0799,51.671],[-2.0827,51.671],[-2.0827,51.6693],[-2.0827,51.6676],[-2.0799,51.6676],[-2.0799,51.6659],[-2.0799,51.6642],[-2.0799,51.6625],[-2.0772,51.6625],[-2.0772,51.6608],[-2.0772,51.6591],[-2.0772,51.6574],[-2.0772,51.6557],[-2.0799,51.6557],[-2.0799,51.654],[-2.0799,51.6523],[-2.0827,51.6523],[-2.0827,51.6506],[-2.0854,51.6506],[-2.0854,51.6489],[-2.0881,51.6489],[-2.0881,51.6472],[-2.0881,51.6455],[-2.0909,51.6455],[-2.0909,51.6438],[-2.0936,51.6438],[-2.0936,51.6421],[-2.0964,51.6421],[-2.0964,51.6404],[-2.0964,51.6387],[-2.0991,51.6387],[-2.0991,51.637],[-2.1018,51.637],[-2.1018,51.6353],[-2.1046,51.6353],[-2.1046,51.6336],[-2.1073,51.6336],[-2.1101,51.6336],[-2.1101,51.6319],[-2.1128,51.6319],[-2.1155,51.6319],[-2.1183,51.6319],[-2.1183,51.6302],[-2.1183,51.6285],[-2.1183,51.6268],[-2.1183,51.6251],[-2.1183,51.6234],[-2.1183,51.6217],[-2.121,51.6217],[-2.121,51.62],[-2.121,51.6183],[-2.1238,51.6183],[-2.1238,51.6166],[-2.1238,51.6149],[-2.121,51.6149],[-2.121,51.6132],[-2.1183,51.6132],[-2.1183,51.6115],[-2.1155,51.6098],[-2.1155,51.6081],[-2.1183,51.6081],[-2.1183,51.6064],[-2.121,51.6064],[-2.121,51.6047],[-2.121,51.603],[-2.121,51.6013],[-2.1183,51.6013],[-2.1183,51.5996],[-2.1183,51.5979],[-2.1155,51.5979],[-2.1155,51.5962],[-2.1155,51.5945],[-2.1155,51.5928],[-2.1155,51.5911],[-2.1155,51.5894],[-2.1183,51.5894],[-2.1183,51.5877],[-2.1155,51.5877],[-2.1155,51.586],[-2.1128,51.586],[-2.1128,51.5843],[-2.1101,51.5843],[-2.1073,51.5843],[-2.1046,51.5843],[-2.1046,51.5825],[-2.1073,51.5825],[-2.1101,51.5825],[-2.1101,51.5808],[-2.1128,51.5808],[-2.1155,51.5808],[-2.1183,51.5808],[-2.1183,51.5791],[-2.121,51.5791],[-2.1238,51.5774],[-2.1265,51.5774],[-2.1265,51.5757],[-2.1292,51.5757],[-2.1292,51.574],[-2.132,51.574],[-2.1347,51.574],[-2.1375,51.574],[-2.1375,51.5723],[-2.1402,51.5723],[-2.1429,51.5723],[-2.1457,51.5723],[-2.1484,51.5723],[-2.1512,51.5723],[-2.1539,51.5723],[-2.1566,51.5723],[-2.1566,51.574],[-2.1594,51.574],[-2.1621,51.574],[-2.1649,51.574],[-2.1676,51.574],[-2.1703,51.574],[-2.1731,51.574],[-2.1731,51.5723],[-2.1758,51.5723],[-2.1786,51.5723],[-2.1813,51.5723],[-2.184,51.5723],[-2.1868,51.5723],[-2.1895,51.5723],[-2.1895,51.5706],[-2.1923,51.5706],[-2.195,51.5706],[-2.1977,51.5706],[-2.1977,51.5689],[-2.2005,51.5689],[-2.2005,51.5672],[-2.2032,51.5672],[-2.206,51.5672],[-2.2087,51.5672],[-2.2114,51.5672],[-2.2114,51.5655],[-2.2142,51.5655],[-2.2142,51.5638],[-2.2142,51.5621],[-2.2142,51.5604],[-2.2142,51.5587],[-2.2169,51.5587],[-2.2169,51.557],[-2.2197,51.557],[-2.2197,51.5553],[-2.2224,51.5553],[-2.2224,51.5536],[-2.2251,51.5536],[-2.2251,51.5519],[-2.2251,51.5502],[-2.2279,51.5502],[-2.2279,51.5485],[-2.2279,51.5468],[-2.2279,51.5451],[-2.2251,51.5451],[-2.2251,51.5434],[-2.2224,51.5434],[-2.2197,51.5434],[-2.2197,51.5417],[-2.2169,51.5417],[-2.2169,51.54],[-2.2142,51.54],[-2.2114,51.54],[-2.2114,51.5383],[-2.2087,51.5383],[-2.2087,51.5366],[-2.206,51.5366],[-2.206,51.5349],[-2.206,51.5331],[-2.206,51.5314],[-2.206,51.5297],[-2.2032,51.5297],[-2.2032,51.528],[-2.2032,51.5263],[-2.2005,51.5263],[-2.2005,51.5246],[-2.2005,51.5229],[-2.1977,51.5229],[-2.1977,51.5212],[-2.1977,51.5195],[-2.1977,51.5178],[-2.195,51.5178],[-2.195,51.5161],[-2.195,51.5144],[-2.1977,51.5144],[-2.2005,51.5144],[-2.2032,51.5144],[-2.2032,51.5127],[-2.2005,51.5127],[-2.2005,51.511],[-2.2005,51.5093],[-2.2005,51.5076],[-2.2005,51.5059],[-2.2005,51.5042],[-2.1977,51.5042],[-2.1977,51.5025],[-2.195,51.5025],[-2.195,51.5008],[-2.195,51.499],[-2.195,51.4973],[-2.195,51.4956],[-2.1923,51.4956],[-2.1923,51.4939],[-2.1923,51.4922],[-2.1895,51.4922],[-2.1895,51.4905],[-2.1895,51.4888],[-2.1895,51.4871],[-2.1895,51.4854],[-2.1895,51.4837],[-2.1923,51.4837],[-2.195,51.4837],[-2.195,51.482],[-2.195,51.4803],[-2.195,51.4786],[-2.195,51.4769],[-2.1977,51.4769],[-2.1977,51.4752],[-2.1977,51.4735],[-2.1977,51.4718],[-2.195,51.4718],[-2.195,51.47],[-2.195,51.4683],[-2.195,51.4666],[-2.1977,51.4666],[-2.1977,51.4649],[-2.1977,51.4632],[-2.1977,51.4615],[-2.195,51.4615],[-2.1923,51.4615],[-2.1923,51.4598],[-2.1923,51.4581],[-2.195,51.4581],[-2.1977,51.4581],[-2.2005,51.4581],[-2.2005,51.4564],[-2.2005,51.4547],[-2.2005,51.453],[-2.1977,51.453],[-2.1977,51.4513],[-2.1977,51.4496],[-2.2005,51.4496],[-2.2005,51.4479],[-2.1977,51.4479],[-2.1977,51.4461],[-2.1977,51.4444],[-2.1977,51.4427],[-2.2005,51.4427],[-2.2032,51.4427],[-2.2032,51.441],[-2.206,51.441],[-2.2087,51.441],[-2.2114,51.441],[-2.2142,51.441],[-2.2169,51.441],[-2.2169,51.4393],[-2.2197,51.4393],[-2.2197,51.4376],[-2.2224,51.4376],[-2.2224,51.4359],[-2.2251,51.4359],[-2.2251,51.4342],[-2.2251,51.4325],[-2.2251,51.4308],[-2.2251,51.4291],[-2.2251,51.4274],[-2.2251,51.4256],[-2.2251,51.4239],[-2.2251,51.4222],[-2.2251,51.4205],[-2.2279,51.4205],[-2.2279,51.4188],[-2.2279,51.4171],[-2.2279,51.4154],[-2.2306,51.4154],[-2.2306,51.4137],[-2.2306,51.412],[-2.2306,51.4103],[-2.2306,51.4086],[-2.2334,51.4086],[-2.2334,51.4069],[-2.2334,51.4051],[-2.2334,51.4034],[-2.2334,51.4017],[-2.2361,51.4017],[-2.2361,51.4034],[-2.2388,51.4034],[-2.2416,51.4034],[-2.2416,51.4051],[-2.2443,51.4051],[-2.2471,51.4034],[-2.2498,51.4034],[-2.2525,51.4034],[-2.2553,51.4034],[-2.258,51.4034],[-2.258,51.4017],[-2.258,51.4],[-2.2608,51.4],[-2.2635,51.4],[-2.2662,51.4],[-2.2662,51.3983],[-2.269,51.3983],[-2.269,51.3966],[-2.2717,51.3966],[-2.2717,51.3949],[-2.2745,51.3932],[-2.2745,51.3915],[-2.2772,51.3915],[-2.2772,51.3898],[-2.2772,51.388],[-2.2772,51.3863],[-2.2799,51.3863],[-2.2799,51.3846],[-2.2827,51.3829],[-2.2827,51.3846],[-2.2854,51.3829],[-2.2854,51.3812],[-2.2854,51.3795],[-2.2882,51.3795],[-2.2882,51.3778],[-2.2882,51.3761],[-2.2909,51.3761],[-2.2909,51.3744],[-2.2909,51.3727],[-2.2909,51.3709],[-2.2909,51.3692],[-2.2936,51.3692],[-2.2936,51.3675],[-2.2936,51.3658],[-2.2964,51.3658],[-2.2964,51.3641],[-2.2991,51.3641],[-2.2991,51.3624],[-2.3019,51.3624],[-2.3019,51.3607],[-2.3019,51.359],[-2.3046,51.3573],[-2.3046,51.3555],[-2.3019,51.3555],[-2.3019,51.3538],[-2.2991,51.3538],[-2.2991,51.3521],[-2.3019,51.3521],[-2.3019,51.3504],[-2.2991,51.3504],[-2.2991,51.3487],[-2.2964,51.3487],[-2.2964,51.347],[-2.2936,51.347],[-2.2909,51.347],[-2.2882,51.347],[-2.2854,51.347],[-2.2827,51.347],[-2.2827,51.3487],[-2.2799,51.3487],[-2.2772,51.3487],[-2.2745,51.3487],[-2.2717,51.3487],[-2.269,51.3487],[-2.2662,51.3487],[-2.2662,51.347],[-2.2635,51.347],[-2.2635,51.3453],[-2.2635,51.3436],[-2.2608,51.3436],[-2.2608,51.3453],[-2.258,51.3453],[-2.2553,51.3453],[-2.2553,51.3436],[-2.2525,51.3436],[-2.2553,51.3419],[-2.2553,51.3401],[-2.258,51.3401],[-2.2608,51.3401],[-2.2608,51.3384],[-2.2635,51.3384],[-2.2662,51.3384],[-2.269,51.3384],[-2.269,51.3367],[-2.2717,51.3367],[-2.2745,51.3367],[-2.2772,51.3367],[-2.2799,51.3367],[-2.2799,51.335],[-2.2799,51.3333],[-2.2827,51.335],[-2.2827,51.3333],[-2.2854,51.3333],[-2.2854,51.3316],[-2.2854,51.3299],[-2.2827,51.3299],[-2.2827,51.3282],[-2.2827,51.3265],[-2.2827,51.3247],[-2.2854,51.3247],[-2.2882,51.3247],[-2.2882,51.3265],[-2.2882,51.3282],[-2.2909,51.3282],[-2.2909,51.3265],[-2.2936,51.3265],[-2.2964,51.3265],[-2.2991,51.3265],[-2.2991,51.3247],[-2.3019,51.3247],[-2.3046,51.3247],[-2.3073,51.3247],[-2.3101,51.3247],[-2.3128,51.3247],[-2.3128,51.323],[-2.3156,51.323],[-2.3183,51.323],[-2.321,51.323],[-2.3238,51.323],[-2.3265,51.323],[-2.3293,51.323],[-2.332,51.3213],[-2.3347,51.3213],[-2.3375,51.3213],[-2.3375,51.3196],[-2.3402,51.3196],[-2.3429,51.3196],[-2.3429,51.3179],[-2.3457,51.3179],[-2.3457,51.3162],[-2.3429,51.3162],[-2.3429,51.3145]]],[[[-2.3594,51.3521],[-2.3566,51.3538],[-2.3594,51.3538],[-2.3594,51.3521]]],[[[-2.3265,51.3744],[-2.3265,51.3761],[-2.3238,51.3761],[-2.3238,51.3778],[-2.3238,51.3795],[-2.321,51.3795],[-2.321,51.3812],[-2.3238,51.3812],[-2.3265,51.3812],[-2.3293,51.3812],[-2.332,51.3812],[-2.3347,51.3812],[-2.3347,51.3795],[-2.3375,51.3795],[-2.3375,51.3812],[-2.3402,51.3812],[-2.3402,51.3795],[-2.3402,51.3778],[-2.3375,51.3778],[-2.3375,51.3761],[-2.3347,51.3761],[-2.3347,51.3744],[-2.332,51.3744],[-2.3293,51.3744],[-2.3265,51.3744]]],[[[-2.2142,51.6914],[-2.2142,51.6931],[-2.2114,51.6931],[-2.2114,51.6948],[-2.2142,51.6948],[-2.2142,51.6965],[-2.2169,51.6965],[-2.2169,51.6982],[-2.2197,51.6982],[-2.2197,51.6999],[-2.2224,51.6999],[-2.2224,51.7016],[-2.2251,51.7016],[-2.2251,51.7033],[-2.2251,51.705],[-2.2279,51.705],[-2.2279,51.7067],[-2.2306,51.7067],[-2.2306,51.705],[-2.2306,51.7033],[-2.2334,51.7033],[-2.2334,51.7016],[-2.2361,51.7016],[-2.2361,51.6999],[-2.2388,51.6999],[-2.2388,51.6982],[-2.2361,51.6982],[-2.2361,51.6965],[-2.2361,51.6948],[-2.2361,51.6931],[-2.2361,51.6914],[-2.2334,51.6914],[-2.2306,51.6914],[-2.2279,51.6914],[-2.2251,51.6914],[-2.2224,51.6914],[-2.2197,51.6914],[-2.2169,51.6914],[-2.2142,51.6914]]],[[[-2.2279,51.7084],[-2.2279,51.7101],[-2.2279,51.7118],[-2.2306,51.7118],[-2.2306,51.7101],[-2.2279,51.7084]]],[[[-2.2306,51.7135],[-2.2306,51.7152],[-2.2334,51.7152],[-2.2334,51.7135],[-2.2306,51.7135]]],[[[-2.2306,51.7168],[-2.2306,51.7185],[-2.2334,51.7185],[-2.2334,51.7168],[-2.2306,51.7168]]],[[[-2.2279,51.7202],[-2.2279,51.7219],[-2.2279,51.7236],[-2.2279,51.7253],[-2.2306,51.7253],[-2.2306,51.7236],[-2.2334,51.7236],[-2.2334,51.7219],[-2.2306,51.7219],[-2.2306,51.7202],[-2.2279,51.7202]]],[[[-2.3402,51.3128],[-2.3429,51.3128],[-2.3429,51.3145],[-2.3402,51.3145],[-2.3402,51.3128]]]]},"properties":{"NAME":"Cotswolds","CODE":"7","DESIG_DATE":"Aug-66"}},{"type":"Feature","geometry":{"type":"MultiPolygon","coordinates":[[[[0.0352,50.9897],[0.0352,50.9914],[0.038,50.9914],[0.0407,50.9897],[0.038,50.9897],[0.0352,50.9897]]],[[[0.6736,50.8774],[0.6736,50.8791],[0.6764,50.8791],[0.6764,50.8774],[0.6736,50.8774]]],[[[0.6709,50.8757],[0.6709,50.8774],[0.6736,50.8774],[0.6736,50.8757],[0.6709,50.8757]]],[[[0.6654,50.8722],[0.6654,50.874],[0.6681,50.874],[0.6681,50.8757],[0.6709,50.8757],[0.6709,50.874],[0.6709,50.8722],[0.6681,50.8722],[0.6654,50.8722]]],[[[0.5942,50.8567],[0.5942,50.8584],[0.5969,50.8584],[0.5969,50.8601],[0.5969,50.8619],[0.5997,50.8619],[0.5997,50.8601],[0.6024,50.8601],[0.6024,50.8619],[0.6051,50.8619],[0.6079,50.8619],[0.6079,50.8636],[0.6106,50.8636],[0.6106,50.8653],[0.6134,50.8653],[0.6134,50.867],[0.6134,50.8688],[0.6134,50.8705],[0.6106,50.8705],[0.6106,50.8722],[0.6134,50.8722],[0.6134,50.874],[0.6161,50.874],[0.6188,50.874],[0.6188,50.8722],[0.6216,50.8722],[0.6216,50.874],[0.6188,50.874],[0.6188,50.8757],[0.6161,50.8757],[0.6161,50.8774],[0.6161,50.8791],[0.6161,50.8809],[0.6188,50.8809],[0.6216,50.8809],[0.6243,50.8809],[0.6243,50.8826],[0.6243,50.8843],[0.6216,50.8843],[0.6188,50.8843],[0.6188,50.8826],[0.6161,50.8826],[0.6134,50.8826],[0.6134,50.8809],[0.6106,50.8809],[0.6106,50.8826],[0.6079,50.8826],[0.6079,50.8809],[0.6079,50.8791],[0.6079,50.8774],[0.6051,50.8774],[0.6024,50.8774],[0.6024,50.8791],[0.6024,50.8809],[0.5997,50.8809],[0.5969,50.8809],[0.5942,50.8809],[0.5942,50.8791],[0.5914,50.8791],[0.5914,50.8809],[0.5887,50.8809],[0.5887,50.8826],[0.5914,50.8826],[0.5914,50.8843],[0.5887,50.8843],[0.586,50.8843],[0.586,50.8826],[0.5832,50.8826],[0.5832,50.8843],[0.5832,50.8861],[0.5805,50.8861],[0.5805,50.8878],[0.5777,50.8878],[0.5777,50.8861],[0.575,50.8861],[0.575,50.8843],[0.5723,50.8861],[0.5695,50.8861],[0.5695,50.8878],[0.5668,50.8878],[0.564,50.8878],[0.5613,50.8878],[0.5613,50.8895],[0.5586,50.8895],[0.5586,50.8912],[0.5586,50.893],[0.5613,50.893],[0.564,50.893],[0.5668,50.893],[0.5695,50.893],[0.5668,50.8947],[0.5695,50.8947],[0.5723,50.8947],[0.5723,50.8964],[0.5695,50.8964],[0.5668,50.8964],[0.564,50.8964],[0.564,50.8982],[0.5613,50.8982],[0.5613,50.8964],[0.5613,50.8947],[0.5586,50.8947],[0.5586,50.893],[0.5558,50.893],[0.5558,50.8912],[0.5531,50.8912],[0.5503,50.8912],[0.5476,50.8912],[0.5449,50.8912],[0.5421,50.8912],[0.5421,50.893],[0.5394,50.893],[0.5366,50.893],[0.5366,50.8947],[0.5339,50.8947],[0.5312,50.8947],[0.5284,50.8947],[0.5284,50.893],[0.5284,50.8912],[0.5284,50.8895],[0.5284,50.8878],[0.5257,50.8878],[0.5257,50.8861],[0.5257,50.8843],[0.5229,50.8843],[0.5229,50.8826],[0.5202,50.8826],[0.5175,50.8809],[0.5147,50.8809],[0.5147,50.8791],[0.512,50.8791],[0.5092,50.8791],[0.5092,50.8774],[0.5065,50.8774],[0.5065,50.8757],[0.5065,50.874],[0.5038,50.874],[0.5038,50.8757],[0.5038,50.8774],[0.501,50.8774],[0.501,50.8791],[0.4983,50.8791],[0.4983,50.8809],[0.4955,50.8809],[0.4955,50.8791],[0.4928,50.8791],[0.4901,50.8791],[0.4901,50.8809],[0.4873,50.8809],[0.4846,50.8809],[0.4846,50.8826],[0.4818,50.8826],[0.4791,50.8826],[0.4791,50.8843],[0.4764,50.8843],[0.4736,50.8843],[0.4709,50.8843],[0.4709,50.8861],[0.4681,50.8861],[0.4654,50.8861],[0.4627,50.8861],[0.4627,50.8878],[0.4627,50.8895],[0.4599,50.8895],[0.4599,50.8912],[0.4572,50.893],[0.4572,50.8947],[0.4544,50.8947],[0.4544,50.8964],[0.4517,50.8964],[0.4517,50.8982],[0.4517,50.8999],[0.449,50.8999],[0.449,50.8982],[0.449,50.8964],[0.4462,50.8964],[0.4435,50.8964],[0.4407,50.8964],[0.4407,50.8947],[0.438,50.8947],[0.4353,50.8947],[0.4353,50.8964],[0.4325,50.8964],[0.4325,50.8947],[0.4298,50.8947],[0.427,50.8947],[0.4243,50.8947],[0.4243,50.893],[0.4216,50.893],[0.4188,50.893],[0.4161,50.893],[0.4161,50.8912],[0.4161,50.8895],[0.4133,50.8895],[0.4106,50.8895],[0.4079,50.8895],[0.4051,50.8895],[0.4024,50.8895],[0.4024,50.8878],[0.3996,50.8878],[0.3969,50.8878],[0.3942,50.8878],[0.3942,50.8861],[0.3914,50.8861],[0.3887,50.8861],[0.3859,50.8861],[0.3859,50.8843],[0.3832,50.8843],[0.3805,50.8826],[0.3777,50.8809],[0.375,50.8791],[0.3722,50.8791],[0.3695,50.8774],[0.3668,50.8774],[0.364,50.8774],[0.364,50.8791],[0.3613,50.8791],[0.3585,50.8791],[0.3585,50.8809],[0.3558,50.8809],[0.3558,50.8826],[0.3531,50.8826],[0.3503,50.8826],[0.3476,50.8826],[0.3476,50.8843],[0.3448,50.8843],[0.3448,50.8861],[0.3421,50.8861],[0.3421,50.8878],[0.3394,50.8878],[0.3394,50.8895],[0.3366,50.8895],[0.3366,50.8878],[0.3339,50.8878],[0.3311,50.8878],[0.3284,50.8878],[0.3284,50.8895],[0.3257,50.8895],[0.3257,50.8912],[0.3229,50.8912],[0.3229,50.893],[0.3202,50.893],[0.3202,50.8912],[0.3174,50.8912],[0.3147,50.8912],[0.3147,50.893],[0.312,50.893],[0.312,50.8947],[0.3092,50.8947],[0.3065,50.8947],[0.3065,50.8964],[0.3037,50.8964],[0.3037,50.8982],[0.301,50.8982],[0.2983,50.8982],[0.2983,50.8999],[0.2983,50.9016],[0.2983,50.9033],[0.301,50.9033],[0.301,50.9051],[0.301,50.9068],[0.3037,50.9068],[0.3037,50.9085],[0.3037,50.9103],[0.3037,50.912],[0.3065,50.912],[0.3065,50.9137],[0.3037,50.9137],[0.3037,50.9154],[0.3037,50.9172],[0.3037,50.9189],[0.3037,50.9206],[0.3037,50.9223],[0.3037,50.9241],[0.301,50.9241],[0.2983,50.9241],[0.2955,50.9241],[0.2928,50.9241],[0.2928,50.9223],[0.29,50.9223],[0.29,50.9206],[0.2873,50.9206],[0.2873,50.9223],[0.2846,50.9223],[0.2846,50.9241],[0.2846,50.9258],[0.2818,50.9258],[0.2791,50.9258],[0.2763,50.9258],[0.2763,50.9275],[0.2736,50.9293],[0.2736,50.931],[0.2736,50.9327],[0.2736,50.9344],[0.2709,50.9344],[0.2709,50.9362],[0.2709,50.9379],[0.2681,50.9379],[0.2654,50.9379],[0.2654,50.9362],[0.2654,50.9344],[0.2626,50.9344],[0.2599,50.9344],[0.2572,50.9344],[0.2544,50.9344],[0.2544,50.9362],[0.2517,50.9362],[0.2517,50.9379],[0.249,50.9379],[0.2462,50.9379],[0.2435,50.9379],[0.2407,50.9379],[0.2407,50.9396],[0.238,50.9396],[0.238,50.9413],[0.2353,50.9413],[0.2353,50.9396],[0.2353,50.9379],[0.2325,50.9379],[0.2325,50.9396],[0.2298,50.9396],[0.227,50.9396],[0.227,50.9413],[0.2243,50.9413],[0.2243,50.9431],[0.2216,50.9431],[0.2188,50.9431],[0.2188,50.9448],[0.2161,50.9448],[0.2161,50.9431],[0.2133,50.9431],[0.2133,50.9448],[0.2106,50.9448],[0.2106,50.9465],[0.2079,50.9465],[0.2079,50.9482],[0.2051,50.9482],[0.2051,50.95],[0.2051,50.9517],[0.2024,50.9517],[0.2024,50.9534],[0.2024,50.9551],[0.1996,50.9551],[0.1969,50.9551],[0.1969,50.9569],[0.1942,50.9569],[0.1942,50.9586],[0.1914,50.9586],[0.1914,50.9603],[0.1887,50.9603],[0.1859,50.9603],[0.1832,50.9603],[0.1805,50.9603],[0.1805,50.9586],[0.1777,50.9586],[0.1777,50.9569],[0.175,50.9569],[0.175,50.9551],[0.1722,50.9551],[0.1722,50.9569],[0.1695,50.9569],[0.1695,50.9586],[0.1695,50.9603],[0.1668,50.9603],[0.1668,50.9621],[0.1668,50.9638],[0.1695,50.9638],[0.1722,50.9638],[0.1722,50.9655],[0.175,50.9655],[0.175,50.9672],[0.1722,50.9672],[0.1722,50.9655],[0.1695,50.9655],[0.1695,50.9672],[0.1668,50.9672],[0.1668,50.969],[0.164,50.969],[0.164,50.9707],[0.164,50.9724],[0.164,50.9741],[0.164,50.9759],[0.164,50.9776],[0.1613,50.9776],[0.1585,50.9776],[0.1585,50.9793],[0.1558,50.9793],[0.1558,50.981],[0.1558,50.9828],[0.1558,50.9845],[0.1531,50.9845],[0.1531,50.9862],[0.1531,50.9879],[0.1531,50.9897],[0.1531,50.9914],[0.1531,50.9931],[0.1531,50.9948],[0.1558,50.9948],[0.1558,50.9966],[0.1531,50.9966],[0.1531,50.9983],[0.1503,50.9983],[0.1503,51],[0.1476,51],[0.1476,50.9983],[0.1448,50.9983],[0.1421,50.9983],[0.1421,51],[0.1421,51.0017],[0.1421,51.0034],[0.1421,51.0052],[0.1394,51.0052],[0.1366,51.0052],[0.1339,51.0052],[0.1311,51.0052],[0.1311,51.0034],[0.1284,51.0034],[0.1284,51.0052],[0.1257,51.0052],[0.1229,51.0052],[0.1202,51.0052],[0.1174,51.0052],[0.1147,51.0052],[0.112,51.0052],[0.112,51.0069],[0.112,51.0086],[0.1092,51.0086],[0.1092,51.0103],[0.1065,51.0103],[0.1037,51.0103],[0.101,51.0103],[0.101,51.0121],[0.0983,51.0121],[0.0983,51.0138],[0.0955,51.0138],[0.0955,51.0155],[0.0928,51.0155],[0.09,51.0155],[0.09,51.0172],[0.0873,51.0172],[0.0873,51.0155],[0.0846,51.0155],[0.0846,51.0172],[0.0818,51.0172],[0.0818,51.0155],[0.0791,51.0155],[0.0791,51.0138],[0.0791,51.0121],[0.0763,51.0121],[0.0736,51.0121],[0.0736,51.0138],[0.0709,51.0155],[0.0709,51.0138],[0.0681,51.0138],[0.0681,51.0121],[0.0654,51.0121],[0.0626,51.0121],[0.0626,51.0103],[0.0599,51.0103],[0.0572,51.0103],[0.0544,51.0103],[0.0517,51.0103],[0.0489,51.0103],[0.0462,51.0086],[0.0462,51.0069],[0.0435,51.0069],[0.0435,51.0052],[0.0407,51.0052],[0.0407,51.0069],[0.038,51.0069],[0.038,51.0052],[0.0352,51.0052],[0.0352,51.0034],[0.0325,51.0034],[0.0298,51.0034],[0.0298,51.0017],[0.0325,51.0017],[0.0325,51],[0.0325,50.9983],[0.0352,50.9983],[0.0352,50.9966],[0.038,50.9966],[0.0352,50.9948],[0.0352,50.9931],[0.0352,50.9914],[0.0325,50.9914],[0.0325,50.9897],[0.0298,50.9897],[0.0298,50.9879],[0.027,50.9879],[0.027,50.9897],[0.0243,50.9897],[0.0243,50.9914],[0.0215,50.9914],[0.0215,50.9897],[0.0188,50.9897],[0.0161,50.9897],[0.0161,50.9879],[0.0133,50.9879],[0.0106,50.9879],[0.0078,50.9879],[0.0051,50.9879],[0.0051,50.9897],[0.0024,50.9897],[0.0024,50.9914],[0.0051,50.9914],[0.0051,50.9931],[0.0024,50.9931],[0.0024,50.9948],[-0.0004,50.9948],[-0.0004,50.9966],[-0.0031,50.9966],[-0.0058,50.9983],[-0.0086,50.9983],[-0.0086,51],[-0.0086,51.0017],[-0.0113,51.0017],[-0.0113,51],[-0.0141,51],[-0.0141,51.0017],[-0.0168,51.0017],[-0.0168,51.0034],[-0.0195,51.0034],[-0.0223,51.0034],[-0.025,51.0034],[-0.0278,51.0034],[-0.0305,51.0034],[-0.0305,51.0052],[-0.0332,51.0052],[-0.036,51.0052],[-0.0387,51.0052],[-0.0387,51.0034],[-0.0415,51.0034],[-0.0442,51.0034],[-0.0442,51.0052],[-0.0469,51.0052],[-0.0469,51.0069],[-0.0469,51.0086],[-0.0469,51.0103],[-0.0497,51.0103],[-0.0524,51.0103],[-0.0524,51.0121],[-0.0552,51.0121],[-0.0579,51.0138],[-0.0606,51.0138],[-0.0634,51.0138],[-0.0634,51.0155],[-0.0661,51.0155],[-0.0661,51.0172],[-0.0689,51.0172],[-0.0689,51.019],[-0.0716,51.019],[-0.0743,51.0207],[-0.0743,51.0224],[-0.0743,51.0241],[-0.0771,51.0241],[-0.0798,51.0241],[-0.0826,51.0241],[-0.0826,51.0259],[-0.0826,51.0276],[-0.0826,51.0293],[-0.0853,51.0293],[-0.088,51.0293],[-0.0908,51.0293],[-0.0908,51.0276],[-0.0908,51.0259],[-0.0935,51.0259],[-0.0935,51.0276],[-0.0963,51.0276],[-0.099,51.0276],[-0.099,51.0259],[-0.1017,51.0259],[-0.1045,51.0259],[-0.1045,51.0241],[-0.1072,51.0241],[-0.11,51.0241],[-0.1127,51.0241],[-0.1127,51.0224],[-0.1127,51.0207],[-0.1127,51.019],[-0.1127,51.0172],[-0.1127,51.0155],[-0.1154,51.0155],[-0.1182,51.0155],[-0.1209,51.0155],[-0.1237,51.0155],[-0.1264,51.0155],[-0.1291,51.0155],[-0.1319,51.0155],[-0.1319,51.0172],[-0.1346,51.0172],[-0.1374,51.0172],[-0.1374,51.0155],[-0.1374,51.0138],[-0.1401,51.0138],[-0.1428,51.0138],[-0.1428,51.0155],[-0.1428,51.0172],[-0.1456,51.0172],[-0.1456,51.0155],[-0.1456,51.0138],[-0.1456,51.0121],[-0.1428,51.0121],[-0.1456,51.0103],[-0.1428,51.0103],[-0.1428,51.0086],[-0.1456,51.0086],[-0.1456,51.0069],[-0.1483,51.0069],[-0.1483,51.0052],[-0.1456,51.0052],[-0.1483,51.0034],[-0.1483,51.0017],[-0.1511,51.0017],[-0.1511,51],[-0.1538,51],[-0.1565,51],[-0.1565,50.9983],[-0.1593,50.9983],[-0.1593,50.9966],[-0.162,50.9966],[-0.162,50.9983],[-0.1648,50.9983],[-0.1648,50.9966],[-0.1648,50.9948],[-0.1675,50.9948],[-0.1675,50.9931],[-0.1702,50.9931],[-0.1702,50.9914],[-0.173,50.9914],[-0.1757,50.9914],[-0.1757,50.9897],[-0.1785,50.9897],[-0.1812,50.9897],[-0.1839,50.9897],[-0.1839,50.9879],[-0.1867,50.9879],[-0.1894,50.9879],[-0.1922,50.9879],[-0.1922,50.9862],[-0.1949,50.9862],[-0.1976,50.9862],[-0.1976,50.9879],[-0.1976,50.9897],[-0.1976,50.9914],[-0.1976,50.9931],[-0.1976,50.9948],[-0.1976,50.9966],[-0.1949,50.9966],[-0.1949,50.9983],[-0.1976,50.9983],[-0.2004,50.9983],[-0.2031,50.9983],[-0.2059,50.9983],[-0.2086,50.9983],[-0.2086,51],[-0.2113,51],[-0.2141,51],[-0.2168,51],[-0.2168,51.0017],[-0.2196,51.0017],[-0.2223,51.0017],[-0.2223,51.0034],[-0.225,51.0034],[-0.2278,51.0034],[-0.2278,51.0052],[-0.2305,51.0052],[-0.2305,51.0034],[-0.2305,51.0017],[-0.2305,51],[-0.2305,50.9983],[-0.2305,50.9966],[-0.2333,50.9966],[-0.236,50.9966],[-0.236,50.9983],[-0.2387,50.9983],[-0.2415,50.9983],[-0.2442,50.9983],[-0.2442,50.9966],[-0.247,50.9966],[-0.2497,50.9966],[-0.2524,50.9966],[-0.2524,50.9983],[-0.2552,50.9983],[-0.2552,51],[-0.2552,51.0017],[-0.2579,51.0017],[-0.2607,51.0017],[-0.2607,51.0034],[-0.2634,51.0034],[-0.2661,51.0034],[-0.2661,51.0052],[-0.2661,51.0069],[-0.2634,51.0069],[-0.2634,51.0086],[-0.2634,51.0103],[-0.2607,51.0103],[-0.2607,51.0121],[-0.2607,51.0138],[-0.2607,51.0155],[-0.2607,51.0172],[-0.2634,51.0172],[-0.2634,51.019],[-0.2634,51.0207],[-0.2634,51.0224],[-0.2634,51.0241],[-0.2607,51.0259],[-0.2607,51.0276],[-0.2607,51.0293],[-0.2607,51.031],[-0.2579,51.031],[-0.2579,51.0328],[-0.2552,51.0328],[-0.2552,51.0345],[-0.2524,51.0345],[-0.2524,51.0362],[-0.2497,51.0362],[-0.2497,51.0379],[-0.247,51.0379],[-0.2442,51.0379],[-0.2415,51.0379],[-0.2415,51.0396],[-0.2387,51.0396],[-0.236,51.0396],[-0.236,51.0414],[-0.2333,51.0414],[-0.2333,51.0431],[-0.2333,51.0448],[-0.236,51.0448],[-0.2387,51.0448],[-0.2415,51.0448],[-0.2442,51.0448],[-0.247,51.0448],[-0.2497,51.0448],[-0.2524,51.0448],[-0.2552,51.0448],[-0.2579,51.0448],[-0.2579,51.0465],[-0.2607,51.0465],[-0.2607,51.0448],[-0.2607,51.0431],[-0.2607,51.0414],[-0.2634,51.0414],[-0.2661,51.0414],[-0.2661,51.0431],[-0.2689,51.0431],[-0.2689,51.0448],[-0.2716,51.0448],[-0.2744,51.0448],[-0.2771,51.0448],[-0.2744,51.0465],[-0.2771,51.0465],[-0.2798,51.0465],[-0.2798,51.0483],[-0.2798,51.05],[-0.2826,51.0483],[-0.2853,51.0483],[-0.2853,51.0465],[-0.2853,51.0448],[-0.2881,51.0448],[-0.2908,51.0448],[-0.2908,51.0465],[-0.2935,51.0465],[-0.2963,51.0483],[-0.299,51.0483],[-0.299,51.05],[-0.299,51.0517],[-0.3018,51.0517],[-0.3018,51.0534],[-0.3018,51.0551],[-0.299,51.0551],[-0.2963,51.0569],[-0.2963,51.0586],[-0.2963,51.0603],[-0.2963,51.062],[-0.299,51.062],[-0.299,51.0638],[-0.299,51.0655],[-0.299,51.0672],[-0.299,51.0689],[-0.2963,51.0689],[-0.2963,51.0706],[-0.2935,51.0706],[-0.2908,51.0706],[-0.2881,51.0706],[-0.2881,51.0724],[-0.2853,51.0724],[-0.2853,51.0741],[-0.2853,51.0758],[-0.2853,51.0775],[-0.2826,51.0775],[-0.2826,51.0792],[-0.2853,51.0792],[-0.2853,51.081],[-0.2881,51.081],[-0.2881,51.0827],[-0.2853,51.0827],[-0.2853,51.0844],[-0.2853,51.0861],[-0.2826,51.0861],[-0.2798,51.0861],[-0.2771,51.0861],[-0.2771,51.0879],[-0.2744,51.0879],[-0.2716,51.0879],[-0.2716,51.0896],[-0.2689,51.0896],[-0.2689,51.0913],[-0.2661,51.0913],[-0.2634,51.0913],[-0.2634,51.093],[-0.2607,51.093],[-0.2579,51.093],[-0.2579,51.0947],[-0.2552,51.0947],[-0.2524,51.0947],[-0.2497,51.0947],[-0.2497,51.0965],[-0.247,51.0965],[-0.2442,51.0965],[-0.2415,51.0965],[-0.2387,51.0965],[-0.236,51.0965],[-0.2333,51.0965],[-0.2333,51.0982],[-0.2305,51.0982],[-0.2278,51.0982],[-0.2278,51.0965],[-0.225,51.0965],[-0.2223,51.0965],[-0.2196,51.0965],[-0.2168,51.0965],[-0.2168,51.0947],[-0.2141,51.0947],[-0.2141,51.093],[-0.2113,51.0913],[-0.2113,51.0896],[-0.2086,51.0896],[-0.2086,51.0879],[-0.2059,51.0879],[-0.2031,51.0879],[-0.2004,51.0879],[-0.2004,51.0861],[-0.2004,51.0844],[-0.2031,51.0861],[-0.2059,51.0861],[-0.2059,51.0844],[-0.2086,51.0844],[-0.2086,51.0827],[-0.2113,51.0827],[-0.2113,51.081],[-0.2086,51.081],[-0.2059,51.081],[-0.2059,51.0827],[-0.2031,51.0827],[-0.2004,51.0827],[-0.2004,51.0844],[-0.1976,51.0844],[-0.1976,51.0861],[-0.1949,51.0861],[-0.1949,51.0879],[-0.1922,51.0879],[-0.1894,51.0879],[-0.1867,51.0879],[-0.1839,51.0879],[-0.1812,51.0879],[-0.1812,51.0896],[-0.1785,51.0896],[-0.1757,51.0896],[-0.173,51.0896],[-0.1702,51.0896],[-0.1702,51.0913],[-0.1675,51.0913],[-0.1648,51.0913],[-0.1648,51.093],[-0.162,51.093],[-0.1593,51.093],[-0.1593,51.0947],[-0.1565,51.0947],[-0.1565,51.0965],[-0.1538,51.0965],[-0.1538,51.0982],[-0.1511,51.0982],[-0.1511,51.0999],[-0.1483,51.0999],[-0.1456,51.1033],[-0.1428,51.1051],[-0.1428,51.1068],[-0.1401,51.1068],[-0.1401,51.1085],[-0.1401,51.1102],[-0.1374,51.1102],[-0.1374,51.1119],[-0.1374,51.1137],[-0.1374,51.1154],[-0.1346,51.1154],[-0.1319,51.1154],[-0.1291,51.1154],[-0.1264,51.1154],[-0.1237,51.1154],[-0.1237,51.1137],[-0.1209,51.1137],[-0.1182,51.1137],[-0.1154,51.1137],[-0.1154,51.1119],[-0.1127,51.1119],[-0.1127,51.1102],[-0.1127,51.1085],[-0.11,51.1085],[-0.11,51.1068],[-0.1072,51.1068],[-0.1072,51.1051],[-0.1045,51.1051],[-0.1045,51.1033],[-0.1017,51.1033],[-0.099,51.1033],[-0.0963,51.1033],[-0.0935,51.1033],[-0.0908,51.1016],[-0.088,51.1016],[-0.088,51.1033],[-0.0853,51.1033],[-0.0853,51.1016],[-0.0826,51.1016],[-0.0826,51.1033],[-0.0826,51.1051],[-0.0798,51.1051],[-0.0771,51.1051],[-0.0743,51.1051],[-0.0743,51.1068],[-0.0716,51.1068],[-0.0689,51.1068],[-0.0661,51.1068],[-0.0634,51.1068],[-0.0606,51.1068],[-0.0579,51.1068],[-0.0579,51.1085],[-0.0552,51.1085],[-0.0524,51.1085],[-0.0497,51.1102],[-0.0497,51.1085],[-0.0469,51.1085],[-0.0469,51.1068],[-0.0442,51.1068],[-0.0415,51.1068],[-0.0415,51.1085],[-0.0415,51.1102],[-0.0387,51.1102],[-0.0387,51.1119],[-0.036,51.1119],[-0.036,51.1137],[-0.0332,51.1137],[-0.0305,51.1137],[-0.0305,51.1154],[-0.0305,51.1171],[-0.0278,51.1171],[-0.0278,51.1188],[-0.025,51.1188],[-0.0223,51.1188],[-0.0223,51.1205],[-0.0195,51.1205],[-0.0168,51.1205],[-0.0168,51.1188],[-0.0168,51.1171],[-0.0141,51.1171],[-0.0141,51.1154],[-0.0113,51.1154],[-0.0113,51.1137],[-0.0086,51.1137],[-0.0086,51.1119],[-0.0058,51.1119],[-0.0058,51.1137],[-0.0058,51.1154],[-0.0058,51.1171],[-0.0031,51.1171],[-0.0031,51.1188],[-0.0004,51.1188],[0.0024,51.1188],[0.0024,51.1205],[0.0051,51.1205],[0.0051,51.1223],[0.0078,51.1205],[0.0106,51.1188],[0.0133,51.1171],[0.0133,51.1188],[0.0133,51.1205],[0.0106,51.1205],[0.0078,51.1205],[0.0078,51.1223],[0.0078,51.124],[0.0106,51.124],[0.0106,51.1257],[0.0133,51.1257],[0.0133,51.1274],[0.0106,51.1274],[0.0106,51.1291],[0.0078,51.1291],[0.0051,51.1291],[0.0051,51.1309],[0.0051,51.1326],[0.0024,51.1326],[0.0024,51.1343],[0.0051,51.1343],[0.0051,51.136],[0.0078,51.136],[0.0078,51.1343],[0.0106,51.1343],[0.0133,51.1343],[0.0133,51.136],[0.0133,51.1377],[0.0106,51.1377],[0.0078,51.1377],[0.0078,51.1395],[0.0078,51.1412],[0.0078,51.1429],[0.0051,51.1429],[0.0051,51.1446],[0.0051,51.1463],[0.0051,51.1481],[0.0024,51.1481],[0.0024,51.1498],[0.0024,51.1515],[0.0024,51.1532],[0.0024,51.1549],[0.0051,51.1549],[0.0078,51.1549],[0.0106,51.1549],[0.0133,51.1549],[0.0133,51.1566],[0.0106,51.1566],[0.0106,51.1584],[0.0106,51.1601],[0.0106,51.1618],[0.0106,51.1635],[0.0106,51.1652],[0.0133,51.1652],[0.0133,51.167],[0.0133,51.1687],[0.0133,51.1704],[0.0161,51.1704],[0.0188,51.1704],[0.0188,51.1721],[0.0215,51.1721],[0.0215,51.1704],[0.0243,51.1704],[0.027,51.1704],[0.0298,51.1704],[0.0298,51.1721],[0.0325,51.1721],[0.0352,51.1721],[0.038,51.1721],[0.0407,51.1721],[0.0407,51.1738],[0.0435,51.1738],[0.0462,51.1738],[0.0462,51.1755],[0.0489,51.1755],[0.0517,51.1755],[0.0517,51.1773],[0.0544,51.1773],[0.0544,51.179],[0.0572,51.179],[0.0599,51.179],[0.0626,51.179],[0.0654,51.179],[0.0681,51.179],[0.0681,51.1807],[0.0709,51.1807],[0.0736,51.1807],[0.0763,51.1807],[0.0791,51.1807],[0.0818,51.1824],[0.0846,51.1824],[0.0846,51.1841],[0.0846,51.1858],[0.0873,51.1858],[0.09,51.1858],[0.0928,51.1858],[0.0955,51.1858],[0.0955,51.1841],[0.0955,51.1824],[0.0983,51.1824],[0.0983,51.1841],[0.0983,51.1858],[0.101,51.1858],[0.1037,51.1858],[0.1037,51.1841],[0.1065,51.1841],[0.1092,51.1841],[0.112,51.1841],[0.112,51.1858],[0.112,51.1876],[0.112,51.1893],[0.112,51.191],[0.1092,51.191],[0.1092,51.1927],[0.1092,51.1944],[0.1092,51.1961],[0.112,51.1961],[0.1147,51.1961],[0.1174,51.1961],[0.1202,51.1961],[0.1229,51.1961],[0.1257,51.1961],[0.1284,51.1961],[0.1284,51.1979],[0.1284,51.1996],[0.1311,51.1996],[0.1311,51.1979],[0.1339,51.1979],[0.1339,51.1961],[0.1366,51.1961],[0.1394,51.1961],[0.1421,51.1961],[0.1448,51.1961],[0.1476,51.1961],[0.1503,51.1961],[0.1531,51.1961],[0.1558,51.1961],[0.1585,51.1961],[0.1585,51.1944],[0.1613,51.1944],[0.1613,51.1927],[0.164,51.1927],[0.1668,51.1927],[0.1695,51.1927],[0.1722,51.191],[0.1722,51.1927],[0.175,51.1927],[0.175,51.1944],[0.1777,51.1944],[0.1805,51.1944],[0.1832,51.1944],[0.1859,51.1944],[0.1887,51.1944],[0.1887,51.1961],[0.1914,51.1961],[0.1942,51.1961],[0.1969,51.1961],[0.1996,51.1961],[0.2024,51.1961],[0.2051,51.1961],[0.2079,51.1961],[0.2106,51.1961],[0.2106,51.1944],[0.2106,51.1927],[0.2079,51.1927],[0.2079,51.191],[0.2106,51.191],[0.2106,51.1893],[0.2106,51.1876],[0.2133,51.1858],[0.2133,51.1841],[0.2161,51.1841],[0.2161,51.1824],[0.2188,51.1824],[0.2188,51.1807],[0.2188,51.179],[0.2216,51.179],[0.2216,51.1773],[0.2243,51.1773],[0.227,51.1773],[0.2298,51.1773],[0.2325,51.1773],[0.2325,51.179],[0.2325,51.1807],[0.2353,51.1807],[0.238,51.1807],[0.2407,51.1807],[0.2407,51.1824],[0.2435,51.1824],[0.2462,51.1824],[0.249,51.1824],[0.2517,51.1824],[0.2517,51.1841],[0.2544,51.1841],[0.2544,51.1824],[0.2572,51.1824],[0.2599,51.1824],[0.2599,51.1807],[0.2626,51.1807],[0.2654,51.1807],[0.2681,51.1807],[0.2709,51.1807],[0.2736,51.1807],[0.2763,51.1807],[0.2791,51.1807],[0.2791,51.179],[0.2818,51.179],[0.2818,51.1807],[0.2846,51.1807],[0.2846,51.179],[0.2873,51.179],[0.2873,51.1807],[0.2846,51.1807],[0.2846,51.1824],[0.2846,51.1841],[0.2873,51.1841],[0.2873,51.1858],[0.29,51.1858],[0.2928,51.1858],[0.2955,51.1858],[0.2955,51.1841],[0.2983,51.1841],[0.2983,51.1858],[0.301,51.1858],[0.3037,51.1858],[0.3065,51.1858],[0.3092,51.1858],[0.312,51.1858],[0.3147,51.1858],[0.3174,51.1858],[0.3174,51.1841],[0.3174,51.1824],[0.3202,51.1824],[0.3202,51.1807],[0.3202,51.179],[0.3229,51.179],[0.3229,51.1807],[0.3257,51.1807],[0.3257,51.179],[0.3284,51.179],[0.3311,51.179],[0.3311,51.1773],[0.3339,51.1773],[0.3366,51.1773],[0.3394,51.1755],[0.3421,51.1755],[0.3448,51.1755],[0.3448,51.1738],[0.3476,51.1738],[0.3476,51.1721],[0.3503,51.1721],[0.3503,51.1704],[0.3531,51.1704],[0.3558,51.1704],[0.3585,51.1704],[0.3613,51.1704],[0.3613,51.1687],[0.364,51.1687],[0.364,51.167],[0.3668,51.167],[0.3695,51.167],[0.3695,51.1652],[0.3695,51.1635],[0.3695,51.1618],[0.3722,51.1618],[0.3722,51.1601],[0.3722,51.1584],[0.375,51.1584],[0.3777,51.1584],[0.3777,51.1566],[0.3805,51.1566],[0.3832,51.1566],[0.3859,51.1566],[0.3887,51.1549],[0.3914,51.1549],[0.3942,51.1532],[0.3969,51.1532],[0.3996,51.1532],[0.3996,51.1549],[0.4024,51.1549],[0.4051,51.1549],[0.4079,51.1549],[0.4106,51.1549],[0.4133,51.1549],[0.4161,51.1549],[0.4188,51.1549],[0.4216,51.1549],[0.4216,51.1532],[0.4216,51.1515],[0.4243,51.1515],[0.4243,51.1498],[0.4243,51.1481],[0.4243,51.1463],[0.4216,51.1463],[0.4216,51.1446],[0.4216,51.1429],[0.4216,51.1412],[0.4216,51.1395],[0.4216,51.1377],[0.4188,51.136],[0.4188,51.1343],[0.4188,51.1326],[0.4216,51.1326],[0.4216,51.1309],[0.4216,51.1291],[0.4243,51.1291],[0.427,51.1291],[0.4298,51.1291],[0.4325,51.1291],[0.4353,51.1291],[0.4353,51.1274],[0.4353,51.1257],[0.438,51.1257],[0.438,51.1274],[0.4407,51.1274],[0.4435,51.1274],[0.4462,51.1274],[0.4462,51.1291],[0.449,51.1291],[0.449,51.1309],[0.4517,51.1309],[0.4517,51.1326],[0.4544,51.1326],[0.4572,51.1326],[0.4572,51.1309],[0.4599,51.1309],[0.4627,51.1309],[0.4627,51.1326],[0.4654,51.1326],[0.4654,51.1343],[0.4681,51.1343],[0.4709,51.136],[0.4736,51.136],[0.4736,51.1377],[0.4764,51.1377],[0.4791,51.1377],[0.4791,51.1395],[0.4818,51.1395],[0.4846,51.1395],[0.4846,51.1377],[0.4846,51.136],[0.4846,51.1343],[0.4846,51.1326],[0.4873,51.1326],[0.4873,51.1309],[0.4873,51.1291],[0.4873,51.1274],[0.4846,51.1274],[0.4846,51.1257],[0.4846,51.124],[0.4818,51.124],[0.4818,51.1223],[0.4818,51.1205],[0.4818,51.1188],[0.4818,51.1171],[0.4818,51.1154],[0.4818,51.1137],[0.4846,51.1137],[0.4846,51.1119],[0.4873,51.1102],[0.4901,51.1102],[0.4928,51.1102],[0.4955,51.1102],[0.4983,51.1102],[0.501,51.1102],[0.5038,51.1102],[0.5065,51.1102],[0.5092,51.1102],[0.512,51.1102],[0.512,51.1119],[0.5147,51.1119],[0.5175,51.1119],[0.5202,51.1119],[0.5229,51.1119],[0.5229,51.1137],[0.5257,51.1137],[0.5284,51.1137],[0.5312,51.1137],[0.5339,51.1119],[0.5366,51.1119],[0.5366,51.1102],[0.5394,51.1102],[0.5421,51.1102],[0.5449,51.1102],[0.5449,51.1085],[0.5476,51.1085],[0.5503,51.1085],[0.5531,51.1085],[0.5531,51.1068],[0.5558,51.1068],[0.5586,51.1068],[0.5586,51.1085],[0.5613,51.1085],[0.564,51.1085],[0.564,51.1068],[0.5668,51.1068],[0.5668,51.1051],[0.5668,51.1033],[0.5668,51.1016],[0.5668,51.0999],[0.5695,51.0999],[0.5723,51.0999],[0.575,51.0999],[0.5777,51.0999],[0.5777,51.1016],[0.5805,51.1016],[0.5832,51.1016],[0.586,51.1016],[0.5887,51.1016],[0.5887,51.1033],[0.5914,51.1033],[0.5942,51.1033],[0.5942,51.1051],[0.5969,51.1051],[0.5969,51.1033],[0.5997,51.1033],[0.6024,51.1033],[0.6024,51.1016],[0.6051,51.1016],[0.6079,51.1016],[0.6079,51.0999],[0.6106,51.0999],[0.6134,51.0999],[0.6161,51.0982],[0.6161,51.0965],[0.6134,51.0965],[0.6134,51.0947],[0.6161,51.0947],[0.6161,51.093],[0.6134,51.093],[0.6134,51.0913],[0.6161,51.0913],[0.6161,51.0896],[0.6161,51.0879],[0.6134,51.0879],[0.6161,51.0861],[0.6188,51.0861],[0.6188,51.0844],[0.6216,51.0861],[0.6216,51.0879],[0.6243,51.0896],[0.6243,51.0879],[0.6271,51.0879],[0.6298,51.0879],[0.6298,51.0861],[0.6325,51.0861],[0.6353,51.0861],[0.638,51.0861],[0.6408,51.0861],[0.6435,51.0861],[0.6462,51.0861],[0.6462,51.0844],[0.649,51.0844],[0.649,51.0827],[0.6517,51.0827],[0.6544,51.0827],[0.6572,51.0827],[0.6572,51.0844],[0.6599,51.0844],[0.6599,51.0827],[0.6627,51.0827],[0.6654,51.0827],[0.6681,51.0827],[0.6709,51.0827],[0.6709,51.0844],[0.6736,51.0844],[0.6764,51.0844],[0.6791,51.0844],[0.6818,51.0844],[0.6846,51.0844],[0.6873,51.0844],[0.6873,51.0827],[0.6901,51.0827],[0.6901,51.081],[0.6901,51.0792],[0.6873,51.0775],[0.6873,51.0758],[0.6873,51.0741],[0.6873,51.0724],[0.6873,51.0706],[0.6846,51.0706],[0.6846,51.0689],[0.6818,51.0689],[0.6791,51.0689],[0.6791,51.0706],[0.6764,51.0706],[0.6736,51.0706],[0.6736,51.0689],[0.6709,51.0689],[0.6681,51.0689],[0.6654,51.0689],[0.6627,51.0689],[0.6627,51.0672],[0.6599,51.0672],[0.6599,51.0655],[0.6627,51.0655],[0.6654,51.0655],[0.6681,51.0655],[0.6709,51.0655],[0.6736,51.0655],[0.6764,51.0655],[0.6791,51.0655],[0.6818,51.0655],[0.6846,51.0655],[0.6846,51.0638],[0.6873,51.0638],[0.6873,51.062],[0.6901,51.062],[0.6901,51.0603],[0.6928,51.0603],[0.6955,51.0603],[0.6955,51.062],[0.6983,51.062],[0.6983,51.0638],[0.701,51.0638],[0.701,51.0655],[0.7038,51.0655],[0.7065,51.0655],[0.7065,51.0672],[0.7065,51.0689],[0.7092,51.0689],[0.7092,51.0706],[0.7065,51.0706],[0.7065,51.0724],[0.7092,51.0724],[0.712,51.0724],[0.7147,51.0724],[0.7175,51.0724],[0.7202,51.0724],[0.7202,51.0741],[0.7229,51.0741],[0.7257,51.0741],[0.7284,51.0741],[0.7284,51.0724],[0.7312,51.0724],[0.7312,51.0706],[0.7312,51.0689],[0.7312,51.0672],[0.7339,51.0672],[0.7339,51.0655],[0.7366,51.0655],[0.7366,51.0638],[0.7366,51.062],[0.7394,51.062],[0.7394,51.0603],[0.7421,51.0603],[0.7421,51.0586],[0.7421,51.0569],[0.7449,51.0569],[0.7449,51.0551],[0.7449,51.0534],[0.7476,51.0534],[0.7476,51.0517],[0.7476,51.05],[0.7476,51.0483],[0.7476,51.0465],[0.7476,51.0448],[0.7449,51.0431],[0.7449,51.0414],[0.7476,51.0414],[0.7476,51.0396],[0.7503,51.0396],[0.7503,51.0379],[0.7531,51.0379],[0.7558,51.0379],[0.7586,51.0379],[0.7586,51.0362],[0.7586,51.0345],[0.7586,51.0328],[0.7586,51.031],[0.7586,51.0293],[0.7613,51.0293],[0.7613,51.0276],[0.764,51.0276],[0.7668,51.0276],[0.7668,51.0259],[0.7695,51.0259],[0.7695,51.0276],[0.7723,51.0276],[0.775,51.0276],[0.7777,51.0276],[0.7777,51.0259],[0.7777,51.0241],[0.7805,51.0241],[0.7805,51.0224],[0.7832,51.0224],[0.7805,51.0207],[0.7805,51.019],[0.7805,51.0172],[0.7777,51.0155],[0.7777,51.0138],[0.7777,51.0121],[0.775,51.0103],[0.775,51.0086],[0.775,51.0069],[0.775,51.0052],[0.7723,51.0052],[0.7723,51.0034],[0.7695,51.0017],[0.7695,51],[0.7695,50.9983],[0.7668,50.9983],[0.7668,50.9966],[0.7668,50.9948],[0.764,50.9948],[0.764,50.9931],[0.7613,50.9931],[0.7613,50.9914],[0.7613,50.9897],[0.7586,50.9897],[0.7586,50.9879],[0.7586,50.9862],[0.7586,50.9828],[0.7558,50.981],[0.7558,50.9793],[0.7558,50.9776],[0.7531,50.9741],[0.7531,50.9724],[0.7531,50.9707],[0.7503,50.9707],[0.7503,50.969],[0.7476,50.969],[0.7449,50.969],[0.7449,50.9707],[0.7449,50.9724],[0.7421,50.9724],[0.7394,50.9724],[0.7394,50.9707],[0.7366,50.9707],[0.7366,50.969],[0.7339,50.969],[0.7312,50.969],[0.7312,50.9672],[0.7312,50.9655],[0.7312,50.9638],[0.7312,50.9621],[0.7284,50.9621],[0.7312,50.9603],[0.7312,50.9586],[0.7312,50.9569],[0.7284,50.9569],[0.7284,50.9551],[0.7284,50.9534],[0.7257,50.9534],[0.7257,50.9551],[0.7229,50.9551],[0.7202,50.9551],[0.7202,50.9534],[0.7202,50.9517],[0.7175,50.9517],[0.7175,50.95],[0.7147,50.9482],[0.712,50.9465],[0.712,50.9448],[0.7147,50.9448],[0.7175,50.9448],[0.7175,50.9465],[0.7175,50.9482],[0.7202,50.9482],[0.7229,50.9482],[0.7257,50.9482],[0.7284,50.9482],[0.7284,50.9465],[0.7312,50.9465],[0.7312,50.9448],[0.7284,50.9448],[0.7284,50.9431],[0.7284,50.9413],[0.7257,50.9413],[0.7257,50.9396],[0.7257,50.9379],[0.7257,50.9362],[0.7257,50.9344],[0.7257,50.9327],[0.7257,50.931],[0.7229,50.931],[0.7229,50.9293],[0.7202,50.9293],[0.7202,50.9275],[0.7175,50.9275],[0.7147,50.9275],[0.7147,50.9258],[0.7147,50.9241],[0.7175,50.9241],[0.7202,50.9241],[0.7202,50.9223],[0.7229,50.9223],[0.7229,50.9241],[0.7257,50.9241],[0.7257,50.9223],[0.7257,50.9206],[0.7257,50.9189],[0.7229,50.9189],[0.7229,50.9172],[0.7202,50.9172],[0.7202,50.9154],[0.7202,50.9137],[0.7175,50.9137],[0.7175,50.912],[0.7202,50.912],[0.7202,50.9103],[0.7175,50.9085],[0.7175,50.9068],[0.7202,50.9068],[0.7202,50.9051],[0.7175,50.9051],[0.7175,50.9033],[0.7147,50.9033],[0.7147,50.9016],[0.712,50.9016],[0.712,50.8999],[0.7092,50.8999],[0.7092,50.8982],[0.7065,50.8982],[0.7065,50.8964],[0.7038,50.8964],[0.701,50.8964],[0.701,50.8947],[0.6983,50.8947],[0.6983,50.893],[0.6955,50.893],[0.6955,50.8912],[0.6928,50.8912],[0.6928,50.8895],[0.6901,50.8895],[0.6901,50.8912],[0.6901,50.893],[0.6928,50.8947],[0.6901,50.8947],[0.6873,50.893],[0.6873,50.8912],[0.6846,50.893],[0.6846,50.8912],[0.6818,50.8912],[0.6818,50.893],[0.6791,50.893],[0.6764,50.893],[0.6764,50.8912],[0.6791,50.8912],[0.6791,50.8895],[0.6818,50.8895],[0.6818,50.8878],[0.6791,50.8878],[0.6791,50.8861],[0.6791,50.8843],[0.6818,50.8843],[0.6818,50.8861],[0.6846,50.8861],[0.6846,50.8878],[0.6846,50.8895],[0.6846,50.8912],[0.6873,50.8912],[0.6873,50.8895],[0.6901,50.8895],[0.6901,50.8878],[0.6873,50.8878],[0.6873,50.8861],[0.6873,50.8843],[0.6846,50.8843],[0.6846,50.8826],[0.6818,50.8826],[0.6818,50.8809],[0.6791,50.8809],[0.6791,50.8791],[0.6764,50.8791],[0.6764,50.8809],[0.6736,50.8809],[0.6709,50.8791],[0.6709,50.8809],[0.6681,50.8809],[0.6681,50.8791],[0.6654,50.8791],[0.6627,50.8791],[0.6627,50.8809],[0.6654,50.8809],[0.6654,50.8826],[0.6627,50.8809],[0.6599,50.8809],[0.6572,50.8809],[0.6572,50.8791],[0.6544,50.8791],[0.6517,50.8791],[0.649,50.8791],[0.6462,50.8791],[0.6462,50.8774],[0.6435,50.8774],[0.6435,50.8757],[0.6435,50.874],[0.6462,50.874],[0.6462,50.8757],[0.6462,50.8774],[0.649,50.8774],[0.6517,50.8774],[0.6544,50.8774],[0.6572,50.8774],[0.6599,50.8774],[0.6599,50.8757],[0.6572,50.874],[0.6572,50.8722],[0.6599,50.8722],[0.6627,50.8722],[0.6654,50.8722],[0.6654,50.8705],[0.6627,50.8705],[0.6599,50.8705],[0.6599,50.8688],[0.6572,50.8688],[0.6544,50.8688],[0.6517,50.8688],[0.6517,50.867],[0.649,50.867],[0.6462,50.867],[0.6435,50.867],[0.6408,50.867],[0.6408,50.8653],[0.638,50.8653],[0.6353,50.8653],[0.6325,50.8653],[0.6325,50.8636],[0.6298,50.8636],[0.6298,50.8619],[0.6271,50.8619],[0.6271,50.8601],[0.6243,50.8601],[0.6216,50.8601],[0.6188,50.8601],[0.6161,50.8601],[0.6134,50.8601],[0.6134,50.8584],[0.6106,50.8584],[0.6079,50.8584],[0.6051,50.8584],[0.6051,50.8567],[0.6024,50.8567],[0.5997,50.8567],[0.5969,50.8567],[0.5942,50.8567]]],[[[0.6243,50.8861],[0.6271,50.8861],[0.6271,50.8878],[0.6243,50.8878],[0.6243,50.8861]]],[[[0.249,50.9586],[0.2517,50.9586],[0.2544,50.9586],[0.2544,50.9603],[0.2572,50.9603],[0.2599,50.9603],[0.2572,50.9586],[0.2599,50.9586],[0.2599,50.9603],[0.2626,50.9603],[0.2626,50.9586],[0.2654,50.9586],[0.2654,50.9603],[0.2654,50.9621],[0.2626,50.9621],[0.2626,50.9638],[0.2599,50.9655],[0.2599,50.9672],[0.2572,50.9672],[0.2572,50.969],[0.2572,50.9707],[0.2599,50.9707],[0.2626,50.9707],[0.2626,50.9724],[0.2626,50.9741],[0.2599,50.9741],[0.2572,50.9741],[0.2544,50.9741],[0.2517,50.9759],[0.2517,50.9741],[0.249,50.9741],[0.249,50.9724],[0.2462,50.9724],[0.2462,50.9707],[0.2435,50.9707],[0.2407,50.9707],[0.238,50.9707],[0.238,50.9724],[0.2353,50.9724],[0.2353,50.9707],[0.2353,50.969],[0.2353,50.9672],[0.238,50.9672],[0.2407,50.9672],[0.2407,50.969],[0.2435,50.969],[0.2435,50.9672],[0.2462,50.9672],[0.2462,50.9655],[0.2462,50.9638],[0.249,50.9638],[0.249,50.9621],[0.249,50.9603],[0.249,50.9586]]],[[[-0.2579,51.0121],[-0.2552,51.0121],[-0.2552,51.0138],[-0.2579,51.0138],[-0.2579,51.0121]]],[[[0.1722,51.0345],[0.175,51.0345],[0.175,51.0362],[0.1777,51.0362],[0.1777,51.0379],[0.1777,51.0396],[0.1805,51.0396],[0.1832,51.0396],[0.1832,51.0414],[0.1859,51.0414],[0.1859,51.0431],[0.1887,51.0431],[0.1914,51.0431],[0.1942,51.0431],[0.1942,51.0448],[0.1969,51.0448],[0.1969,51.0465],[0.1969,51.0483],[0.1942,51.05],[0.1942,51.0517],[0.1914,51.0517],[0.1914,51.0534],[0.1887,51.0534],[0.1887,51.0551],[0.1887,51.0569],[0.1859,51.0569],[0.1859,51.0586],[0.1859,51.0603],[0.1832,51.0603],[0.1832,51.062],[0.1832,51.0638],[0.1805,51.0638],[0.1777,51.0638],[0.175,51.062],[0.1722,51.062],[0.1695,51.062],[0.1668,51.062],[0.164,51.062],[0.164,51.0638],[0.1668,51.0655],[0.164,51.0655],[0.164,51.0672],[0.1613,51.0672],[0.1585,51.0672],[0.1585,51.0689],[0.1558,51.0689],[0.1531,51.0689],[0.1531,51.0706],[0.1531,51.0724],[0.1503,51.0724],[0.1503,51.0706],[0.1476,51.0706],[0.1476,51.0689],[0.1448,51.0689],[0.1448,51.0672],[0.1448,51.0655],[0.1421,51.0655],[0.1421,51.0672],[0.1421,51.0689],[0.1421,51.0706],[0.1394,51.0689],[0.1394,51.0672],[0.1394,51.0655],[0.1394,51.0638],[0.1421,51.0638],[0.1421,51.062],[0.1448,51.062],[0.1448,51.0638],[0.1476,51.0638],[0.1476,51.062],[0.1476,51.0603],[0.1448,51.0603],[0.1448,51.0586],[0.1448,51.0569],[0.1448,51.0551],[0.1476,51.0534],[0.1448,51.0534],[0.1448,51.0517],[0.1448,51.05],[0.1421,51.05],[0.1421,51.0483],[0.1421,51.0465],[0.1421,51.0448],[0.1448,51.0465],[0.1476,51.0465],[0.1476,51.0483],[0.1503,51.0483],[0.1503,51.0465],[0.1531,51.0465],[0.1531,51.0448],[0.1558,51.0448],[0.1558,51.0431],[0.1585,51.0414],[0.1558,51.0414],[0.1531,51.0414],[0.1531,51.0396],[0.1558,51.0396],[0.1585,51.0396],[0.1613,51.0396],[0.1613,51.0379],[0.164,51.0379],[0.1668,51.0379],[0.1695,51.0379],[0.1695,51.0362],[0.1722,51.0362],[0.1722,51.0345]]],[[[0.2736,51.1119],[0.2763,51.1119],[0.2763,51.1137],[0.2791,51.1137],[0.2818,51.1137],[0.2846,51.1137],[0.2846,51.1154],[0.2873,51.1154],[0.29,51.1154],[0.2928,51.1154],[0.2928,51.1171],[0.29,51.1188],[0.29,51.1205],[0.29,51.1223],[0.2873,51.1223],[0.2873,51.124],[0.2846,51.124],[0.2846,51.1257],[0.2846,51.1274],[0.2873,51.1274],[0.2873,51.1291],[0.29,51.1291],[0.29,51.1309],[0.29,51.1326],[0.29,51.1343],[0.29,51.136],[0.29,51.1377],[0.2928,51.1377],[0.2928,51.1395],[0.2955,51.1395],[0.2983,51.1395],[0.2983,51.1412],[0.301,51.1412],[0.3037,51.1412],[0.3065,51.1429],[0.3092,51.1429],[0.3092,51.1446],[0.312,51.1446],[0.3147,51.1446],[0.3147,51.1429],[0.3174,51.1429],[0.3202,51.1429],[0.3202,51.1412],[0.3229,51.1412],[0.3257,51.1412],[0.3257,51.1395],[0.3284,51.1395],[0.3284,51.1412],[0.3311,51.1412],[0.3311,51.1395],[0.3339,51.1395],[0.3366,51.1395],[0.3366,51.1412],[0.3339,51.1412],[0.3311,51.1412],[0.3311,51.1429],[0.3311,51.1446],[0.3311,51.1463],[0.3339,51.1481],[0.3311,51.1481],[0.3311,51.1498],[0.3311,51.1515],[0.3339,51.1515],[0.3339,51.1532],[0.3339,51.1549],[0.3311,51.1549],[0.3284,51.1549],[0.3257,51.1549],[0.3257,51.1532],[0.3284,51.1532],[0.3284,51.1515],[0.3257,51.1515],[0.3257,51.1498],[0.3257,51.1481],[0.3229,51.1481],[0.3229,51.1463],[0.3202,51.1463],[0.3174,51.1463],[0.3147,51.1463],[0.312,51.1463],[0.3092,51.1463],[0.3065,51.1463],[0.3065,51.1481],[0.3092,51.1481],[0.3092,51.1498],[0.312,51.1498],[0.3092,51.1515],[0.3092,51.1498],[0.3065,51.1498],[0.3065,51.1481],[0.3037,51.1498],[0.3037,51.1481],[0.301,51.1481],[0.2983,51.1481],[0.2983,51.1498],[0.2983,51.1515],[0.2983,51.1532],[0.2983,51.1549],[0.2955,51.1549],[0.2955,51.1566],[0.2955,51.1584],[0.2928,51.1601],[0.2928,51.1618],[0.29,51.1618],[0.2873,51.1618],[0.2846,51.1618],[0.2818,51.1618],[0.2791,51.1618],[0.2791,51.1601],[0.2763,51.1601],[0.2763,51.1584],[0.2763,51.1566],[0.2736,51.1566],[0.2736,51.1549],[0.2709,51.1549],[0.2681,51.1549],[0.2681,51.1566],[0.2681,51.1584],[0.2681,51.1601],[0.2709,51.1601],[0.2709,51.1618],[0.2681,51.1618],[0.2681,51.1635],[0.2654,51.1635],[0.2654,51.1618],[0.2626,51.1618],[0.2599,51.1618],[0.2599,51.1635],[0.2572,51.1635],[0.2572,51.1652],[0.2544,51.1652],[0.2544,51.167],[0.2517,51.167],[0.2517,51.1687],[0.2517,51.1704],[0.2544,51.1704],[0.2544,51.1721],[0.2517,51.1721],[0.249,51.1721],[0.249,51.1704],[0.2462,51.1704],[0.2435,51.1704],[0.2407,51.1704],[0.238,51.1704],[0.2353,51.1704],[0.2325,51.1704],[0.2298,51.1704],[0.2298,51.1687],[0.2325,51.1687],[0.2325,51.167],[0.2353,51.167],[0.2353,51.1652],[0.238,51.1652],[0.2407,51.1652],[0.2407,51.167],[0.2435,51.167],[0.2435,51.1687],[0.2462,51.1687],[0.2462,51.167],[0.2435,51.1652],[0.2462,51.1652],[0.249,51.1652],[0.2517,51.1652],[0.2517,51.1635],[0.2544,51.1635],[0.2544,51.1618],[0.2544,51.1601],[0.2517,51.1601],[0.2517,51.1584],[0.249,51.1584],[0.249,51.1566],[0.2462,51.1566],[0.2462,51.1549],[0.249,51.1549],[0.249,51.1532],[0.2462,51.1532],[0.2462,51.1515],[0.2435,51.1515],[0.2407,51.1515],[0.2407,51.1498],[0.2407,51.1481],[0.2407,51.1463],[0.238,51.1463],[0.238,51.1446],[0.2353,51.1446],[0.2353,51.1429],[0.2325,51.1429],[0.2325,51.1412],[0.2298,51.1412],[0.2298,51.1395],[0.227,51.1395],[0.2243,51.1395],[0.2243,51.1377],[0.2243,51.136],[0.2216,51.136],[0.2188,51.136],[0.2161,51.136],[0.2161,51.1343],[0.2133,51.1343],[0.2106,51.1343],[0.2106,51.136],[0.2079,51.136],[0.2051,51.136],[0.2051,51.1343],[0.2051,51.1326],[0.2051,51.1309],[0.2024,51.1309],[0.2024,51.1291],[0.2051,51.1291],[0.2079,51.1291],[0.2106,51.1291],[0.2133,51.1291],[0.2161,51.1291],[0.2161,51.1274],[0.2161,51.1257],[0.2161,51.124],[0.2188,51.124],[0.2216,51.124],[0.2243,51.124],[0.227,51.124],[0.2298,51.124],[0.2325,51.124],[0.2353,51.124],[0.238,51.124],[0.238,51.1223],[0.238,51.1205],[0.238,51.1188],[0.2435,51.1171],[0.2435,51.1154],[0.2462,51.1154],[0.249,51.1154],[0.249,51.1137],[0.2517,51.1137],[0.2544,51.1137],[0.2572,51.1137],[0.2599,51.1137],[0.2626,51.1137],[0.2654,51.1137],[0.2654,51.1154],[0.2681,51.1154],[0.2681,51.1137],[0.2709,51.1137],[0.2736,51.1137],[0.2736,51.1119]]],[[[0.2298,51.1652],[0.2298,51.167],[0.227,51.167],[0.2298,51.1652]]]]},"properties":{"NAME":"High Weald","CODE":"14","DESIG_DATE":"Oct-83"}},{"type":"Feature","geometry":{"type":"Polygon","coordinates":[[[-0.9675,50.7874],[-0.9703,50.7874],[-0.9703,50.7892],[-0.9703,50.7909],[-0.9703,50.7926],[-0.9675,50.7926],[-0.9675,50.7944],[-0.9648,50.7944],[-0.9648,50.7961],[-0.9621,50.7961],[-0.9621,50.7978],[-0.9593,50.7978],[-0.9621,50.7996],[-0.9621,50.8013],[-0.9621,50.803],[-0.9648,50.803],[-0.9675,50.8013],[-0.9703,50.7996],[-0.9703,50.8013],[-0.973,50.8013],[-0.973,50.803],[-0.973,50.8048],[-0.973,50.8065],[-0.9758,50.8065],[-0.9758,50.8082],[-0.973,50.8082],[-0.973,50.8099],[-0.973,50.8117],[-0.9703,50.8117],[-0.9703,50.8099],[-0.9675,50.8099],[-0.9675,50.8117],[-0.9648,50.8117],[-0.9621,50.8117],[-0.9593,50.8117],[-0.9593,50.8099],[-0.9566,50.8099],[-0.9566,50.8117],[-0.9566,50.8134],[-0.9593,50.8151],[-0.9593,50.8169],[-0.9593,50.8186],[-0.9593,50.8203],[-0.9566,50.8203],[-0.9566,50.8221],[-0.9538,50.8221],[-0.9538,50.8238],[-0.9538,50.8255],[-0.9538,50.8273],[-0.9538,50.829],[-0.9593,50.829],[-0.9621,50.829],[-0.9648,50.829],[-0.9675,50.829],[-0.9703,50.829],[-0.9703,50.8307],[-0.973,50.8307],[-0.9758,50.8307],[-0.9785,50.8307],[-0.9785,50.8324],[-0.9785,50.8342],[-0.9785,50.8359],[-0.9812,50.8359],[-0.9812,50.8376],[-0.9812,50.8394],[-0.984,50.8394],[-0.984,50.8411],[-0.9812,50.8411],[-0.9812,50.8428],[-0.9812,50.8446],[-0.9785,50.8446],[-0.9785,50.8463],[-0.9758,50.8463],[-0.973,50.8463],[-0.9703,50.8463],[-0.9703,50.848],[-0.9675,50.848],[-0.9648,50.848],[-0.9648,50.8497],[-0.9621,50.8497],[-0.9593,50.8497],[-0.9566,50.8497],[-0.9566,50.848],[-0.9538,50.848],[-0.9538,50.8463],[-0.9538,50.8446],[-0.9511,50.8446],[-0.9511,50.8428],[-0.9484,50.8428],[-0.9456,50.8428],[-0.9429,50.8428],[-0.9401,50.8428],[-0.9401,50.8446],[-0.9401,50.8463],[-0.9401,50.848],[-0.9374,50.848],[-0.9347,50.848],[-0.9347,50.8463],[-0.9319,50.8463],[-0.9292,50.8463],[-0.9264,50.8463],[-0.9237,50.8463],[-0.921,50.8463],[-0.9182,50.8463],[-0.9155,50.8463],[-0.9155,50.8446],[-0.9127,50.8446],[-0.91,50.8446],[-0.9073,50.8446],[-0.9045,50.8446],[-0.9018,50.8446],[-0.899,50.8446],[-0.8963,50.8446],[-0.8963,50.8428],[-0.8936,50.8428],[-0.8908,50.8428],[-0.8881,50.8428],[-0.8853,50.8428],[-0.8826,50.8428],[-0.8799,50.8428],[-0.8771,50.8428],[-0.8744,50.8428],[-0.8744,50.8411],[-0.8716,50.8411],[-0.8689,50.8411],[-0.8662,50.8411],[-0.8662,50.8428],[-0.8634,50.8428],[-0.8607,50.8428],[-0.8607,50.8411],[-0.8579,50.8411],[-0.8552,50.8411],[-0.8525,50.8411],[-0.8497,50.8411],[-0.847,50.8411],[-0.847,50.8394],[-0.8442,50.8394],[-0.8415,50.8394],[-0.8415,50.8376],[-0.8388,50.8376],[-0.836,50.8376],[-0.8333,50.8376],[-0.8305,50.8376],[-0.8278,50.8376],[-0.8251,50.8376],[-0.8223,50.8359],[-0.8196,50.8359],[-0.8168,50.8359],[-0.8141,50.8359],[-0.8114,50.8359],[-0.8086,50.8359],[-0.8059,50.8359],[-0.8059,50.8342],[-0.8031,50.8342],[-0.8031,50.8324],[-0.8031,50.8307],[-0.8031,50.829],[-0.8031,50.8273],[-0.8031,50.8255],[-0.8031,50.8238],[-0.8031,50.8221],[-0.8059,50.8221],[-0.8059,50.8203],[-0.8059,50.8186],[-0.8059,50.8169],[-0.8031,50.8169],[-0.8031,50.8151],[-0.8031,50.8134],[-0.8031,50.8117],[-0.8031,50.8099],[-0.8031,50.8082],[-0.8059,50.8082],[-0.8059,50.8065],[-0.8059,50.8048],[-0.8086,50.8048],[-0.8086,50.803],[-0.8086,50.8013],[-0.8114,50.8013],[-0.8141,50.8013],[-0.8141,50.7996],[-0.8168,50.7996],[-0.8168,50.7978],[-0.8196,50.7978],[-0.8223,50.7978],[-0.8223,50.7961],[-0.8251,50.7961],[-0.8251,50.7944],[-0.8278,50.7944],[-0.8305,50.7926],[-0.836,50.7909],[-0.8388,50.7909],[-0.8388,50.7892],[-0.8415,50.7892],[-0.8442,50.7892],[-0.8442,50.7874],[-0.847,50.7874],[-0.8497,50.7874],[-0.8525,50.7874],[-0.8552,50.7874],[-0.8579,50.7874],[-0.8607,50.7874],[-0.8634,50.7874],[-0.8662,50.7874],[-0.8689,50.7874],[-0.8716,50.7874],[-0.8744,50.7874],[-0.8771,50.7874],[-0.8771,50.7857],[-0.8799,50.7857],[-0.8799,50.7874],[-0.8826,50.7874],[-0.8853,50.7874],[-0.8881,50.7857],[-0.8881,50.784],[-0.8908,50.784],[-0.8908,50.7822],[-0.8936,50.7822],[-0.8936,50.7805],[-0.8963,50.7805],[-0.899,50.7805],[-0.899,50.7788],[-0.9018,50.7788],[-0.9018,50.777],[-0.9045,50.777],[-0.9045,50.7753],[-0.9073,50.7753],[-0.9073,50.7736],[-0.91,50.7736],[-0.9127,50.7736],[-0.9155,50.7736],[-0.9155,50.7753],[-0.9182,50.7753],[-0.921,50.7753],[-0.921,50.7736],[-0.9237,50.7736],[-0.9264,50.7736],[-0.9264,50.7753],[-0.9237,50.7753],[-0.9237,50.777],[-0.9264,50.777],[-0.9319,50.777],[-0.9374,50.777],[-0.9374,50.7753],[-0.9374,50.7736],[-0.9401,50.7736],[-0.9401,50.7718],[-0.9429,50.7718],[-0.9456,50.7718],[-0.9429,50.7736],[-0.9429,50.7753],[-0.9429,50.777],[-0.9429,50.7788],[-0.9429,50.7805],[-0.9401,50.7805],[-0.9401,50.7822],[-0.9374,50.7822],[-0.9374,50.784],[-0.9401,50.784],[-0.9429,50.784],[-0.9456,50.784],[-0.9456,50.7822],[-0.9484,50.7822],[-0.9511,50.7822],[-0.9511,50.784],[-0.9538,50.7874],[-0.9566,50.7874],[-0.9593,50.7874],[-0.9593,50.7892],[-0.9621,50.7892],[-0.9621,50.7874],[-0.9648,50.7874],[-0.9675,50.7874]]]},"properties":{"NAME":"Chichester Harbour","CODE":"4","DESIG_DATE":"Feb-64"}},{"type":"Feature","geometry":{"type":"MultiPolygon","coordinates":[[[[-1.9758,55.744],[-1.9758,55.7456],[-1.9785,55.7456],[-1.9785,55.7471],[-1.9785,55.7486],[-1.9758,55.7486],[-1.9758,55.7471],[-1.9731,55.7471],[-1.9731,55.7456],[-1.9731,55.744],[-1.9758,55.744]]],[[[-1.6087,55.6405],[-1.6087,55.6421],[-1.6114,55.6421],[-1.6114,55.6436],[-1.6141,55.6436],[-1.6141,55.6452],[-1.6141,55.6467],[-1.6114,55.6467],[-1.6087,55.6467],[-1.6087,55.6452],[-1.6059,55.6436],[-1.6059,55.6421],[-1.6059,55.6405],[-1.6087,55.6405]]],[[[-1.6169,55.6405],[-1.6169,55.6421],[-1.6141,55.6421],[-1.6114,55.6421],[-1.6114,55.6405],[-1.6141,55.6405],[-1.6169,55.6405]]],[[[-1.6224,55.639],[-1.6224,55.6405],[-1.6196,55.6405],[-1.6169,55.6405],[-1.6169,55.639],[-1.6196,55.639],[-1.6224,55.639]]],[[[-1.6306,55.6375],[-1.6306,55.639],[-1.6306,55.6405],[-1.6278,55.6405],[-1.6278,55.639],[-1.6278,55.6375],[-1.6306,55.6375]]],[[[-1.6278,55.6359],[-1.6278,55.6375],[-1.6251,55.6375],[-1.6224,55.6375],[-1.6224,55.6359],[-1.6251,55.6359],[-1.6278,55.6359]]],[[[-1.6251,55.6297],[-1.6251,55.6313],[-1.6251,55.6328],[-1.6251,55.6344],[-1.6224,55.6344],[-1.6196,55.6328],[-1.6224,55.6328],[-1.6224,55.6313],[-1.6224,55.6297],[-1.6251,55.6297]]],[[[-1.6306,55.6297],[-1.6306,55.6313],[-1.6278,55.6313],[-1.6278,55.6297],[-1.6306,55.6297]]],[[[-1.6772,55.6282],[-1.6772,55.6297],[-1.6744,55.6297],[-1.6744,55.6282],[-1.6772,55.6282]]],[[[-1.5977,55.6266],[-1.5977,55.6282],[-1.595,55.6282],[-1.595,55.6266],[-1.5977,55.6266]]],[[[-1.6525,55.6204],[-1.6525,55.622],[-1.6498,55.622],[-1.647,55.622],[-1.6443,55.622],[-1.6443,55.6204],[-1.647,55.6204],[-1.6498,55.6204],[-1.6525,55.6204]]],[[[-1.6415,55.6173],[-1.6415,55.6189],[-1.6388,55.6189],[-1.6388,55.6173],[-1.6415,55.6173]]],[[[-1.6498,55.6158],[-1.6498,55.6173],[-1.6498,55.6189],[-1.647,55.6189],[-1.647,55.6173],[-1.6443,55.6173],[-1.6415,55.6173],[-1.6415,55.6158],[-1.6443,55.6158],[-1.647,55.6158],[-1.6498,55.6158]]],[[[-1.658,55.6158],[-1.658,55.6173],[-1.6552,55.6173],[-1.6525,55.6173],[-1.6525,55.6158],[-1.6552,55.6158],[-1.658,55.6158]]],[[[-1.6141,55.5275],[-1.6141,55.5291],[-1.6114,55.5291],[-1.6114,55.5275],[-1.6141,55.5275]]],[[[-1.6087,55.5151],[-1.6059,55.5166],[-1.6032,55.5166],[-1.6032,55.5151],[-1.6059,55.5151],[-1.6087,55.5151]]],[[[-1.6087,55.5104],[-1.6087,55.512],[-1.6087,55.5135],[-1.6059,55.5135],[-1.6059,55.512],[-1.6059,55.5104],[-1.6087,55.5104]]],[[[-1.5867,55.3363],[-1.5867,55.3379],[-1.5895,55.3379],[-1.5922,55.3379],[-1.595,55.3379],[-1.595,55.3394],[-1.5977,55.3394],[-1.5977,55.341],[-1.6004,55.341],[-1.6004,55.3425],[-1.6032,55.3425],[-1.6059,55.3425],[-1.6059,55.3441],[-1.6087,55.3441],[-1.6087,55.3425],[-1.6114,55.3425],[-1.6141,55.3425],[-1.6169,55.3425],[-1.6169,55.341],[-1.6196,55.341],[-1.6224,55.341],[-1.6224,55.3425],[-1.6224,55.3441],[-1.6224,55.3456],[-1.6196,55.3456],[-1.6196,55.3441],[-1.6169,55.3441],[-1.6141,55.3441],[-1.6141,55.3456],[-1.6141,55.3472],[-1.6141,55.3488],[-1.6141,55.3503],[-1.6114,55.3503],[-1.6087,55.3503],[-1.6087,55.3519],[-1.6087,55.3534],[-1.6087,55.355],[-1.6087,55.3565],[-1.6087,55.3581],[-1.6087,55.3597],[-1.6114,55.3597],[-1.6114,55.3612],[-1.6141,55.3612],[-1.6141,55.3628],[-1.6141,55.3643],[-1.6141,55.3659],[-1.6141,55.3674],[-1.6169,55.3674],[-1.6169,55.369],[-1.6169,55.3706],[-1.6196,55.3706],[-1.6196,55.3721],[-1.6196,55.3737],[-1.6196,55.3752],[-1.6224,55.3752],[-1.6224,55.3768],[-1.6224,55.3783],[-1.6224,55.3799],[-1.6251,55.3799],[-1.6251,55.3815],[-1.6251,55.383],[-1.6251,55.3846],[-1.6251,55.3861],[-1.6278,55.3861],[-1.6278,55.3877],[-1.6278,55.3892],[-1.6278,55.3908],[-1.6278,55.3924],[-1.6278,55.3939],[-1.6278,55.3955],[-1.6251,55.3955],[-1.6251,55.397],[-1.6251,55.3986],[-1.6251,55.4001],[-1.6251,55.4017],[-1.6278,55.4017],[-1.6278,55.4032],[-1.6278,55.4048],[-1.6278,55.4064],[-1.6251,55.4079],[-1.6251,55.4095],[-1.6251,55.411],[-1.6224,55.411],[-1.6224,55.4126],[-1.6196,55.4126],[-1.6196,55.4141],[-1.6196,55.4157],[-1.6169,55.4157],[-1.6169,55.4172],[-1.6169,55.4188],[-1.6169,55.4204],[-1.6169,55.4219],[-1.6169,55.4235],[-1.6169,55.425],[-1.6169,55.4266],[-1.6196,55.4266],[-1.6196,55.4281],[-1.6169,55.4281],[-1.6169,55.4297],[-1.6169,55.4312],[-1.6169,55.4328],[-1.6169,55.4343],[-1.6169,55.4359],[-1.6196,55.4359],[-1.6196,55.4375],[-1.6224,55.4375],[-1.6224,55.439],[-1.6251,55.439],[-1.6251,55.4406],[-1.6224,55.4406],[-1.6196,55.4406],[-1.6196,55.4421],[-1.6196,55.4437],[-1.6196,55.4452],[-1.6196,55.4468],[-1.6224,55.4468],[-1.6224,55.4483],[-1.6224,55.4499],[-1.6224,55.4514],[-1.6251,55.4514],[-1.6251,55.453],[-1.6278,55.453],[-1.6306,55.453],[-1.6306,55.4545],[-1.6333,55.4545],[-1.6333,55.4561],[-1.6361,55.4561],[-1.6333,55.4577],[-1.6306,55.4577],[-1.6306,55.4592],[-1.6278,55.4592],[-1.6278,55.4608],[-1.6278,55.4623],[-1.6251,55.4623],[-1.6224,55.4623],[-1.6224,55.4639],[-1.6196,55.4639],[-1.6169,55.4654],[-1.6141,55.4654],[-1.6141,55.467],[-1.6141,55.4685],[-1.6169,55.4701],[-1.6141,55.4701],[-1.6141,55.4716],[-1.6169,55.4716],[-1.6169,55.4732],[-1.6196,55.4732],[-1.6196,55.4747],[-1.6196,55.4763],[-1.6224,55.4763],[-1.6224,55.4778],[-1.6224,55.4794],[-1.6251,55.4794],[-1.6251,55.481],[-1.6251,55.4825],[-1.6278,55.4825],[-1.6278,55.4841],[-1.6278,55.4856],[-1.6306,55.4856],[-1.6306,55.4872],[-1.6306,55.4887],[-1.6306,55.4903],[-1.6333,55.4903],[-1.6333,55.4918],[-1.6333,55.4934],[-1.6333,55.4949],[-1.6333,55.4965],[-1.6333,55.498],[-1.6361,55.498],[-1.6361,55.4996],[-1.6361,55.5011],[-1.6388,55.5011],[-1.6388,55.5027],[-1.6388,55.5042],[-1.6388,55.5058],[-1.6415,55.5058],[-1.6415,55.5073],[-1.6415,55.5089],[-1.6415,55.5104],[-1.6443,55.5104],[-1.6443,55.512],[-1.6443,55.5135],[-1.6443,55.5151],[-1.647,55.5151],[-1.647,55.5166],[-1.647,55.5182],[-1.6498,55.5182],[-1.6498,55.5197],[-1.6498,55.5213],[-1.6525,55.5228],[-1.6525,55.5244],[-1.6552,55.5244],[-1.658,55.5244],[-1.658,55.526],[-1.6552,55.526],[-1.6552,55.5275],[-1.658,55.5275],[-1.658,55.5291],[-1.658,55.5306],[-1.6607,55.5306],[-1.6607,55.5322],[-1.658,55.5322],[-1.658,55.5337],[-1.658,55.5353],[-1.658,55.5368],[-1.658,55.5384],[-1.6607,55.5384],[-1.6607,55.5399],[-1.6607,55.5415],[-1.6635,55.5415],[-1.6635,55.543],[-1.6635,55.5446],[-1.6635,55.5461],[-1.6635,55.5477],[-1.6635,55.5492],[-1.6662,55.5492],[-1.6662,55.5508],[-1.6662,55.5523],[-1.6662,55.5539],[-1.6689,55.5539],[-1.6689,55.5554],[-1.6717,55.5554],[-1.6717,55.557],[-1.6744,55.557],[-1.6744,55.5585],[-1.6772,55.5601],[-1.6772,55.5616],[-1.6799,55.5616],[-1.6799,55.5632],[-1.6799,55.5647],[-1.6826,55.5647],[-1.6826,55.5663],[-1.6826,55.5678],[-1.6799,55.5678],[-1.6772,55.5678],[-1.6772,55.5694],[-1.6772,55.5709],[-1.6744,55.5709],[-1.6717,55.5709],[-1.6717,55.5724],[-1.6689,55.5724],[-1.6717,55.574],[-1.6689,55.5755],[-1.6689,55.5771],[-1.6689,55.5786],[-1.6717,55.5786],[-1.6744,55.5786],[-1.6772,55.5786],[-1.6772,55.5802],[-1.6799,55.5802],[-1.6799,55.5786],[-1.6826,55.5786],[-1.6854,55.5786],[-1.6854,55.5802],[-1.6881,55.5802],[-1.6881,55.5817],[-1.6909,55.5817],[-1.6909,55.5833],[-1.6936,55.5833],[-1.6936,55.5848],[-1.6963,55.5848],[-1.6963,55.5864],[-1.6991,55.5864],[-1.6991,55.5879],[-1.7018,55.5879],[-1.7018,55.5895],[-1.7046,55.5895],[-1.7046,55.591],[-1.7046,55.5926],[-1.7073,55.5926],[-1.7073,55.5941],[-1.7073,55.5957],[-1.7073,55.5972],[-1.7073,55.5988],[-1.71,55.5988],[-1.71,55.6003],[-1.7128,55.6003],[-1.7128,55.6019],[-1.7155,55.6019],[-1.7183,55.6003],[-1.721,55.6034],[-1.7237,55.605],[-1.7237,55.6065],[-1.7265,55.6065],[-1.7292,55.6065],[-1.732,55.6065],[-1.7347,55.6065],[-1.7374,55.6065],[-1.7402,55.605],[-1.7429,55.605],[-1.7457,55.6034],[-1.7484,55.6034],[-1.7484,55.6019],[-1.7511,55.6019],[-1.7539,55.6019],[-1.7539,55.6003],[-1.7539,55.5988],[-1.7511,55.5988],[-1.7511,55.5972],[-1.7511,55.5957],[-1.7484,55.5957],[-1.7484,55.5941],[-1.7511,55.5941],[-1.7539,55.5941],[-1.7566,55.5941],[-1.7594,55.5926],[-1.7621,55.5926],[-1.7621,55.5941],[-1.7648,55.5941],[-1.7676,55.5941],[-1.7676,55.5957],[-1.7703,55.5957],[-1.7731,55.5957],[-1.7731,55.5972],[-1.7731,55.5988],[-1.7703,55.5988],[-1.7703,55.6003],[-1.7703,55.6019],[-1.7703,55.6034],[-1.7703,55.605],[-1.7731,55.605],[-1.7758,55.605],[-1.7785,55.605],[-1.7813,55.605],[-1.7813,55.6065],[-1.784,55.6065],[-1.7868,55.6065],[-1.7895,55.6065],[-1.7922,55.6065],[-1.795,55.6065],[-1.7977,55.6065],[-1.8005,55.6065],[-1.8005,55.6081],[-1.8032,55.6081],[-1.8059,55.6081],[-1.8087,55.6081],[-1.8114,55.6081],[-1.8114,55.6096],[-1.8142,55.6096],[-1.8142,55.6112],[-1.8142,55.6127],[-1.8142,55.6143],[-1.8142,55.6158],[-1.8142,55.6173],[-1.8114,55.6173],[-1.8114,55.6189],[-1.8114,55.6204],[-1.8114,55.622],[-1.8114,55.6235],[-1.8142,55.6235],[-1.8169,55.6235],[-1.8169,55.6251],[-1.8196,55.6251],[-1.8196,55.6266],[-1.8224,55.6266],[-1.8251,55.6266],[-1.8251,55.6282],[-1.8279,55.6282],[-1.8306,55.6282],[-1.8306,55.6297],[-1.8333,55.6297],[-1.8361,55.6313],[-1.8388,55.6313],[-1.8388,55.6328],[-1.8416,55.6328],[-1.8443,55.6328],[-1.8443,55.6344],[-1.847,55.6344],[-1.8498,55.6344],[-1.8525,55.6344],[-1.8525,55.6359],[-1.8553,55.6359],[-1.8553,55.6375],[-1.8553,55.639],[-1.858,55.639],[-1.858,55.6405],[-1.858,55.6421],[-1.858,55.6436],[-1.8607,55.6436],[-1.8607,55.6452],[-1.8607,55.6467],[-1.8635,55.6467],[-1.8635,55.6483],[-1.8635,55.6498],[-1.8635,55.6514],[-1.8662,55.6514],[-1.8662,55.6529],[-1.8662,55.6545],[-1.869,55.6545],[-1.869,55.656],[-1.869,55.6576],[-1.869,55.6591],[-1.8717,55.6591],[-1.8717,55.6606],[-1.8717,55.6622],[-1.8744,55.6622],[-1.8744,55.6637],[-1.8744,55.6653],[-1.8772,55.6653],[-1.8772,55.6668],[-1.8799,55.6668],[-1.8799,55.6684],[-1.8827,55.6684],[-1.8827,55.6699],[-1.8854,55.6699],[-1.8854,55.6715],[-1.8881,55.6715],[-1.8909,55.6715],[-1.8936,55.673],[-1.8964,55.673],[-1.8964,55.6746],[-1.8991,55.6746],[-1.8991,55.6761],[-1.9018,55.6761],[-1.9018,55.6776],[-1.9046,55.6776],[-1.9046,55.6792],[-1.9046,55.6807],[-1.9073,55.6807],[-1.9073,55.6823],[-1.9101,55.6838],[-1.9101,55.6854],[-1.9101,55.6869],[-1.9128,55.6869],[-1.9128,55.6885],[-1.9128,55.69],[-1.9155,55.69],[-1.9155,55.6915],[-1.9155,55.6931],[-1.9183,55.6931],[-1.9183,55.6946],[-1.921,55.6962],[-1.921,55.6977],[-1.921,55.6993],[-1.9238,55.6993],[-1.9238,55.7008],[-1.9238,55.7024],[-1.9265,55.7024],[-1.9265,55.7039],[-1.9265,55.7054],[-1.9292,55.7054],[-1.9292,55.707],[-1.9292,55.7085],[-1.932,55.7085],[-1.932,55.7101],[-1.9347,55.7101],[-1.9347,55.7116],[-1.9375,55.7132],[-1.9375,55.7147],[-1.9402,55.7147],[-1.9402,55.7162],[-1.9429,55.7162],[-1.9429,55.7178],[-1.9457,55.7193],[-1.9457,55.7209],[-1.9484,55.7209],[-1.9484,55.7224],[-1.9511,55.7224],[-1.9511,55.724],[-1.9539,55.724],[-1.9539,55.7255],[-1.9566,55.727],[-1.9566,55.7286],[-1.9594,55.7286],[-1.9594,55.7301],[-1.9621,55.7301],[-1.9621,55.7317],[-1.9648,55.7332],[-1.9648,55.7348],[-1.9676,55.7363],[-1.9676,55.7378],[-1.9703,55.7378],[-1.9703,55.7394],[-1.9703,55.7409],[-1.9731,55.7409],[-1.9731,55.7425],[-1.9731,55.744],[-1.9703,55.744],[-1.9703,55.7425],[-1.9676,55.7425],[-1.9676,55.7409],[-1.9648,55.7409],[-1.9648,55.7394],[-1.9621,55.7394],[-1.9621,55.7378],[-1.9594,55.7378],[-1.9594,55.7363],[-1.9594,55.7348],[-1.9594,55.7332],[-1.9566,55.7332],[-1.9539,55.7332],[-1.9539,55.7317],[-1.9511,55.7317],[-1.9511,55.7301],[-1.9484,55.7301],[-1.9484,55.7286],[-1.9457,55.7286],[-1.9457,55.727],[-1.9457,55.7255],[-1.9429,55.7255],[-1.9429,55.724],[-1.9402,55.724],[-1.9402,55.7224],[-1.9375,55.7224],[-1.9375,55.7209],[-1.9347,55.7209],[-1.9347,55.7193],[-1.932,55.7193],[-1.932,55.7178],[-1.9292,55.7178],[-1.9292,55.7162],[-1.9265,55.7162],[-1.9238,55.7162],[-1.9238,55.7147],[-1.921,55.7147],[-1.921,55.7132],[-1.9183,55.7132],[-1.9155,55.7132],[-1.9155,55.7116],[-1.9128,55.7116],[-1.9101,55.7101],[-1.9073,55.7101],[-1.9046,55.7101],[-1.9046,55.7085],[-1.9018,55.7085],[-1.8991,55.7085],[-1.8991,55.707],[-1.8964,55.707],[-1.8936,55.707],[-1.8936,55.7054],[-1.8909,55.7054],[-1.8881,55.7054],[-1.8854,55.7039],[-1.8827,55.7039],[-1.8799,55.7039],[-1.8799,55.7024],[-1.8772,55.7024],[-1.8744,55.7024],[-1.8717,55.7024],[-1.8717,55.7008],[-1.869,55.7008],[-1.8662,55.7008],[-1.8635,55.7008],[-1.8635,55.6993],[-1.8607,55.6993],[-1.858,55.6993],[-1.8553,55.6993],[-1.8525,55.6993],[-1.8498,55.6993],[-1.8498,55.6977],[-1.847,55.6977],[-1.8443,55.6962],[-1.8416,55.6962],[-1.8416,55.6946],[-1.8388,55.6946],[-1.8361,55.6946],[-1.8333,55.6931],[-1.8306,55.6931],[-1.8306,55.6915],[-1.8279,55.6915],[-1.8251,55.6915],[-1.8251,55.69],[-1.8224,55.69],[-1.8196,55.6885],[-1.8169,55.6885],[-1.8142,55.6885],[-1.8114,55.6885],[-1.8087,55.6885],[-1.8059,55.6885],[-1.8032,55.69],[-1.8005,55.69],[-1.8005,55.6885],[-1.7977,55.6885],[-1.795,55.6885],[-1.7922,55.6885],[-1.7922,55.69],[-1.7895,55.69],[-1.7895,55.6885],[-1.7868,55.6885],[-1.7868,55.6869],[-1.7895,55.6869],[-1.7895,55.6854],[-1.7868,55.6854],[-1.784,55.6854],[-1.784,55.6869],[-1.7813,55.6869],[-1.7785,55.6869],[-1.7785,55.6854],[-1.7758,55.6854],[-1.7758,55.6838],[-1.7785,55.6838],[-1.7785,55.6823],[-1.7785,55.6807],[-1.7785,55.6792],[-1.7785,55.6776],[-1.7813,55.6776],[-1.7813,55.6761],[-1.7785,55.6761],[-1.7785,55.6746],[-1.7785,55.673],[-1.7785,55.6715],[-1.7785,55.6699],[-1.7758,55.6699],[-1.7758,55.6684],[-1.7758,55.6668],[-1.7785,55.6668],[-1.7785,55.6653],[-1.7785,55.6622],[-1.7785,55.6606],[-1.7785,55.6591],[-1.7785,55.6576],[-1.7785,55.656],[-1.7785,55.6545],[-1.7813,55.6545],[-1.7813,55.656],[-1.784,55.656],[-1.784,55.6545],[-1.784,55.6529],[-1.784,55.6514],[-1.7813,55.6514],[-1.7813,55.6498],[-1.7813,55.6483],[-1.7813,55.6467],[-1.7785,55.6467],[-1.7785,55.6452],[-1.7785,55.6436],[-1.7785,55.6421],[-1.7758,55.6421],[-1.7758,55.6405],[-1.7758,55.639],[-1.7731,55.639],[-1.7731,55.6375],[-1.7703,55.6375],[-1.7703,55.6359],[-1.7676,55.6344],[-1.7676,55.6328],[-1.7648,55.6328],[-1.7648,55.6313],[-1.7621,55.6313],[-1.7621,55.6297],[-1.7594,55.6297],[-1.7594,55.6282],[-1.7566,55.6282],[-1.7539,55.6266],[-1.7511,55.6266],[-1.7511,55.6251],[-1.7484,55.6251],[-1.7484,55.6235],[-1.7457,55.6235],[-1.7429,55.6235],[-1.7429,55.622],[-1.7402,55.622],[-1.7374,55.622],[-1.7374,55.6204],[-1.7347,55.6204],[-1.7347,55.6189],[-1.732,55.6189],[-1.7292,55.6189],[-1.7292,55.6173],[-1.7265,55.6173],[-1.7237,55.6173],[-1.721,55.6173],[-1.721,55.6158],[-1.7183,55.6158],[-1.7155,55.6143],[-1.7128,55.6143],[-1.7128,55.6127],[-1.71,55.6127],[-1.7073,55.6127],[-1.7046,55.6127],[-1.7046,55.6112],[-1.7018,55.6112],[-1.6991,55.6112],[-1.6991,55.6096],[-1.6963,55.6096],[-1.6936,55.6096],[-1.6936,55.6081],[-1.6909,55.6081],[-1.6881,55.6081],[-1.6881,55.6065],[-1.6881,55.605],[-1.6854,55.605],[-1.6854,55.6034],[-1.6854,55.6019],[-1.6826,55.6019],[-1.6826,55.6003],[-1.6799,55.6003],[-1.6799,55.5988],[-1.6772,55.5988],[-1.6772,55.5972],[-1.6744,55.5972],[-1.6744,55.5957],[-1.6717,55.5957],[-1.6717,55.5941],[-1.6689,55.5941],[-1.6689,55.5926],[-1.6662,55.5926],[-1.6662,55.591],[-1.6662,55.5895],[-1.6635,55.5895],[-1.6635,55.5879],[-1.6635,55.5864],[-1.6607,55.5864],[-1.658,55.5864],[-1.6552,55.5864],[-1.6552,55.5848],[-1.6525,55.5848],[-1.6525,55.5833],[-1.6498,55.5833],[-1.647,55.5848],[-1.6443,55.5848],[-1.6415,55.5848],[-1.6415,55.5833],[-1.6443,55.5833],[-1.6443,55.5817],[-1.6415,55.5817],[-1.6415,55.5802],[-1.6388,55.5802],[-1.6388,55.5786],[-1.6388,55.5771],[-1.6361,55.5771],[-1.6361,55.5755],[-1.6388,55.5755],[-1.6415,55.5755],[-1.6415,55.574],[-1.6415,55.5724],[-1.6415,55.5709],[-1.6388,55.5709],[-1.6388,55.5694],[-1.6361,55.5694],[-1.6361,55.5678],[-1.6361,55.5663],[-1.6333,55.5663],[-1.6333,55.5647],[-1.6306,55.5647],[-1.6306,55.5632],[-1.6306,55.5616],[-1.6306,55.5601],[-1.6306,55.5585],[-1.6278,55.5585],[-1.6278,55.5601],[-1.6251,55.5601],[-1.6251,55.5585],[-1.6251,55.557],[-1.6251,55.5554],[-1.6278,55.5539],[-1.6251,55.5539],[-1.6251,55.5523],[-1.6224,55.5523],[-1.6224,55.5539],[-1.6196,55.5539],[-1.6196,55.5523],[-1.6196,55.5508],[-1.6224,55.5508],[-1.6224,55.5492],[-1.6251,55.5492],[-1.6278,55.5492],[-1.6306,55.5492],[-1.6306,55.5477],[-1.6278,55.5477],[-1.6278,55.5461],[-1.6306,55.5461],[-1.6333,55.5461],[-1.6333,55.5446],[-1.6306,55.5446],[-1.6278,55.5446],[-1.6278,55.543],[-1.6306,55.543],[-1.6333,55.543],[-1.6333,55.5415],[-1.6333,55.5399],[-1.6333,55.5384],[-1.6333,55.5368],[-1.6306,55.5368],[-1.6306,55.5353],[-1.6306,55.5337],[-1.6278,55.5337],[-1.6278,55.5322],[-1.6278,55.5306],[-1.6251,55.5306],[-1.6251,55.5291],[-1.6224,55.5291],[-1.6224,55.5275],[-1.6196,55.5275],[-1.6169,55.5275],[-1.6141,55.5275],[-1.6141,55.526],[-1.6169,55.526],[-1.6169,55.5244],[-1.6196,55.5244],[-1.6196,55.5228],[-1.6169,55.5228],[-1.6141,55.5228],[-1.6114,55.5228],[-1.6087,55.5228],[-1.6087,55.5213],[-1.6087,55.5197],[-1.6114,55.5197],[-1.6114,55.5182],[-1.6141,55.5182],[-1.6141,55.5166],[-1.6141,55.5151],[-1.6169,55.5151],[-1.6169,55.5135],[-1.6141,55.5135],[-1.6141,55.512],[-1.6114,55.512],[-1.6114,55.5104],[-1.6087,55.5104],[-1.6087,55.5089],[-1.6114,55.5089],[-1.6114,55.5073],[-1.6087,55.5073],[-1.6087,55.5058],[-1.6114,55.5058],[-1.6141,55.5058],[-1.6141,55.5042],[-1.6141,55.5027],[-1.6141,55.5011],[-1.6141,55.4996],[-1.6114,55.4996],[-1.6114,55.498],[-1.6114,55.4965],[-1.6087,55.4965],[-1.6087,55.4949],[-1.6059,55.4949],[-1.6059,55.4965],[-1.6032,55.4965],[-1.6004,55.4965],[-1.6004,55.4949],[-1.6004,55.4934],[-1.5977,55.4934],[-1.5977,55.4918],[-1.595,55.4918],[-1.5922,55.4918],[-1.5922,55.4903],[-1.5922,55.4887],[-1.5922,55.4872],[-1.5895,55.4872],[-1.5895,55.4856],[-1.5895,55.4841],[-1.5922,55.4841],[-1.5922,55.4825],[-1.5922,55.481],[-1.5922,55.4794],[-1.5922,55.4778],[-1.5922,55.4763],[-1.5922,55.4747],[-1.5922,55.4732],[-1.5895,55.4732],[-1.5895,55.4716],[-1.5895,55.4701],[-1.5922,55.4701],[-1.5922,55.4685],[-1.5895,55.4685],[-1.5895,55.467],[-1.5895,55.4654],[-1.5895,55.4639],[-1.5895,55.4623],[-1.5895,55.4608],[-1.5895,55.4592],[-1.5895,55.4577],[-1.5922,55.4577],[-1.5922,55.4561],[-1.5922,55.4545],[-1.5895,55.4545],[-1.5895,55.453],[-1.5867,55.453],[-1.5867,55.4514],[-1.5867,55.4499],[-1.5867,55.4483],[-1.584,55.4483],[-1.584,55.4468],[-1.584,55.4452],[-1.5867,55.4452],[-1.5867,55.4437],[-1.5867,55.4421],[-1.5895,55.4421],[-1.5895,55.4406],[-1.5895,55.439],[-1.5895,55.4375],[-1.5867,55.4375],[-1.5867,55.439],[-1.584,55.439],[-1.584,55.4375],[-1.584,55.4359],[-1.5867,55.4359],[-1.5867,55.4343],[-1.584,55.4343],[-1.5813,55.4343],[-1.5785,55.4343],[-1.5758,55.4343],[-1.573,55.4343],[-1.573,55.4328],[-1.5703,55.4328],[-1.5703,55.4312],[-1.5703,55.4297],[-1.5703,55.4281],[-1.573,55.4281],[-1.573,55.4266],[-1.5758,55.425],[-1.5758,55.4235],[-1.573,55.4235],[-1.573,55.4219],[-1.573,55.4204],[-1.573,55.4188],[-1.573,55.4172],[-1.5703,55.4172],[-1.5703,55.4157],[-1.573,55.4141],[-1.573,55.4157],[-1.5758,55.4157],[-1.5758,55.4172],[-1.5758,55.4188],[-1.5785,55.4188],[-1.5785,55.4172],[-1.5785,55.4157],[-1.5785,55.4141],[-1.5758,55.4126],[-1.573,55.4126],[-1.573,55.4141],[-1.5703,55.4141],[-1.5703,55.4126],[-1.5703,55.411],[-1.5703,55.4095],[-1.573,55.4095],[-1.573,55.411],[-1.5758,55.411],[-1.5758,55.4095],[-1.573,55.4095],[-1.573,55.4079],[-1.573,55.4064],[-1.573,55.4048],[-1.5758,55.4048],[-1.5758,55.4064],[-1.5785,55.4064],[-1.5785,55.4048],[-1.5813,55.4048],[-1.584,55.4048],[-1.5867,55.4048],[-1.5867,55.4032],[-1.5895,55.4032],[-1.5895,55.4017],[-1.5922,55.4017],[-1.5922,55.4001],[-1.5895,55.4001],[-1.5895,55.3986],[-1.5895,55.397],[-1.5895,55.3955],[-1.5895,55.3939],[-1.5922,55.3939],[-1.5922,55.3924],[-1.5922,55.3908],[-1.595,55.3908],[-1.5977,55.3908],[-1.6004,55.3908],[-1.6004,55.3892],[-1.6004,55.3877],[-1.6004,55.3861],[-1.6032,55.3861],[-1.6032,55.3846],[-1.6032,55.383],[-1.6059,55.383],[-1.6059,55.3815],[-1.6059,55.3799],[-1.6059,55.3783],[-1.6032,55.3783],[-1.6032,55.3768],[-1.6032,55.3752],[-1.6032,55.3737],[-1.6032,55.3721],[-1.6032,55.3706],[-1.6032,55.369],[-1.6004,55.369],[-1.6004,55.3674],[-1.6004,55.3659],[-1.6004,55.3643],[-1.5977,55.3643],[-1.5977,55.3628],[-1.5977,55.3612],[-1.5977,55.3597],[-1.5977,55.3581],[-1.595,55.3581],[-1.595,55.3565],[-1.595,55.355],[-1.595,55.3534],[-1.5922,55.3534],[-1.5922,55.3519],[-1.5922,55.3503],[-1.5895,55.3503],[-1.5895,55.3488],[-1.5895,55.3472],[-1.5867,55.3472],[-1.5867,55.3456],[-1.584,55.3456],[-1.584,55.3441],[-1.5813,55.3441],[-1.5813,55.3425],[-1.5813,55.341],[-1.5785,55.341],[-1.5785,55.3394],[-1.5758,55.3394],[-1.573,55.3394],[-1.573,55.3379],[-1.5758,55.3379],[-1.5758,55.3363],[-1.5785,55.3363],[-1.5813,55.3363],[-1.584,55.3363],[-1.5867,55.3363]]],[[[-1.8251,55.6854],[-1.8224,55.6854],[-1.8224,55.6869],[-1.8251,55.6869],[-1.8251,55.6854]]],[[[-1.8169,55.6854],[-1.8142,55.6854],[-1.8142,55.6869],[-1.8169,55.6869],[-1.8169,55.6854]]]]},"properties":{"NAME":"Northumberland Coast","CODE":"26","DESIG_DATE":"Mar-58"}},{"type":"Feature","geometry":{"type":"MultiPolygon","coordinates":[[[[-2.5101,53.8329],[-2.5128,53.8329],[-2.5156,53.8329],[-2.5156,53.8345],[-2.5183,53.8345],[-2.5183,53.8361],[-2.521,53.8361],[-2.521,53.8345],[-2.5238,53.8345],[-2.5265,53.8345],[-2.5293,53.8345],[-2.5293,53.8361],[-2.5293,53.8378],[-2.532,53.8378],[-2.5347,53.8378],[-2.5375,53.8378],[-2.5402,53.8378],[-2.5402,53.8394],[-2.543,53.8394],[-2.5457,53.8394],[-2.5484,53.8394],[-2.5484,53.8378],[-2.5512,53.8378],[-2.5539,53.8378],[-2.5567,53.8378],[-2.5567,53.8361],[-2.5594,53.8361],[-2.5621,53.8361],[-2.5649,53.8361],[-2.5649,53.8345],[-2.5676,53.8345],[-2.5676,53.8361],[-2.5704,53.8361],[-2.5704,53.8378],[-2.5731,53.8378],[-2.5758,53.8378],[-2.5786,53.8378],[-2.5786,53.8394],[-2.5813,53.8394],[-2.5813,53.841],[-2.5841,53.8426],[-2.5841,53.8442],[-2.5868,53.8442],[-2.5895,53.8442],[-2.5923,53.8458],[-2.595,53.8458],[-2.595,53.8475],[-2.5978,53.8475],[-2.6005,53.8491],[-2.6032,53.8491],[-2.606,53.8491],[-2.6087,53.8491],[-2.6087,53.8507],[-2.6115,53.8507],[-2.6142,53.8507],[-2.6197,53.8523],[-2.6224,53.8523],[-2.6252,53.8523],[-2.6252,53.8539],[-2.6279,53.8539],[-2.6306,53.8539],[-2.6306,53.8555],[-2.6334,53.8555],[-2.6334,53.8572],[-2.6361,53.8572],[-2.6361,53.8588],[-2.6389,53.8588],[-2.6416,53.8588],[-2.6416,53.8604],[-2.6443,53.8604],[-2.6471,53.8604],[-2.6498,53.8604],[-2.6526,53.8604],[-2.6553,53.8604],[-2.658,53.8604],[-2.6608,53.8604],[-2.6635,53.862],[-2.6663,53.8636],[-2.669,53.8636],[-2.669,53.8652],[-2.6717,53.8652],[-2.6717,53.8668],[-2.6745,53.8668],[-2.6772,53.8668],[-2.6772,53.8685],[-2.68,53.8685],[-2.68,53.8701],[-2.68,53.8717],[-2.6827,53.8717],[-2.6854,53.8717],[-2.6882,53.8717],[-2.6909,53.8717],[-2.6937,53.8717],[-2.6937,53.8733],[-2.6909,53.8733],[-2.6909,53.8749],[-2.6909,53.8765],[-2.6937,53.8765],[-2.6937,53.8782],[-2.6937,53.8798],[-2.6964,53.8798],[-2.6964,53.8814],[-2.6991,53.8814],[-2.7019,53.8814],[-2.7046,53.8814],[-2.7046,53.883],[-2.7074,53.883],[-2.7101,53.883],[-2.7128,53.883],[-2.7128,53.8846],[-2.7128,53.8862],[-2.7128,53.8878],[-2.7156,53.8878],[-2.7183,53.8878],[-2.7183,53.8862],[-2.7211,53.8862],[-2.7238,53.8862],[-2.7265,53.8862],[-2.7293,53.8862],[-2.732,53.8862],[-2.7348,53.8862],[-2.7348,53.8878],[-2.732,53.8878],[-2.732,53.8895],[-2.7293,53.8895],[-2.7293,53.8911],[-2.7293,53.8927],[-2.7293,53.8943],[-2.7265,53.8943],[-2.7265,53.8959],[-2.7265,53.8975],[-2.7265,53.8991],[-2.7265,53.9008],[-2.7238,53.9008],[-2.7238,53.9024],[-2.7238,53.904],[-2.7238,53.9056],[-2.7211,53.9072],[-2.7211,53.9088],[-2.7211,53.9104],[-2.7211,53.9121],[-2.7211,53.9137],[-2.7211,53.9153],[-2.7211,53.9169],[-2.7211,53.9185],[-2.7238,53.9201],[-2.7238,53.9217],[-2.7265,53.9217],[-2.7265,53.9234],[-2.7265,53.925],[-2.7265,53.9266],[-2.7293,53.9266],[-2.7293,53.9282],[-2.732,53.9282],[-2.7348,53.9282],[-2.7348,53.9266],[-2.7375,53.9266],[-2.7402,53.9266],[-2.743,53.9266],[-2.743,53.925],[-2.7457,53.925],[-2.7457,53.9266],[-2.7484,53.9266],[-2.7484,53.9282],[-2.7484,53.9298],[-2.7484,53.9314],[-2.7484,53.933],[-2.7457,53.933],[-2.7457,53.9346],[-2.7484,53.9346],[-2.7512,53.9346],[-2.7512,53.933],[-2.7539,53.933],[-2.7567,53.933],[-2.7594,53.933],[-2.7594,53.9346],[-2.7594,53.9363],[-2.7594,53.9379],[-2.7567,53.9379],[-2.7567,53.9395],[-2.7539,53.9395],[-2.7539,53.9411],[-2.7539,53.9427],[-2.7539,53.9443],[-2.7512,53.9443],[-2.7512,53.9459],[-2.7484,53.9459],[-2.7457,53.9459],[-2.743,53.9459],[-2.743,53.9475],[-2.7402,53.9475],[-2.7402,53.9492],[-2.7375,53.9492],[-2.7375,53.9508],[-2.7348,53.9508],[-2.7348,53.9524],[-2.732,53.9524],[-2.732,53.954],[-2.7293,53.954],[-2.7293,53.9556],[-2.7265,53.9556],[-2.7265,53.9572],[-2.7238,53.9572],[-2.7238,53.9588],[-2.7211,53.9588],[-2.7211,53.9604],[-2.7183,53.9604],[-2.7183,53.9621],[-2.7156,53.9621],[-2.7128,53.9621],[-2.7101,53.9621],[-2.7101,53.9637],[-2.7101,53.9653],[-2.7128,53.9653],[-2.7128,53.9669],[-2.7101,53.9669],[-2.7101,53.9685],[-2.7101,53.9701],[-2.7101,53.9717],[-2.7101,53.9733],[-2.7128,53.975],[-2.7128,53.9766],[-2.7128,53.9782],[-2.7156,53.9782],[-2.7156,53.9798],[-2.7156,53.9814],[-2.7156,53.983],[-2.7128,53.983],[-2.7128,53.9846],[-2.7156,53.9846],[-2.7183,53.9846],[-2.7211,53.9846],[-2.7211,53.9862],[-2.7211,53.9878],[-2.7238,53.9878],[-2.7238,53.9895],[-2.7238,53.9911],[-2.7238,53.9927],[-2.7238,53.9943],[-2.7265,53.9943],[-2.7265,53.9959],[-2.7265,53.9975],[-2.7265,53.9991],[-2.7265,54.0007],[-2.7293,54.0007],[-2.7293,53.9991],[-2.732,53.9991],[-2.7348,54.0007],[-2.7375,54.0007],[-2.7402,54.0007],[-2.743,54.0007],[-2.743,54.0023],[-2.7457,54.0023],[-2.7457,54.0039],[-2.7457,54.0056],[-2.7484,54.0056],[-2.7484,54.0072],[-2.7484,54.0088],[-2.7484,54.0104],[-2.7512,54.0104],[-2.7512,54.012],[-2.7512,54.0136],[-2.7539,54.0136],[-2.7539,54.0152],[-2.7539,54.0168],[-2.7567,54.0168],[-2.7567,54.0184],[-2.7594,54.0184],[-2.7594,54.02],[-2.7594,54.0217],[-2.7594,54.0233],[-2.7594,54.0249],[-2.7594,54.0265],[-2.7567,54.0265],[-2.7567,54.0281],[-2.7567,54.0297],[-2.7567,54.0313],[-2.7539,54.0313],[-2.7539,54.0329],[-2.7512,54.0345],[-2.7512,54.0361],[-2.7539,54.0378],[-2.7594,54.0442],[-2.7594,54.0458],[-2.7594,54.049],[-2.7594,54.0522],[-2.7594,54.0538],[-2.7567,54.0587],[-2.7539,54.0619],[-2.7539,54.0635],[-2.7512,54.0667],[-2.7512,54.0683],[-2.7484,54.0699],[-2.7484,54.0715],[-2.7484,54.0731],[-2.7484,54.0747],[-2.7457,54.0763],[-2.7457,54.078],[-2.7457,54.0796],[-2.7457,54.0812],[-2.743,54.0812],[-2.7402,54.0812],[-2.7402,54.0828],[-2.7402,54.0844],[-2.7402,54.086],[-2.743,54.086],[-2.743,54.0876],[-2.7402,54.0876],[-2.7402,54.0892],[-2.7375,54.0892],[-2.7375,54.0908],[-2.7348,54.0908],[-2.7348,54.0924],[-2.732,54.094],[-2.7293,54.094],[-2.7293,54.0956],[-2.7265,54.0956],[-2.7238,54.0956],[-2.7238,54.0972],[-2.7238,54.0988],[-2.7211,54.0988],[-2.7211,54.1005],[-2.7183,54.1005],[-2.7183,54.1021],[-2.7183,54.1037],[-2.7156,54.1037],[-2.7156,54.1053],[-2.7128,54.1053],[-2.7128,54.1069],[-2.7101,54.1069],[-2.7101,54.1085],[-2.7074,54.1085],[-2.7074,54.1101],[-2.7046,54.1101],[-2.7046,54.1117],[-2.7046,54.1133],[-2.7046,54.1149],[-2.7019,54.1149],[-2.7019,54.1165],[-2.7019,54.1181],[-2.6991,54.1181],[-2.6991,54.1197],[-2.6964,54.1197],[-2.6964,54.1213],[-2.6964,54.1229],[-2.6937,54.1229],[-2.6937,54.1245],[-2.6909,54.1245],[-2.6882,54.1245],[-2.6882,54.1262],[-2.6854,54.1262],[-2.6854,54.1278],[-2.6827,54.1278],[-2.68,54.1294],[-2.6772,54.1294],[-2.6745,54.1294],[-2.6745,54.1278],[-2.6717,54.1278],[-2.6717,54.1262],[-2.669,54.1262],[-2.669,54.1245],[-2.6663,54.1245],[-2.6635,54.1245],[-2.6608,54.1245],[-2.658,54.1245],[-2.658,54.1229],[-2.6553,54.1229],[-2.6526,54.1229],[-2.6498,54.1229],[-2.6471,54.1229],[-2.6443,54.1229],[-2.6443,54.1213],[-2.6416,54.1213],[-2.6389,54.1213],[-2.6389,54.1197],[-2.6389,54.1181],[-2.6361,54.1181],[-2.6334,54.1181],[-2.6279,54.1181],[-2.6252,54.1181],[-2.6224,54.1181],[-2.6197,54.1181],[-2.6197,54.1197],[-2.6169,54.1197],[-2.6142,54.1197],[-2.6115,54.1197],[-2.6087,54.1197],[-2.606,54.1197],[-2.6032,54.1197],[-2.6005,54.1197],[-2.6005,54.1181],[-2.5978,54.1181],[-2.595,54.1181],[-2.595,54.1197],[-2.595,54.1213],[-2.5923,54.1213],[-2.5923,54.1229],[-2.5895,54.1229],[-2.5868,54.1229],[-2.5868,54.1245],[-2.5841,54.1245],[-2.5813,54.1245],[-2.5786,54.1245],[-2.5758,54.1245],[-2.5731,54.1245],[-2.5704,54.1245],[-2.5676,54.1245],[-2.5676,54.1229],[-2.5649,54.1229],[-2.5621,54.1229],[-2.5621,54.1213],[-2.5594,54.1213],[-2.5567,54.1213],[-2.5539,54.1213],[-2.5539,54.1197],[-2.5512,54.1197],[-2.5484,54.1197],[-2.5484,54.1181],[-2.5457,54.1181],[-2.5457,54.1165],[-2.5457,54.1149],[-2.5457,54.1133],[-2.543,54.1133],[-2.543,54.1117],[-2.5402,54.1117],[-2.5402,54.1101],[-2.5375,54.1101],[-2.5375,54.1085],[-2.5375,54.1069],[-2.5375,54.1053],[-2.5347,54.1053],[-2.5347,54.1037],[-2.532,54.1037],[-2.5293,54.1037],[-2.5265,54.1037],[-2.5238,54.1037],[-2.521,54.1037],[-2.521,54.1021],[-2.5183,54.1021],[-2.5156,54.1021],[-2.5128,54.1021],[-2.5101,54.1021],[-2.5073,54.1021],[-2.5073,54.1037],[-2.5046,54.1037],[-2.5019,54.1037],[-2.4991,54.1037],[-2.4964,54.1037],[-2.4936,54.1037],[-2.4909,54.1037],[-2.4909,54.1053],[-2.4882,54.1053],[-2.4854,54.1053],[-2.4827,54.1053],[-2.4799,54.1053],[-2.4772,54.1053],[-2.4745,54.1053],[-2.4745,54.1069],[-2.4717,54.1069],[-2.4717,54.1085],[-2.469,54.1085],[-2.4662,54.1085],[-2.4635,54.1085],[-2.4608,54.1085],[-2.458,54.1085],[-2.4553,54.1085],[-2.4553,54.1069],[-2.4525,54.1069],[-2.4498,54.1069],[-2.4471,54.1069],[-2.4471,54.1053],[-2.4443,54.1053],[-2.4416,54.1053],[-2.4388,54.1053],[-2.4361,54.1053],[-2.4334,54.1053],[-2.4306,54.1053],[-2.4279,54.1053],[-2.4279,54.1069],[-2.4251,54.1069],[-2.4224,54.1069],[-2.4197,54.1069],[-2.4169,54.1069],[-2.4142,54.1069],[-2.4142,54.1085],[-2.4169,54.1085],[-2.4169,54.1101],[-2.4169,54.1117],[-2.4197,54.1117],[-2.4197,54.1133],[-2.4197,54.1149],[-2.4197,54.1165],[-2.4197,54.1181],[-2.4197,54.1197],[-2.4169,54.1197],[-2.4142,54.1197],[-2.4142,54.1181],[-2.4114,54.1181],[-2.4087,54.1181],[-2.406,54.1181],[-2.4032,54.1181],[-2.4005,54.1181],[-2.4005,54.1197],[-2.3977,54.1197],[-2.3977,54.1181],[-2.395,54.1181],[-2.3923,54.1181],[-2.3923,54.1165],[-2.3895,54.1165],[-2.3868,54.1165],[-2.3868,54.1149],[-2.3868,54.1133],[-2.384,54.1133],[-2.3813,54.1133],[-2.3813,54.1117],[-2.3813,54.1101],[-2.3786,54.1101],[-2.3786,54.1085],[-2.3758,54.1085],[-2.3731,54.1069],[-2.3703,54.1069],[-2.3676,54.1069],[-2.3676,54.1053],[-2.3649,54.1053],[-2.3621,54.1053],[-2.3621,54.1037],[-2.3594,54.1037],[-2.3566,54.1037],[-2.3539,54.1037],[-2.3512,54.1037],[-2.3484,54.1037],[-2.3457,54.1037],[-2.3457,54.1021],[-2.3429,54.1021],[-2.3402,54.1021],[-2.3375,54.1021],[-2.3375,54.1005],[-2.3375,54.0988],[-2.3347,54.0988],[-2.3347,54.0972],[-2.3347,54.0956],[-2.332,54.0956],[-2.332,54.094],[-2.3293,54.094],[-2.3293,54.0924],[-2.3265,54.0924],[-2.3265,54.0908],[-2.3238,54.0908],[-2.321,54.0892],[-2.3183,54.0892],[-2.3156,54.0892],[-2.3156,54.0876],[-2.3128,54.0876],[-2.3101,54.0876],[-2.3073,54.0876],[-2.3073,54.086],[-2.3046,54.086],[-2.3046,54.0844],[-2.3019,54.0844],[-2.3019,54.0828],[-2.2991,54.0828],[-2.2991,54.0812],[-2.2964,54.0812],[-2.2964,54.0796],[-2.2936,54.0796],[-2.2936,54.078],[-2.2964,54.078],[-2.2964,54.0763],[-2.2936,54.0747],[-2.2936,54.0731],[-2.2936,54.0715],[-2.2964,54.0715],[-2.2964,54.0731],[-2.2991,54.0731],[-2.3019,54.0731],[-2.3046,54.0747],[-2.3073,54.0747],[-2.3101,54.0763],[-2.3128,54.0763],[-2.3156,54.0763],[-2.3183,54.0763],[-2.321,54.078],[-2.3238,54.0763],[-2.3265,54.0763],[-2.3293,54.0763],[-2.332,54.0763],[-2.3347,54.078],[-2.3375,54.078],[-2.3402,54.078],[-2.3429,54.078],[-2.3429,54.0763],[-2.3457,54.0763],[-2.3457,54.0747],[-2.3484,54.0731],[-2.3484,54.0715],[-2.3484,54.0699],[-2.3512,54.0699],[-2.3539,54.0699],[-2.3539,54.0683],[-2.3539,54.0667],[-2.3566,54.0667],[-2.3566,54.0651],[-2.3594,54.0651],[-2.3594,54.0635],[-2.3594,54.0619],[-2.3594,54.0603],[-2.3566,54.0603],[-2.3566,54.0587],[-2.3539,54.0587],[-2.3539,54.0571],[-2.3512,54.0571],[-2.3512,54.0554],[-2.3484,54.0554],[-2.3484,54.0538],[-2.3484,54.0522],[-2.3457,54.0522],[-2.3429,54.0506],[-2.3429,54.049],[-2.3402,54.049],[-2.3402,54.0474],[-2.3429,54.0474],[-2.3429,54.0458],[-2.3402,54.0458],[-2.3402,54.0442],[-2.3375,54.0426],[-2.3375,54.041],[-2.3347,54.041],[-2.3347,54.0394],[-2.332,54.0394],[-2.332,54.0378],[-2.3293,54.0378],[-2.3293,54.0361],[-2.3265,54.0361],[-2.3265,54.0345],[-2.3238,54.0345],[-2.3238,54.0329],[-2.3265,54.0329],[-2.3293,54.0329],[-2.3293,54.0313],[-2.3293,54.0297],[-2.332,54.0297],[-2.332,54.0281],[-2.332,54.0265],[-2.332,54.0249],[-2.332,54.0233],[-2.3293,54.0217],[-2.332,54.0217],[-2.3347,54.02],[-2.3375,54.02],[-2.3375,54.0184],[-2.3402,54.0184],[-2.3402,54.0168],[-2.3429,54.0168],[-2.3429,54.0152],[-2.3457,54.0152],[-2.3457,54.0136],[-2.3484,54.0136],[-2.3512,54.0136],[-2.3512,54.012],[-2.3512,54.0104],[-2.3539,54.0104],[-2.3539,54.0088],[-2.3539,54.0072],[-2.3539,54.0056],[-2.3539,54.0039],[-2.3539,54.0023],[-2.3539,54.0007],[-2.3539,53.9991],[-2.3539,53.9975],[-2.3539,53.9959],[-2.3512,53.9959],[-2.3512,53.9943],[-2.3512,53.9927],[-2.3512,53.9911],[-2.3512,53.9895],[-2.3484,53.9895],[-2.3457,53.9878],[-2.3457,53.9862],[-2.3429,53.9862],[-2.3429,53.9846],[-2.3402,53.9846],[-2.3375,53.983],[-2.3347,53.983],[-2.332,53.983],[-2.332,53.9814],[-2.3293,53.9814],[-2.3265,53.9814],[-2.3238,53.9814],[-2.321,53.9814],[-2.3183,53.9814],[-2.3183,53.9798],[-2.3156,53.9798],[-2.3156,53.9782],[-2.3128,53.9782],[-2.3128,53.9766],[-2.3101,53.9766],[-2.3101,53.975],[-2.3101,53.9733],[-2.3073,53.9733],[-2.3046,53.9733],[-2.3019,53.9733],[-2.3019,53.9717],[-2.3019,53.9701],[-2.3019,53.9685],[-2.2991,53.9685],[-2.2991,53.9669],[-2.2991,53.9653],[-2.2964,53.9653],[-2.2964,53.9637],[-2.2936,53.9637],[-2.2936,53.9621],[-2.2909,53.9621],[-2.2882,53.9621],[-2.2882,53.9604],[-2.2882,53.9588],[-2.2882,53.9572],[-2.2882,53.9556],[-2.2882,53.954],[-2.2854,53.954],[-2.2854,53.9524],[-2.2827,53.9508],[-2.2799,53.9508],[-2.2799,53.9492],[-2.2799,53.9475],[-2.2772,53.9475],[-2.2772,53.9459],[-2.2772,53.9443],[-2.2772,53.9427],[-2.2745,53.9427],[-2.2717,53.9427],[-2.2717,53.9411],[-2.2717,53.9395],[-2.2717,53.9379],[-2.2717,53.9363],[-2.2717,53.9346],[-2.2745,53.9346],[-2.2772,53.9346],[-2.2799,53.9346],[-2.2827,53.9346],[-2.2854,53.933],[-2.2882,53.933],[-2.2882,53.9314],[-2.2909,53.9314],[-2.2909,53.9298],[-2.2936,53.9298],[-2.2964,53.9298],[-2.2964,53.9282],[-2.2991,53.9282],[-2.2991,53.9266],[-2.3019,53.9266],[-2.3019,53.925],[-2.3019,53.9234],[-2.3019,53.9217],[-2.3046,53.9217],[-2.3073,53.9217],[-2.3073,53.9201],[-2.3101,53.9201],[-2.3128,53.9201],[-2.3156,53.9201],[-2.3156,53.9185],[-2.3183,53.9185],[-2.3183,53.9169],[-2.321,53.9169],[-2.3238,53.9169],[-2.3238,53.9153],[-2.3265,53.9153],[-2.3293,53.9153],[-2.3293,53.9137],[-2.332,53.9137],[-2.332,53.9121],[-2.3347,53.9121],[-2.3375,53.9121],[-2.3402,53.9121],[-2.3402,53.9104],[-2.3429,53.9104],[-2.3457,53.9104],[-2.3457,53.9121],[-2.3484,53.9121],[-2.3512,53.9121],[-2.3512,53.9104],[-2.3539,53.9104],[-2.3539,53.9088],[-2.3566,53.9088],[-2.3594,53.9088],[-2.3594,53.9072],[-2.3621,53.9072],[-2.3649,53.9072],[-2.3649,53.9056],[-2.3676,53.9056],[-2.3676,53.904],[-2.3676,53.9024],[-2.3703,53.9024],[-2.3703,53.9008],[-2.3731,53.9008],[-2.3758,53.9008],[-2.3786,53.9008],[-2.3813,53.9008],[-2.3813,53.8991],[-2.384,53.8991],[-2.3868,53.8991],[-2.3868,53.8975],[-2.3895,53.8975],[-2.3895,53.8959],[-2.3923,53.8959],[-2.395,53.8959],[-2.3977,53.8959],[-2.3977,53.8943],[-2.4005,53.8943],[-2.4032,53.8943],[-2.4032,53.8927],[-2.4032,53.8911],[-2.406,53.8911],[-2.4087,53.8911],[-2.4114,53.8911],[-2.4142,53.8911],[-2.4142,53.8895],[-2.4142,53.8878],[-2.4169,53.8878],[-2.4197,53.8878],[-2.4197,53.8862],[-2.4224,53.8862],[-2.4224,53.8846],[-2.4251,53.8846],[-2.4251,53.883],[-2.4251,53.8814],[-2.4279,53.8814],[-2.4306,53.8814],[-2.4306,53.8798],[-2.4306,53.8782],[-2.4334,53.8782],[-2.4361,53.8782],[-2.4361,53.8765],[-2.4388,53.8765],[-2.4388,53.8749],[-2.4416,53.8749],[-2.4416,53.8733],[-2.4443,53.8733],[-2.4443,53.8717],[-2.4471,53.8717],[-2.4471,53.8701],[-2.4498,53.8701],[-2.4498,53.8685],[-2.4525,53.8685],[-2.4553,53.8685],[-2.4525,53.8668],[-2.4525,53.8652],[-2.4525,53.8636],[-2.4525,53.862],[-2.4498,53.862],[-2.4498,53.8604],[-2.4471,53.8604],[-2.4443,53.8604],[-2.4443,53.8588],[-2.4443,53.8572],[-2.4416,53.8572],[-2.4416,53.8555],[-2.4388,53.8539],[-2.4388,53.8523],[-2.4388,53.8507],[-2.4416,53.8507],[-2.4416,53.8491],[-2.4443,53.8491],[-2.4471,53.8491],[-2.4498,53.8491],[-2.4498,53.8475],[-2.4525,53.8475],[-2.4553,53.8475],[-2.4553,53.8458],[-2.4553,53.8442],[-2.4553,53.8426],[-2.458,53.8426],[-2.458,53.841],[-2.4608,53.841],[-2.4608,53.8394],[-2.4635,53.8394],[-2.4662,53.8394],[-2.469,53.8394],[-2.469,53.8378],[-2.4717,53.8378],[-2.4745,53.8378],[-2.4772,53.8378],[-2.4772,53.8361],[-2.4799,53.8361],[-2.4827,53.8361],[-2.4854,53.8361],[-2.4882,53.8361],[-2.4909,53.8361],[-2.4936,53.8361],[-2.4964,53.8361],[-2.4991,53.8361],[-2.5019,53.8361],[-2.5019,53.8345],[-2.5046,53.8345],[-2.5073,53.8345],[-2.5101,53.8345],[-2.5101,53.8329]]],[[[-2.3621,53.8135],[-2.3649,53.8135],[-2.3676,53.8135],[-2.3703,53.8135],[-2.3731,53.8135],[-2.3758,53.8135],[-2.3786,53.8135],[-2.3786,53.8151],[-2.3786,53.8167],[-2.3813,53.8167],[-2.3813,53.8184],[-2.3786,53.8184],[-2.3758,53.8184],[-2.3758,53.82],[-2.3731,53.82],[-2.3703,53.82],[-2.3703,53.8216],[-2.3676,53.8216],[-2.3676,53.8232],[-2.3649,53.8232],[-2.3649,53.8248],[-2.3649,53.8264],[-2.3676,53.8264],[-2.3703,53.8264],[-2.3731,53.8264],[-2.3758,53.8264],[-2.3758,53.8281],[-2.3786,53.8281],[-2.3786,53.8297],[-2.3786,53.8313],[-2.3758,53.8313],[-2.3758,53.8329],[-2.3758,53.8345],[-2.3758,53.8361],[-2.3786,53.8361],[-2.3786,53.8378],[-2.3786,53.8394],[-2.3758,53.8394],[-2.3758,53.841],[-2.3758,53.8426],[-2.3731,53.8426],[-2.3731,53.8442],[-2.3731,53.8458],[-2.3731,53.8475],[-2.3731,53.8491],[-2.3703,53.8491],[-2.3703,53.8507],[-2.3703,53.8523],[-2.3676,53.8523],[-2.3649,53.8523],[-2.3649,53.8539],[-2.3649,53.8555],[-2.3621,53.8555],[-2.3621,53.8572],[-2.3621,53.8588],[-2.3594,53.8588],[-2.3594,53.8604],[-2.3566,53.8604],[-2.3566,53.862],[-2.3539,53.862],[-2.3512,53.862],[-2.3512,53.8636],[-2.3512,53.8652],[-2.3512,53.8668],[-2.3484,53.8668],[-2.3484,53.8685],[-2.3484,53.8701],[-2.3457,53.8701],[-2.3457,53.8717],[-2.3457,53.8733],[-2.3429,53.8733],[-2.3429,53.8749],[-2.3429,53.8765],[-2.3429,53.8782],[-2.3402,53.8782],[-2.3375,53.8782],[-2.3375,53.8798],[-2.3375,53.8814],[-2.3347,53.8814],[-2.3347,53.883],[-2.3347,53.8846],[-2.3347,53.8862],[-2.3375,53.8862],[-2.3375,53.8878],[-2.3375,53.8895],[-2.3402,53.8895],[-2.3429,53.8895],[-2.3429,53.8911],[-2.3457,53.8911],[-2.3457,53.8927],[-2.3457,53.8943],[-2.3429,53.8943],[-2.3429,53.8959],[-2.3402,53.8975],[-2.3375,53.8975],[-2.3375,53.8991],[-2.3347,53.8991],[-2.3347,53.9008],[-2.332,53.9008],[-2.3293,53.9008],[-2.3293,53.9024],[-2.3238,53.9024],[-2.321,53.9024],[-2.3183,53.9024],[-2.3156,53.9024],[-2.3156,53.9008],[-2.3128,53.9008],[-2.3101,53.9008],[-2.3073,53.9008],[-2.3046,53.9008],[-2.3019,53.9008],[-2.2991,53.9008],[-2.2964,53.9008],[-2.2936,53.9008],[-2.2909,53.9008],[-2.2882,53.9008],[-2.2854,53.9008],[-2.2827,53.9008],[-2.2827,53.8991],[-2.2799,53.8991],[-2.2799,53.8975],[-2.2799,53.8959],[-2.2772,53.8959],[-2.2772,53.8943],[-2.2772,53.8927],[-2.2745,53.8927],[-2.2745,53.8911],[-2.2717,53.8911],[-2.2717,53.8895],[-2.2717,53.8878],[-2.269,53.8878],[-2.2662,53.8878],[-2.2662,53.8862],[-2.2635,53.8862],[-2.2635,53.8846],[-2.2608,53.8846],[-2.2608,53.883],[-2.2608,53.8814],[-2.258,53.8814],[-2.258,53.883],[-2.2553,53.883],[-2.2525,53.883],[-2.2525,53.8846],[-2.2498,53.8846],[-2.2471,53.8862],[-2.2443,53.8862],[-2.2416,53.8862],[-2.2388,53.8862],[-2.2388,53.8846],[-2.2361,53.8846],[-2.2361,53.883],[-2.2361,53.8814],[-2.2361,53.8798],[-2.2361,53.8782],[-2.2334,53.8782],[-2.2334,53.8765],[-2.2334,53.8749],[-2.2306,53.8733],[-2.2306,53.8717],[-2.2306,53.8701],[-2.2306,53.8685],[-2.2279,53.8685],[-2.2251,53.8685],[-2.2251,53.8668],[-2.2251,53.8652],[-2.2224,53.8652],[-2.2224,53.8636],[-2.2251,53.8636],[-2.2251,53.862],[-2.2279,53.862],[-2.2279,53.8604],[-2.2306,53.8604],[-2.2306,53.8588],[-2.2334,53.8588],[-2.2334,53.8572],[-2.2361,53.8572],[-2.2361,53.8555],[-2.2388,53.8555],[-2.2388,53.8539],[-2.2416,53.8539],[-2.2416,53.8523],[-2.2443,53.8523],[-2.2443,53.8507],[-2.2471,53.8507],[-2.2471,53.8491],[-2.2498,53.8475],[-2.2498,53.8458],[-2.2525,53.8458],[-2.2525,53.8442],[-2.2553,53.8442],[-2.2553,53.8426],[-2.258,53.8426],[-2.258,53.841],[-2.258,53.8394],[-2.2608,53.8394],[-2.2608,53.8378],[-2.2635,53.8378],[-2.2635,53.8361],[-2.2662,53.8361],[-2.2662,53.8345],[-2.269,53.8345],[-2.2717,53.8345],[-2.2745,53.8345],[-2.2772,53.8345],[-2.2799,53.8345],[-2.2827,53.8345],[-2.2854,53.8345],[-2.2854,53.8329],[-2.2882,53.8329],[-2.2909,53.8329],[-2.2909,53.8313],[-2.2936,53.8313],[-2.2964,53.8313],[-2.2991,53.8313],[-2.3019,53.8313],[-2.3019,53.8297],[-2.3046,53.8297],[-2.3073,53.8297],[-2.3101,53.8297],[-2.3101,53.8281],[-2.3128,53.8281],[-2.3156,53.8281],[-2.3183,53.8281],[-2.321,53.8281],[-2.321,53.8264],[-2.3238,53.8264],[-2.3265,53.8264],[-2.3293,53.8264],[-2.3293,53.8248],[-2.332,53.8248],[-2.3347,53.8248],[-2.3375,53.8248],[-2.3402,53.8248],[-2.3402,53.8232],[-2.3429,53.8232],[-2.3457,53.8216],[-2.3484,53.8216],[-2.3484,53.82],[-2.3512,53.82],[-2.3512,53.8184],[-2.3539,53.8184],[-2.3566,53.8184],[-2.3566,53.8167],[-2.3594,53.8167],[-2.3594,53.8151],[-2.3621,53.8151],[-2.3621,53.8135]]]]},"properties":{"NAME":"Forest Of Bowland","CODE":"13","DESIG_DATE":"Feb-64"}},{"type":"Feature","geometry":{"type":"MultiPolygon","coordinates":[[[[0.8983,52.0163],[0.8956,52.018],[0.8983,52.018],[0.8983,52.0163]]],[[[1.0106,51.937],[1.0106,51.9387],[1.0106,51.9404],[1.0106,51.942],[1.0106,51.9437],[1.0079,51.9437],[1.0052,51.9437],[1.0024,51.9437],[0.9997,51.9437],[0.9969,51.9437],[0.9942,51.9437],[0.9915,51.9437],[0.9887,51.9437],[0.986,51.9437],[0.9832,51.9437],[0.9805,51.9437],[0.9778,51.9437],[0.975,51.9437],[0.9723,51.9437],[0.9695,51.9437],[0.9668,51.9437],[0.9641,51.9437],[0.9613,51.9437],[0.9586,51.9437],[0.9558,51.9437],[0.9558,51.9454],[0.9586,51.9454],[0.9586,51.9471],[0.9586,51.9488],[0.9613,51.9488],[0.9613,51.9505],[0.9613,51.9522],[0.9613,51.9539],[0.9613,51.9556],[0.9641,51.9556],[0.9641,51.9572],[0.9641,51.9589],[0.9641,51.9606],[0.9613,51.9606],[0.9586,51.9606],[0.9586,51.9623],[0.9558,51.9623],[0.9531,51.9623],[0.9531,51.9606],[0.9531,51.9589],[0.9504,51.9589],[0.9504,51.9572],[0.9476,51.9572],[0.9476,51.9589],[0.9449,51.9589],[0.9449,51.9572],[0.9421,51.9572],[0.9421,51.9556],[0.9421,51.9539],[0.9394,51.9539],[0.9367,51.9539],[0.9339,51.9539],[0.9312,51.9539],[0.9312,51.9556],[0.9284,51.9556],[0.9257,51.9556],[0.923,51.9556],[0.9202,51.9556],[0.9202,51.9572],[0.9202,51.9589],[0.9175,51.9589],[0.9175,51.9606],[0.9147,51.9606],[0.912,51.9606],[0.912,51.9623],[0.9093,51.9623],[0.9093,51.9606],[0.9065,51.9606],[0.9038,51.9606],[0.9038,51.9589],[0.901,51.9589],[0.8983,51.9589],[0.8956,51.9589],[0.8956,51.9572],[0.8956,51.9556],[0.8956,51.9539],[0.8928,51.9539],[0.8928,51.9522],[0.8901,51.9522],[0.8901,51.9539],[0.8873,51.9539],[0.8846,51.9539],[0.8846,51.9522],[0.8819,51.9522],[0.8819,51.9505],[0.8791,51.9505],[0.8791,51.9488],[0.8764,51.9488],[0.8736,51.9488],[0.8736,51.9505],[0.8736,51.9522],[0.8709,51.9522],[0.8709,51.9539],[0.8709,51.9556],[0.8682,51.9556],[0.8682,51.9539],[0.8654,51.9539],[0.8654,51.9522],[0.8654,51.9505],[0.8627,51.9505],[0.8627,51.9488],[0.8627,51.9471],[0.8627,51.9454],[0.8599,51.9454],[0.8599,51.9471],[0.8572,51.9471],[0.8572,51.9454],[0.8545,51.9454],[0.8545,51.9471],[0.8517,51.9471],[0.8517,51.9488],[0.849,51.9488],[0.8462,51.9488],[0.8435,51.9505],[0.8408,51.9505],[0.838,51.9505],[0.8353,51.9505],[0.8353,51.9488],[0.8325,51.9488],[0.8298,51.9488],[0.8271,51.9488],[0.8243,51.9488],[0.8216,51.9488],[0.8188,51.9488],[0.8161,51.9488],[0.8161,51.9505],[0.8134,51.9505],[0.8106,51.9505],[0.8079,51.9505],[0.8079,51.9522],[0.8051,51.9522],[0.8024,51.9522],[0.8024,51.9539],[0.7997,51.9539],[0.7969,51.9539],[0.7969,51.9556],[0.7969,51.9572],[0.7997,51.9572],[0.7997,51.9589],[0.7997,51.9606],[0.8024,51.9606],[0.8024,51.9623],[0.7997,51.9623],[0.7997,51.964],[0.7997,51.9657],[0.7997,51.9674],[0.7997,51.9691],[0.7969,51.9691],[0.7969,51.9708],[0.7969,51.9724],[0.7969,51.9741],[0.7969,51.9758],[0.7969,51.9775],[0.7942,51.9775],[0.7942,51.9792],[0.7942,51.9809],[0.7969,51.9809],[0.7969,51.9826],[0.7997,51.9826],[0.8024,51.9826],[0.8051,51.9826],[0.8051,51.9843],[0.8024,51.9843],[0.8024,51.9859],[0.8024,51.9876],[0.8051,51.9876],[0.8079,51.9876],[0.8079,51.9893],[0.8106,51.9893],[0.8106,51.991],[0.8134,51.991],[0.8161,51.991],[0.8161,51.9927],[0.8161,51.9944],[0.8188,51.9944],[0.8188,51.9927],[0.8216,51.9927],[0.8216,51.991],[0.8188,51.991],[0.8188,51.9893],[0.8188,51.9876],[0.8161,51.9876],[0.8161,51.9859],[0.8188,51.9859],[0.8161,51.9843],[0.8188,51.9843],[0.8188,51.9826],[0.8161,51.9826],[0.8134,51.9826],[0.8134,51.9809],[0.8106,51.9809],[0.8106,51.9826],[0.8079,51.9809],[0.8106,51.9792],[0.8134,51.9792],[0.8161,51.9792],[0.8188,51.9792],[0.8216,51.9792],[0.8216,51.9809],[0.8243,51.9809],[0.8271,51.9809],[0.8298,51.9809],[0.8325,51.9809],[0.8353,51.9809],[0.838,51.9809],[0.8408,51.9809],[0.8435,51.9809],[0.8462,51.9809],[0.849,51.9809],[0.849,51.9826],[0.849,51.9843],[0.8462,51.9843],[0.8462,51.9859],[0.849,51.9859],[0.8517,51.9859],[0.8545,51.9859],[0.8545,51.9876],[0.8572,51.9876],[0.8572,51.9893],[0.8572,51.991],[0.8545,51.991],[0.8545,51.9927],[0.8545,51.9944],[0.8572,51.9944],[0.8599,51.9944],[0.8627,51.9944],[0.8654,51.9944],[0.8654,51.9961],[0.8627,51.9961],[0.8627,51.9978],[0.8627,51.9994],[0.8654,51.9994],[0.8654,52.0011],[0.8654,52.0028],[0.8627,52.0028],[0.8599,52.0028],[0.8599,52.0045],[0.8572,52.0045],[0.8572,52.0062],[0.8572,52.0079],[0.8545,52.0079],[0.8545,52.0096],[0.8545,52.0112],[0.8545,52.0129],[0.8545,52.0146],[0.8572,52.0146],[0.8572,52.0163],[0.8572,52.018],[0.8599,52.018],[0.8599,52.0197],[0.8627,52.0197],[0.8654,52.0197],[0.8682,52.0197],[0.8709,52.0197],[0.8709,52.0214],[0.8736,52.0214],[0.8736,52.023],[0.8764,52.023],[0.8764,52.0214],[0.8791,52.0214],[0.8791,52.0197],[0.8791,52.018],[0.8791,52.0163],[0.8819,52.0163],[0.8846,52.0163],[0.8846,52.0146],[0.8873,52.0146],[0.8873,52.0129],[0.8901,52.0129],[0.8901,52.0112],[0.8928,52.0112],[0.8928,52.0129],[0.8928,52.0146],[0.8956,52.0146],[0.8956,52.0163],[0.8983,52.0163],[0.901,52.0163],[0.901,52.0146],[0.901,52.0129],[0.9038,52.0129],[0.9065,52.0129],[0.9093,52.0129],[0.912,52.0129],[0.9147,52.0129],[0.9147,52.0112],[0.9147,52.0096],[0.9175,52.0096],[0.9175,52.0079],[0.9202,52.0079],[0.923,52.0079],[0.9257,52.0079],[0.9284,52.0079],[0.9312,52.0079],[0.9339,52.0079],[0.9367,52.0079],[0.9394,52.0079],[0.9394,52.0096],[0.9421,52.0096],[0.9449,52.0096],[0.9476,52.0096],[0.9504,52.0096],[0.9531,52.0096],[0.9558,52.0096],[0.9586,52.0096],[0.9586,52.0112],[0.9613,52.0112],[0.9641,52.0112],[0.9668,52.0112],[0.9668,52.0096],[0.9695,52.0096],[0.9695,52.0112],[0.9723,52.0112],[0.975,52.0112],[0.9778,52.0112],[0.9778,52.0129],[0.9805,52.0129],[0.9832,52.0129],[0.9832,52.0112],[0.9832,52.0096],[0.9805,52.0096],[0.9805,52.0079],[0.9805,52.0062],[0.9778,52.0062],[0.975,52.0045],[0.9723,52.0045],[0.9723,52.0028],[0.9723,52.0011],[0.975,52.0011],[0.975,51.9994],[0.9778,51.9994],[0.9778,51.9978],[0.9805,51.9978],[0.9805,51.9961],[0.9832,51.9961],[0.9832,51.9944],[0.9805,51.9944],[0.9805,51.9927],[0.9805,51.991],[0.9778,51.991],[0.9778,51.9893],[0.9778,51.9876],[0.9805,51.9876],[0.9805,51.9859],[0.9832,51.9859],[0.986,51.9859],[0.9887,51.9859],[0.9915,51.9859],[0.9915,51.9843],[0.9942,51.9843],[0.9942,51.9826],[0.9969,51.9826],[0.9997,51.9826],[0.9997,51.9809],[1.0024,51.9809],[1.0024,51.9792],[1.0052,51.9792],[1.0079,51.9792],[1.0079,51.9775],[1.0106,51.9775],[1.0106,51.9758],[1.0106,51.9741],[1.0106,51.9724],[1.0134,51.9724],[1.0134,51.9741],[1.0161,51.9741],[1.0161,51.9758],[1.0189,51.9758],[1.0216,51.9758],[1.0243,51.9758],[1.0243,51.9741],[1.0271,51.9741],[1.0271,51.9724],[1.0271,51.9708],[1.0298,51.9724],[1.0326,51.9724],[1.0353,51.9724],[1.038,51.9724],[1.0408,51.9724],[1.0408,51.9741],[1.0435,51.9741],[1.0462,51.9724],[1.0435,51.9724],[1.0435,51.9708],[1.0462,51.9708],[1.0462,51.9691],[1.049,51.9691],[1.0517,51.9691],[1.0545,51.9691],[1.0545,51.9674],[1.0572,51.9674],[1.0572,51.9657],[1.0572,51.964],[1.0572,51.9623],[1.0572,51.9606],[1.0572,51.9589],[1.0572,51.9572],[1.0572,51.9556],[1.0545,51.9556],[1.0545,51.9539],[1.0545,51.9522],[1.0517,51.9522],[1.049,51.9522],[1.049,51.9505],[1.049,51.9488],[1.049,51.9471],[1.0462,51.9471],[1.0462,51.9454],[1.0462,51.9437],[1.0462,51.942],[1.0462,51.9404],[1.0462,51.9387],[1.0435,51.9387],[1.0408,51.9387],[1.038,51.9387],[1.0353,51.9404],[1.0326,51.9404],[1.0298,51.9404],[1.0298,51.9387],[1.0271,51.9387],[1.0243,51.9387],[1.0243,51.937],[1.0216,51.937],[1.0189,51.937],[1.0161,51.937],[1.0134,51.937],[1.0106,51.937]]]]},"properties":{"NAME":"Dedham Vale","CODE":"9","DESIG_DATE":"May-70"}},{"type":"Feature","geometry":{"type":"Polygon","coordinates":[[[-1.9594,52.767],[-1.9594,52.7654],[-1.9594,52.7637],[-1.9566,52.7637],[-1.9566,52.762],[-1.9566,52.7604],[-1.9539,52.7604],[-1.9511,52.7604],[-1.9511,52.7587],[-1.9539,52.7587],[-1.9539,52.7571],[-1.9566,52.7571],[-1.9566,52.7554],[-1.9566,52.7538],[-1.9594,52.7538],[-1.9594,52.7521],[-1.9566,52.7521],[-1.9566,52.7504],[-1.9539,52.7504],[-1.9539,52.7488],[-1.9511,52.7488],[-1.9484,52.7488],[-1.9484,52.7471],[-1.9457,52.7455],[-1.9429,52.7455],[-1.9347,52.7471],[-1.9347,52.7455],[-1.9347,52.7438],[-1.932,52.7438],[-1.9292,52.7421],[-1.9292,52.7405],[-1.9292,52.7388],[-1.9292,52.7372],[-1.9265,52.7372],[-1.9265,52.7355],[-1.9265,52.7339],[-1.9265,52.7322],[-1.9238,52.7305],[-1.9238,52.7322],[-1.921,52.7322],[-1.9183,52.7322],[-1.9183,52.7305],[-1.9183,52.7289],[-1.9155,52.7289],[-1.9128,52.7289],[-1.9128,52.7305],[-1.9101,52.7305],[-1.9073,52.7305],[-1.9073,52.7289],[-1.9073,52.7272],[-1.9073,52.7256],[-1.9101,52.7256],[-1.9101,52.7239],[-1.9101,52.7222],[-1.9101,52.7206],[-1.9073,52.7206],[-1.9046,52.7206],[-1.9018,52.7206],[-1.9018,52.7189],[-1.9018,52.7173],[-1.9018,52.7156],[-1.9018,52.7139],[-1.9046,52.7139],[-1.9046,52.7123],[-1.9073,52.7123],[-1.9101,52.7123],[-1.9101,52.7106],[-1.9128,52.7106],[-1.9155,52.7106],[-1.9155,52.709],[-1.9183,52.709],[-1.921,52.709],[-1.921,52.7073],[-1.9183,52.7073],[-1.9183,52.7056],[-1.9155,52.7056],[-1.9155,52.704],[-1.9155,52.7023],[-1.9155,52.7007],[-1.9155,52.699],[-1.9128,52.699],[-1.9128,52.6973],[-1.9128,52.6957],[-1.9128,52.694],[-1.9155,52.694],[-1.9183,52.694],[-1.921,52.694],[-1.9238,52.694],[-1.9265,52.694],[-1.9292,52.694],[-1.9292,52.6957],[-1.932,52.6957],[-1.932,52.6973],[-1.9347,52.6973],[-1.9347,52.6957],[-1.9375,52.6957],[-1.9402,52.6957],[-1.9402,52.6973],[-1.9429,52.6973],[-1.9457,52.6973],[-1.9457,52.699],[-1.9429,52.699],[-1.9429,52.7007],[-1.9457,52.7007],[-1.9457,52.7023],[-1.9457,52.704],[-1.9484,52.704],[-1.9511,52.704],[-1.9511,52.7056],[-1.9511,52.7073],[-1.9484,52.709],[-1.9457,52.7106],[-1.9457,52.7123],[-1.9484,52.7123],[-1.9511,52.7123],[-1.9539,52.7123],[-1.9539,52.7139],[-1.9566,52.7139],[-1.9566,52.7123],[-1.9594,52.7123],[-1.9621,52.7106],[-1.9621,52.709],[-1.9648,52.709],[-1.9648,52.7106],[-1.9676,52.7106],[-1.9676,52.7123],[-1.9703,52.7123],[-1.9731,52.7123],[-1.9758,52.7123],[-1.9785,52.7123],[-1.9785,52.7139],[-1.9813,52.7139],[-1.9813,52.7156],[-1.984,52.7156],[-1.984,52.7173],[-1.9868,52.7173],[-1.9895,52.7173],[-1.9922,52.7173],[-1.9922,52.7189],[-1.9922,52.7206],[-1.9895,52.7206],[-1.9895,52.7222],[-1.9868,52.7222],[-1.9868,52.7239],[-1.984,52.7239],[-1.9813,52.7256],[-1.9785,52.7256],[-1.9785,52.7272],[-1.9813,52.7305],[-1.9813,52.7289],[-1.984,52.7289],[-1.984,52.7272],[-1.9868,52.7272],[-1.9895,52.7272],[-1.9895,52.7289],[-1.9922,52.7289],[-1.9922,52.7272],[-1.9922,52.7256],[-1.9922,52.7239],[-1.9922,52.7222],[-1.9922,52.7206],[-1.995,52.7206],[-1.9977,52.7206],[-1.9977,52.7189],[-2.0005,52.7189],[-2.0032,52.7206],[-2.0059,52.7206],[-2.0059,52.7222],[-2.0087,52.7222],[-2.0087,52.7239],[-2.0114,52.7239],[-2.0114,52.7256],[-2.0142,52.7256],[-2.0142,52.7272],[-2.0169,52.7272],[-2.0169,52.7256],[-2.0196,52.7256],[-2.0224,52.7256],[-2.0251,52.7256],[-2.0251,52.7239],[-2.0279,52.7239],[-2.0279,52.7222],[-2.0279,52.7206],[-2.0279,52.7189],[-2.0279,52.7173],[-2.0279,52.7156],[-2.0306,52.7156],[-2.0306,52.7139],[-2.0306,52.7123],[-2.0306,52.7106],[-2.0306,52.709],[-2.0306,52.7073],[-2.0306,52.7056],[-2.0333,52.7056],[-2.0333,52.704],[-2.0361,52.704],[-2.0361,52.7023],[-2.0388,52.7023],[-2.0416,52.7023],[-2.0416,52.7007],[-2.0416,52.699],[-2.0443,52.699],[-2.0443,52.6973],[-2.047,52.6973],[-2.047,52.6957],[-2.047,52.694],[-2.0498,52.694],[-2.0498,52.6924],[-2.0525,52.6924],[-2.0525,52.6907],[-2.0553,52.6907],[-2.058,52.6907],[-2.0607,52.6907],[-2.0635,52.6907],[-2.0635,52.6924],[-2.0607,52.6924],[-2.0607,52.694],[-2.0635,52.694],[-2.0635,52.6957],[-2.0635,52.6973],[-2.0635,52.699],[-2.0607,52.699],[-2.0607,52.7007],[-2.058,52.7007],[-2.058,52.7023],[-2.058,52.704],[-2.0553,52.704],[-2.0553,52.7056],[-2.0553,52.7073],[-2.0525,52.7073],[-2.0498,52.7073],[-2.0498,52.709],[-2.047,52.709],[-2.047,52.7073],[-2.0443,52.7073],[-2.0443,52.709],[-2.0443,52.7106],[-2.0416,52.7106],[-2.0416,52.709],[-2.0416,52.7073],[-2.0416,52.7056],[-2.0388,52.7056],[-2.0388,52.7073],[-2.0361,52.7073],[-2.0333,52.7073],[-2.0333,52.709],[-2.0333,52.7106],[-2.0333,52.7123],[-2.0333,52.7139],[-2.0333,52.7156],[-2.0361,52.7156],[-2.0361,52.7173],[-2.0361,52.7189],[-2.0333,52.7189],[-2.0333,52.7206],[-2.0333,52.7222],[-2.0361,52.7222],[-2.0361,52.7239],[-2.0388,52.7239],[-2.0388,52.7256],[-2.0416,52.7256],[-2.0416,52.7272],[-2.0443,52.7272],[-2.0443,52.7289],[-2.0443,52.7305],[-2.047,52.7305],[-2.047,52.7322],[-2.0498,52.7322],[-2.0498,52.7339],[-2.0498,52.7355],[-2.0498,52.7372],[-2.0498,52.7388],[-2.0498,52.7405],[-2.0525,52.7405],[-2.0525,52.7421],[-2.0525,52.7438],[-2.0525,52.7455],[-2.0525,52.7471],[-2.0525,52.7488],[-2.0525,52.7504],[-2.0525,52.7521],[-2.0525,52.7538],[-2.0525,52.7554],[-2.0525,52.7571],[-2.0525,52.7587],[-2.0525,52.7604],[-2.0525,52.762],[-2.0525,52.7637],[-2.0525,52.7654],[-2.0525,52.767],[-2.0553,52.767],[-2.0553,52.7687],[-2.0553,52.7703],[-2.0525,52.772],[-2.0553,52.772],[-2.0553,52.7737],[-2.0553,52.7753],[-2.058,52.7753],[-2.058,52.777],[-2.058,52.7786],[-2.058,52.7803],[-2.058,52.7819],[-2.058,52.7836],[-2.0553,52.7836],[-2.0553,52.7853],[-2.0553,52.7869],[-2.058,52.7869],[-2.058,52.7886],[-2.0553,52.7886],[-2.0525,52.7902],[-2.0498,52.7902],[-2.0498,52.7886],[-2.047,52.7886],[-2.0443,52.7886],[-2.0416,52.7886],[-2.0416,52.7902],[-2.0388,52.7902],[-2.0388,52.7919],[-2.0388,52.7935],[-2.0388,52.7952],[-2.0388,52.7969],[-2.0388,52.7985],[-2.0388,52.8002],[-2.0416,52.8002],[-2.0416,52.8018],[-2.0416,52.8035],[-2.0388,52.8035],[-2.0361,52.8035],[-2.0333,52.8035],[-2.0361,52.8051],[-2.0333,52.8051],[-2.0333,52.8068],[-2.0306,52.8051],[-2.0306,52.8035],[-2.0279,52.8035],[-2.0279,52.8051],[-2.0251,52.8051],[-2.0251,52.8068],[-2.0224,52.8068],[-2.0196,52.8068],[-2.0169,52.8068],[-2.0169,52.8051],[-2.0142,52.8051],[-2.0114,52.8035],[-2.0087,52.8035],[-2.0087,52.8018],[-2.0059,52.8018],[-2.0059,52.8002],[-2.0032,52.8002],[-2.0032,52.7985],[-2.0032,52.7969],[-2.0005,52.7969],[-2.0005,52.7952],[-2.0005,52.7935],[-1.9977,52.7935],[-1.9977,52.7919],[-1.995,52.7919],[-1.995,52.7902],[-1.995,52.7886],[-1.9922,52.7886],[-1.9895,52.7886],[-1.9895,52.7869],[-1.9868,52.7869],[-1.984,52.7869],[-1.9813,52.7869],[-1.9813,52.7853],[-1.9785,52.7853],[-1.9785,52.7836],[-1.9785,52.7819],[-1.9758,52.7819],[-1.9731,52.7819],[-1.9703,52.7819],[-1.9703,52.7803],[-1.9676,52.7803],[-1.9676,52.7786],[-1.9676,52.777],[-1.9648,52.777],[-1.9648,52.7753],[-1.9648,52.7737],[-1.9648,52.772],[-1.9648,52.7703],[-1.9621,52.7703],[-1.9621,52.7687],[-1.9594,52.7687],[-1.9594,52.767]]]},"properties":{"NAME":"Cannock Chase","CODE":"3","DESIG_DATE":"Sep-58"}},{"type":"Feature","geometry":{"type":"Polygon","coordinates":[[[-0.088,53.4577],[-0.088,53.4561],[-0.0853,53.4561],[-0.0853,53.4545],[-0.0826,53.4528],[-0.0826,53.4512],[-0.0826,53.4496],[-0.0798,53.4496],[-0.0798,53.4479],[-0.0798,53.4463],[-0.0771,53.4463],[-0.0771,53.4447],[-0.0743,53.443],[-0.0743,53.4414],[-0.0743,53.4398],[-0.0716,53.4398],[-0.0716,53.4382],[-0.0716,53.4365],[-0.0689,53.4365],[-0.0689,53.4349],[-0.0689,53.4333],[-0.0661,53.4333],[-0.0661,53.4349],[-0.0634,53.4333],[-0.0634,53.4316],[-0.0606,53.4316],[-0.0606,53.43],[-0.0579,53.43],[-0.0579,53.4284],[-0.0552,53.4267],[-0.0552,53.4251],[-0.0524,53.4251],[-0.0524,53.4235],[-0.0524,53.4218],[-0.0497,53.4218],[-0.0497,53.4202],[-0.0469,53.4202],[-0.0469,53.4186],[-0.0442,53.4186],[-0.0415,53.4186],[-0.0387,53.4186],[-0.036,53.4186],[-0.036,53.4202],[-0.0332,53.4202],[-0.0305,53.4202],[-0.0305,53.4186],[-0.0278,53.4186],[-0.0278,53.4169],[-0.0278,53.4153],[-0.0278,53.4137],[-0.0278,53.412],[-0.025,53.412],[-0.025,53.4104],[-0.025,53.4088],[-0.0223,53.4088],[-0.0223,53.4071],[-0.0223,53.4055],[-0.0223,53.4039],[-0.0223,53.4022],[-0.0223,53.4006],[-0.0223,53.399],[-0.0223,53.3973],[-0.0223,53.3957],[-0.0195,53.3957],[-0.0195,53.3941],[-0.0195,53.3924],[-0.0195,53.3908],[-0.0195,53.3892],[-0.0195,53.3875],[-0.0223,53.3875],[-0.025,53.3875],[-0.025,53.3859],[-0.025,53.3843],[-0.0278,53.3843],[-0.0278,53.3826],[-0.0278,53.381],[-0.0278,53.3794],[-0.0278,53.3777],[-0.0278,53.3761],[-0.025,53.3761],[-0.025,53.3745],[-0.0223,53.3745],[-0.0223,53.3728],[-0.0195,53.3728],[-0.0195,53.3712],[-0.0195,53.3695],[-0.0195,53.3679],[-0.0195,53.3663],[-0.0223,53.3646],[-0.025,53.3646],[-0.025,53.363],[-0.0223,53.3646],[-0.0223,53.363],[-0.0195,53.363],[-0.0168,53.363],[-0.0168,53.3646],[-0.0141,53.3646],[-0.0141,53.363],[-0.0141,53.3614],[-0.0141,53.3597],[-0.0141,53.3581],[-0.0113,53.3581],[-0.0086,53.3581],[-0.0058,53.3581],[-0.0058,53.3565],[-0.0031,53.3565],[-0.0031,53.3548],[-0.0031,53.3532],[-0.0004,53.3532],[-0.0004,53.3516],[-0.0004,53.3499],[-0.0004,53.3483],[-0.0004,53.3467],[0.0024,53.3467],[0.0024,53.345],[0.0051,53.3434],[0.0051,53.3417],[0.0078,53.3417],[0.0106,53.3434],[0.0106,53.345],[0.0133,53.345],[0.0161,53.345],[0.0161,53.3467],[0.0188,53.3467],[0.0215,53.3467],[0.0243,53.3483],[0.027,53.3483],[0.027,53.3467],[0.0298,53.3467],[0.0298,53.345],[0.0298,53.3434],[0.0325,53.3434],[0.0325,53.3417],[0.0325,53.3401],[0.0352,53.3385],[0.0352,53.3368],[0.0352,53.3352],[0.0352,53.3336],[0.0352,53.3319],[0.038,53.3319],[0.038,53.3303],[0.0407,53.3303],[0.0407,53.3287],[0.0407,53.327],[0.0435,53.327],[0.0435,53.3254],[0.0435,53.3238],[0.0462,53.3238],[0.0462,53.3221],[0.0462,53.3205],[0.0489,53.3205],[0.0517,53.3205],[0.0517,53.3188],[0.0517,53.3172],[0.0544,53.3172],[0.0544,53.3156],[0.0544,53.3139],[0.0544,53.3123],[0.0572,53.3123],[0.0599,53.3123],[0.0626,53.3123],[0.0626,53.3107],[0.0654,53.3107],[0.0654,53.309],[0.0654,53.3074],[0.0681,53.3074],[0.0681,53.3057],[0.0709,53.3057],[0.0709,53.3041],[0.0736,53.3041],[0.0736,53.3025],[0.0763,53.3025],[0.0763,53.3008],[0.0763,53.2992],[0.0791,53.2992],[0.0818,53.2976],[0.0818,53.2959],[0.0846,53.2959],[0.0846,53.2943],[0.0846,53.2926],[0.0873,53.2926],[0.0873,53.291],[0.0873,53.2894],[0.09,53.2894],[0.09,53.2877],[0.0928,53.2877],[0.0928,53.2861],[0.0955,53.2861],[0.0955,53.2845],[0.0955,53.2828],[0.0983,53.2828],[0.0983,53.2812],[0.0983,53.2795],[0.101,53.2795],[0.101,53.2779],[0.1037,53.2779],[0.1065,53.2779],[0.1065,53.2763],[0.1065,53.2746],[0.1037,53.2746],[0.1037,53.273],[0.1037,53.2714],[0.1065,53.2714],[0.1092,53.2714],[0.1092,53.2697],[0.112,53.2697],[0.112,53.2681],[0.1147,53.2681],[0.1147,53.2664],[0.1174,53.2664],[0.1174,53.2648],[0.1174,53.2632],[0.1202,53.2632],[0.1229,53.2632],[0.1257,53.2632],[0.1284,53.2632],[0.1284,53.2615],[0.1311,53.2615],[0.1339,53.2615],[0.1339,53.2599],[0.1366,53.2599],[0.1366,53.2582],[0.1394,53.2582],[0.1394,53.2566],[0.1421,53.2566],[0.1421,53.255],[0.1448,53.255],[0.1448,53.2533],[0.1476,53.2533],[0.1476,53.2517],[0.1476,53.25],[0.1503,53.25],[0.1503,53.2484],[0.1531,53.2484],[0.1531,53.2468],[0.1558,53.2468],[0.1558,53.2451],[0.1558,53.2435],[0.1585,53.2435],[0.1585,53.2418],[0.1585,53.2402],[0.1613,53.2402],[0.1613,53.2386],[0.1613,53.2369],[0.164,53.2369],[0.164,53.2353],[0.1668,53.2353],[0.1668,53.2336],[0.1695,53.2336],[0.1695,53.232],[0.1722,53.232],[0.1722,53.2304],[0.1722,53.2287],[0.175,53.2287],[0.1777,53.2287],[0.1777,53.2271],[0.1805,53.2271],[0.1805,53.2254],[0.1832,53.2238],[0.1859,53.2238],[0.1887,53.2238],[0.1887,53.2222],[0.1914,53.2222],[0.1914,53.2205],[0.1942,53.2205],[0.1969,53.2205],[0.1996,53.2189],[0.1996,53.2172],[0.1996,53.2156],[0.2024,53.2156],[0.2024,53.214],[0.1996,53.214],[0.1996,53.2123],[0.1996,53.2107],[0.1996,53.209],[0.2024,53.209],[0.2024,53.2074],[0.2024,53.2058],[0.2024,53.2041],[0.2024,53.2025],[0.2024,53.2008],[0.2024,53.1992],[0.2051,53.1992],[0.2051,53.1976],[0.2051,53.1959],[0.2051,53.1943],[0.2024,53.1943],[0.2024,53.1959],[0.1996,53.1959],[0.1996,53.1943],[0.1996,53.1926],[0.1969,53.1926],[0.1969,53.191],[0.1969,53.1893],[0.1969,53.1877],[0.1942,53.1877],[0.1942,53.1861],[0.1942,53.1844],[0.1942,53.1828],[0.1914,53.1828],[0.1887,53.1828],[0.1859,53.1828],[0.1832,53.1828],[0.1805,53.1828],[0.1805,53.1844],[0.1777,53.1844],[0.175,53.1844],[0.1722,53.1844],[0.1695,53.1844],[0.1668,53.1844],[0.164,53.1844],[0.1613,53.1844],[0.1585,53.1844],[0.1558,53.1844],[0.1531,53.1844],[0.1531,53.1861],[0.1503,53.1861],[0.1476,53.1861],[0.1476,53.1877],[0.1448,53.1877],[0.1421,53.1893],[0.1394,53.1893],[0.1366,53.1893],[0.1339,53.1893],[0.1339,53.191],[0.1311,53.191],[0.1311,53.1926],[0.1311,53.1943],[0.1284,53.1943],[0.1257,53.1943],[0.1229,53.1943],[0.1202,53.1943],[0.1202,53.1959],[0.1174,53.1959],[0.1147,53.1959],[0.112,53.1959],[0.1092,53.1959],[0.1092,53.1976],[0.1065,53.1976],[0.1065,53.1992],[0.1037,53.1992],[0.1037,53.2008],[0.101,53.2008],[0.101,53.2025],[0.101,53.2041],[0.0983,53.2041],[0.0983,53.2058],[0.0955,53.2058],[0.0955,53.2041],[0.0955,53.2025],[0.0928,53.2025],[0.0928,53.2008],[0.09,53.2008],[0.09,53.1992],[0.09,53.1976],[0.0873,53.1976],[0.0873,53.1959],[0.0846,53.1959],[0.0818,53.1959],[0.0818,53.1976],[0.0791,53.1976],[0.0763,53.1976],[0.0736,53.1976],[0.0736,53.1992],[0.0709,53.1992],[0.0709,53.2008],[0.0681,53.2008],[0.0681,53.2025],[0.0654,53.2025],[0.0626,53.2025],[0.0626,53.2041],[0.0599,53.2041],[0.0572,53.2041],[0.0544,53.2041],[0.0517,53.2041],[0.0489,53.2041],[0.0462,53.2025],[0.0435,53.2025],[0.0407,53.2025],[0.038,53.2025],[0.0352,53.2025],[0.0325,53.2025],[0.0298,53.2025],[0.027,53.2025],[0.0243,53.2025],[0.0243,53.2041],[0.0215,53.2041],[0.0215,53.2058],[0.0188,53.2058],[0.0161,53.2058],[0.0133,53.2058],[0.0133,53.2074],[0.0106,53.2074],[0.0078,53.2074],[0.0051,53.2074],[0.0024,53.2058],[-0.0004,53.2058],[-0.0031,53.2058],[-0.0031,53.2074],[-0.0058,53.2074],[-0.0086,53.2074],[-0.0113,53.2074],[-0.0113,53.209],[-0.0141,53.209],[-0.0168,53.209],[-0.0195,53.209],[-0.0223,53.209],[-0.025,53.2074],[-0.0278,53.2074],[-0.0305,53.2074],[-0.0332,53.2074],[-0.036,53.2074],[-0.0387,53.2074],[-0.0415,53.2074],[-0.0415,53.209],[-0.0415,53.2107],[-0.0415,53.2123],[-0.0415,53.214],[-0.0415,53.2156],[-0.0415,53.2172],[-0.0415,53.2189],[-0.0442,53.2205],[-0.0469,53.2205],[-0.0497,53.2205],[-0.0497,53.2189],[-0.0524,53.2189],[-0.0524,53.2172],[-0.0552,53.2172],[-0.0552,53.2156],[-0.0579,53.2156],[-0.0606,53.2156],[-0.0606,53.2172],[-0.0606,53.2189],[-0.0606,53.2205],[-0.0634,53.2205],[-0.0634,53.2222],[-0.0634,53.2238],[-0.0661,53.2238],[-0.0661,53.2254],[-0.0661,53.2271],[-0.0689,53.2254],[-0.0689,53.2271],[-0.0716,53.2271],[-0.0743,53.2271],[-0.0743,53.2287],[-0.0743,53.2304],[-0.0743,53.232],[-0.0771,53.232],[-0.0798,53.232],[-0.0826,53.232],[-0.0826,53.2336],[-0.0798,53.2336],[-0.0798,53.2353],[-0.0826,53.2353],[-0.0826,53.2369],[-0.0798,53.2369],[-0.0798,53.2386],[-0.0826,53.2386],[-0.0826,53.2402],[-0.0826,53.2418],[-0.0853,53.2418],[-0.0853,53.2435],[-0.0853,53.2451],[-0.088,53.2451],[-0.0908,53.2451],[-0.0908,53.2468],[-0.0935,53.2468],[-0.0935,53.2484],[-0.0935,53.25],[-0.0935,53.2517],[-0.0908,53.2517],[-0.0908,53.2533],[-0.0908,53.255],[-0.0908,53.2566],[-0.0908,53.2582],[-0.0908,53.2599],[-0.0908,53.2615],[-0.0908,53.2632],[-0.0908,53.2648],[-0.0908,53.2664],[-0.0935,53.2664],[-0.0963,53.2664],[-0.0963,53.2681],[-0.099,53.2681],[-0.1017,53.2681],[-0.1045,53.2681],[-0.1045,53.2697],[-0.1072,53.2697],[-0.11,53.2697],[-0.1127,53.2697],[-0.1127,53.2714],[-0.1154,53.2714],[-0.1182,53.2714],[-0.1209,53.2714],[-0.1209,53.273],[-0.1237,53.273],[-0.1264,53.273],[-0.1291,53.273],[-0.1291,53.2746],[-0.1319,53.2746],[-0.1346,53.2746],[-0.1374,53.2746],[-0.1401,53.2746],[-0.1401,53.2763],[-0.1428,53.2763],[-0.1456,53.2763],[-0.1456,53.2779],[-0.1483,53.2779],[-0.1511,53.2779],[-0.1538,53.2779],[-0.1565,53.2779],[-0.1565,53.2795],[-0.1593,53.2795],[-0.162,53.2795],[-0.1648,53.2795],[-0.1648,53.2812],[-0.162,53.2812],[-0.162,53.2828],[-0.162,53.2845],[-0.162,53.2861],[-0.162,53.2877],[-0.1648,53.2877],[-0.1648,53.2894],[-0.1648,53.291],[-0.162,53.291],[-0.162,53.2926],[-0.162,53.2943],[-0.162,53.2959],[-0.1648,53.2959],[-0.1648,53.2976],[-0.1648,53.2992],[-0.1648,53.3008],[-0.1675,53.3008],[-0.1675,53.3025],[-0.1675,53.3041],[-0.1675,53.3057],[-0.1702,53.3057],[-0.1702,53.3074],[-0.1702,53.309],[-0.1702,53.3107],[-0.173,53.3107],[-0.173,53.3123],[-0.173,53.3139],[-0.1757,53.3139],[-0.1785,53.3139],[-0.1785,53.3156],[-0.1812,53.3156],[-0.1812,53.3172],[-0.1839,53.3172],[-0.1867,53.3172],[-0.1867,53.3188],[-0.1894,53.3188],[-0.1894,53.3205],[-0.1894,53.3221],[-0.1922,53.3221],[-0.1922,53.3238],[-0.1949,53.3238],[-0.1949,53.3254],[-0.1976,53.3254],[-0.1976,53.327],[-0.2004,53.327],[-0.2004,53.3287],[-0.2004,53.3303],[-0.2031,53.3303],[-0.2059,53.3319],[-0.2059,53.3336],[-0.2086,53.3336],[-0.2086,53.3352],[-0.2113,53.3368],[-0.2141,53.3385],[-0.2168,53.3385],[-0.2168,53.3401],[-0.2196,53.3385],[-0.2196,53.3368],[-0.2223,53.3368],[-0.2223,53.3352],[-0.225,53.3352],[-0.225,53.3336],[-0.2278,53.3336],[-0.2305,53.3319],[-0.2333,53.3303],[-0.2333,53.3287],[-0.236,53.3287],[-0.2387,53.3287],[-0.2387,53.327],[-0.2415,53.327],[-0.2442,53.327],[-0.2442,53.3287],[-0.2442,53.3303],[-0.247,53.3303],[-0.247,53.3319],[-0.2497,53.3319],[-0.2524,53.3319],[-0.2524,53.3336],[-0.2497,53.3336],[-0.2497,53.3352],[-0.2524,53.3352],[-0.2524,53.3368],[-0.2524,53.3385],[-0.2552,53.3385],[-0.2552,53.3401],[-0.2552,53.3417],[-0.2552,53.3434],[-0.2552,53.345],[-0.2524,53.345],[-0.2497,53.345],[-0.2497,53.3467],[-0.247,53.3467],[-0.2442,53.3467],[-0.2442,53.3483],[-0.2415,53.3483],[-0.2415,53.3499],[-0.2387,53.3499],[-0.236,53.3499],[-0.2333,53.3499],[-0.2333,53.3516],[-0.2333,53.3532],[-0.2333,53.3548],[-0.236,53.3548],[-0.236,53.3565],[-0.2387,53.3565],[-0.2387,53.3581],[-0.2387,53.3597],[-0.2387,53.3614],[-0.2387,53.363],[-0.2415,53.363],[-0.2415,53.3646],[-0.2415,53.3663],[-0.2415,53.3679],[-0.2442,53.3679],[-0.247,53.3679],[-0.2497,53.3679],[-0.2497,53.3695],[-0.2524,53.3695],[-0.2524,53.3712],[-0.2524,53.3728],[-0.2524,53.3745],[-0.2524,53.3761],[-0.2524,53.3777],[-0.2552,53.3777],[-0.2552,53.3794],[-0.2579,53.3794],[-0.2579,53.381],[-0.2607,53.381],[-0.2634,53.381],[-0.2661,53.381],[-0.2689,53.381],[-0.2716,53.381],[-0.2716,53.3826],[-0.2716,53.3843],[-0.2716,53.3859],[-0.2716,53.3875],[-0.2716,53.3892],[-0.2716,53.3908],[-0.2716,53.3924],[-0.2716,53.3941],[-0.2744,53.3941],[-0.2744,53.3957],[-0.2744,53.3973],[-0.2771,53.3973],[-0.2771,53.399],[-0.2744,53.399],[-0.2744,53.4006],[-0.2744,53.4022],[-0.2771,53.4022],[-0.2771,53.4039],[-0.2798,53.4055],[-0.2798,53.4071],[-0.2826,53.4071],[-0.2826,53.4088],[-0.2826,53.4104],[-0.2853,53.4104],[-0.2881,53.4104],[-0.2908,53.4104],[-0.2908,53.412],[-0.2935,53.412],[-0.2963,53.412],[-0.2963,53.4137],[-0.299,53.4137],[-0.299,53.4153],[-0.2963,53.4153],[-0.2963,53.4169],[-0.299,53.4169],[-0.3018,53.4169],[-0.3018,53.4186],[-0.3045,53.4186],[-0.3045,53.4202],[-0.3072,53.4202],[-0.3072,53.4186],[-0.31,53.4186],[-0.31,53.4202],[-0.3127,53.4202],[-0.3155,53.4202],[-0.3182,53.4202],[-0.3209,53.4202],[-0.3209,53.4218],[-0.3237,53.4218],[-0.3264,53.4218],[-0.3264,53.4235],[-0.3292,53.4235],[-0.3292,53.4251],[-0.3319,53.4251],[-0.3319,53.4267],[-0.3319,53.4284],[-0.3319,53.43],[-0.3292,53.43],[-0.3292,53.4316],[-0.3264,53.4316],[-0.3264,53.4333],[-0.3292,53.4333],[-0.3292,53.4349],[-0.3292,53.4365],[-0.3292,53.4382],[-0.3292,53.4398],[-0.3319,53.4398],[-0.3319,53.4414],[-0.3319,53.443],[-0.3346,53.443],[-0.3346,53.4447],[-0.3374,53.4447],[-0.3374,53.4463],[-0.3401,53.4463],[-0.3429,53.4463],[-0.3456,53.4463],[-0.3456,53.4479],[-0.3483,53.4479],[-0.3511,53.4479],[-0.3511,53.4496],[-0.3511,53.4512],[-0.3511,53.4528],[-0.3511,53.4545],[-0.3538,53.4545],[-0.3538,53.4561],[-0.3538,53.4577],[-0.3511,53.4577],[-0.3511,53.4594],[-0.3483,53.4594],[-0.3483,53.461],[-0.3483,53.4626],[-0.3483,53.4643],[-0.3483,53.4659],[-0.3483,53.4675],[-0.3483,53.4692],[-0.3483,53.4708],[-0.3483,53.4724],[-0.3456,53.4724],[-0.3456,53.474],[-0.3456,53.4757],[-0.3456,53.4773],[-0.3429,53.4773],[-0.3429,53.4789],[-0.3401,53.4789],[-0.3401,53.4806],[-0.3401,53.4822],[-0.3374,53.4822],[-0.3374,53.4838],[-0.3346,53.4838],[-0.3346,53.4855],[-0.3319,53.4855],[-0.3292,53.4855],[-0.3292,53.4871],[-0.3264,53.4871],[-0.3264,53.4855],[-0.3237,53.4855],[-0.3237,53.4871],[-0.3209,53.4871],[-0.3182,53.4871],[-0.3182,53.4855],[-0.3155,53.4855],[-0.3127,53.4855],[-0.31,53.4855],[-0.3072,53.4855],[-0.3045,53.4855],[-0.3045,53.4871],[-0.3045,53.4887],[-0.3045,53.4903],[-0.3045,53.492],[-0.3045,53.4936],[-0.3045,53.4952],[-0.3045,53.4969],[-0.3045,53.4985],[-0.3018,53.4985],[-0.299,53.4985],[-0.2963,53.4985],[-0.2935,53.4985],[-0.2908,53.5001],[-0.2881,53.5001],[-0.2853,53.5001],[-0.2826,53.5001],[-0.2826,53.5018],[-0.2798,53.5018],[-0.2771,53.5001],[-0.2744,53.5001],[-0.2744,53.5018],[-0.2716,53.5018],[-0.2689,53.5018],[-0.2661,53.5018],[-0.2661,53.5034],[-0.2634,53.5034],[-0.2607,53.5034],[-0.2579,53.5034],[-0.2579,53.505],[-0.2552,53.505],[-0.2524,53.505],[-0.2497,53.505],[-0.247,53.5066],[-0.2442,53.5066],[-0.2442,53.5083],[-0.2415,53.5083],[-0.2387,53.5083],[-0.2387,53.5099],[-0.236,53.5099],[-0.2333,53.5099],[-0.2305,53.5099],[-0.2278,53.5099],[-0.2278,53.5115],[-0.225,53.5115],[-0.2223,53.5115],[-0.2223,53.5132],[-0.2223,53.5148],[-0.2196,53.5148],[-0.2196,53.5164],[-0.2168,53.5164],[-0.2168,53.518],[-0.2141,53.5197],[-0.2113,53.5197],[-0.2113,53.5213],[-0.2086,53.5213],[-0.2059,53.5213],[-0.2059,53.5229],[-0.2031,53.5229],[-0.2004,53.5229],[-0.2004,53.5246],[-0.1976,53.5246],[-0.1976,53.5262],[-0.1976,53.5278],[-0.1949,53.5278],[-0.1949,53.5295],[-0.1922,53.5295],[-0.1922,53.5311],[-0.1894,53.5311],[-0.1894,53.5327],[-0.1867,53.5327],[-0.1839,53.5327],[-0.1812,53.5327],[-0.1812,53.5311],[-0.1785,53.5311],[-0.1785,53.5295],[-0.1757,53.5295],[-0.1757,53.5278],[-0.173,53.5278],[-0.1702,53.5278],[-0.1675,53.5262],[-0.1648,53.5262],[-0.1648,53.5246],[-0.1648,53.5229],[-0.162,53.5229],[-0.162,53.5213],[-0.162,53.5197],[-0.162,53.518],[-0.162,53.5164],[-0.1593,53.5164],[-0.1593,53.5148],[-0.1593,53.5132],[-0.1565,53.5132],[-0.1565,53.5115],[-0.1565,53.5099],[-0.1538,53.5099],[-0.1538,53.5083],[-0.1511,53.5083],[-0.1511,53.5066],[-0.1483,53.5066],[-0.1483,53.505],[-0.1483,53.5034],[-0.1456,53.5034],[-0.1456,53.5018],[-0.1428,53.5018],[-0.1428,53.5001],[-0.1428,53.4985],[-0.1401,53.4985],[-0.1401,53.4969],[-0.1401,53.4952],[-0.1374,53.4936],[-0.1374,53.492],[-0.1346,53.492],[-0.1346,53.4903],[-0.1319,53.4903],[-0.1319,53.4887],[-0.1291,53.4887],[-0.1291,53.4871],[-0.1291,53.4855],[-0.1264,53.4855],[-0.1264,53.4838],[-0.1237,53.4838],[-0.1237,53.4822],[-0.1209,53.4806],[-0.1209,53.4789],[-0.1182,53.4773],[-0.1182,53.4757],[-0.1154,53.4757],[-0.1154,53.474],[-0.1127,53.474],[-0.1127,53.4724],[-0.11,53.4724],[-0.11,53.4708],[-0.1072,53.4708],[-0.1072,53.4692],[-0.1072,53.4675],[-0.1045,53.4675],[-0.1045,53.4659],[-0.1017,53.4659],[-0.1017,53.4643],[-0.099,53.4643],[-0.099,53.4626],[-0.0963,53.4626],[-0.0963,53.461],[-0.0935,53.461],[-0.0935,53.4594],[-0.0908,53.4594],[-0.0908,53.4577],[-0.088,53.4577]]]},"properties":{"NAME":"Lincolnshire Wolds","CODE":"19","DESIG_DATE":"Apr-73"}},{"type":"Feature","geometry":{"type":"MultiPolygon","coordinates":[[[[-0.4086,51.9066],[-0.4086,51.9083],[-0.4086,51.9099],[-0.4086,51.9116],[-0.4059,51.9116],[-0.4059,51.9133],[-0.4086,51.9133],[-0.4113,51.9133],[-0.4141,51.9133],[-0.4168,51.9133],[-0.4168,51.915],[-0.4196,51.915],[-0.4196,51.9167],[-0.4223,51.9167],[-0.4223,51.9184],[-0.4223,51.9201],[-0.4223,51.9218],[-0.4223,51.9235],[-0.4223,51.9252],[-0.425,51.9252],[-0.425,51.9268],[-0.425,51.9285],[-0.4278,51.9302],[-0.4278,51.9319],[-0.4305,51.9319],[-0.4305,51.9336],[-0.4333,51.9336],[-0.4333,51.9353],[-0.436,51.9353],[-0.436,51.9336],[-0.4387,51.9336],[-0.4387,51.9319],[-0.4415,51.9319],[-0.4442,51.9319],[-0.4442,51.9302],[-0.447,51.9302],[-0.4497,51.9302],[-0.4524,51.9302],[-0.4552,51.9302],[-0.4579,51.9302],[-0.4607,51.9302],[-0.4634,51.9302],[-0.4634,51.9319],[-0.4661,51.9302],[-0.4689,51.9302],[-0.4716,51.9319],[-0.4716,51.9336],[-0.4689,51.9336],[-0.4689,51.9353],[-0.4661,51.937],[-0.4661,51.9387],[-0.4689,51.9387],[-0.4716,51.9387],[-0.4716,51.937],[-0.4744,51.937],[-0.4744,51.9387],[-0.4771,51.9387],[-0.4771,51.9404],[-0.4771,51.942],[-0.4798,51.942],[-0.4798,51.9404],[-0.4826,51.9404],[-0.4826,51.942],[-0.4853,51.942],[-0.4853,51.9437],[-0.4881,51.9437],[-0.4881,51.9454],[-0.4881,51.9471],[-0.4881,51.9488],[-0.4853,51.9488],[-0.4853,51.9505],[-0.4853,51.9522],[-0.4826,51.9522],[-0.4826,51.9539],[-0.4798,51.9539],[-0.4798,51.9556],[-0.4826,51.9556],[-0.4853,51.9572],[-0.4881,51.9572],[-0.4881,51.9589],[-0.4881,51.9606],[-0.4881,51.9623],[-0.4881,51.964],[-0.4853,51.964],[-0.4826,51.9657],[-0.4798,51.9657],[-0.4798,51.9674],[-0.4771,51.9674],[-0.4744,51.9674],[-0.4716,51.9674],[-0.4716,51.9691],[-0.4716,51.9708],[-0.4689,51.9708],[-0.4661,51.9708],[-0.4661,51.9691],[-0.4634,51.9691],[-0.4607,51.9691],[-0.4607,51.9674],[-0.4579,51.9674],[-0.4552,51.9674],[-0.4524,51.9674],[-0.4497,51.9657],[-0.4497,51.964],[-0.447,51.964],[-0.447,51.9657],[-0.4442,51.9657],[-0.4442,51.964],[-0.4415,51.964],[-0.4387,51.964],[-0.4387,51.9657],[-0.436,51.9657],[-0.436,51.964],[-0.436,51.9623],[-0.4333,51.9623],[-0.4333,51.9606],[-0.4305,51.9606],[-0.4278,51.9606],[-0.425,51.9606],[-0.425,51.9589],[-0.4223,51.9589],[-0.4223,51.9606],[-0.4196,51.9606],[-0.4168,51.9606],[-0.4168,51.9623],[-0.4141,51.9623],[-0.4113,51.9623],[-0.4086,51.9623],[-0.4059,51.9623],[-0.4059,51.9606],[-0.4031,51.9606],[-0.4004,51.9606],[-0.3976,51.9606],[-0.3976,51.9623],[-0.3949,51.9623],[-0.3949,51.964],[-0.3949,51.9657],[-0.3922,51.9657],[-0.3922,51.9674],[-0.3894,51.9674],[-0.3867,51.9674],[-0.3839,51.9674],[-0.3812,51.9674],[-0.3785,51.9674],[-0.3785,51.9657],[-0.3757,51.9657],[-0.3757,51.964],[-0.373,51.964],[-0.373,51.9657],[-0.3702,51.964],[-0.3702,51.9657],[-0.3702,51.9674],[-0.3702,51.9691],[-0.3675,51.9691],[-0.3648,51.9691],[-0.362,51.9691],[-0.3593,51.9691],[-0.3593,51.9708],[-0.3593,51.9724],[-0.3593,51.9741],[-0.3566,51.9741],[-0.3538,51.9741],[-0.3511,51.9741],[-0.3483,51.9741],[-0.3456,51.9741],[-0.3429,51.9741],[-0.3401,51.9741],[-0.3401,51.9724],[-0.3374,51.9724],[-0.3374,51.9708],[-0.3346,51.9708],[-0.3346,51.9691],[-0.3319,51.9691],[-0.3319,51.9674],[-0.3292,51.9674],[-0.3292,51.9657],[-0.3264,51.9657],[-0.3264,51.964],[-0.3237,51.9623],[-0.3237,51.9606],[-0.3209,51.9606],[-0.3209,51.9589],[-0.3182,51.9589],[-0.3182,51.9572],[-0.3182,51.9556],[-0.3155,51.9556],[-0.3155,51.9539],[-0.3127,51.9539],[-0.3127,51.9522],[-0.3127,51.9505],[-0.31,51.9505],[-0.31,51.9488],[-0.31,51.9471],[-0.3072,51.9471],[-0.3072,51.9454],[-0.3072,51.9437],[-0.3072,51.942],[-0.31,51.942],[-0.31,51.9404],[-0.3127,51.9404],[-0.3127,51.9387],[-0.3155,51.9387],[-0.3182,51.937],[-0.3209,51.937],[-0.3209,51.9353],[-0.3237,51.9353],[-0.3264,51.9353],[-0.3292,51.9353],[-0.3319,51.9353],[-0.3346,51.9353],[-0.3374,51.9353],[-0.3374,51.9336],[-0.3401,51.9336],[-0.3429,51.9336],[-0.3456,51.9336],[-0.3456,51.9319],[-0.3483,51.9319],[-0.3511,51.9319],[-0.3511,51.9302],[-0.3538,51.9302],[-0.3538,51.9285],[-0.3566,51.9285],[-0.3593,51.9268],[-0.362,51.9268],[-0.362,51.9252],[-0.3648,51.9252],[-0.3648,51.9235],[-0.3675,51.9235],[-0.3675,51.9218],[-0.3702,51.9218],[-0.3702,51.9201],[-0.373,51.9201],[-0.3757,51.9201],[-0.3757,51.9184],[-0.3785,51.9184],[-0.3785,51.9167],[-0.3812,51.9167],[-0.3812,51.915],[-0.3812,51.9133],[-0.3839,51.9133],[-0.3867,51.9133],[-0.3867,51.915],[-0.3839,51.915],[-0.3839,51.9167],[-0.3839,51.9184],[-0.3839,51.9201],[-0.3867,51.9201],[-0.3894,51.9201],[-0.3922,51.9201],[-0.3922,51.9184],[-0.3949,51.9184],[-0.3976,51.9184],[-0.3976,51.9167],[-0.3949,51.9167],[-0.3949,51.915],[-0.3949,51.9133],[-0.3949,51.9116],[-0.3976,51.9116],[-0.4004,51.9116],[-0.4031,51.9116],[-0.4031,51.9099],[-0.4031,51.9083],[-0.4059,51.9083],[-0.4059,51.9066],[-0.4086,51.9066]]],[[[-1.0086,51.4735],[-1.0086,51.4752],[-1.0114,51.4752],[-1.0141,51.4752],[-1.0169,51.4752],[-1.0169,51.4769],[-1.0196,51.4769],[-1.0223,51.4786],[-1.0251,51.4786],[-1.0278,51.4786],[-1.0306,51.4803],[-1.0333,51.4803],[-1.0333,51.482],[-1.036,51.482],[-1.036,51.4837],[-1.0388,51.4837],[-1.0388,51.4854],[-1.0388,51.4871],[-1.0415,51.4871],[-1.0415,51.4888],[-1.0443,51.4888],[-1.0443,51.4905],[-1.047,51.4905],[-1.0497,51.4905],[-1.0497,51.4922],[-1.0525,51.4922],[-1.0552,51.4922],[-1.058,51.4922],[-1.0607,51.4922],[-1.0634,51.4905],[-1.0662,51.4905],[-1.0689,51.4905],[-1.0717,51.4905],[-1.0717,51.4888],[-1.0744,51.4888],[-1.0771,51.4888],[-1.0771,51.4871],[-1.0799,51.4871],[-1.0826,51.4871],[-1.0854,51.4871],[-1.0854,51.4854],[-1.0881,51.4854],[-1.0908,51.4854],[-1.0908,51.4871],[-1.0936,51.4871],[-1.0963,51.4871],[-1.0963,51.4888],[-1.0991,51.4888],[-1.1018,51.4888],[-1.1018,51.4905],[-1.1045,51.4905],[-1.1045,51.4922],[-1.1045,51.4939],[-1.1045,51.4956],[-1.1073,51.4956],[-1.1073,51.4973],[-1.1073,51.499],[-1.1073,51.5008],[-1.1073,51.5025],[-1.1073,51.5042],[-1.11,51.5042],[-1.11,51.5059],[-1.11,51.5076],[-1.1128,51.5076],[-1.1128,51.5093],[-1.1155,51.5093],[-1.1155,51.511],[-1.1182,51.511],[-1.121,51.511],[-1.121,51.5127],[-1.1237,51.5127],[-1.1237,51.511],[-1.1265,51.511],[-1.1265,51.5127],[-1.1292,51.511],[-1.1319,51.511],[-1.1347,51.511],[-1.1347,51.5127],[-1.1374,51.5127],[-1.1374,51.5144],[-1.1402,51.5144],[-1.1402,51.5161],[-1.1429,51.5161],[-1.1429,51.5178],[-1.1429,51.5195],[-1.1429,51.5212],[-1.1429,51.5229],[-1.1429,51.5246],[-1.1402,51.5246],[-1.1402,51.5263],[-1.1374,51.5263],[-1.1374,51.528],[-1.1374,51.5297],[-1.1374,51.5314],[-1.1347,51.5314],[-1.1347,51.5331],[-1.1347,51.5349],[-1.1347,51.5366],[-1.1347,51.5383],[-1.1347,51.54],[-1.1374,51.54],[-1.1374,51.5417],[-1.1402,51.5417],[-1.1402,51.5434],[-1.1429,51.5434],[-1.1429,51.5451],[-1.1429,51.5468],[-1.1456,51.5468],[-1.1456,51.5485],[-1.1456,51.5502],[-1.1456,51.5519],[-1.1456,51.5536],[-1.1456,51.5553],[-1.1429,51.557],[-1.1429,51.5587],[-1.1429,51.5604],[-1.1402,51.5604],[-1.1402,51.5621],[-1.1402,51.5638],[-1.1374,51.5638],[-1.1347,51.5638],[-1.1347,51.5655],[-1.1319,51.5655],[-1.1319,51.5672],[-1.1292,51.5672],[-1.1292,51.5689],[-1.1265,51.5689],[-1.1265,51.5706],[-1.1265,51.5723],[-1.1265,51.574],[-1.1265,51.5757],[-1.1265,51.5774],[-1.1265,51.5791],[-1.1265,51.5808],[-1.1265,51.5825],[-1.1265,51.5843],[-1.1265,51.586],[-1.1237,51.586],[-1.1237,51.5877],[-1.1237,51.5894],[-1.1237,51.5911],[-1.1237,51.5928],[-1.1237,51.5945],[-1.1237,51.5962],[-1.121,51.5962],[-1.121,51.5979],[-1.121,51.5996],[-1.121,51.6013],[-1.1182,51.6013],[-1.1182,51.5996],[-1.1182,51.5979],[-1.1155,51.5979],[-1.1128,51.5979],[-1.1128,51.5962],[-1.11,51.5962],[-1.11,51.5979],[-1.1073,51.5962],[-1.1073,51.5979],[-1.1045,51.5979],[-1.1045,51.5996],[-1.1018,51.5996],[-1.1018,51.6013],[-1.0991,51.6013],[-1.0963,51.6013],[-1.0963,51.603],[-1.0936,51.603],[-1.0908,51.603],[-1.0881,51.603],[-1.0854,51.603],[-1.0826,51.603],[-1.0826,51.6047],[-1.0799,51.6047],[-1.0771,51.6047],[-1.0744,51.6047],[-1.0744,51.6064],[-1.0771,51.6064],[-1.0771,51.6081],[-1.0771,51.6098],[-1.0771,51.6115],[-1.0771,51.6132],[-1.0771,51.6149],[-1.0771,51.6166],[-1.0799,51.6166],[-1.0799,51.6183],[-1.0799,51.62],[-1.0799,51.6217],[-1.0771,51.6217],[-1.0771,51.6234],[-1.0771,51.6251],[-1.0744,51.6251],[-1.0744,51.6268],[-1.0717,51.6268],[-1.0717,51.6285],[-1.0689,51.6302],[-1.0662,51.6302],[-1.0634,51.6302],[-1.0607,51.6285],[-1.058,51.6285],[-1.0552,51.6285],[-1.0552,51.6268],[-1.0525,51.6268],[-1.0497,51.6268],[-1.047,51.6268],[-1.047,51.6285],[-1.0443,51.6285],[-1.0415,51.6285],[-1.0415,51.6302],[-1.0388,51.6302],[-1.036,51.6302],[-1.036,51.6319],[-1.0333,51.6319],[-1.0333,51.6336],[-1.0306,51.6336],[-1.0306,51.6353],[-1.0278,51.6353],[-1.0251,51.6353],[-1.0251,51.637],[-1.0223,51.637],[-1.0223,51.6387],[-1.0196,51.6387],[-1.0196,51.6404],[-1.0169,51.6404],[-1.0169,51.6421],[-1.0141,51.6421],[-1.0141,51.6438],[-1.0114,51.6438],[-1.0114,51.6421],[-1.0114,51.6404],[-1.0086,51.6404],[-1.0086,51.6421],[-1.0059,51.6421],[-1.0059,51.6404],[-1.0032,51.6404],[-1.0004,51.6404],[-1.0004,51.6421],[-0.9977,51.6421],[-1.0004,51.6438],[-0.9977,51.6438],[-0.9977,51.6455],[-0.9977,51.6472],[-1.0004,51.6472],[-1.0004,51.6489],[-1.0004,51.6506],[-0.9977,51.6506],[-0.9977,51.6523],[-0.9949,51.6523],[-0.9949,51.654],[-0.9949,51.6557],[-0.9922,51.6557],[-0.9922,51.6574],[-0.9895,51.6574],[-0.9895,51.6591],[-0.9895,51.6608],[-0.9867,51.6608],[-0.9867,51.6625],[-0.984,51.6625],[-0.984,51.6642],[-0.9812,51.6642],[-0.9812,51.6659],[-0.9785,51.6659],[-0.9785,51.6676],[-0.9758,51.6676],[-0.973,51.6693],[-0.9703,51.6693],[-0.9675,51.6693],[-0.9675,51.671],[-0.9648,51.671],[-0.9621,51.671],[-0.9593,51.671],[-0.9593,51.6693],[-0.9593,51.6676],[-0.9566,51.6676],[-0.9566,51.6693],[-0.9538,51.6693],[-0.9538,51.671],[-0.9538,51.6727],[-0.9511,51.6727],[-0.9484,51.6727],[-0.9484,51.6744],[-0.9456,51.6744],[-0.9429,51.6744],[-0.9429,51.6761],[-0.9401,51.6761],[-0.9401,51.6778],[-0.9374,51.6778],[-0.9347,51.6778],[-0.9347,51.6795],[-0.9319,51.6795],[-0.9319,51.6812],[-0.9292,51.6812],[-0.9264,51.6829],[-0.9237,51.6829],[-0.9237,51.6846],[-0.921,51.6846],[-0.9182,51.6846],[-0.9182,51.6863],[-0.9155,51.6863],[-0.9155,51.688],[-0.9127,51.688],[-0.91,51.688],[-0.91,51.6897],[-0.9073,51.6914],[-0.9073,51.6931],[-0.9045,51.6931],[-0.9045,51.6948],[-0.9018,51.6948],[-0.9018,51.6965],[-0.899,51.6965],[-0.8963,51.6982],[-0.8963,51.6999],[-0.8936,51.6999],[-0.8936,51.7016],[-0.8908,51.7016],[-0.8908,51.7033],[-0.8881,51.7033],[-0.8881,51.705],[-0.8853,51.705],[-0.8853,51.7067],[-0.8826,51.7067],[-0.8826,51.7084],[-0.8799,51.7084],[-0.8799,51.7101],[-0.8771,51.7101],[-0.8771,51.7118],[-0.8744,51.7118],[-0.8716,51.7118],[-0.8689,51.7118],[-0.8689,51.7101],[-0.8689,51.7084],[-0.8689,51.7067],[-0.8662,51.7067],[-0.8662,51.705],[-0.8662,51.7033],[-0.8634,51.7033],[-0.8607,51.7033],[-0.8579,51.7033],[-0.8579,51.705],[-0.8552,51.705],[-0.8525,51.705],[-0.8497,51.705],[-0.847,51.705],[-0.847,51.7067],[-0.847,51.7084],[-0.847,51.7101],[-0.847,51.7118],[-0.8442,51.7118],[-0.8442,51.7135],[-0.8442,51.7152],[-0.8415,51.7152],[-0.8388,51.7152],[-0.836,51.7152],[-0.8333,51.7152],[-0.8333,51.7168],[-0.836,51.7168],[-0.836,51.7185],[-0.8333,51.7185],[-0.8305,51.7185],[-0.8278,51.7185],[-0.8278,51.7202],[-0.8251,51.7202],[-0.8251,51.7219],[-0.8223,51.7219],[-0.8223,51.7236],[-0.8196,51.7236],[-0.8196,51.7253],[-0.8223,51.7253],[-0.8223,51.727],[-0.8251,51.727],[-0.8223,51.7287],[-0.8223,51.7304],[-0.8223,51.7321],[-0.8196,51.7321],[-0.8196,51.7338],[-0.8223,51.7338],[-0.8251,51.7338],[-0.8278,51.7338],[-0.8278,51.7355],[-0.8251,51.7372],[-0.8278,51.7389],[-0.8251,51.7389],[-0.8251,51.7406],[-0.8223,51.7406],[-0.8223,51.7423],[-0.8196,51.7423],[-0.8196,51.744],[-0.8168,51.744],[-0.8141,51.744],[-0.8141,51.7457],[-0.8114,51.7457],[-0.8114,51.7474],[-0.8114,51.7491],[-0.8086,51.7491],[-0.8086,51.7508],[-0.8086,51.7525],[-0.8086,51.7542],[-0.8086,51.7559],[-0.8059,51.7559],[-0.8059,51.7576],[-0.8031,51.7576],[-0.8004,51.7576],[-0.8004,51.7593],[-0.7977,51.7593],[-0.7977,51.761],[-0.7949,51.761],[-0.7922,51.761],[-0.7922,51.7627],[-0.7894,51.7627],[-0.7894,51.7644],[-0.7867,51.7644],[-0.7867,51.766],[-0.784,51.766],[-0.7812,51.766],[-0.7812,51.7677],[-0.7785,51.7677],[-0.7785,51.7694],[-0.7757,51.7694],[-0.773,51.7711],[-0.7703,51.7711],[-0.7675,51.7711],[-0.7675,51.7728],[-0.7648,51.7728],[-0.762,51.7728],[-0.7593,51.7728],[-0.7566,51.7728],[-0.7566,51.7745],[-0.7538,51.7745],[-0.7511,51.7728],[-0.7484,51.7728],[-0.7484,51.7711],[-0.7484,51.7694],[-0.7511,51.7694],[-0.7511,51.7677],[-0.7538,51.7677],[-0.7538,51.766],[-0.7538,51.7644],[-0.7511,51.7644],[-0.7511,51.7627],[-0.7484,51.7627],[-0.7484,51.761],[-0.7456,51.761],[-0.7456,51.7593],[-0.7429,51.7593],[-0.7429,51.7576],[-0.7401,51.7576],[-0.7401,51.7559],[-0.7374,51.7559],[-0.7374,51.7542],[-0.7347,51.7542],[-0.7347,51.7559],[-0.7347,51.7576],[-0.7374,51.7576],[-0.7374,51.7593],[-0.7374,51.761],[-0.7374,51.7627],[-0.7347,51.7627],[-0.7319,51.7627],[-0.7319,51.7644],[-0.7319,51.766],[-0.7292,51.766],[-0.7264,51.766],[-0.7237,51.766],[-0.7237,51.7677],[-0.721,51.7677],[-0.721,51.7694],[-0.7237,51.7694],[-0.7237,51.7711],[-0.721,51.7711],[-0.721,51.7728],[-0.721,51.7745],[-0.7182,51.7745],[-0.7182,51.7762],[-0.7182,51.7779],[-0.7182,51.7796],[-0.721,51.7796],[-0.7237,51.7796],[-0.7237,51.7813],[-0.721,51.7813],[-0.721,51.783],[-0.721,51.7847],[-0.721,51.7864],[-0.7237,51.7864],[-0.7237,51.7881],[-0.7237,51.7898],[-0.721,51.7898],[-0.721,51.7915],[-0.7182,51.7915],[-0.7182,51.7932],[-0.7155,51.7932],[-0.7155,51.7949],[-0.7127,51.7949],[-0.71,51.7949],[-0.7073,51.7949],[-0.7045,51.7949],[-0.7018,51.7949],[-0.7018,51.7966],[-0.699,51.7966],[-0.6963,51.7966],[-0.6963,51.7983],[-0.6936,51.7983],[-0.6908,51.7983],[-0.6908,51.7999],[-0.6936,51.7999],[-0.6936,51.8016],[-0.6963,51.8016],[-0.6963,51.8033],[-0.6963,51.805],[-0.6936,51.805],[-0.6936,51.8067],[-0.6908,51.8067],[-0.6881,51.8067],[-0.6881,51.805],[-0.6853,51.805],[-0.6853,51.8067],[-0.6853,51.8084],[-0.6826,51.8084],[-0.6799,51.8084],[-0.6799,51.8101],[-0.6799,51.8118],[-0.6771,51.8118],[-0.6771,51.8135],[-0.6744,51.8135],[-0.6744,51.8152],[-0.6716,51.8152],[-0.6716,51.8169],[-0.6689,51.8169],[-0.6689,51.8186],[-0.6662,51.8186],[-0.6662,51.8169],[-0.6634,51.8169],[-0.6607,51.8169],[-0.6607,51.8152],[-0.6579,51.8152],[-0.6579,51.8169],[-0.6552,51.8169],[-0.6552,51.8152],[-0.6525,51.8152],[-0.6497,51.8152],[-0.6497,51.8135],[-0.6497,51.8118],[-0.6525,51.8118],[-0.6525,51.8101],[-0.6552,51.8101],[-0.6552,51.8084],[-0.6579,51.8084],[-0.6607,51.8084],[-0.6607,51.8067],[-0.6634,51.8067],[-0.6662,51.8067],[-0.6689,51.8067],[-0.6689,51.8084],[-0.6716,51.8084],[-0.6716,51.8067],[-0.6744,51.8067],[-0.6744,51.805],[-0.6771,51.805],[-0.6771,51.8033],[-0.6799,51.8033],[-0.6799,51.8016],[-0.6826,51.8016],[-0.6853,51.8016],[-0.6853,51.7999],[-0.6853,51.7983],[-0.6826,51.7983],[-0.6826,51.7966],[-0.6826,51.7949],[-0.6826,51.7932],[-0.6826,51.7915],[-0.6826,51.7898],[-0.6799,51.7898],[-0.6771,51.7898],[-0.6744,51.7898],[-0.6716,51.7898],[-0.6716,51.7881],[-0.6689,51.7881],[-0.6689,51.7898],[-0.6662,51.7898],[-0.6634,51.7898],[-0.6607,51.7898],[-0.6607,51.7915],[-0.6579,51.7915],[-0.6579,51.7932],[-0.6552,51.7932],[-0.6525,51.7932],[-0.6497,51.7915],[-0.647,51.7915],[-0.6442,51.7915],[-0.6415,51.7915],[-0.6388,51.7915],[-0.6388,51.7932],[-0.6388,51.7949],[-0.6415,51.7949],[-0.6415,51.7966],[-0.6442,51.7966],[-0.6442,51.7983],[-0.6415,51.7983],[-0.6388,51.7983],[-0.636,51.7983],[-0.636,51.7999],[-0.6333,51.7999],[-0.6333,51.8016],[-0.636,51.8016],[-0.636,51.8033],[-0.636,51.805],[-0.6388,51.805],[-0.6388,51.8067],[-0.6415,51.8084],[-0.6415,51.8101],[-0.6442,51.8101],[-0.6442,51.8118],[-0.647,51.8118],[-0.647,51.8135],[-0.647,51.8152],[-0.6442,51.8152],[-0.6442,51.8169],[-0.6415,51.8169],[-0.6388,51.8169],[-0.6388,51.8186],[-0.636,51.8186],[-0.6333,51.8186],[-0.6333,51.8203],[-0.6305,51.8203],[-0.6305,51.822],[-0.6305,51.8237],[-0.6278,51.8237],[-0.6278,51.8254],[-0.6251,51.8254],[-0.6251,51.827],[-0.6251,51.8287],[-0.6223,51.8287],[-0.6223,51.8304],[-0.6251,51.8304],[-0.6251,51.8321],[-0.6278,51.8321],[-0.6278,51.8338],[-0.6251,51.8338],[-0.6251,51.8355],[-0.6278,51.8355],[-0.6278,51.8372],[-0.6278,51.8389],[-0.6278,51.8406],[-0.6251,51.8423],[-0.6251,51.844],[-0.6223,51.844],[-0.6223,51.8457],[-0.6196,51.8457],[-0.6196,51.8474],[-0.6168,51.8474],[-0.6168,51.8491],[-0.6141,51.8491],[-0.6141,51.8508],[-0.6114,51.8524],[-0.6086,51.8524],[-0.6086,51.8541],[-0.6059,51.8541],[-0.6031,51.8558],[-0.6031,51.8541],[-0.6031,51.8524],[-0.6004,51.8524],[-0.6004,51.8508],[-0.6004,51.8491],[-0.5977,51.8491],[-0.5977,51.8474],[-0.5977,51.8457],[-0.5949,51.8457],[-0.5922,51.8457],[-0.5922,51.8474],[-0.5894,51.8474],[-0.5867,51.8474],[-0.5867,51.8491],[-0.584,51.8491],[-0.5812,51.8491],[-0.5812,51.8508],[-0.5785,51.8508],[-0.5757,51.8508],[-0.5757,51.8524],[-0.573,51.8524],[-0.573,51.8541],[-0.5703,51.8541],[-0.5703,51.8558],[-0.5675,51.8558],[-0.5675,51.8575],[-0.5648,51.8575],[-0.5648,51.8592],[-0.562,51.8592],[-0.562,51.8609],[-0.5593,51.8609],[-0.5593,51.8626],[-0.5566,51.8626],[-0.5566,51.8643],[-0.5566,51.866],[-0.5566,51.8677],[-0.5538,51.8677],[-0.5538,51.8694],[-0.5538,51.8711],[-0.5511,51.8711],[-0.5511,51.8727],[-0.5483,51.8727],[-0.5483,51.8744],[-0.5483,51.8761],[-0.5456,51.8761],[-0.5429,51.8761],[-0.5429,51.8778],[-0.5401,51.8778],[-0.5401,51.8795],[-0.5374,51.8795],[-0.5374,51.8778],[-0.5374,51.8761],[-0.5346,51.8761],[-0.5346,51.8778],[-0.5319,51.8778],[-0.5319,51.8761],[-0.5292,51.8761],[-0.5292,51.8744],[-0.5264,51.8744],[-0.5237,51.8744],[-0.5237,51.8761],[-0.5209,51.8761],[-0.5209,51.8744],[-0.5182,51.8727],[-0.5155,51.8727],[-0.5155,51.8711],[-0.5127,51.8711],[-0.51,51.8727],[-0.5072,51.8727],[-0.5072,51.8711],[-0.5045,51.8711],[-0.5018,51.8711],[-0.5018,51.8727],[-0.499,51.8727],[-0.499,51.8711],[-0.4963,51.8711],[-0.4963,51.8694],[-0.4935,51.8694],[-0.4908,51.8694],[-0.4908,51.8711],[-0.4935,51.8711],[-0.4935,51.8727],[-0.4935,51.8744],[-0.4963,51.8744],[-0.4963,51.8761],[-0.4963,51.8778],[-0.499,51.8778],[-0.499,51.8795],[-0.5018,51.8795],[-0.5018,51.8812],[-0.5045,51.8812],[-0.5045,51.8829],[-0.5018,51.8829],[-0.5018,51.8846],[-0.499,51.8846],[-0.499,51.8863],[-0.4963,51.8863],[-0.4935,51.8863],[-0.4935,51.888],[-0.4908,51.888],[-0.4881,51.888],[-0.4853,51.888],[-0.4826,51.888],[-0.4798,51.888],[-0.4771,51.888],[-0.4744,51.888],[-0.4716,51.888],[-0.4716,51.8863],[-0.4716,51.8846],[-0.4716,51.8829],[-0.4689,51.8829],[-0.4689,51.8812],[-0.4689,51.8795],[-0.4661,51.8795],[-0.4661,51.8778],[-0.4661,51.8761],[-0.4634,51.8761],[-0.4634,51.8744],[-0.4634,51.8727],[-0.4634,51.8711],[-0.4634,51.8694],[-0.4661,51.8694],[-0.4689,51.8694],[-0.4689,51.8677],[-0.4689,51.866],[-0.4661,51.866],[-0.4661,51.8643],[-0.4661,51.8626],[-0.4689,51.8626],[-0.4716,51.8626],[-0.4744,51.8626],[-0.4744,51.8609],[-0.4716,51.8609],[-0.4716,51.8592],[-0.4716,51.8575],[-0.4689,51.8575],[-0.4689,51.8558],[-0.4689,51.8541],[-0.4689,51.8524],[-0.4661,51.8524],[-0.4661,51.8508],[-0.4634,51.8508],[-0.4634,51.8491],[-0.4607,51.8491],[-0.4607,51.8474],[-0.4579,51.8474],[-0.4579,51.8457],[-0.4552,51.8457],[-0.4552,51.844],[-0.4579,51.844],[-0.4579,51.8423],[-0.4607,51.8423],[-0.4607,51.8406],[-0.4634,51.8406],[-0.4661,51.8389],[-0.4661,51.8406],[-0.4689,51.8406],[-0.4689,51.8389],[-0.4689,51.8372],[-0.4689,51.8355],[-0.4689,51.8338],[-0.4689,51.8321],[-0.4716,51.8321],[-0.4716,51.8304],[-0.4689,51.8304],[-0.4661,51.8304],[-0.4661,51.8321],[-0.4634,51.8338],[-0.4607,51.8338],[-0.4579,51.8321],[-0.4579,51.8304],[-0.4552,51.8304],[-0.4552,51.8287],[-0.4524,51.8287],[-0.4524,51.827],[-0.4497,51.827],[-0.4497,51.8254],[-0.447,51.8254],[-0.4442,51.8237],[-0.4415,51.822],[-0.4415,51.8203],[-0.4415,51.8186],[-0.4387,51.8186],[-0.4387,51.8169],[-0.4387,51.8152],[-0.4415,51.8152],[-0.4415,51.8135],[-0.4387,51.8135],[-0.4387,51.8118],[-0.4387,51.8101],[-0.4387,51.8084],[-0.436,51.8067],[-0.436,51.805],[-0.4387,51.805],[-0.4387,51.8033],[-0.4387,51.8016],[-0.4415,51.8016],[-0.4415,51.7999],[-0.4415,51.7983],[-0.4415,51.7966],[-0.4415,51.7949],[-0.4442,51.7949],[-0.447,51.7949],[-0.4497,51.7949],[-0.4524,51.7949],[-0.4552,51.7949],[-0.4552,51.7932],[-0.4579,51.7932],[-0.4579,51.7915],[-0.4607,51.7915],[-0.4607,51.7898],[-0.4634,51.7898],[-0.4634,51.7881],[-0.4661,51.7881],[-0.4689,51.7881],[-0.4689,51.7864],[-0.4716,51.7864],[-0.4744,51.7864],[-0.4744,51.7847],[-0.4771,51.7847],[-0.4798,51.7847],[-0.4798,51.783],[-0.4826,51.783],[-0.4826,51.7813],[-0.4853,51.7813],[-0.4881,51.7813],[-0.4908,51.7813],[-0.4935,51.7813],[-0.4963,51.7813],[-0.4963,51.7796],[-0.499,51.7796],[-0.499,51.7779],[-0.5018,51.7779],[-0.5018,51.7762],[-0.5045,51.7762],[-0.5072,51.7745],[-0.51,51.7745],[-0.5127,51.7745],[-0.5155,51.7745],[-0.5182,51.7745],[-0.5182,51.7728],[-0.5209,51.7728],[-0.5237,51.7728],[-0.5264,51.7728],[-0.5292,51.7728],[-0.5292,51.7745],[-0.5319,51.7745],[-0.5319,51.7728],[-0.5346,51.7728],[-0.5346,51.7711],[-0.5319,51.7711],[-0.5319,51.7694],[-0.5292,51.7694],[-0.5292,51.7677],[-0.5264,51.7677],[-0.5264,51.766],[-0.5264,51.7644],[-0.5264,51.7627],[-0.5264,51.761],[-0.5264,51.7593],[-0.5237,51.7593],[-0.5264,51.7576],[-0.5264,51.7559],[-0.5264,51.7542],[-0.5264,51.7525],[-0.5292,51.7508],[-0.5292,51.7525],[-0.5319,51.7525],[-0.5346,51.7525],[-0.5374,51.7525],[-0.5374,51.7542],[-0.5401,51.7542],[-0.5429,51.7542],[-0.5429,51.7559],[-0.5456,51.7559],[-0.5456,51.7576],[-0.5483,51.7576],[-0.5511,51.7576],[-0.5511,51.7593],[-0.5483,51.7593],[-0.5483,51.761],[-0.5456,51.761],[-0.5456,51.7627],[-0.5456,51.7644],[-0.5429,51.7644],[-0.5429,51.766],[-0.5456,51.766],[-0.5456,51.7677],[-0.5456,51.7694],[-0.5456,51.7711],[-0.5483,51.7711],[-0.5483,51.7694],[-0.5511,51.7694],[-0.5511,51.7677],[-0.5511,51.766],[-0.5538,51.766],[-0.5538,51.7644],[-0.5538,51.7627],[-0.5566,51.7627],[-0.5593,51.7627],[-0.562,51.7627],[-0.562,51.7644],[-0.5593,51.7644],[-0.5593,51.766],[-0.562,51.766],[-0.562,51.7677],[-0.5648,51.7677],[-0.5648,51.7694],[-0.5675,51.7694],[-0.5703,51.7711],[-0.573,51.7711],[-0.5757,51.7711],[-0.5757,51.7728],[-0.5785,51.7728],[-0.5785,51.7745],[-0.5812,51.7745],[-0.584,51.7745],[-0.584,51.7728],[-0.5867,51.7728],[-0.5894,51.7728],[-0.5894,51.7745],[-0.5922,51.7745],[-0.5922,51.7762],[-0.5949,51.7762],[-0.5949,51.7779],[-0.5977,51.7779],[-0.6004,51.7779],[-0.6004,51.7796],[-0.6031,51.7796],[-0.6031,51.7813],[-0.6059,51.7813],[-0.6059,51.7796],[-0.6031,51.7796],[-0.6031,51.7779],[-0.6031,51.7762],[-0.6031,51.7745],[-0.6059,51.7745],[-0.6031,51.7728],[-0.6004,51.7728],[-0.6004,51.7711],[-0.5977,51.7711],[-0.5977,51.7694],[-0.5949,51.7694],[-0.5949,51.7677],[-0.5949,51.766],[-0.5977,51.766],[-0.5977,51.7644],[-0.6004,51.7644],[-0.6004,51.7627],[-0.6004,51.761],[-0.6031,51.761],[-0.6031,51.7593],[-0.6031,51.7576],[-0.6031,51.7559],[-0.6031,51.7542],[-0.6031,51.7525],[-0.6004,51.7525],[-0.6004,51.7508],[-0.6031,51.7508],[-0.6059,51.7508],[-0.6059,51.7491],[-0.6059,51.7474],[-0.6059,51.7457],[-0.6059,51.744],[-0.6031,51.744],[-0.6031,51.7423],[-0.6004,51.7423],[-0.6004,51.7406],[-0.6004,51.7389],[-0.5977,51.7389],[-0.5977,51.7372],[-0.5949,51.7372],[-0.5949,51.7355],[-0.5949,51.7338],[-0.5949,51.7321],[-0.5949,51.7304],[-0.5949,51.7287],[-0.5977,51.7287],[-0.6004,51.7287],[-0.6004,51.727],[-0.6004,51.7253],[-0.6031,51.7253],[-0.6031,51.7236],[-0.6031,51.7219],[-0.6004,51.7219],[-0.6004,51.7202],[-0.6004,51.7185],[-0.6031,51.7185],[-0.6031,51.7168],[-0.6059,51.7168],[-0.6059,51.7185],[-0.6086,51.7185],[-0.6086,51.7202],[-0.6086,51.7219],[-0.6114,51.7219],[-0.6141,51.7219],[-0.6168,51.7219],[-0.6168,51.7236],[-0.6168,51.7253],[-0.6196,51.7236],[-0.6196,51.7253],[-0.6196,51.727],[-0.6223,51.7253],[-0.6223,51.727],[-0.6223,51.7287],[-0.6223,51.7304],[-0.6251,51.7304],[-0.6278,51.7304],[-0.6278,51.7287],[-0.6278,51.727],[-0.6251,51.727],[-0.6251,51.7253],[-0.6251,51.7236],[-0.6251,51.7219],[-0.6223,51.7219],[-0.6196,51.7219],[-0.6196,51.7202],[-0.6196,51.7185],[-0.6223,51.7185],[-0.6223,51.7168],[-0.6251,51.7168],[-0.6278,51.7168],[-0.6278,51.7185],[-0.6305,51.7185],[-0.6333,51.7185],[-0.6333,51.7202],[-0.636,51.7202],[-0.636,51.7219],[-0.6388,51.7219],[-0.6415,51.7219],[-0.6415,51.7236],[-0.6442,51.7236],[-0.6442,51.7219],[-0.6415,51.7219],[-0.6415,51.7202],[-0.6388,51.7202],[-0.6388,51.7185],[-0.636,51.7185],[-0.636,51.7168],[-0.6333,51.7168],[-0.6333,51.7152],[-0.6333,51.7135],[-0.6305,51.7135],[-0.6305,51.7118],[-0.6278,51.7118],[-0.6278,51.7101],[-0.6251,51.7101],[-0.6223,51.7101],[-0.6251,51.7084],[-0.6251,51.7067],[-0.6223,51.7067],[-0.6196,51.7067],[-0.6196,51.705],[-0.6196,51.7033],[-0.6223,51.7033],[-0.6196,51.7016],[-0.6223,51.7016],[-0.6223,51.6999],[-0.6196,51.6999],[-0.6168,51.6999],[-0.6168,51.6982],[-0.6141,51.6982],[-0.6114,51.6982],[-0.6086,51.6982],[-0.6086,51.6965],[-0.6086,51.6948],[-0.6059,51.6948],[-0.6059,51.6931],[-0.6031,51.6931],[-0.6031,51.6914],[-0.6004,51.6914],[-0.6004,51.6897],[-0.6031,51.6897],[-0.6031,51.688],[-0.6059,51.688],[-0.6059,51.6863],[-0.6086,51.6863],[-0.6114,51.6863],[-0.6114,51.688],[-0.6086,51.688],[-0.6086,51.6897],[-0.6086,51.6914],[-0.6114,51.6914],[-0.6114,51.6931],[-0.6141,51.6931],[-0.6168,51.6931],[-0.6168,51.6914],[-0.6168,51.6897],[-0.6196,51.6897],[-0.6196,51.688],[-0.6196,51.6863],[-0.6223,51.6863],[-0.6223,51.688],[-0.6251,51.688],[-0.6251,51.6863],[-0.6223,51.6863],[-0.6223,51.6846],[-0.6223,51.6829],[-0.6251,51.6846],[-0.6251,51.6829],[-0.6278,51.6829],[-0.6278,51.6812],[-0.6278,51.6795],[-0.6251,51.6795],[-0.6251,51.6778],[-0.6223,51.6778],[-0.6196,51.6778],[-0.6196,51.6761],[-0.6168,51.6761],[-0.6141,51.6761],[-0.6141,51.6744],[-0.6114,51.6744],[-0.6086,51.6744],[-0.6086,51.6727],[-0.6086,51.671],[-0.6086,51.6693],[-0.6086,51.6676],[-0.6086,51.6659],[-0.6114,51.6659],[-0.6114,51.6676],[-0.6141,51.6676],[-0.6168,51.6676],[-0.6168,51.6693],[-0.6196,51.6693],[-0.6223,51.6693],[-0.6251,51.6693],[-0.6278,51.6693],[-0.6251,51.6676],[-0.6251,51.6659],[-0.6223,51.6659],[-0.6196,51.6659],[-0.6196,51.6642],[-0.6223,51.6642],[-0.6223,51.6625],[-0.6251,51.6625],[-0.6251,51.6608],[-0.6223,51.6608],[-0.6223,51.6625],[-0.6196,51.6625],[-0.6168,51.6642],[-0.6141,51.6642],[-0.6114,51.6642],[-0.6086,51.6642],[-0.6059,51.6642],[-0.6031,51.6642],[-0.6004,51.6642],[-0.6004,51.6625],[-0.5977,51.6625],[-0.5977,51.6608],[-0.5949,51.6608],[-0.5922,51.6608],[-0.5922,51.6591],[-0.5894,51.6591],[-0.5894,51.6574],[-0.5867,51.6574],[-0.5867,51.6591],[-0.584,51.6591],[-0.584,51.6608],[-0.5812,51.6608],[-0.5812,51.6625],[-0.5785,51.6625],[-0.5785,51.6642],[-0.5757,51.6642],[-0.5757,51.6625],[-0.5757,51.6608],[-0.573,51.6608],[-0.573,51.6591],[-0.573,51.6574],[-0.5703,51.6574],[-0.5675,51.6574],[-0.5648,51.6574],[-0.5648,51.6591],[-0.5648,51.6608],[-0.562,51.6608],[-0.562,51.6591],[-0.5593,51.6591],[-0.5593,51.6574],[-0.5566,51.6574],[-0.5566,51.6591],[-0.5538,51.6591],[-0.5538,51.6608],[-0.5511,51.6608],[-0.5483,51.6608],[-0.5483,51.6625],[-0.5483,51.6642],[-0.5483,51.6659],[-0.5483,51.6676],[-0.5483,51.6693],[-0.5483,51.671],[-0.5511,51.671],[-0.5538,51.671],[-0.5566,51.671],[-0.5593,51.671],[-0.562,51.671],[-0.5593,51.6727],[-0.5593,51.6744],[-0.562,51.6744],[-0.5648,51.6744],[-0.5675,51.6744],[-0.5675,51.6761],[-0.5675,51.6778],[-0.5703,51.6778],[-0.573,51.6778],[-0.5757,51.6778],[-0.5785,51.6778],[-0.5812,51.6778],[-0.584,51.6778],[-0.5867,51.6778],[-0.5867,51.6795],[-0.5894,51.6795],[-0.5894,51.6812],[-0.5922,51.6812],[-0.5922,51.6829],[-0.5894,51.6829],[-0.5894,51.6846],[-0.5894,51.6863],[-0.5922,51.6863],[-0.5922,51.688],[-0.5922,51.6897],[-0.5894,51.6897],[-0.5867,51.6897],[-0.5867,51.6914],[-0.5894,51.6914],[-0.5922,51.6914],[-0.5922,51.6931],[-0.5949,51.6931],[-0.5949,51.6948],[-0.5977,51.6948],[-0.6004,51.6948],[-0.6004,51.6965],[-0.6004,51.6982],[-0.5977,51.6982],[-0.5977,51.6999],[-0.5977,51.7016],[-0.6004,51.7016],[-0.6004,51.6999],[-0.6031,51.6999],[-0.6059,51.6999],[-0.6059,51.7016],[-0.6086,51.7016],[-0.6114,51.7033],[-0.6114,51.705],[-0.6114,51.7067],[-0.6086,51.705],[-0.6086,51.7067],[-0.6086,51.7084],[-0.6059,51.7084],[-0.6031,51.7084],[-0.6031,51.7067],[-0.6004,51.7067],[-0.5977,51.7067],[-0.5949,51.7067],[-0.5922,51.7067],[-0.5922,51.7084],[-0.5894,51.7101],[-0.5867,51.7101],[-0.5867,51.7084],[-0.5867,51.7067],[-0.584,51.7067],[-0.5812,51.7067],[-0.5785,51.7067],[-0.5785,51.7084],[-0.5757,51.7084],[-0.5757,51.7067],[-0.573,51.7067],[-0.573,51.705],[-0.573,51.7033],[-0.5757,51.7033],[-0.5757,51.7016],[-0.5757,51.6999],[-0.573,51.6999],[-0.5703,51.6982],[-0.5675,51.6982],[-0.5648,51.6982],[-0.5648,51.6999],[-0.5648,51.7016],[-0.5648,51.7033],[-0.562,51.7033],[-0.562,51.705],[-0.562,51.7067],[-0.5593,51.7067],[-0.5593,51.7084],[-0.5566,51.7084],[-0.5566,51.7067],[-0.5566,51.705],[-0.5538,51.705],[-0.5538,51.7033],[-0.5511,51.7033],[-0.5483,51.7033],[-0.5483,51.7016],[-0.5456,51.7016],[-0.5456,51.6999],[-0.5483,51.6999],[-0.5483,51.6982],[-0.5456,51.6982],[-0.5456,51.6965],[-0.5429,51.6965],[-0.5429,51.6948],[-0.5401,51.6948],[-0.5401,51.6931],[-0.5401,51.6914],[-0.5429,51.6914],[-0.5429,51.6897],[-0.5429,51.688],[-0.5456,51.688],[-0.5456,51.6863],[-0.5456,51.6846],[-0.5429,51.6846],[-0.5429,51.6863],[-0.5401,51.6863],[-0.5374,51.6863],[-0.5346,51.6863],[-0.5319,51.6863],[-0.5292,51.6863],[-0.5292,51.688],[-0.5264,51.688],[-0.5237,51.688],[-0.5209,51.688],[-0.5209,51.6897],[-0.5182,51.6897],[-0.5155,51.6897],[-0.5127,51.6897],[-0.51,51.6897],[-0.5072,51.6897],[-0.5072,51.688],[-0.5045,51.688],[-0.5045,51.6863],[-0.5018,51.6863],[-0.5018,51.6846],[-0.5018,51.6829],[-0.499,51.6829],[-0.499,51.6812],[-0.499,51.6795],[-0.499,51.6778],[-0.4963,51.6795],[-0.4963,51.6778],[-0.4963,51.6761],[-0.4963,51.6744],[-0.4935,51.6744],[-0.4908,51.6744],[-0.4908,51.6727],[-0.4908,51.671],[-0.4881,51.671],[-0.4881,51.6693],[-0.4853,51.6693],[-0.4853,51.6676],[-0.4853,51.6659],[-0.4853,51.6642],[-0.4826,51.6642],[-0.4826,51.6625],[-0.4853,51.6625],[-0.4853,51.6608],[-0.4881,51.6608],[-0.4881,51.6591],[-0.4908,51.6591],[-0.4908,51.6608],[-0.4935,51.6608],[-0.4935,51.6625],[-0.4963,51.6625],[-0.4963,51.6608],[-0.499,51.6608],[-0.499,51.6591],[-0.5018,51.6591],[-0.5045,51.6591],[-0.5072,51.6591],[-0.5072,51.6608],[-0.51,51.6608],[-0.51,51.6625],[-0.5127,51.6625],[-0.5127,51.6642],[-0.5127,51.6659],[-0.5155,51.6659],[-0.5155,51.6642],[-0.5155,51.6625],[-0.5155,51.6608],[-0.5155,51.6591],[-0.5182,51.6591],[-0.5209,51.6591],[-0.5209,51.6608],[-0.5237,51.6608],[-0.5237,51.6591],[-0.5264,51.6591],[-0.5264,51.6608],[-0.5292,51.6608],[-0.5292,51.6591],[-0.5264,51.6574],[-0.5292,51.6574],[-0.5319,51.6574],[-0.5319,51.6557],[-0.5346,51.6557],[-0.5346,51.654],[-0.5346,51.6523],[-0.5346,51.6506],[-0.5319,51.6506],[-0.5319,51.6489],[-0.5319,51.6472],[-0.5346,51.6472],[-0.5346,51.6455],[-0.5346,51.6438],[-0.5374,51.6438],[-0.5374,51.6421],[-0.5374,51.6404],[-0.5401,51.6404],[-0.5401,51.6387],[-0.5374,51.6387],[-0.5374,51.637],[-0.5346,51.637],[-0.5346,51.6353],[-0.5346,51.6336],[-0.5346,51.6319],[-0.5346,51.6302],[-0.5374,51.6302],[-0.5401,51.6302],[-0.5429,51.6302],[-0.5456,51.6302],[-0.5456,51.6319],[-0.5483,51.6319],[-0.5483,51.6336],[-0.5511,51.6336],[-0.5538,51.6336],[-0.5538,51.6353],[-0.5538,51.637],[-0.5538,51.6387],[-0.5566,51.6387],[-0.5593,51.6387],[-0.5593,51.637],[-0.562,51.637],[-0.562,51.6353],[-0.5648,51.6353],[-0.5648,51.6336],[-0.5675,51.6336],[-0.5703,51.6336],[-0.573,51.6336],[-0.5757,51.6336],[-0.5785,51.6336],[-0.5785,51.6353],[-0.5812,51.6353],[-0.5812,51.637],[-0.584,51.637],[-0.584,51.6387],[-0.5867,51.6387],[-0.5894,51.6387],[-0.5894,51.6404],[-0.5922,51.6404],[-0.5922,51.6387],[-0.5922,51.637],[-0.5922,51.6353],[-0.5922,51.6336],[-0.5949,51.6336],[-0.5949,51.6319],[-0.5949,51.6302],[-0.5977,51.6302],[-0.5977,51.6285],[-0.6004,51.6285],[-0.6031,51.6285],[-0.6031,51.6302],[-0.6059,51.6302],[-0.6086,51.6302],[-0.6086,51.6285],[-0.6114,51.6285],[-0.6114,51.6268],[-0.6114,51.6251],[-0.6141,51.6251],[-0.6141,51.6234],[-0.6114,51.6234],[-0.6114,51.6217],[-0.6114,51.62],[-0.6141,51.62],[-0.6141,51.6183],[-0.6141,51.6166],[-0.6168,51.6166],[-0.6168,51.6149],[-0.6168,51.6132],[-0.6196,51.6149],[-0.6223,51.6149],[-0.6251,51.6149],[-0.6278,51.6149],[-0.6278,51.6166],[-0.6305,51.6166],[-0.6333,51.6166],[-0.636,51.6166],[-0.6388,51.6166],[-0.6415,51.6166],[-0.6415,51.6183],[-0.6388,51.6183],[-0.6388,51.62],[-0.6415,51.62],[-0.6415,51.6217],[-0.6442,51.6217],[-0.647,51.6217],[-0.647,51.6234],[-0.6442,51.6234],[-0.6442,51.6251],[-0.647,51.6251],[-0.6497,51.6251],[-0.6497,51.6234],[-0.6525,51.6234],[-0.6525,51.6251],[-0.6525,51.6268],[-0.6525,51.6285],[-0.6552,51.6285],[-0.6579,51.6302],[-0.6579,51.6285],[-0.6579,51.6268],[-0.6579,51.6251],[-0.6607,51.6251],[-0.6607,51.6234],[-0.6607,51.6217],[-0.6579,51.6217],[-0.6579,51.62],[-0.6607,51.62],[-0.6607,51.6183],[-0.6607,51.6166],[-0.6607,51.6149],[-0.6607,51.6132],[-0.6607,51.6115],[-0.6634,51.6115],[-0.6634,51.6098],[-0.6662,51.6098],[-0.6662,51.6081],[-0.6689,51.6081],[-0.6716,51.6081],[-0.6716,51.6064],[-0.6744,51.6064],[-0.6744,51.6081],[-0.6771,51.6081],[-0.6799,51.6081],[-0.6826,51.6081],[-0.6853,51.6081],[-0.6881,51.6081],[-0.6908,51.6081],[-0.6908,51.6098],[-0.6908,51.6115],[-0.6908,51.6132],[-0.6936,51.6149],[-0.6936,51.6132],[-0.6936,51.6115],[-0.6963,51.6115],[-0.699,51.6115],[-0.699,51.6132],[-0.699,51.6149],[-0.7018,51.6149],[-0.7018,51.6166],[-0.7018,51.6183],[-0.7045,51.62],[-0.7018,51.62],[-0.7018,51.6217],[-0.7018,51.6234],[-0.7018,51.6251],[-0.7018,51.6268],[-0.699,51.6268],[-0.699,51.6285],[-0.6963,51.6285],[-0.6963,51.6302],[-0.6963,51.6319],[-0.6963,51.6336],[-0.6936,51.6336],[-0.6936,51.6353],[-0.6908,51.6353],[-0.6908,51.6336],[-0.6908,51.6319],[-0.6881,51.6319],[-0.6881,51.6336],[-0.6881,51.6353],[-0.6908,51.6353],[-0.6908,51.637],[-0.6908,51.6387],[-0.6936,51.6387],[-0.6936,51.6404],[-0.6936,51.6421],[-0.6936,51.6438],[-0.6936,51.6455],[-0.6963,51.6455],[-0.6963,51.6472],[-0.699,51.6472],[-0.699,51.6489],[-0.7018,51.6489],[-0.7045,51.6489],[-0.7045,51.6506],[-0.7073,51.6506],[-0.7073,51.6523],[-0.7073,51.654],[-0.7045,51.654],[-0.7045,51.6557],[-0.7018,51.6557],[-0.699,51.6557],[-0.699,51.6574],[-0.6963,51.6574],[-0.6936,51.6574],[-0.6908,51.6591],[-0.6881,51.6591],[-0.6908,51.6608],[-0.6908,51.6625],[-0.6881,51.6625],[-0.6881,51.6642],[-0.6881,51.6659],[-0.6853,51.6659],[-0.6853,51.6676],[-0.6853,51.6693],[-0.6881,51.6693],[-0.6908,51.6693],[-0.6936,51.6693],[-0.6936,51.6676],[-0.6963,51.6676],[-0.6963,51.6693],[-0.699,51.6693],[-0.7018,51.6693],[-0.7045,51.6693],[-0.7073,51.6693],[-0.71,51.6693],[-0.7127,51.6693],[-0.7127,51.671],[-0.7155,51.671],[-0.7155,51.6693],[-0.7155,51.6676],[-0.7182,51.6676],[-0.7182,51.6659],[-0.721,51.6659],[-0.721,51.6642],[-0.721,51.6625],[-0.7237,51.6625],[-0.7237,51.6608],[-0.721,51.6608],[-0.7182,51.6608],[-0.7182,51.6591],[-0.7182,51.6574],[-0.7155,51.6574],[-0.7155,51.6557],[-0.7155,51.654],[-0.7182,51.654],[-0.7182,51.6523],[-0.721,51.6523],[-0.721,51.6506],[-0.7237,51.6506],[-0.7264,51.6506],[-0.7292,51.6506],[-0.7292,51.6489],[-0.7319,51.6489],[-0.7319,51.6472],[-0.7347,51.6472],[-0.7347,51.6489],[-0.7374,51.6489],[-0.7401,51.6472],[-0.7401,51.6455],[-0.7401,51.6438],[-0.7429,51.6438],[-0.7429,51.6421],[-0.7456,51.6421],[-0.7484,51.6421],[-0.7511,51.6421],[-0.7538,51.6421],[-0.7566,51.6421],[-0.7566,51.6438],[-0.7593,51.6438],[-0.762,51.6438],[-0.762,51.6421],[-0.7593,51.6421],[-0.7593,51.6404],[-0.762,51.6404],[-0.7648,51.6404],[-0.7648,51.6421],[-0.7675,51.6421],[-0.7675,51.6438],[-0.7703,51.6438],[-0.7703,51.6455],[-0.7703,51.6472],[-0.7675,51.6472],[-0.7675,51.6489],[-0.7703,51.6489],[-0.773,51.6489],[-0.7757,51.6489],[-0.7785,51.6489],[-0.7785,51.6472],[-0.7812,51.6472],[-0.7812,51.6455],[-0.784,51.6455],[-0.784,51.6438],[-0.784,51.6421],[-0.7867,51.6421],[-0.7894,51.6421],[-0.7894,51.6438],[-0.7922,51.6438],[-0.7922,51.6455],[-0.7949,51.6455],[-0.7977,51.6455],[-0.7977,51.6438],[-0.7949,51.6438],[-0.7922,51.6421],[-0.7894,51.6421],[-0.7894,51.6404],[-0.7867,51.6404],[-0.784,51.6404],[-0.784,51.6387],[-0.784,51.637],[-0.7867,51.637],[-0.7867,51.6353],[-0.7894,51.6353],[-0.7922,51.6353],[-0.7949,51.6353],[-0.7949,51.6336],[-0.7922,51.6336],[-0.7894,51.6336],[-0.7894,51.6319],[-0.7922,51.6319],[-0.7949,51.6319],[-0.7977,51.6319],[-0.7977,51.6302],[-0.7949,51.6302],[-0.7949,51.6285],[-0.7922,51.6285],[-0.7922,51.6268],[-0.7922,51.6251],[-0.7949,51.6251],[-0.7949,51.6234],[-0.7922,51.6234],[-0.7922,51.6217],[-0.7922,51.62],[-0.7922,51.6183],[-0.7949,51.6183],[-0.7949,51.6166],[-0.7949,51.6149],[-0.7977,51.6149],[-0.8004,51.6149],[-0.8031,51.6149],[-0.8059,51.6149],[-0.8086,51.6149],[-0.8114,51.6149],[-0.8141,51.6149],[-0.8168,51.6149],[-0.8168,51.6132],[-0.8168,51.6115],[-0.8168,51.6098],[-0.8168,51.6081],[-0.8141,51.6081],[-0.8114,51.6081],[-0.8114,51.6064],[-0.8086,51.6064],[-0.8086,51.6047],[-0.8059,51.6047],[-0.8059,51.6064],[-0.8031,51.6064],[-0.8004,51.6064],[-0.7977,51.6064],[-0.7977,51.6081],[-0.7949,51.6081],[-0.7949,51.6098],[-0.7977,51.6098],[-0.7977,51.6115],[-0.7949,51.6115],[-0.7922,51.6115],[-0.7922,51.6098],[-0.7894,51.6098],[-0.7867,51.6098],[-0.784,51.6098],[-0.7812,51.6098],[-0.7785,51.6098],[-0.7757,51.6098],[-0.7757,51.6115],[-0.773,51.6115],[-0.7703,51.6115],[-0.7675,51.6115],[-0.7648,51.6115],[-0.7648,51.6132],[-0.762,51.6132],[-0.7593,51.6132],[-0.7566,51.6132],[-0.7566,51.6149],[-0.7538,51.6149],[-0.7511,51.6149],[-0.7484,51.6149],[-0.7484,51.6132],[-0.7456,51.6132],[-0.7456,51.6115],[-0.7429,51.6115],[-0.7401,51.6098],[-0.7374,51.6098],[-0.7347,51.6098],[-0.7347,51.6081],[-0.7319,51.6081],[-0.7292,51.6081],[-0.7292,51.6064],[-0.7264,51.6064],[-0.7237,51.6064],[-0.721,51.6064],[-0.721,51.6047],[-0.7182,51.6047],[-0.7155,51.6047],[-0.7155,51.603],[-0.7127,51.6013],[-0.7155,51.6013],[-0.7155,51.5996],[-0.7155,51.5979],[-0.7127,51.5979],[-0.7127,51.5962],[-0.71,51.5962],[-0.7073,51.5962],[-0.7073,51.5945],[-0.7073,51.5928],[-0.71,51.5928],[-0.71,51.5911],[-0.7127,51.5911],[-0.7155,51.5911],[-0.7155,51.5894],[-0.7155,51.5877],[-0.7182,51.5877],[-0.7182,51.586],[-0.721,51.586],[-0.721,51.5843],[-0.7237,51.5843],[-0.7237,51.586],[-0.7264,51.586],[-0.7292,51.586],[-0.7319,51.586],[-0.7347,51.586],[-0.7374,51.586],[-0.7401,51.586],[-0.7429,51.586],[-0.7456,51.586],[-0.7456,51.5843],[-0.7484,51.5843],[-0.7511,51.5843],[-0.7511,51.5825],[-0.7538,51.5825],[-0.7566,51.5808],[-0.7593,51.5808],[-0.7593,51.5825],[-0.762,51.5843],[-0.7648,51.5843],[-0.7648,51.5825],[-0.7675,51.5825],[-0.7675,51.5843],[-0.7703,51.5843],[-0.773,51.5843],[-0.773,51.5825],[-0.7757,51.5825],[-0.7785,51.5825],[-0.7812,51.5825],[-0.784,51.5825],[-0.784,51.5808],[-0.7812,51.5808],[-0.7812,51.5791],[-0.784,51.5791],[-0.784,51.5774],[-0.784,51.5757],[-0.7867,51.5757],[-0.7867,51.574],[-0.7894,51.5757],[-0.7922,51.5757],[-0.7949,51.5757],[-0.7977,51.5757],[-0.7977,51.5774],[-0.8004,51.5774],[-0.8031,51.5774],[-0.8031,51.5757],[-0.8004,51.5757],[-0.8004,51.574],[-0.7977,51.574],[-0.7977,51.5723],[-0.7949,51.5723],[-0.7949,51.5706],[-0.7949,51.5689],[-0.7922,51.5689],[-0.7922,51.5672],[-0.7922,51.5655],[-0.7949,51.5655],[-0.7977,51.5655],[-0.7977,51.5638],[-0.7949,51.5638],[-0.7922,51.5638],[-0.7922,51.5621],[-0.7949,51.5621],[-0.7949,51.5604],[-0.7977,51.5604],[-0.7977,51.5587],[-0.8004,51.5587],[-0.8004,51.557],[-0.8031,51.5553],[-0.8059,51.5553],[-0.8086,51.5553],[-0.8086,51.5536],[-0.8114,51.5536],[-0.8114,51.5519],[-0.8141,51.5519],[-0.8141,51.5536],[-0.8141,51.5553],[-0.8168,51.5553],[-0.8168,51.557],[-0.8168,51.5587],[-0.8168,51.5604],[-0.8196,51.5604],[-0.8223,51.5604],[-0.8251,51.5604],[-0.8251,51.5587],[-0.8251,51.557],[-0.8251,51.5553],[-0.8278,51.5553],[-0.8278,51.5536],[-0.8305,51.5519],[-0.8278,51.5519],[-0.8251,51.5519],[-0.8223,51.5502],[-0.8251,51.5502],[-0.8251,51.5485],[-0.8278,51.5485],[-0.8278,51.5468],[-0.8278,51.5451],[-0.8305,51.5451],[-0.8333,51.5451],[-0.836,51.5451],[-0.836,51.5468],[-0.8388,51.5468],[-0.8388,51.5451],[-0.8415,51.5451],[-0.8442,51.5451],[-0.847,51.5451],[-0.8497,51.5451],[-0.8497,51.5468],[-0.8525,51.5468],[-0.8552,51.5485],[-0.8579,51.5485],[-0.8607,51.5485],[-0.8634,51.5485],[-0.8634,51.5502],[-0.8634,51.5519],[-0.8634,51.5536],[-0.8662,51.5536],[-0.8662,51.5553],[-0.8689,51.5553],[-0.8689,51.557],[-0.8716,51.557],[-0.8716,51.5587],[-0.8716,51.5604],[-0.8744,51.5604],[-0.8744,51.5621],[-0.8771,51.5621],[-0.8799,51.5621],[-0.8826,51.5621],[-0.8853,51.5604],[-0.8881,51.5604],[-0.8881,51.5587],[-0.8881,51.557],[-0.8908,51.557],[-0.8908,51.5553],[-0.8908,51.5536],[-0.8908,51.5519],[-0.8936,51.5519],[-0.8936,51.5502],[-0.8936,51.5485],[-0.8963,51.5485],[-0.8963,51.5468],[-0.8963,51.5451],[-0.8963,51.5434],[-0.899,51.5434],[-0.9018,51.5434],[-0.9045,51.5434],[-0.9073,51.5434],[-0.91,51.5434],[-0.91,51.5451],[-0.9127,51.5451],[-0.9127,51.5468],[-0.9155,51.5468],[-0.9155,51.5485],[-0.9182,51.5485],[-0.921,51.5485],[-0.9237,51.5485],[-0.9237,51.5468],[-0.921,51.5468],[-0.9182,51.5468],[-0.9182,51.5451],[-0.9155,51.5451],[-0.9155,51.5434],[-0.9155,51.5417],[-0.9182,51.5417],[-0.9182,51.54],[-0.9155,51.54],[-0.9155,51.5383],[-0.9155,51.5366],[-0.9182,51.5366],[-0.921,51.5366],[-0.921,51.5349],[-0.9182,51.5331],[-0.9182,51.5314],[-0.921,51.5314],[-0.9237,51.5314],[-0.9264,51.5314],[-0.9292,51.5314],[-0.9292,51.5297],[-0.9292,51.528],[-0.9264,51.528],[-0.9237,51.528],[-0.9237,51.5263],[-0.9237,51.5246],[-0.921,51.5246],[-0.921,51.5229],[-0.9182,51.5229],[-0.9182,51.5212],[-0.9155,51.5212],[-0.9127,51.5212],[-0.91,51.5212],[-0.9073,51.5212],[-0.9045,51.5212],[-0.9018,51.5212],[-0.9018,51.5229],[-0.899,51.5229],[-0.899,51.5212],[-0.899,51.5195],[-0.9018,51.5195],[-0.9018,51.5178],[-0.9018,51.5161],[-0.9018,51.5144],[-0.9018,51.5127],[-0.9045,51.5127],[-0.9045,51.511],[-0.9018,51.511],[-0.9018,51.5093],[-0.9018,51.5076],[-0.9045,51.5076],[-0.9045,51.5059],[-0.9073,51.5059],[-0.91,51.5059],[-0.91,51.5042],[-0.9073,51.5042],[-0.9073,51.5025],[-0.91,51.5025],[-0.9127,51.5025],[-0.9127,51.5042],[-0.9155,51.5042],[-0.9182,51.5042],[-0.9182,51.5025],[-0.921,51.5025],[-0.9237,51.5025],[-0.9264,51.5025],[-0.9292,51.5025],[-0.9292,51.5042],[-0.9319,51.5042],[-0.9347,51.5042],[-0.9374,51.5025],[-0.9401,51.5008],[-0.9429,51.5008],[-0.9429,51.499],[-0.9456,51.499],[-0.9456,51.5008],[-0.9484,51.5008],[-0.9511,51.5008],[-0.9538,51.5008],[-0.9538,51.5025],[-0.9566,51.5025],[-0.9593,51.5025],[-0.9621,51.5025],[-0.9621,51.5042],[-0.9648,51.5042],[-0.9648,51.5059],[-0.9675,51.5059],[-0.9675,51.5076],[-0.9703,51.5076],[-0.9703,51.5093],[-0.973,51.5093],[-0.973,51.511],[-0.973,51.5127],[-0.9758,51.5127],[-0.9758,51.5144],[-0.9758,51.5161],[-0.9758,51.5178],[-0.9758,51.5195],[-0.9758,51.5212],[-0.9785,51.5212],[-0.9785,51.5229],[-0.9785,51.5246],[-0.9812,51.5246],[-0.984,51.5246],[-0.984,51.5263],[-0.9867,51.5263],[-0.9867,51.528],[-0.9895,51.528],[-0.9895,51.5263],[-0.9922,51.5263],[-0.9922,51.5246],[-0.9895,51.5246],[-0.9867,51.5246],[-0.9867,51.5229],[-0.9867,51.5212],[-0.9867,51.5195],[-0.9895,51.5178],[-0.9895,51.5161],[-0.9895,51.5144],[-0.9922,51.5144],[-0.9922,51.5127],[-0.9895,51.511],[-0.9895,51.5127],[-0.9867,51.5127],[-0.9867,51.511],[-0.984,51.5127],[-0.984,51.511],[-0.9812,51.511],[-0.9812,51.5093],[-0.9812,51.5076],[-0.9812,51.5059],[-0.9785,51.5059],[-0.9785,51.5042],[-0.9785,51.5025],[-0.9758,51.5008],[-0.9758,51.499],[-0.9785,51.499],[-0.9785,51.4973],[-0.9812,51.4973],[-0.9812,51.499],[-0.984,51.499],[-0.984,51.4973],[-0.984,51.4956],[-0.984,51.4939],[-0.9867,51.4939],[-0.9895,51.4939],[-0.9922,51.4939],[-0.9922,51.4956],[-0.9922,51.4973],[-0.9949,51.4973],[-0.9949,51.4956],[-0.9949,51.4939],[-0.9977,51.4939],[-0.9977,51.4922],[-1.0004,51.4922],[-1.0004,51.4905],[-1.0004,51.4888],[-1.0004,51.4871],[-1.0004,51.4854],[-0.9977,51.4854],[-0.9977,51.4837],[-0.9977,51.482],[-1.0004,51.482],[-1.0004,51.4803],[-0.9977,51.4803],[-0.9977,51.4786],[-0.9977,51.4769],[-1.0004,51.4769],[-1.0004,51.4752],[-1.0032,51.4752],[-1.0032,51.4735],[-1.0059,51.4735],[-1.0086,51.4735]]],[[[-0.6662,51.6166],[-0.6634,51.6166],[-0.6634,51.6183],[-0.6662,51.6183],[-0.6662,51.6166]]]]},"properties":{"NAME":"Chilterns","CODE":"5","DESIG_DATE":"Mar-90"}},{"type":"Feature","geometry":{"type":"MultiPolygon","coordinates":[[[[-2.9348,50.7181],[-2.9375,50.7198],[-2.9348,50.7198],[-2.9348,50.7181]]],[[[-2.0416,50.7181],[-2.0443,50.7181],[-2.0443,50.7198],[-2.0416,50.7198],[-2.0416,50.7181]]],[[[-2.4087,50.633],[-2.4114,50.633],[-2.4114,50.6348],[-2.4087,50.6348],[-2.4087,50.633]]],[[[-2.0498,50.5774],[-2.0525,50.5774],[-2.0553,50.5774],[-2.058,50.5774],[-2.058,50.5791],[-2.0607,50.5791],[-2.0607,50.5809],[-2.0635,50.5809],[-2.0635,50.5826],[-2.0607,50.5826],[-2.0607,50.5843],[-2.0635,50.5843],[-2.0635,50.5861],[-2.0635,50.5878],[-2.0635,50.5896],[-2.0635,50.5913],[-2.0635,50.593],[-2.0662,50.593],[-2.069,50.593],[-2.0717,50.593],[-2.0717,50.5913],[-2.0744,50.5913],[-2.0744,50.593],[-2.0744,50.5948],[-2.0772,50.5948],[-2.0799,50.5948],[-2.0827,50.5948],[-2.0854,50.5948],[-2.0854,50.5965],[-2.0881,50.5965],[-2.0909,50.5965],[-2.0936,50.5965],[-2.0936,50.5982],[-2.0964,50.5982],[-2.0991,50.5982],[-2.1018,50.5982],[-2.1018,50.5965],[-2.1046,50.5965],[-2.1073,50.5965],[-2.1073,50.5982],[-2.1101,50.5982],[-2.1128,50.5982],[-2.1155,50.5982],[-2.1155,50.6],[-2.1183,50.6],[-2.1183,50.6017],[-2.121,50.6017],[-2.1238,50.6017],[-2.1238,50.6035],[-2.1265,50.6035],[-2.1292,50.6035],[-2.1292,50.6052],[-2.1292,50.6069],[-2.132,50.6069],[-2.132,50.6087],[-2.1292,50.6087],[-2.1292,50.6104],[-2.132,50.6104],[-2.132,50.6122],[-2.1347,50.6122],[-2.1375,50.6122],[-2.1375,50.6104],[-2.1402,50.6104],[-2.1429,50.6104],[-2.1429,50.6087],[-2.1457,50.6087],[-2.1457,50.6069],[-2.1484,50.6069],[-2.1484,50.6087],[-2.1484,50.6104],[-2.1512,50.6104],[-2.1512,50.6122],[-2.1539,50.6122],[-2.1539,50.6139],[-2.1566,50.6139],[-2.1566,50.6156],[-2.1594,50.6156],[-2.1621,50.6156],[-2.1621,50.6139],[-2.1649,50.6139],[-2.1676,50.6139],[-2.1703,50.6139],[-2.1731,50.6139],[-2.1758,50.6139],[-2.1786,50.6139],[-2.1813,50.6139],[-2.1813,50.6156],[-2.184,50.6156],[-2.1868,50.6156],[-2.1868,50.6174],[-2.184,50.6174],[-2.184,50.6191],[-2.1868,50.6191],[-2.1868,50.6209],[-2.1895,50.6209],[-2.1923,50.6209],[-2.195,50.6226],[-2.1977,50.6226],[-2.2005,50.6226],[-2.2032,50.6226],[-2.2032,50.6209],[-2.206,50.6209],[-2.206,50.6226],[-2.2087,50.6226],[-2.2087,50.6209],[-2.2114,50.6209],[-2.2142,50.6209],[-2.2169,50.6209],[-2.2197,50.6209],[-2.2197,50.6191],[-2.2224,50.6191],[-2.2224,50.6174],[-2.2251,50.6174],[-2.2279,50.6174],[-2.2279,50.6156],[-2.2306,50.6156],[-2.2334,50.6156],[-2.2361,50.6156],[-2.2388,50.6156],[-2.2416,50.6156],[-2.2443,50.6156],[-2.2471,50.6174],[-2.2498,50.6174],[-2.2525,50.6174],[-2.2553,50.6174],[-2.258,50.6174],[-2.258,50.6191],[-2.2608,50.6191],[-2.2635,50.6191],[-2.2635,50.6209],[-2.2662,50.6209],[-2.269,50.6209],[-2.2717,50.6209],[-2.2717,50.6226],[-2.2745,50.6226],[-2.2745,50.6209],[-2.2772,50.6209],[-2.2772,50.6226],[-2.2799,50.6226],[-2.2827,50.6226],[-2.2854,50.6226],[-2.2882,50.6226],[-2.2909,50.6226],[-2.2936,50.6226],[-2.2964,50.6226],[-2.2964,50.6243],[-2.2991,50.6243],[-2.3019,50.6243],[-2.3046,50.6243],[-2.3046,50.6261],[-2.3073,50.6261],[-2.3101,50.6261],[-2.3128,50.6261],[-2.3156,50.6261],[-2.3183,50.6261],[-2.321,50.6261],[-2.321,50.6243],[-2.3238,50.6243],[-2.3238,50.6261],[-2.3265,50.6261],[-2.3293,50.6261],[-2.3293,50.6278],[-2.332,50.6278],[-2.332,50.6295],[-2.3347,50.6295],[-2.3347,50.6313],[-2.3375,50.6313],[-2.3402,50.6313],[-2.3429,50.6313],[-2.3457,50.6313],[-2.3484,50.6313],[-2.3484,50.6295],[-2.3512,50.6295],[-2.3512,50.6313],[-2.3539,50.6313],[-2.3566,50.6313],[-2.3594,50.6313],[-2.3621,50.6313],[-2.3649,50.6313],[-2.3676,50.6313],[-2.3703,50.6313],[-2.3703,50.633],[-2.3731,50.633],[-2.3758,50.633],[-2.3786,50.633],[-2.3786,50.6348],[-2.3813,50.6348],[-2.384,50.6348],[-2.3868,50.6348],[-2.3895,50.6348],[-2.3895,50.6365],[-2.3923,50.6365],[-2.395,50.6365],[-2.3977,50.6365],[-2.4005,50.6365],[-2.4005,50.6348],[-2.4032,50.6348],[-2.406,50.6348],[-2.4087,50.6348],[-2.4087,50.6365],[-2.4087,50.6382],[-2.4087,50.64],[-2.4087,50.6417],[-2.406,50.6417],[-2.406,50.6434],[-2.406,50.6452],[-2.406,50.6469],[-2.4087,50.6469],[-2.4114,50.6469],[-2.4142,50.6469],[-2.4169,50.6469],[-2.4197,50.6469],[-2.4224,50.6469],[-2.4224,50.6452],[-2.4251,50.6452],[-2.4279,50.6452],[-2.4279,50.6434],[-2.4306,50.6434],[-2.4334,50.6434],[-2.4334,50.6452],[-2.4361,50.6452],[-2.4388,50.6452],[-2.4416,50.6452],[-2.4443,50.6452],[-2.4471,50.6452],[-2.4471,50.6469],[-2.4498,50.6469],[-2.4525,50.6469],[-2.4525,50.6487],[-2.4553,50.6487],[-2.4553,50.6504],[-2.458,50.6504],[-2.4608,50.6504],[-2.4608,50.6521],[-2.4635,50.6521],[-2.4662,50.6521],[-2.4662,50.6539],[-2.4662,50.6556],[-2.4662,50.6573],[-2.4662,50.6591],[-2.4662,50.6608],[-2.4662,50.6626],[-2.4635,50.6626],[-2.4635,50.6643],[-2.4662,50.6643],[-2.4662,50.6626],[-2.469,50.6626],[-2.4717,50.6626],[-2.4745,50.6626],[-2.4745,50.6608],[-2.4745,50.6591],[-2.4745,50.6573],[-2.4745,50.6556],[-2.4745,50.6539],[-2.4745,50.6521],[-2.4772,50.6521],[-2.4799,50.6521],[-2.4799,50.6539],[-2.4827,50.6539],[-2.4827,50.6556],[-2.4854,50.6556],[-2.4882,50.6556],[-2.4882,50.6573],[-2.4909,50.6573],[-2.4936,50.6573],[-2.4964,50.6573],[-2.4991,50.6573],[-2.5019,50.6573],[-2.5019,50.6591],[-2.5046,50.6591],[-2.5073,50.6591],[-2.5101,50.6591],[-2.5128,50.6591],[-2.5156,50.6591],[-2.5183,50.6591],[-2.521,50.6608],[-2.5238,50.6608],[-2.5265,50.6608],[-2.5293,50.6608],[-2.532,50.6608],[-2.532,50.6591],[-2.532,50.6573],[-2.5347,50.6573],[-2.5347,50.6556],[-2.5375,50.6556],[-2.5375,50.6539],[-2.5375,50.6521],[-2.5375,50.6504],[-2.5375,50.6487],[-2.5347,50.6487],[-2.5347,50.6469],[-2.5347,50.6452],[-2.5347,50.6434],[-2.5347,50.6417],[-2.532,50.6417],[-2.532,50.64],[-2.532,50.6382],[-2.5293,50.6382],[-2.5293,50.6365],[-2.5293,50.6348],[-2.5265,50.6348],[-2.5238,50.633],[-2.521,50.633],[-2.521,50.6313],[-2.5183,50.6313],[-2.5183,50.6295],[-2.5156,50.6295],[-2.5156,50.6278],[-2.5128,50.6278],[-2.5128,50.6261],[-2.5101,50.6261],[-2.5101,50.6243],[-2.5101,50.6226],[-2.5073,50.6226],[-2.5073,50.6209],[-2.5073,50.6191],[-2.5046,50.6174],[-2.5046,50.6156],[-2.5046,50.6139],[-2.5073,50.6139],[-2.5073,50.6122],[-2.5073,50.6104],[-2.5101,50.6104],[-2.5128,50.6087],[-2.5128,50.6069],[-2.5156,50.6069],[-2.5156,50.6052],[-2.5183,50.6052],[-2.521,50.6069],[-2.5238,50.6069],[-2.5238,50.6087],[-2.5265,50.6087],[-2.5265,50.6104],[-2.5293,50.6104],[-2.5293,50.6122],[-2.532,50.6122],[-2.532,50.6139],[-2.5347,50.6139],[-2.5375,50.6156],[-2.5402,50.6156],[-2.5402,50.6174],[-2.543,50.6174],[-2.543,50.6191],[-2.5457,50.6191],[-2.5457,50.6209],[-2.5484,50.6209],[-2.5512,50.6226],[-2.5539,50.6226],[-2.5539,50.6243],[-2.5567,50.6243],[-2.5567,50.6261],[-2.5594,50.6261],[-2.5594,50.6278],[-2.5621,50.6278],[-2.5649,50.6295],[-2.5676,50.6313],[-2.5704,50.6313],[-2.5704,50.633],[-2.5731,50.633],[-2.5731,50.6348],[-2.5758,50.6348],[-2.5758,50.6365],[-2.5786,50.6365],[-2.5813,50.6382],[-2.5841,50.6382],[-2.5841,50.64],[-2.5895,50.6417],[-2.595,50.6452],[-2.5978,50.6452],[-2.5978,50.6469],[-2.6005,50.6469],[-2.6005,50.6487],[-2.6032,50.6487],[-2.606,50.6487],[-2.606,50.6504],[-2.6087,50.6504],[-2.6087,50.6521],[-2.6115,50.6521],[-2.6142,50.6521],[-2.6142,50.6539],[-2.6169,50.6539],[-2.6169,50.6556],[-2.6197,50.6556],[-2.6197,50.6573],[-2.6224,50.6573],[-2.6252,50.6573],[-2.6252,50.6591],[-2.6279,50.6591],[-2.6306,50.6608],[-2.6334,50.6626],[-2.6361,50.6626],[-2.6361,50.6643],[-2.6389,50.6643],[-2.6416,50.6643],[-2.6416,50.666],[-2.6443,50.666],[-2.6471,50.6678],[-2.6498,50.6678],[-2.6498,50.6695],[-2.6526,50.6695],[-2.6526,50.6712],[-2.6553,50.6712],[-2.658,50.6712],[-2.658,50.673],[-2.6608,50.673],[-2.6635,50.673],[-2.6635,50.6747],[-2.6663,50.6747],[-2.669,50.6764],[-2.6717,50.6764],[-2.6717,50.6782],[-2.6745,50.6782],[-2.6772,50.6799],[-2.68,50.6799],[-2.68,50.6817],[-2.6827,50.6817],[-2.6854,50.6817],[-2.6854,50.6834],[-2.6882,50.6834],[-2.6909,50.6851],[-2.6937,50.6851],[-2.6937,50.6869],[-2.6964,50.6869],[-2.6991,50.6869],[-2.7019,50.6886],[-2.7046,50.6886],[-2.7046,50.6903],[-2.7074,50.6903],[-2.7101,50.6903],[-2.7101,50.6921],[-2.7128,50.6921],[-2.7156,50.6921],[-2.7156,50.6938],[-2.7183,50.6938],[-2.7211,50.6955],[-2.7238,50.6955],[-2.7238,50.6973],[-2.7265,50.6973],[-2.7293,50.6973],[-2.7293,50.699],[-2.732,50.699],[-2.7348,50.699],[-2.7348,50.7007],[-2.7375,50.7007],[-2.7375,50.7025],[-2.7402,50.7025],[-2.743,50.7025],[-2.743,50.7042],[-2.7457,50.7042],[-2.7484,50.7042],[-2.7484,50.706],[-2.7512,50.706],[-2.7539,50.706],[-2.7539,50.7077],[-2.7567,50.7077],[-2.7594,50.7077],[-2.7621,50.7094],[-2.7649,50.7094],[-2.7649,50.7112],[-2.7676,50.7112],[-2.7704,50.7112],[-2.7704,50.7129],[-2.7731,50.7129],[-2.7758,50.7129],[-2.7758,50.7146],[-2.7786,50.7146],[-2.7813,50.7146],[-2.7841,50.7146],[-2.7841,50.7164],[-2.7868,50.7164],[-2.7895,50.7164],[-2.7923,50.7164],[-2.7923,50.7181],[-2.795,50.7181],[-2.7978,50.7181],[-2.8005,50.7181],[-2.8032,50.7181],[-2.806,50.7181],[-2.8087,50.7181],[-2.8115,50.7181],[-2.8142,50.7181],[-2.8142,50.7198],[-2.8169,50.7198],[-2.8197,50.7198],[-2.8197,50.7216],[-2.8224,50.7216],[-2.8252,50.7216],[-2.8279,50.7216],[-2.8279,50.7233],[-2.8306,50.7233],[-2.8334,50.7233],[-2.8361,50.7233],[-2.8389,50.7233],[-2.8389,50.7216],[-2.8416,50.7216],[-2.8443,50.7216],[-2.8471,50.7216],[-2.8471,50.7233],[-2.8498,50.7233],[-2.8498,50.725],[-2.8526,50.725],[-2.8553,50.725],[-2.8553,50.7268],[-2.858,50.7268],[-2.8608,50.7268],[-2.8635,50.7268],[-2.8635,50.7285],[-2.8663,50.7285],[-2.869,50.7285],[-2.8717,50.7285],[-2.8745,50.7285],[-2.8745,50.7302],[-2.8772,50.7302],[-2.88,50.7302],[-2.8827,50.7302],[-2.8854,50.7302],[-2.8854,50.732],[-2.8882,50.732],[-2.8909,50.732],[-2.8937,50.732],[-2.8964,50.732],[-2.8991,50.732],[-2.9019,50.732],[-2.9019,50.7337],[-2.9046,50.7337],[-2.9074,50.7337],[-2.9101,50.7337],[-2.9128,50.7337],[-2.9128,50.732],[-2.9156,50.732],[-2.9183,50.732],[-2.9211,50.732],[-2.9211,50.7302],[-2.9238,50.7302],[-2.9265,50.7302],[-2.9265,50.7285],[-2.9293,50.7285],[-2.9293,50.7268],[-2.9265,50.7268],[-2.9265,50.725],[-2.9265,50.7233],[-2.9293,50.7233],[-2.9293,50.725],[-2.932,50.7233],[-2.9348,50.7233],[-2.9375,50.7233],[-2.9375,50.7216],[-2.9375,50.7198],[-2.9402,50.7198],[-2.943,50.7198],[-2.943,50.7181],[-2.9457,50.7181],[-2.9485,50.7181],[-2.9485,50.7198],[-2.9485,50.7216],[-2.9512,50.7216],[-2.9512,50.7233],[-2.9512,50.725],[-2.9539,50.725],[-2.9539,50.7268],[-2.9539,50.7285],[-2.9512,50.7285],[-2.9512,50.7302],[-2.9512,50.732],[-2.9485,50.732],[-2.9485,50.7337],[-2.9485,50.7354],[-2.9457,50.7354],[-2.9457,50.7372],[-2.9457,50.7389],[-2.943,50.7389],[-2.943,50.7406],[-2.943,50.7424],[-2.9402,50.7424],[-2.9402,50.7441],[-2.9375,50.7441],[-2.9375,50.7458],[-2.9375,50.7476],[-2.9402,50.7476],[-2.9402,50.7493],[-2.9402,50.751],[-2.9402,50.7528],[-2.9375,50.7528],[-2.9348,50.7528],[-2.9348,50.7545],[-2.9375,50.7545],[-2.9375,50.7562],[-2.9402,50.7562],[-2.9402,50.758],[-2.943,50.758],[-2.9457,50.7597],[-2.9485,50.7597],[-2.9485,50.7614],[-2.9512,50.7614],[-2.9539,50.7614],[-2.9567,50.7614],[-2.9567,50.7632],[-2.9567,50.7649],[-2.9567,50.7666],[-2.9539,50.7666],[-2.9539,50.7684],[-2.9539,50.7701],[-2.9512,50.7701],[-2.9512,50.7718],[-2.9485,50.7718],[-2.9485,50.7736],[-2.9457,50.7736],[-2.9457,50.7753],[-2.943,50.7753],[-2.943,50.777],[-2.943,50.7788],[-2.9402,50.7788],[-2.9402,50.777],[-2.9375,50.7788],[-2.9348,50.7788],[-2.9293,50.7805],[-2.9265,50.7805],[-2.9238,50.7805],[-2.9238,50.7822],[-2.9211,50.7822],[-2.9183,50.7822],[-2.9156,50.7822],[-2.9156,50.7805],[-2.9156,50.7788],[-2.9156,50.777],[-2.9128,50.777],[-2.9101,50.777],[-2.9074,50.7788],[-2.9074,50.7805],[-2.9046,50.7805],[-2.9046,50.7822],[-2.9019,50.7822],[-2.8991,50.7822],[-2.8964,50.7822],[-2.8964,50.7805],[-2.8937,50.7805],[-2.8937,50.7822],[-2.8909,50.7822],[-2.8909,50.784],[-2.8909,50.7857],[-2.8909,50.7874],[-2.8882,50.7874],[-2.8882,50.7892],[-2.8882,50.7909],[-2.8854,50.7909],[-2.8854,50.7926],[-2.8854,50.7944],[-2.8827,50.7944],[-2.8827,50.7961],[-2.8827,50.7978],[-2.8854,50.7978],[-2.8854,50.7996],[-2.8854,50.8013],[-2.8827,50.8013],[-2.88,50.8013],[-2.8772,50.8013],[-2.8745,50.8013],[-2.8745,50.803],[-2.8717,50.803],[-2.869,50.803],[-2.869,50.8048],[-2.869,50.8065],[-2.8717,50.8065],[-2.8717,50.8082],[-2.8745,50.8082],[-2.8772,50.8099],[-2.88,50.8099],[-2.8827,50.8099],[-2.8827,50.8082],[-2.8854,50.8082],[-2.8882,50.8082],[-2.8882,50.8065],[-2.8909,50.8065],[-2.8909,50.8048],[-2.8937,50.8048],[-2.8964,50.8048],[-2.8991,50.8048],[-2.9019,50.8048],[-2.9046,50.8048],[-2.9074,50.8048],[-2.9101,50.8048],[-2.9128,50.8048],[-2.9156,50.8048],[-2.9156,50.8065],[-2.9183,50.8065],[-2.9211,50.8065],[-2.9211,50.8082],[-2.9238,50.8082],[-2.9265,50.8082],[-2.9293,50.8082],[-2.932,50.8082],[-2.9348,50.8082],[-2.9348,50.8099],[-2.9375,50.8099],[-2.9402,50.8099],[-2.9402,50.8117],[-2.943,50.8117],[-2.943,50.8134],[-2.9457,50.8134],[-2.9485,50.8134],[-2.9485,50.8151],[-2.9512,50.8151],[-2.9539,50.8151],[-2.9567,50.8151],[-2.9594,50.8151],[-2.9622,50.8151],[-2.9622,50.8169],[-2.9594,50.8169],[-2.9594,50.8186],[-2.9594,50.8203],[-2.9567,50.8203],[-2.9539,50.8203],[-2.9539,50.8221],[-2.9512,50.8221],[-2.9485,50.8221],[-2.9485,50.8238],[-2.9485,50.8255],[-2.9457,50.8255],[-2.9457,50.8273],[-2.9457,50.829],[-2.943,50.829],[-2.943,50.8307],[-2.9457,50.8307],[-2.9457,50.8324],[-2.943,50.8324],[-2.943,50.8342],[-2.943,50.8359],[-2.9402,50.8359],[-2.9402,50.8376],[-2.9375,50.8376],[-2.9375,50.8394],[-2.9348,50.8394],[-2.932,50.8394],[-2.932,50.8411],[-2.9293,50.8411],[-2.9293,50.8394],[-2.9265,50.8394],[-2.9238,50.8394],[-2.9211,50.8394],[-2.9211,50.8411],[-2.9183,50.8411],[-2.9156,50.8411],[-2.9156,50.8428],[-2.9128,50.8428],[-2.9128,50.8446],[-2.9101,50.8446],[-2.9074,50.8446],[-2.9074,50.8428],[-2.9046,50.8428],[-2.9046,50.8446],[-2.9019,50.8446],[-2.9019,50.8463],[-2.8991,50.8463],[-2.8991,50.848],[-2.8964,50.848],[-2.8964,50.8463],[-2.8937,50.8463],[-2.8937,50.848],[-2.8909,50.848],[-2.8909,50.8497],[-2.8882,50.8497],[-2.8854,50.8497],[-2.8827,50.8497],[-2.8827,50.848],[-2.88,50.848],[-2.8772,50.848],[-2.8772,50.8497],[-2.8745,50.8497],[-2.8717,50.8497],[-2.8717,50.848],[-2.8717,50.8463],[-2.8717,50.8446],[-2.869,50.8446],[-2.869,50.8428],[-2.869,50.8411],[-2.869,50.8394],[-2.8717,50.8394],[-2.8717,50.8376],[-2.8745,50.8376],[-2.8745,50.8359],[-2.8745,50.8342],[-2.8717,50.8342],[-2.8717,50.8324],[-2.869,50.8324],[-2.869,50.8342],[-2.8663,50.8342],[-2.8663,50.8324],[-2.8635,50.8324],[-2.8608,50.8324],[-2.858,50.8324],[-2.8553,50.8324],[-2.8526,50.8324],[-2.8498,50.8324],[-2.8498,50.8342],[-2.8471,50.8342],[-2.8443,50.8342],[-2.8416,50.8342],[-2.8389,50.8342],[-2.8389,50.8359],[-2.8389,50.8376],[-2.8389,50.8394],[-2.8389,50.8411],[-2.8389,50.8428],[-2.8416,50.8428],[-2.8416,50.8446],[-2.8416,50.8463],[-2.8416,50.848],[-2.8443,50.848],[-2.8443,50.8497],[-2.8443,50.8515],[-2.8443,50.8532],[-2.8416,50.8532],[-2.8389,50.8532],[-2.8361,50.8532],[-2.8334,50.8532],[-2.8306,50.8532],[-2.8306,50.8515],[-2.8279,50.8515],[-2.8252,50.8515],[-2.8224,50.8515],[-2.8224,50.8532],[-2.8197,50.8532],[-2.8197,50.8549],[-2.8169,50.8549],[-2.8169,50.8567],[-2.8142,50.8567],[-2.8142,50.8584],[-2.8142,50.8601],[-2.8115,50.8601],[-2.8115,50.8619],[-2.8087,50.8619],[-2.806,50.8619],[-2.806,50.8601],[-2.806,50.8584],[-2.8032,50.8584],[-2.8032,50.8567],[-2.8005,50.8567],[-2.8005,50.8549],[-2.7978,50.8549],[-2.795,50.8549],[-2.795,50.8532],[-2.7923,50.8532],[-2.7895,50.8532],[-2.7868,50.8532],[-2.7868,50.8549],[-2.7841,50.8549],[-2.7841,50.8567],[-2.7841,50.8584],[-2.7813,50.8584],[-2.7813,50.8601],[-2.7786,50.8601],[-2.7758,50.8601],[-2.7731,50.8601],[-2.7704,50.8601],[-2.7676,50.8601],[-2.7649,50.8601],[-2.7621,50.8601],[-2.7621,50.8619],[-2.7621,50.8636],[-2.7594,50.8636],[-2.7594,50.8653],[-2.7594,50.867],[-2.7594,50.8688],[-2.7594,50.8705],[-2.7594,50.8722],[-2.7594,50.874],[-2.7567,50.874],[-2.7539,50.874],[-2.7539,50.8722],[-2.7567,50.8722],[-2.7567,50.8705],[-2.7539,50.8705],[-2.7539,50.8688],[-2.7539,50.867],[-2.7539,50.8653],[-2.7539,50.8636],[-2.7512,50.8636],[-2.7484,50.8636],[-2.7457,50.8636],[-2.743,50.8636],[-2.7402,50.8636],[-2.7402,50.8653],[-2.7375,50.8653],[-2.7375,50.8636],[-2.7348,50.8653],[-2.732,50.8653],[-2.7293,50.8653],[-2.7265,50.8653],[-2.7238,50.8653],[-2.7211,50.8653],[-2.7183,50.8653],[-2.7183,50.8636],[-2.7156,50.8636],[-2.7156,50.8653],[-2.7128,50.8653],[-2.7128,50.867],[-2.7156,50.8688],[-2.7156,50.8705],[-2.7128,50.8705],[-2.7101,50.8705],[-2.7074,50.8705],[-2.7046,50.8705],[-2.7046,50.8722],[-2.7019,50.8722],[-2.6991,50.8722],[-2.6991,50.874],[-2.6964,50.874],[-2.6964,50.8757],[-2.6937,50.8757],[-2.6909,50.8757],[-2.6882,50.8774],[-2.6854,50.8774],[-2.6827,50.8774],[-2.68,50.8774],[-2.6772,50.8774],[-2.6772,50.8791],[-2.6745,50.8791],[-2.6717,50.8809],[-2.669,50.8809],[-2.669,50.8826],[-2.6663,50.8826],[-2.6663,50.8843],[-2.6635,50.8843],[-2.6635,50.8861],[-2.6608,50.8861],[-2.6608,50.8878],[-2.658,50.8861],[-2.6553,50.8861],[-2.6553,50.8843],[-2.6526,50.8843],[-2.6498,50.8843],[-2.6471,50.8843],[-2.6471,50.8861],[-2.6471,50.8878],[-2.6443,50.8878],[-2.6416,50.8878],[-2.6389,50.8878],[-2.6389,50.8861],[-2.6361,50.8861],[-2.6334,50.8861],[-2.6306,50.8861],[-2.6279,50.8861],[-2.6279,50.8843],[-2.6279,50.8826],[-2.6279,50.8809],[-2.6279,50.8791],[-2.6252,50.8791],[-2.6224,50.8791],[-2.6224,50.8809],[-2.6197,50.8809],[-2.6169,50.8809],[-2.6142,50.8826],[-2.6142,50.8843],[-2.6115,50.8843],[-2.6115,50.8826],[-2.6115,50.8809],[-2.6115,50.8791],[-2.6142,50.8791],[-2.6142,50.8774],[-2.6115,50.8774],[-2.6115,50.8757],[-2.6087,50.8757],[-2.6087,50.874],[-2.606,50.874],[-2.6032,50.874],[-2.6005,50.874],[-2.6005,50.8722],[-2.5978,50.8722],[-2.5978,50.8705],[-2.595,50.8705],[-2.595,50.8688],[-2.595,50.867],[-2.5923,50.867],[-2.5895,50.867],[-2.5895,50.8653],[-2.5868,50.8653],[-2.5841,50.8653],[-2.5813,50.8653],[-2.5813,50.8636],[-2.5786,50.8636],[-2.5786,50.8619],[-2.5758,50.8619],[-2.5731,50.8619],[-2.5731,50.8636],[-2.5704,50.8636],[-2.5676,50.8636],[-2.5649,50.8636],[-2.5621,50.8636],[-2.5621,50.8619],[-2.5594,50.8619],[-2.5594,50.8601],[-2.5567,50.8601],[-2.5567,50.8584],[-2.5567,50.8567],[-2.5567,50.8549],[-2.5594,50.8549],[-2.5594,50.8532],[-2.5594,50.8515],[-2.5594,50.8497],[-2.5567,50.8497],[-2.5567,50.848],[-2.5567,50.8463],[-2.5539,50.8463],[-2.5539,50.8446],[-2.5512,50.8446],[-2.5457,50.8446],[-2.5457,50.8463],[-2.543,50.8463],[-2.5402,50.8463],[-2.5402,50.848],[-2.5375,50.848],[-2.5347,50.8497],[-2.532,50.8497],[-2.532,50.8515],[-2.532,50.8532],[-2.532,50.8549],[-2.5293,50.8549],[-2.5265,50.8567],[-2.5238,50.8567],[-2.5238,50.8584],[-2.521,50.8584],[-2.5183,50.8584],[-2.5156,50.8584],[-2.5128,50.8584],[-2.5101,50.8584],[-2.5101,50.8567],[-2.5073,50.8567],[-2.5073,50.8584],[-2.5046,50.8584],[-2.5019,50.8584],[-2.5019,50.8601],[-2.4991,50.8601],[-2.4991,50.8619],[-2.4964,50.8619],[-2.4936,50.8619],[-2.4936,50.8636],[-2.4909,50.8636],[-2.4882,50.8636],[-2.4882,50.8653],[-2.4854,50.8653],[-2.4827,50.8653],[-2.4827,50.867],[-2.4799,50.867],[-2.4772,50.867],[-2.4745,50.867],[-2.4745,50.8653],[-2.4717,50.8653],[-2.4717,50.8636],[-2.469,50.8636],[-2.4662,50.8636],[-2.4635,50.8636],[-2.4635,50.8619],[-2.4608,50.8619],[-2.458,50.8619],[-2.4553,50.8619],[-2.4525,50.8619],[-2.4498,50.8619],[-2.4498,50.8636],[-2.4471,50.8636],[-2.4471,50.8653],[-2.4443,50.8653],[-2.4443,50.867],[-2.4416,50.867],[-2.4388,50.867],[-2.4388,50.8688],[-2.4361,50.8688],[-2.4361,50.867],[-2.4334,50.867],[-2.4306,50.867],[-2.4306,50.8688],[-2.4279,50.8688],[-2.4251,50.8688],[-2.4251,50.867],[-2.4224,50.867],[-2.4224,50.8653],[-2.4224,50.8636],[-2.4251,50.8636],[-2.4251,50.8619],[-2.4251,50.8601],[-2.4224,50.8601],[-2.4224,50.8584],[-2.4224,50.8567],[-2.4251,50.8567],[-2.4251,50.8549],[-2.4224,50.8549],[-2.4251,50.8532],[-2.4251,50.8515],[-2.4251,50.8497],[-2.4224,50.8497],[-2.4197,50.8497],[-2.4169,50.8497],[-2.4169,50.848],[-2.4142,50.848],[-2.4142,50.8463],[-2.4169,50.8463],[-2.4169,50.8446],[-2.4142,50.8446],[-2.4142,50.8463],[-2.4114,50.8463],[-2.4114,50.8446],[-2.4087,50.8446],[-2.406,50.8446],[-2.406,50.8428],[-2.4032,50.8428],[-2.4005,50.8428],[-2.3977,50.8428],[-2.395,50.8428],[-2.3923,50.8428],[-2.3895,50.8428],[-2.3895,50.8446],[-2.3868,50.8446],[-2.384,50.8446],[-2.384,50.8463],[-2.3813,50.8463],[-2.3813,50.848],[-2.3786,50.848],[-2.3758,50.848],[-2.3786,50.8463],[-2.3758,50.8463],[-2.3758,50.8446],[-2.3731,50.8446],[-2.3731,50.8463],[-2.3703,50.8463],[-2.3676,50.8463],[-2.3676,50.848],[-2.3676,50.8497],[-2.3676,50.8515],[-2.3649,50.8515],[-2.3649,50.8532],[-2.3621,50.8532],[-2.3621,50.8549],[-2.3621,50.8567],[-2.3621,50.8584],[-2.3649,50.8584],[-2.3649,50.8601],[-2.3649,50.8619],[-2.3621,50.8636],[-2.3594,50.8636],[-2.3594,50.8653],[-2.3566,50.8653],[-2.3566,50.867],[-2.3539,50.867],[-2.3539,50.8688],[-2.3512,50.8688],[-2.3512,50.8705],[-2.3484,50.8705],[-2.3457,50.8705],[-2.3429,50.8705],[-2.3429,50.8688],[-2.3402,50.8688],[-2.3402,50.867],[-2.3375,50.867],[-2.3347,50.867],[-2.332,50.867],[-2.3293,50.867],[-2.3293,50.8688],[-2.3265,50.8688],[-2.3265,50.867],[-2.3238,50.867],[-2.321,50.867],[-2.3183,50.867],[-2.3183,50.8653],[-2.3156,50.8653],[-2.3128,50.8653],[-2.3128,50.867],[-2.3101,50.867],[-2.3073,50.867],[-2.3073,50.8688],[-2.3046,50.8688],[-2.3046,50.8705],[-2.3046,50.8722],[-2.3019,50.8722],[-2.3019,50.874],[-2.3019,50.8757],[-2.3019,50.8774],[-2.2991,50.8774],[-2.2991,50.8791],[-2.2964,50.8791],[-2.2936,50.8791],[-2.2936,50.8809],[-2.2909,50.8809],[-2.2909,50.8826],[-2.2882,50.8826],[-2.2882,50.8843],[-2.2882,50.8861],[-2.2854,50.8861],[-2.2854,50.8878],[-2.2854,50.8895],[-2.2827,50.8895],[-2.2827,50.8912],[-2.2799,50.8912],[-2.2799,50.893],[-2.2799,50.8947],[-2.2772,50.8947],[-2.2772,50.8964],[-2.2745,50.8964],[-2.2717,50.8964],[-2.2717,50.8947],[-2.269,50.8947],[-2.2662,50.8947],[-2.2635,50.8964],[-2.2608,50.8964],[-2.258,50.8964],[-2.2553,50.8964],[-2.2525,50.8947],[-2.2498,50.8947],[-2.2471,50.8947],[-2.2471,50.893],[-2.2443,50.893],[-2.2416,50.893],[-2.2388,50.893],[-2.2388,50.8947],[-2.2361,50.8947],[-2.2334,50.8947],[-2.2306,50.8947],[-2.2306,50.8964],[-2.2306,50.8982],[-2.2279,50.8982],[-2.2279,50.8999],[-2.2306,50.8999],[-2.2306,50.9016],[-2.2306,50.9033],[-2.2334,50.9033],[-2.2334,50.9051],[-2.2334,50.9068],[-2.2361,50.9068],[-2.2361,50.9085],[-2.2361,50.9103],[-2.2361,50.912],[-2.2361,50.9137],[-2.2361,50.9154],[-2.2334,50.9154],[-2.2306,50.9154],[-2.2306,50.9172],[-2.2306,50.9189],[-2.2306,50.9206],[-2.2279,50.9206],[-2.2279,50.9223],[-2.2279,50.9241],[-2.2251,50.9223],[-2.2224,50.9223],[-2.2224,50.9206],[-2.2197,50.9206],[-2.2197,50.9189],[-2.2169,50.9189],[-2.2169,50.9172],[-2.2142,50.9172],[-2.2142,50.9154],[-2.2114,50.9154],[-2.2087,50.9137],[-2.206,50.9137],[-2.2032,50.9137],[-2.2032,50.912],[-2.2005,50.912],[-2.2005,50.9103],[-2.1977,50.9103],[-2.195,50.9103],[-2.195,50.9085],[-2.195,50.9068],[-2.1923,50.9068],[-2.1923,50.9051],[-2.1923,50.9033],[-2.195,50.9033],[-2.1977,50.9033],[-2.1977,50.9016],[-2.2005,50.9016],[-2.2005,50.8999],[-2.2005,50.8982],[-2.1977,50.8982],[-2.195,50.8982],[-2.1923,50.8982],[-2.1923,50.8964],[-2.1923,50.8947],[-2.1923,50.893],[-2.195,50.893],[-2.195,50.8912],[-2.195,50.8895],[-2.1977,50.8895],[-2.1977,50.8878],[-2.1977,50.8861],[-2.1977,50.8843],[-2.1977,50.8826],[-2.1977,50.8809],[-2.195,50.8809],[-2.195,50.8791],[-2.195,50.8774],[-2.195,50.8757],[-2.1923,50.8757],[-2.1923,50.874],[-2.1895,50.874],[-2.1868,50.874],[-2.184,50.874],[-2.1813,50.874],[-2.1813,50.8722],[-2.1786,50.8722],[-2.1758,50.8722],[-2.1731,50.8722],[-2.1731,50.8705],[-2.1703,50.8705],[-2.1703,50.8688],[-2.1703,50.867],[-2.1731,50.867],[-2.1731,50.8653],[-2.1758,50.8653],[-2.1758,50.8636],[-2.1758,50.8619],[-2.1758,50.8601],[-2.1758,50.8584],[-2.1758,50.8567],[-2.1758,50.8549],[-2.1731,50.8549],[-2.1731,50.8532],[-2.1703,50.8532],[-2.1676,50.8532],[-2.1676,50.8515],[-2.1676,50.8497],[-2.1703,50.8497],[-2.1731,50.8497],[-2.1731,50.848],[-2.1758,50.848],[-2.1786,50.848],[-2.1813,50.848],[-2.1813,50.8463],[-2.184,50.8463],[-2.184,50.8446],[-2.1868,50.8446],[-2.1868,50.8428],[-2.1895,50.8428],[-2.1923,50.8376],[-2.1923,50.8359],[-2.1923,50.8324],[-2.195,50.8324],[-2.195,50.8307],[-2.1977,50.829],[-2.2005,50.829],[-2.2032,50.829],[-2.206,50.829],[-2.206,50.8273],[-2.206,50.8255],[-2.2087,50.8255],[-2.2087,50.8238],[-2.2087,50.8221],[-2.206,50.8221],[-2.206,50.8203],[-2.206,50.8186],[-2.2087,50.8186],[-2.2087,50.8169],[-2.2114,50.8169],[-2.2114,50.8151],[-2.2142,50.8151],[-2.2169,50.8151],[-2.2169,50.8134],[-2.2197,50.8134],[-2.2197,50.8117],[-2.2224,50.8082],[-2.2251,50.8065],[-2.2279,50.803],[-2.2306,50.803],[-2.2306,50.8013],[-2.2334,50.8013],[-2.2361,50.8013],[-2.2361,50.7996],[-2.2388,50.7996],[-2.2416,50.7996],[-2.2443,50.7996],[-2.2443,50.8013],[-2.2471,50.8013],[-2.2498,50.8013],[-2.2498,50.803],[-2.2525,50.803],[-2.2525,50.8048],[-2.2553,50.8048],[-2.258,50.803],[-2.2608,50.803],[-2.2635,50.803],[-2.2662,50.803],[-2.269,50.803],[-2.2717,50.803],[-2.2745,50.803],[-2.2745,50.8013],[-2.2772,50.8013],[-2.2799,50.8013],[-2.2799,50.7996],[-2.2827,50.7996],[-2.2827,50.8013],[-2.2854,50.8013],[-2.2854,50.803],[-2.2882,50.803],[-2.2882,50.8048],[-2.2909,50.8048],[-2.2936,50.8048],[-2.2936,50.8065],[-2.2964,50.8065],[-2.2964,50.8082],[-2.2991,50.8082],[-2.2991,50.8065],[-2.3019,50.8065],[-2.3019,50.8048],[-2.3046,50.8048],[-2.3046,50.803],[-2.3073,50.803],[-2.3073,50.8013],[-2.3101,50.8013],[-2.3101,50.7996],[-2.3101,50.7978],[-2.3073,50.7961],[-2.3073,50.7944],[-2.3046,50.7944],[-2.3046,50.7926],[-2.3019,50.7926],[-2.3019,50.7909],[-2.3019,50.7892],[-2.2991,50.7892],[-2.2991,50.7874],[-2.3019,50.7874],[-2.3019,50.7857],[-2.3046,50.7857],[-2.3046,50.784],[-2.3046,50.7822],[-2.3046,50.7805],[-2.3073,50.7805],[-2.3073,50.7788],[-2.3073,50.777],[-2.3101,50.777],[-2.3101,50.7753],[-2.3101,50.7736],[-2.3101,50.7718],[-2.3128,50.7718],[-2.3128,50.7701],[-2.3156,50.7701],[-2.3156,50.7684],[-2.3183,50.7701],[-2.321,50.7701],[-2.3238,50.7701],[-2.3265,50.7701],[-2.3265,50.7718],[-2.3293,50.7718],[-2.3293,50.7736],[-2.332,50.7736],[-2.3347,50.7736],[-2.3375,50.7736],[-2.3375,50.7753],[-2.3402,50.7753],[-2.3429,50.7753],[-2.3429,50.777],[-2.3457,50.777],[-2.3484,50.777],[-2.3484,50.7788],[-2.3512,50.7788],[-2.3539,50.7788],[-2.3539,50.7805],[-2.3566,50.7805],[-2.3594,50.7805],[-2.3594,50.7822],[-2.3621,50.7822],[-2.3621,50.784],[-2.3649,50.784],[-2.3649,50.7857],[-2.3676,50.7857],[-2.3703,50.7857],[-2.3703,50.784],[-2.3703,50.7822],[-2.3731,50.7822],[-2.3758,50.7822],[-2.3758,50.7805],[-2.3786,50.7805],[-2.3813,50.7805],[-2.384,50.7805],[-2.3868,50.7805],[-2.3895,50.7805],[-2.3895,50.7788],[-2.3923,50.7788],[-2.395,50.7788],[-2.395,50.777],[-2.3977,50.777],[-2.4005,50.777],[-2.4005,50.7753],[-2.4032,50.7753],[-2.4032,50.7736],[-2.406,50.7736],[-2.4087,50.7736],[-2.4087,50.7718],[-2.4114,50.7718],[-2.4142,50.7718],[-2.4142,50.7701],[-2.4169,50.7701],[-2.4197,50.7701],[-2.4224,50.7701],[-2.4251,50.7701],[-2.4251,50.7684],[-2.4279,50.7684],[-2.4306,50.7684],[-2.4306,50.7666],[-2.4334,50.7666],[-2.4361,50.7666],[-2.4388,50.7666],[-2.4388,50.7649],[-2.4416,50.7649],[-2.4443,50.7649],[-2.4443,50.7632],[-2.4471,50.7632],[-2.4498,50.7632],[-2.4525,50.7632],[-2.4553,50.7614],[-2.4553,50.7597],[-2.4553,50.758],[-2.458,50.7562],[-2.458,50.7545],[-2.458,50.7528],[-2.4608,50.7528],[-2.4717,50.7493],[-2.4745,50.7476],[-2.4772,50.7476],[-2.4772,50.7458],[-2.4799,50.7458],[-2.4882,50.7424],[-2.4882,50.7406],[-2.4854,50.7406],[-2.4854,50.7389],[-2.4827,50.7389],[-2.4827,50.7372],[-2.4827,50.7354],[-2.4799,50.7354],[-2.4799,50.7337],[-2.4772,50.7337],[-2.4772,50.732],[-2.4745,50.732],[-2.4745,50.7302],[-2.4717,50.7302],[-2.469,50.7302],[-2.469,50.7285],[-2.4662,50.7285],[-2.4662,50.7268],[-2.4635,50.7268],[-2.4635,50.725],[-2.4635,50.7233],[-2.4608,50.7233],[-2.4608,50.7216],[-2.4608,50.7198],[-2.4608,50.7181],[-2.4635,50.7181],[-2.4635,50.7164],[-2.4635,50.7146],[-2.4635,50.7129],[-2.4635,50.7112],[-2.4635,50.7094],[-2.4635,50.7077],[-2.4635,50.706],[-2.4608,50.7042],[-2.4608,50.7025],[-2.4608,50.7007],[-2.458,50.7007],[-2.4553,50.7007],[-2.4553,50.699],[-2.4525,50.699],[-2.4498,50.699],[-2.4471,50.699],[-2.4443,50.699],[-2.4416,50.699],[-2.4388,50.699],[-2.4361,50.699],[-2.4334,50.699],[-2.4306,50.699],[-2.4279,50.699],[-2.4251,50.699],[-2.4224,50.699],[-2.4224,50.7007],[-2.4197,50.7007],[-2.4169,50.7007],[-2.4169,50.7025],[-2.4142,50.7025],[-2.4142,50.7007],[-2.4114,50.7007],[-2.4114,50.699],[-2.4087,50.699],[-2.4087,50.6973],[-2.406,50.6973],[-2.4032,50.6973],[-2.4032,50.6955],[-2.4032,50.6938],[-2.4032,50.6921],[-2.4005,50.6921],[-2.4005,50.6903],[-2.4005,50.6886],[-2.3977,50.6886],[-2.3977,50.6869],[-2.3977,50.6851],[-2.3977,50.6834],[-2.3977,50.6817],[-2.3923,50.6782],[-2.3923,50.6764],[-2.3923,50.6747],[-2.3895,50.6747],[-2.3868,50.6747],[-2.384,50.6747],[-2.3813,50.6747],[-2.3813,50.673],[-2.3786,50.673],[-2.3786,50.6712],[-2.3786,50.6695],[-2.3758,50.6695],[-2.3758,50.6678],[-2.3731,50.666],[-2.3731,50.6643],[-2.3703,50.6626],[-2.3676,50.6626],[-2.3649,50.6643],[-2.3621,50.6643],[-2.3621,50.6626],[-2.3594,50.6626],[-2.3566,50.6626],[-2.3566,50.6608],[-2.3539,50.6608],[-2.3512,50.6608],[-2.3484,50.6626],[-2.3429,50.6626],[-2.3402,50.6643],[-2.3375,50.6643],[-2.3347,50.6643],[-2.332,50.6643],[-2.3293,50.6643],[-2.3265,50.6643],[-2.3265,50.666],[-2.3238,50.666],[-2.321,50.666],[-2.321,50.6643],[-2.3183,50.6643],[-2.3183,50.6626],[-2.3156,50.6626],[-2.3128,50.6626],[-2.3101,50.6626],[-2.3073,50.6626],[-2.3046,50.6626],[-2.3019,50.6626],[-2.2991,50.6626],[-2.2964,50.6626],[-2.2936,50.6626],[-2.2936,50.6643],[-2.2909,50.6643],[-2.2882,50.6643],[-2.2854,50.6643],[-2.2854,50.666],[-2.2827,50.666],[-2.2799,50.666],[-2.2799,50.6678],[-2.2772,50.6678],[-2.2745,50.6678],[-2.2745,50.6695],[-2.2717,50.6695],[-2.269,50.6695],[-2.2662,50.6695],[-2.2635,50.6695],[-2.2635,50.6678],[-2.2635,50.666],[-2.2608,50.666],[-2.2608,50.6643],[-2.258,50.6643],[-2.2553,50.6626],[-2.2525,50.6626],[-2.2498,50.6626],[-2.2471,50.6626],[-2.2443,50.6626],[-2.2443,50.6643],[-2.2443,50.666],[-2.2443,50.6678],[-2.2443,50.6695],[-2.2443,50.6712],[-2.2416,50.6712],[-2.2388,50.6712],[-2.2361,50.6712],[-2.2361,50.6695],[-2.2334,50.6695],[-2.2306,50.6695],[-2.2279,50.6695],[-2.2251,50.6695],[-2.2224,50.6695],[-2.2197,50.6695],[-2.2169,50.6695],[-2.2142,50.6695],[-2.2142,50.6712],[-2.2114,50.6712],[-2.2087,50.6712],[-2.206,50.6712],[-2.206,50.673],[-2.206,50.6747],[-2.206,50.6764],[-2.206,50.6782],[-2.2087,50.6782],[-2.2087,50.6799],[-2.2114,50.6799],[-2.2114,50.6817],[-2.2087,50.6817],[-2.206,50.6817],[-2.2032,50.6817],[-2.2005,50.6817],[-2.1977,50.6817],[-2.195,50.6817],[-2.1923,50.6817],[-2.1895,50.6817],[-2.1868,50.6817],[-2.184,50.6817],[-2.1813,50.6817],[-2.1813,50.6834],[-2.1786,50.6834],[-2.1758,50.6834],[-2.1731,50.6834],[-2.1703,50.6834],[-2.1676,50.6834],[-2.1649,50.6834],[-2.1621,50.6834],[-2.1594,50.6834],[-2.1566,50.6834],[-2.1566,50.6817],[-2.1539,50.6817],[-2.1512,50.6817],[-2.1484,50.6817],[-2.1457,50.6817],[-2.1429,50.6817],[-2.1402,50.6817],[-2.1375,50.6817],[-2.1347,50.6834],[-2.132,50.6834],[-2.1292,50.6834],[-2.1265,50.6834],[-2.1238,50.6834],[-2.1238,50.6817],[-2.1238,50.6799],[-2.121,50.6799],[-2.1183,50.6799],[-2.1183,50.6817],[-2.1155,50.6817],[-2.1128,50.6817],[-2.1128,50.6834],[-2.1101,50.6834],[-2.1073,50.6834],[-2.1046,50.6834],[-2.1046,50.6851],[-2.0991,50.6851],[-2.0991,50.6869],[-2.1018,50.6869],[-2.1046,50.6869],[-2.1046,50.6886],[-2.1073,50.6886],[-2.1073,50.6903],[-2.1073,50.6921],[-2.1046,50.6921],[-2.1046,50.6938],[-2.1018,50.6938],[-2.1018,50.6955],[-2.1046,50.6955],[-2.1046,50.6973],[-2.1046,50.699],[-2.1018,50.699],[-2.0991,50.7007],[-2.0964,50.7007],[-2.0964,50.7025],[-2.0936,50.7025],[-2.0936,50.7042],[-2.0909,50.7042],[-2.0909,50.706],[-2.0881,50.706],[-2.0854,50.7077],[-2.0827,50.7077],[-2.0827,50.7094],[-2.0799,50.7094],[-2.0799,50.7112],[-2.0772,50.7112],[-2.0772,50.7129],[-2.0744,50.7129],[-2.0717,50.7146],[-2.069,50.7146],[-2.069,50.7164],[-2.0662,50.7164],[-2.0635,50.7164],[-2.0607,50.7164],[-2.0607,50.7181],[-2.058,50.7181],[-2.0553,50.7181],[-2.0525,50.7181],[-2.0498,50.7181],[-2.047,50.7181],[-2.0443,50.7181],[-2.0443,50.7164],[-2.0416,50.7164],[-2.0388,50.7164],[-2.0388,50.7146],[-2.0361,50.7146],[-2.0361,50.7129],[-2.0333,50.7129],[-2.0306,50.7129],[-2.0279,50.7129],[-2.0279,50.7112],[-2.0251,50.7112],[-2.0224,50.7112],[-2.0224,50.7094],[-2.0196,50.7094],[-2.0196,50.7077],[-2.0169,50.7077],[-2.0169,50.706],[-2.0169,50.7042],[-2.0142,50.7042],[-2.0142,50.7025],[-2.0114,50.7025],[-2.0087,50.7025],[-2.0059,50.7025],[-2.0032,50.7025],[-2.0005,50.7025],[-2.0005,50.7042],[-1.9977,50.7042],[-1.995,50.7042],[-1.9922,50.7042],[-1.9895,50.7042],[-1.9895,50.706],[-1.9868,50.706],[-1.984,50.7042],[-1.9813,50.7042],[-1.9785,50.7042],[-1.9758,50.7042],[-1.9758,50.7025],[-1.9731,50.7025],[-1.9703,50.7025],[-1.9676,50.7025],[-1.9676,50.7007],[-1.9648,50.7007],[-1.9621,50.7007],[-1.9594,50.7007],[-1.9566,50.699],[-1.9539,50.699],[-1.9539,50.6973],[-1.9539,50.6938],[-1.9539,50.6921],[-1.9566,50.6921],[-1.9566,50.6903],[-1.9566,50.6886],[-1.9566,50.6869],[-1.9566,50.6834],[-1.9539,50.6834],[-1.9539,50.6817],[-1.9511,50.6817],[-1.9511,50.6799],[-1.9484,50.6799],[-1.9484,50.6782],[-1.9484,50.6764],[-1.9457,50.6764],[-1.9457,50.6747],[-1.9429,50.6747],[-1.9402,50.6747],[-1.9402,50.673],[-1.9402,50.6712],[-1.9429,50.6712],[-1.9429,50.6695],[-1.9429,50.6678],[-1.9457,50.6678],[-1.9457,50.666],[-1.9457,50.6643],[-1.9484,50.6643],[-1.9484,50.6626],[-1.9484,50.6608],[-1.9511,50.6608],[-1.9511,50.6591],[-1.9511,50.6573],[-1.9511,50.6556],[-1.9511,50.6539],[-1.9539,50.6539],[-1.9539,50.6521],[-1.9511,50.6521],[-1.9511,50.6504],[-1.9511,50.6487],[-1.9484,50.6487],[-1.9484,50.6469],[-1.9484,50.6452],[-1.9457,50.6452],[-1.9457,50.6434],[-1.9429,50.6434],[-1.9429,50.6417],[-1.9402,50.6417],[-1.9375,50.6417],[-1.9347,50.6417],[-1.932,50.6417],[-1.9292,50.6417],[-1.9265,50.6417],[-1.9265,50.64],[-1.9265,50.6382],[-1.9265,50.6365],[-1.9292,50.6365],[-1.9292,50.6348],[-1.932,50.6348],[-1.932,50.633],[-1.932,50.6313],[-1.9347,50.6313],[-1.9375,50.6295],[-1.9402,50.6295],[-1.9429,50.6295],[-1.9457,50.6295],[-1.9457,50.6278],[-1.9484,50.6278],[-1.9484,50.6261],[-1.9511,50.6261],[-1.9511,50.6243],[-1.9511,50.6226],[-1.9539,50.6226],[-1.9539,50.6209],[-1.9539,50.6191],[-1.9566,50.6191],[-1.9566,50.6174],[-1.9566,50.6156],[-1.9566,50.6139],[-1.9566,50.6122],[-1.9566,50.6104],[-1.9566,50.6087],[-1.9539,50.6087],[-1.9539,50.6069],[-1.9511,50.6069],[-1.9484,50.6069],[-1.9457,50.6069],[-1.9457,50.6052],[-1.9484,50.6052],[-1.9511,50.6052],[-1.9511,50.6035],[-1.9511,50.6017],[-1.9539,50.6017],[-1.9539,50.6],[-1.9539,50.5982],[-1.9511,50.5982],[-1.9511,50.5965],[-1.9511,50.5948],[-1.9539,50.5948],[-1.9539,50.593],[-1.9566,50.593],[-1.9566,50.5913],[-1.9594,50.5913],[-1.9621,50.5913],[-1.9648,50.5913],[-1.9676,50.5913],[-1.9703,50.5913],[-1.9731,50.5913],[-1.9758,50.5913],[-1.9785,50.5913],[-1.9813,50.5913],[-1.984,50.5913],[-1.9868,50.5913],[-1.9895,50.5913],[-1.9922,50.5913],[-1.995,50.5913],[-1.9977,50.5913],[-2.0005,50.5913],[-2.0032,50.5913],[-2.0059,50.5913],[-2.0087,50.5913],[-2.0114,50.5913],[-2.0142,50.5913],[-2.0142,50.5896],[-2.0169,50.5896],[-2.0196,50.5896],[-2.0224,50.5896],[-2.0251,50.5896],[-2.0279,50.5896],[-2.0279,50.5878],[-2.0306,50.5878],[-2.0306,50.5861],[-2.0306,50.5843],[-2.0333,50.5843],[-2.0333,50.5826],[-2.0361,50.5826],[-2.0361,50.5809],[-2.0388,50.5809],[-2.0416,50.5809],[-2.0416,50.5791],[-2.0443,50.5791],[-2.047,50.5791],[-2.0498,50.5791],[-2.0498,50.5774]]]]},"properties":{"NAME":"Dorset","CODE":"10","DESIG_DATE":"Jul-59"}},{"type":"Feature","geometry":{"type":"Polygon","coordinates":[[[-1.1347,51.5655],[-1.1347,51.5638],[-1.1374,51.5638],[-1.1402,51.5638],[-1.1402,51.5621],[-1.1402,51.5604],[-1.1429,51.5604],[-1.1429,51.5587],[-1.1429,51.557],[-1.1456,51.5553],[-1.1456,51.5536],[-1.1456,51.5519],[-1.1456,51.5502],[-1.1456,51.5485],[-1.1456,51.5468],[-1.1429,51.5468],[-1.1429,51.5451],[-1.1429,51.5434],[-1.1402,51.5434],[-1.1402,51.5417],[-1.1374,51.5417],[-1.1374,51.54],[-1.1347,51.54],[-1.1347,51.5383],[-1.1347,51.5366],[-1.1347,51.5349],[-1.1347,51.5331],[-1.1347,51.5314],[-1.1374,51.5314],[-1.1374,51.5297],[-1.1374,51.528],[-1.1374,51.5263],[-1.1402,51.5263],[-1.1402,51.5246],[-1.1429,51.5246],[-1.1429,51.5229],[-1.1429,51.5212],[-1.1429,51.5195],[-1.1429,51.5178],[-1.1429,51.5161],[-1.1402,51.5161],[-1.1402,51.5144],[-1.1374,51.5144],[-1.1374,51.5127],[-1.1347,51.5127],[-1.1347,51.511],[-1.1319,51.511],[-1.1292,51.511],[-1.1265,51.5127],[-1.1265,51.511],[-1.1237,51.511],[-1.1237,51.5127],[-1.121,51.5127],[-1.121,51.511],[-1.1182,51.511],[-1.1155,51.511],[-1.1155,51.5093],[-1.1128,51.5093],[-1.1128,51.5076],[-1.11,51.5076],[-1.11,51.5059],[-1.11,51.5042],[-1.1073,51.5042],[-1.1073,51.5025],[-1.1073,51.5008],[-1.1073,51.499],[-1.1073,51.4973],[-1.1073,51.4956],[-1.1045,51.4956],[-1.1045,51.4939],[-1.1045,51.4922],[-1.1045,51.4905],[-1.1018,51.4905],[-1.1018,51.4888],[-1.0991,51.4888],[-1.0963,51.4888],[-1.0963,51.4871],[-1.0936,51.4871],[-1.0908,51.4871],[-1.0908,51.4854],[-1.0881,51.4854],[-1.0854,51.4854],[-1.0854,51.4871],[-1.0826,51.4871],[-1.0799,51.4871],[-1.0771,51.4871],[-1.0771,51.4888],[-1.0744,51.4888],[-1.0717,51.4888],[-1.0717,51.4905],[-1.0689,51.4905],[-1.0662,51.4905],[-1.0634,51.4905],[-1.0607,51.4922],[-1.058,51.4922],[-1.0552,51.4922],[-1.0525,51.4922],[-1.0497,51.4922],[-1.0497,51.4905],[-1.047,51.4905],[-1.0443,51.4905],[-1.0443,51.4888],[-1.0415,51.4888],[-1.0415,51.4871],[-1.0388,51.4871],[-1.0388,51.4854],[-1.0415,51.4854],[-1.0415,51.4837],[-1.0443,51.4837],[-1.0443,51.482],[-1.047,51.482],[-1.047,51.4837],[-1.0497,51.4837],[-1.0525,51.4837],[-1.0525,51.482],[-1.0552,51.482],[-1.0552,51.4837],[-1.058,51.4837],[-1.0607,51.4837],[-1.0634,51.482],[-1.0662,51.482],[-1.0662,51.4803],[-1.0634,51.4803],[-1.0607,51.4803],[-1.058,51.4803],[-1.0552,51.4803],[-1.0552,51.4786],[-1.058,51.4786],[-1.058,51.4769],[-1.058,51.4752],[-1.058,51.4735],[-1.058,51.4718],[-1.058,51.47],[-1.058,51.4683],[-1.0552,51.4683],[-1.0552,51.4666],[-1.058,51.4666],[-1.058,51.4649],[-1.058,51.4632],[-1.0552,51.4632],[-1.0552,51.4615],[-1.0552,51.4598],[-1.0552,51.4581],[-1.058,51.4581],[-1.058,51.4564],[-1.058,51.4547],[-1.0607,51.4547],[-1.0607,51.453],[-1.0607,51.4513],[-1.0607,51.4496],[-1.058,51.4496],[-1.058,51.4479],[-1.0607,51.4479],[-1.0607,51.4461],[-1.0634,51.4461],[-1.0634,51.4444],[-1.0662,51.4444],[-1.0662,51.4427],[-1.0662,51.441],[-1.0689,51.441],[-1.0717,51.441],[-1.0717,51.4427],[-1.0717,51.4444],[-1.0717,51.4461],[-1.0744,51.4461],[-1.0744,51.4479],[-1.0744,51.4496],[-1.0771,51.4496],[-1.0771,51.4513],[-1.0771,51.453],[-1.0799,51.453],[-1.0799,51.4547],[-1.0826,51.4547],[-1.0854,51.4547],[-1.0854,51.4564],[-1.0881,51.4564],[-1.0908,51.4581],[-1.0908,51.4564],[-1.0908,51.4547],[-1.0908,51.453],[-1.0908,51.4513],[-1.0908,51.4496],[-1.0908,51.4479],[-1.0908,51.4461],[-1.0908,51.4444],[-1.0908,51.4427],[-1.0908,51.441],[-1.0908,51.4393],[-1.0936,51.4342],[-1.0936,51.4325],[-1.0908,51.4325],[-1.0908,51.4308],[-1.0936,51.4308],[-1.0963,51.4308],[-1.0963,51.4291],[-1.0991,51.4274],[-1.1018,51.4256],[-1.1018,51.4239],[-1.1045,51.4239],[-1.1045,51.4222],[-1.1073,51.4222],[-1.1073,51.4205],[-1.11,51.4205],[-1.1128,51.4205],[-1.1128,51.4188],[-1.1155,51.4188],[-1.1155,51.4171],[-1.1182,51.4171],[-1.1182,51.4154],[-1.121,51.4154],[-1.121,51.4137],[-1.1237,51.4137],[-1.1237,51.412],[-1.1237,51.4103],[-1.1265,51.4103],[-1.1265,51.4086],[-1.1292,51.4086],[-1.1292,51.4069],[-1.1319,51.4069],[-1.1319,51.4051],[-1.1347,51.4051],[-1.1347,51.4034],[-1.1374,51.4034],[-1.1402,51.4034],[-1.1402,51.4017],[-1.1429,51.4017],[-1.1429,51.4],[-1.1456,51.4],[-1.1484,51.4],[-1.1511,51.4],[-1.1539,51.4],[-1.1566,51.4],[-1.1593,51.4],[-1.1621,51.4],[-1.1648,51.4],[-1.1648,51.4017],[-1.1675,51.4017],[-1.1675,51.4034],[-1.1703,51.4034],[-1.1703,51.4051],[-1.1703,51.4069],[-1.1703,51.4086],[-1.1703,51.4103],[-1.1703,51.412],[-1.173,51.412],[-1.173,51.4137],[-1.1758,51.4137],[-1.1758,51.412],[-1.1785,51.412],[-1.1785,51.4137],[-1.1812,51.4137],[-1.1812,51.412],[-1.184,51.412],[-1.1867,51.412],[-1.1895,51.412],[-1.1895,51.4103],[-1.1895,51.4086],[-1.1922,51.4086],[-1.1949,51.4086],[-1.1977,51.4086],[-1.2004,51.4086],[-1.2032,51.4086],[-1.2032,51.4103],[-1.2059,51.4103],[-1.2086,51.4103],[-1.2114,51.4103],[-1.2114,51.412],[-1.2141,51.412],[-1.2169,51.412],[-1.2169,51.4103],[-1.2196,51.4103],[-1.2223,51.4103],[-1.2251,51.4103],[-1.2278,51.4103],[-1.2278,51.412],[-1.2306,51.412],[-1.2333,51.412],[-1.2333,51.4137],[-1.2306,51.4137],[-1.2306,51.4154],[-1.2306,51.4171],[-1.2333,51.4171],[-1.236,51.4171],[-1.236,51.4188],[-1.2388,51.4188],[-1.2388,51.4205],[-1.2415,51.4205],[-1.2415,51.4222],[-1.2443,51.4222],[-1.247,51.4239],[-1.247,51.4222],[-1.2497,51.4222],[-1.2525,51.4222],[-1.2552,51.4222],[-1.2552,51.4239],[-1.258,51.4239],[-1.258,51.4256],[-1.2607,51.4256],[-1.2634,51.4256],[-1.2634,51.4274],[-1.2662,51.4274],[-1.2662,51.4291],[-1.2662,51.4308],[-1.2662,51.4325],[-1.2689,51.4325],[-1.2689,51.4342],[-1.2689,51.4359],[-1.2717,51.4359],[-1.2717,51.4376],[-1.2689,51.4376],[-1.2689,51.4393],[-1.2717,51.4393],[-1.2717,51.441],[-1.2717,51.4427],[-1.2744,51.4427],[-1.2744,51.4444],[-1.2771,51.4444],[-1.2771,51.4461],[-1.2799,51.4461],[-1.2799,51.4444],[-1.2799,51.4427],[-1.2826,51.4427],[-1.2826,51.441],[-1.2826,51.4393],[-1.2826,51.4376],[-1.2826,51.4359],[-1.2854,51.4359],[-1.2854,51.4342],[-1.2854,51.4325],[-1.2881,51.4325],[-1.2881,51.4308],[-1.2908,51.4308],[-1.2908,51.4325],[-1.2936,51.4325],[-1.2963,51.4325],[-1.2963,51.4342],[-1.3018,51.4359],[-1.3045,51.4359],[-1.3073,51.4359],[-1.31,51.4359],[-1.3128,51.4359],[-1.3128,51.4342],[-1.3155,51.4342],[-1.3182,51.4342],[-1.321,51.4342],[-1.321,51.4325],[-1.3237,51.4325],[-1.3265,51.4325],[-1.3292,51.4325],[-1.3319,51.4325],[-1.3347,51.4325],[-1.3347,51.4342],[-1.3347,51.4359],[-1.3374,51.4359],[-1.3374,51.4342],[-1.3374,51.4325],[-1.3402,51.4325],[-1.3429,51.4325],[-1.3456,51.4325],[-1.3456,51.4308],[-1.3484,51.4308],[-1.3511,51.4308],[-1.3511,51.4291],[-1.3511,51.4274],[-1.3511,51.4256],[-1.3484,51.4256],[-1.3484,51.4239],[-1.3456,51.4222],[-1.3456,51.4205],[-1.3484,51.4205],[-1.3484,51.4188],[-1.3484,51.4171],[-1.3484,51.4154],[-1.3511,51.4154],[-1.3539,51.4154],[-1.3539,51.4171],[-1.3566,51.4171],[-1.3566,51.4188],[-1.3593,51.4188],[-1.3621,51.4188],[-1.3621,51.4205],[-1.3648,51.4205],[-1.3648,51.4188],[-1.3676,51.4188],[-1.3676,51.4171],[-1.3676,51.4154],[-1.3703,51.4154],[-1.3703,51.4137],[-1.373,51.4137],[-1.3758,51.4154],[-1.3758,51.4137],[-1.3785,51.4137],[-1.3785,51.412],[-1.3813,51.412],[-1.3813,51.4103],[-1.3813,51.4086],[-1.3813,51.4069],[-1.3813,51.4051],[-1.384,51.4051],[-1.3867,51.4051],[-1.3895,51.4051],[-1.3895,51.4034],[-1.3895,51.4017],[-1.3922,51.4017],[-1.3922,51.4],[-1.395,51.4],[-1.3977,51.4],[-1.3977,51.3983],[-1.4004,51.3983],[-1.4032,51.3983],[-1.4032,51.3966],[-1.4004,51.3966],[-1.4004,51.3949],[-1.4004,51.3932],[-1.4004,51.3915],[-1.4004,51.3898],[-1.3977,51.3898],[-1.3977,51.388],[-1.3977,51.3863],[-1.3977,51.3846],[-1.3977,51.3829],[-1.3977,51.3812],[-1.4004,51.3812],[-1.4004,51.3795],[-1.4004,51.3778],[-1.4004,51.3761],[-1.4004,51.3744],[-1.4004,51.3727],[-1.4004,51.3709],[-1.3977,51.3709],[-1.395,51.3709],[-1.3922,51.3709],[-1.3895,51.3709],[-1.3867,51.3709],[-1.3867,51.3692],[-1.384,51.3692],[-1.3813,51.3692],[-1.3813,51.3675],[-1.3785,51.3675],[-1.3758,51.3675],[-1.373,51.3675],[-1.3703,51.3675],[-1.3676,51.3675],[-1.3676,51.3692],[-1.3648,51.3692],[-1.3648,51.3675],[-1.3648,51.3658],[-1.3621,51.3658],[-1.3621,51.3641],[-1.3593,51.3641],[-1.3593,51.3624],[-1.3566,51.3624],[-1.3539,51.3624],[-1.3539,51.3607],[-1.3511,51.3607],[-1.3511,51.359],[-1.3484,51.359],[-1.3456,51.359],[-1.3456,51.3573],[-1.3429,51.3573],[-1.3429,51.3555],[-1.3429,51.3538],[-1.3402,51.3538],[-1.3402,51.3521],[-1.3402,51.3504],[-1.3402,51.3487],[-1.3402,51.347],[-1.3374,51.347],[-1.3374,51.3453],[-1.3347,51.3453],[-1.3347,51.3436],[-1.3347,51.3419],[-1.3319,51.3419],[-1.3319,51.3401],[-1.3292,51.3401],[-1.3292,51.3384],[-1.3292,51.3367],[-1.3265,51.3367],[-1.3265,51.335],[-1.3237,51.3333],[-1.3237,51.3316],[-1.321,51.3299],[-1.3182,51.3299],[-1.3182,51.3316],[-1.3155,51.3316],[-1.3128,51.3316],[-1.31,51.3316],[-1.3073,51.3316],[-1.3045,51.3316],[-1.3018,51.3316],[-1.2991,51.3316],[-1.2963,51.3316],[-1.2963,51.3299],[-1.2936,51.3299],[-1.2936,51.3316],[-1.2908,51.3316],[-1.2881,51.3316],[-1.2854,51.3316],[-1.2826,51.3316],[-1.2826,51.3299],[-1.2799,51.3299],[-1.2771,51.3299],[-1.2744,51.3282],[-1.2717,51.3282],[-1.2689,51.3282],[-1.2662,51.3282],[-1.2634,51.3282],[-1.2607,51.3282],[-1.2607,51.3265],[-1.258,51.3265],[-1.258,51.3247],[-1.2552,51.3247],[-1.2525,51.3247],[-1.2525,51.323],[-1.2525,51.3213],[-1.2552,51.3213],[-1.2552,51.3196],[-1.2525,51.3196],[-1.2497,51.3196],[-1.247,51.3196],[-1.2443,51.3196],[-1.2415,51.3196],[-1.2388,51.3196],[-1.236,51.3196],[-1.236,51.3213],[-1.236,51.323],[-1.2333,51.323],[-1.2306,51.323],[-1.2278,51.323],[-1.2251,51.323],[-1.2223,51.323],[-1.2223,51.3213],[-1.2196,51.3213],[-1.2169,51.3213],[-1.2141,51.3213],[-1.2114,51.3213],[-1.2114,51.3196],[-1.2086,51.3196],[-1.2086,51.3213],[-1.2059,51.3213],[-1.2032,51.3213],[-1.2032,51.3196],[-1.2004,51.3196],[-1.2004,51.3213],[-1.1977,51.3213],[-1.1977,51.323],[-1.1949,51.323],[-1.1949,51.3247],[-1.1922,51.3247],[-1.1895,51.3247],[-1.1867,51.3247],[-1.1867,51.3265],[-1.1867,51.3282],[-1.184,51.3282],[-1.1812,51.3282],[-1.1785,51.3282],[-1.1785,51.3265],[-1.1758,51.3265],[-1.173,51.3247],[-1.173,51.323],[-1.1703,51.323],[-1.1703,51.3213],[-1.1703,51.3196],[-1.1675,51.3179],[-1.1648,51.3179],[-1.1621,51.3179],[-1.1621,51.3162],[-1.1593,51.3162],[-1.1593,51.3145],[-1.1566,51.3145],[-1.1566,51.3128],[-1.1539,51.3128],[-1.1539,51.311],[-1.1539,51.3093],[-1.1539,51.3076],[-1.1511,51.3076],[-1.1511,51.3059],[-1.1539,51.3059],[-1.1539,51.3042],[-1.1539,51.3025],[-1.1539,51.3008],[-1.1539,51.2991],[-1.1539,51.2973],[-1.1511,51.2973],[-1.1511,51.2956],[-1.1511,51.2939],[-1.1484,51.2939],[-1.1484,51.2922],[-1.1484,51.2905],[-1.1456,51.2905],[-1.1456,51.2888],[-1.1429,51.2888],[-1.1429,51.2871],[-1.1402,51.2871],[-1.1402,51.2853],[-1.1402,51.2836],[-1.1429,51.2836],[-1.1429,51.2819],[-1.1456,51.2819],[-1.1484,51.2819],[-1.1511,51.2819],[-1.1539,51.2819],[-1.1566,51.2819],[-1.1593,51.2819],[-1.1593,51.2802],[-1.1621,51.2802],[-1.1648,51.2802],[-1.1675,51.2802],[-1.1703,51.2802],[-1.1703,51.2819],[-1.173,51.2819],[-1.1758,51.2819],[-1.1785,51.2819],[-1.1812,51.2819],[-1.1812,51.2802],[-1.184,51.2802],[-1.184,51.2785],[-1.184,51.2768],[-1.1867,51.2768],[-1.1867,51.2751],[-1.1895,51.2751],[-1.1922,51.2751],[-1.1922,51.2768],[-1.1949,51.2768],[-1.1977,51.2768],[-1.2004,51.2768],[-1.2004,51.2751],[-1.2032,51.2751],[-1.2004,51.2733],[-1.2004,51.2716],[-1.2004,51.2699],[-1.1977,51.2699],[-1.1977,51.2682],[-1.1977,51.2665],[-1.1977,51.2648],[-1.1977,51.2631],[-1.1949,51.2631],[-1.1949,51.2613],[-1.1949,51.2596],[-1.1949,51.2579],[-1.1949,51.2562],[-1.1977,51.2562],[-1.2004,51.2562],[-1.2032,51.2562],[-1.2059,51.2562],[-1.2086,51.2562],[-1.2086,51.2545],[-1.2114,51.2545],[-1.2141,51.2545],[-1.2169,51.2545],[-1.2169,51.2528],[-1.2196,51.2528],[-1.2223,51.2528],[-1.2223,51.2545],[-1.2251,51.2545],[-1.2278,51.2545],[-1.2306,51.2545],[-1.2333,51.2545],[-1.236,51.2545],[-1.236,51.2562],[-1.2388,51.2562],[-1.2415,51.2562],[-1.2443,51.2562],[-1.247,51.2562],[-1.2497,51.2562],[-1.2525,51.2562],[-1.2552,51.2562],[-1.2552,51.2545],[-1.258,51.2545],[-1.2607,51.2545],[-1.2634,51.2545],[-1.2634,51.2528],[-1.2662,51.2528],[-1.2689,51.2528],[-1.2717,51.2528],[-1.2717,51.2511],[-1.2744,51.2511],[-1.2771,51.2511],[-1.2799,51.2493],[-1.2826,51.2493],[-1.2854,51.2493],[-1.2854,51.2476],[-1.2881,51.2476],[-1.2908,51.2476],[-1.2908,51.2459],[-1.2936,51.2459],[-1.2963,51.2459],[-1.2963,51.2442],[-1.2991,51.2442],[-1.3018,51.2442],[-1.3018,51.2425],[-1.3045,51.2425],[-1.3073,51.2425],[-1.3073,51.2408],[-1.31,51.2408],[-1.3128,51.2408],[-1.3155,51.2408],[-1.3182,51.2391],[-1.321,51.2391],[-1.3237,51.2391],[-1.3265,51.2391],[-1.3292,51.2391],[-1.3292,51.2373],[-1.3319,51.2373],[-1.3347,51.2373],[-1.3374,51.2373],[-1.3402,51.2373],[-1.3429,51.2373],[-1.3456,51.2391],[-1.3484,51.2391],[-1.3511,51.2391],[-1.3511,51.2373],[-1.3484,51.2373],[-1.3484,51.2356],[-1.3484,51.2339],[-1.3456,51.2339],[-1.3456,51.2322],[-1.3429,51.2322],[-1.3429,51.2305],[-1.3429,51.2288],[-1.3456,51.2288],[-1.3456,51.227],[-1.3484,51.227],[-1.3484,51.2253],[-1.3484,51.2236],[-1.3511,51.2236],[-1.3539,51.2236],[-1.3566,51.2236],[-1.3593,51.2219],[-1.3621,51.2219],[-1.3621,51.2202],[-1.3648,51.2202],[-1.3648,51.2185],[-1.3648,51.2167],[-1.3676,51.2167],[-1.3676,51.215],[-1.3703,51.215],[-1.373,51.215],[-1.3758,51.215],[-1.3785,51.215],[-1.3813,51.215],[-1.384,51.215],[-1.384,51.2167],[-1.384,51.2185],[-1.3867,51.2185],[-1.3867,51.2202],[-1.3895,51.2219],[-1.3895,51.2236],[-1.3895,51.2253],[-1.3922,51.2253],[-1.3922,51.227],[-1.3922,51.2288],[-1.395,51.2288],[-1.395,51.2305],[-1.3977,51.2305],[-1.3977,51.2322],[-1.4004,51.2322],[-1.4032,51.2322],[-1.4059,51.2322],[-1.4059,51.2305],[-1.4087,51.2305],[-1.4114,51.2305],[-1.4141,51.2288],[-1.4169,51.2288],[-1.4196,51.2288],[-1.4196,51.227],[-1.4224,51.227],[-1.4251,51.227],[-1.4251,51.2253],[-1.4278,51.2253],[-1.4278,51.227],[-1.4278,51.2288],[-1.4278,51.2305],[-1.4278,51.2322],[-1.4278,51.2339],[-1.4306,51.2356],[-1.4333,51.2356],[-1.4361,51.2356],[-1.4388,51.2356],[-1.4388,51.2339],[-1.4415,51.2339],[-1.4443,51.2339],[-1.4443,51.2322],[-1.447,51.2322],[-1.447,51.2339],[-1.4498,51.2339],[-1.4498,51.2356],[-1.4525,51.2356],[-1.4525,51.2373],[-1.4552,51.2373],[-1.4552,51.2391],[-1.458,51.2391],[-1.458,51.2408],[-1.458,51.2425],[-1.458,51.2442],[-1.4607,51.2442],[-1.4607,51.2459],[-1.4635,51.2459],[-1.4635,51.2476],[-1.4662,51.2476],[-1.4689,51.2476],[-1.4689,51.2493],[-1.4717,51.2493],[-1.4717,51.2511],[-1.4717,51.2528],[-1.4744,51.2528],[-1.4772,51.2528],[-1.4799,51.2545],[-1.4826,51.2545],[-1.4854,51.2545],[-1.4881,51.2545],[-1.4909,51.2545],[-1.4936,51.2545],[-1.4963,51.2545],[-1.4963,51.2562],[-1.4991,51.2562],[-1.5018,51.2562],[-1.5046,51.2562],[-1.5046,51.2545],[-1.5073,51.2545],[-1.5073,51.2528],[-1.5073,51.2511],[-1.51,51.2511],[-1.51,51.2528],[-1.51,51.2545],[-1.5128,51.2545],[-1.5128,51.2528],[-1.5128,51.2511],[-1.5155,51.2511],[-1.5183,51.2493],[-1.521,51.2493],[-1.5237,51.2493],[-1.5265,51.2493],[-1.5292,51.2493],[-1.532,51.2493],[-1.5347,51.2493],[-1.5374,51.2493],[-1.5374,51.2476],[-1.5402,51.2476],[-1.5402,51.2459],[-1.5429,51.2459],[-1.5457,51.2459],[-1.5484,51.2459],[-1.5484,51.2476],[-1.5511,51.2476],[-1.5511,51.2493],[-1.5539,51.2493],[-1.5566,51.2493],[-1.5593,51.2493],[-1.5593,51.2511],[-1.5621,51.2511],[-1.5621,51.2528],[-1.5648,51.2528],[-1.5676,51.2528],[-1.5676,51.2545],[-1.5703,51.2545],[-1.573,51.2545],[-1.5758,51.2545],[-1.5758,51.2562],[-1.5785,51.2562],[-1.5785,51.2545],[-1.5813,51.2545],[-1.584,51.2545],[-1.5867,51.2545],[-1.5867,51.2528],[-1.5895,51.2528],[-1.5922,51.2528],[-1.595,51.2528],[-1.5977,51.2528],[-1.5977,51.2545],[-1.6004,51.2545],[-1.6032,51.2545],[-1.6032,51.2562],[-1.6032,51.2579],[-1.6032,51.2596],[-1.6059,51.2596],[-1.6059,51.2613],[-1.6087,51.2613],[-1.6114,51.2613],[-1.6141,51.2613],[-1.6169,51.2613],[-1.6169,51.2631],[-1.6196,51.2631],[-1.6224,51.2631],[-1.6251,51.2631],[-1.6278,51.2631],[-1.6306,51.2613],[-1.6333,51.2631],[-1.6333,51.2613],[-1.6361,51.2613],[-1.6361,51.2631],[-1.6388,51.2631],[-1.6388,51.2648],[-1.6388,51.2665],[-1.6415,51.2665],[-1.6415,51.2682],[-1.6415,51.2699],[-1.6443,51.2699],[-1.6443,51.2716],[-1.6443,51.2733],[-1.647,51.2733],[-1.647,51.2751],[-1.647,51.2768],[-1.6498,51.2768],[-1.6498,51.2785],[-1.6498,51.2802],[-1.6498,51.2819],[-1.6498,51.2836],[-1.6498,51.2853],[-1.6498,51.2871],[-1.6498,51.2888],[-1.6498,51.2905],[-1.6525,51.2905],[-1.6525,51.2922],[-1.6525,51.2939],[-1.6552,51.2939],[-1.6552,51.2956],[-1.6552,51.2973],[-1.6552,51.2991],[-1.6552,51.3008],[-1.6552,51.3025],[-1.658,51.3025],[-1.658,51.3008],[-1.6607,51.3008],[-1.6635,51.3008],[-1.6662,51.3008],[-1.6689,51.3008],[-1.6717,51.3008],[-1.6744,51.3008],[-1.6744,51.2991],[-1.6772,51.2991],[-1.6799,51.2991],[-1.6826,51.2991],[-1.6826,51.2973],[-1.6854,51.2973],[-1.6881,51.2973],[-1.6909,51.2973],[-1.6936,51.2973],[-1.6963,51.2973],[-1.6963,51.2956],[-1.6991,51.2956],[-1.7018,51.2956],[-1.7018,51.2973],[-1.7046,51.2973],[-1.7046,51.2991],[-1.7073,51.2991],[-1.71,51.2991],[-1.7128,51.2991],[-1.7128,51.3008],[-1.7155,51.3008],[-1.7155,51.3025],[-1.7183,51.3025],[-1.7183,51.3042],[-1.721,51.3042],[-1.721,51.3059],[-1.7237,51.3059],[-1.7265,51.3059],[-1.7265,51.3076],[-1.7292,51.3076],[-1.7292,51.3059],[-1.732,51.3059],[-1.732,51.3042],[-1.7347,51.3042],[-1.7374,51.3042],[-1.7402,51.3042],[-1.7402,51.3025],[-1.7429,51.3025],[-1.7457,51.3025],[-1.7457,51.3008],[-1.7484,51.3008],[-1.7511,51.3008],[-1.7511,51.2991],[-1.7511,51.2973],[-1.7511,51.2956],[-1.7511,51.2939],[-1.7539,51.2956],[-1.7566,51.2956],[-1.7594,51.2956],[-1.7621,51.2973],[-1.7648,51.2973],[-1.7676,51.2973],[-1.7703,51.2973],[-1.7703,51.2991],[-1.7731,51.2991],[-1.7758,51.2991],[-1.7785,51.2991],[-1.7813,51.2991],[-1.7813,51.3008],[-1.784,51.3008],[-1.7868,51.3008],[-1.7868,51.3025],[-1.7895,51.3025],[-1.7895,51.3042],[-1.7922,51.3042],[-1.7922,51.3059],[-1.795,51.3059],[-1.7977,51.3059],[-1.7977,51.3076],[-1.8005,51.3076],[-1.8005,51.3093],[-1.8032,51.3093],[-1.8059,51.3093],[-1.8059,51.3076],[-1.8087,51.3076],[-1.8087,51.3059],[-1.8087,51.3042],[-1.8114,51.3042],[-1.8114,51.3025],[-1.8114,51.3008],[-1.8114,51.2991],[-1.8142,51.2991],[-1.8169,51.2991],[-1.8196,51.2991],[-1.8224,51.2991],[-1.8251,51.2991],[-1.8279,51.2991],[-1.8279,51.3008],[-1.8306,51.3008],[-1.8333,51.3008],[-1.8361,51.3008],[-1.8388,51.3008],[-1.8388,51.3025],[-1.8416,51.3025],[-1.8443,51.3025],[-1.847,51.3025],[-1.847,51.3042],[-1.8498,51.3042],[-1.8525,51.3042],[-1.8525,51.3059],[-1.8553,51.3059],[-1.858,51.3059],[-1.858,51.3076],[-1.8607,51.3076],[-1.8635,51.3076],[-1.8662,51.3076],[-1.869,51.3076],[-1.8717,51.3093],[-1.8744,51.3093],[-1.8772,51.3093],[-1.8799,51.3093],[-1.8827,51.3093],[-1.8854,51.3093],[-1.8854,51.311],[-1.8881,51.311],[-1.8909,51.311],[-1.8936,51.311],[-1.8964,51.311],[-1.8964,51.3128],[-1.8991,51.3128],[-1.9018,51.311],[-1.9018,51.3128],[-1.9046,51.3128],[-1.9073,51.3128],[-1.9101,51.3128],[-1.9101,51.3145],[-1.9128,51.3145],[-1.9155,51.3145],[-1.9155,51.3162],[-1.9183,51.3162],[-1.9183,51.3179],[-1.921,51.3179],[-1.9238,51.3179],[-1.9238,51.3196],[-1.9265,51.3196],[-1.9265,51.3213],[-1.9265,51.323],[-1.9292,51.323],[-1.932,51.323],[-1.932,51.3247],[-1.932,51.3265],[-1.9347,51.3265],[-1.9347,51.3282],[-1.9375,51.3282],[-1.9375,51.3299],[-1.9402,51.3299],[-1.9402,51.3316],[-1.9429,51.3316],[-1.9429,51.3333],[-1.9457,51.3333],[-1.9484,51.3333],[-1.9484,51.335],[-1.9511,51.335],[-1.9539,51.335],[-1.9539,51.3367],[-1.9566,51.3367],[-1.9594,51.3367],[-1.9594,51.3384],[-1.9566,51.3384],[-1.9566,51.3401],[-1.9566,51.3419],[-1.9594,51.3419],[-1.9594,51.3436],[-1.9594,51.3453],[-1.9594,51.347],[-1.9594,51.3487],[-1.9621,51.3487],[-1.9621,51.3504],[-1.9621,51.3521],[-1.9621,51.3538],[-1.9648,51.3538],[-1.9648,51.3555],[-1.9648,51.3573],[-1.9621,51.3573],[-1.9594,51.3573],[-1.9566,51.3573],[-1.9566,51.359],[-1.9539,51.359],[-1.9539,51.3607],[-1.9539,51.3624],[-1.9511,51.3624],[-1.9511,51.3641],[-1.9511,51.3658],[-1.9539,51.3658],[-1.9539,51.3675],[-1.9566,51.3675],[-1.9566,51.3692],[-1.9566,51.3709],[-1.9566,51.3727],[-1.9594,51.3727],[-1.9594,51.3744],[-1.9621,51.3727],[-1.9621,51.3709],[-1.9648,51.3709],[-1.9676,51.3727],[-1.9703,51.3727],[-1.9703,51.3709],[-1.9703,51.3692],[-1.9731,51.3692],[-1.9731,51.3675],[-1.9758,51.3675],[-1.9785,51.3692],[-1.9785,51.3709],[-1.9813,51.3709],[-1.9813,51.3692],[-1.984,51.3692],[-1.9868,51.3692],[-1.9895,51.3692],[-1.9922,51.3692],[-1.9922,51.3709],[-1.995,51.3709],[-1.995,51.3727],[-1.9977,51.3727],[-1.9977,51.3744],[-2.0005,51.3744],[-2.0005,51.3761],[-2.0005,51.3778],[-2.0032,51.3778],[-2.0059,51.3778],[-2.0059,51.3795],[-2.0059,51.3812],[-2.0087,51.3812],[-2.0087,51.3829],[-2.0059,51.3829],[-2.0059,51.3846],[-2.0087,51.3846],[-2.0114,51.3846],[-2.0114,51.3863],[-2.0142,51.3863],[-2.0142,51.388],[-2.0142,51.3898],[-2.0114,51.3898],[-2.0114,51.3915],[-2.0114,51.3932],[-2.0114,51.3949],[-2.0087,51.3949],[-2.0059,51.3949],[-2.0032,51.3949],[-2.0032,51.3966],[-2.0005,51.3966],[-2.0005,51.3983],[-2.0005,51.4],[-1.9977,51.4],[-1.9977,51.4017],[-1.9977,51.4034],[-1.9977,51.4051],[-1.9977,51.4069],[-1.9977,51.4086],[-1.9977,51.4103],[-1.9977,51.412],[-1.9977,51.4137],[-1.9977,51.4154],[-1.995,51.4154],[-1.995,51.4171],[-1.995,51.4188],[-1.9922,51.4171],[-1.9895,51.4171],[-1.9868,51.4171],[-1.984,51.4171],[-1.9813,51.4171],[-1.9785,51.4171],[-1.9758,51.4171],[-1.9731,51.4171],[-1.9703,51.4171],[-1.9703,51.4188],[-1.9703,51.4205],[-1.9703,51.4222],[-1.9703,51.4239],[-1.9703,51.4256],[-1.9676,51.4256],[-1.9676,51.4274],[-1.9648,51.4274],[-1.9621,51.4274],[-1.9594,51.4274],[-1.9594,51.4291],[-1.9566,51.4291],[-1.9566,51.4308],[-1.9594,51.4308],[-1.9594,51.4325],[-1.9621,51.4325],[-1.9621,51.4342],[-1.9648,51.4342],[-1.9648,51.4359],[-1.9676,51.4359],[-1.9676,51.4376],[-1.9676,51.4393],[-1.9676,51.441],[-1.9676,51.4427],[-1.9676,51.4444],[-1.9676,51.4461],[-1.9648,51.4461],[-1.9621,51.4461],[-1.9621,51.4444],[-1.9594,51.4444],[-1.9566,51.4444],[-1.9539,51.4444],[-1.9511,51.4461],[-1.9484,51.4461],[-1.9484,51.4479],[-1.9484,51.4496],[-1.9484,51.4513],[-1.9511,51.4513],[-1.9511,51.453],[-1.9511,51.4547],[-1.9511,51.4564],[-1.9511,51.4581],[-1.9539,51.4581],[-1.9539,51.4598],[-1.9539,51.4615],[-1.9511,51.4615],[-1.9511,51.4632],[-1.9484,51.4632],[-1.9484,51.4649],[-1.9457,51.4649],[-1.9457,51.4666],[-1.9429,51.4666],[-1.9429,51.4683],[-1.9402,51.4683],[-1.9402,51.47],[-1.9375,51.47],[-1.9375,51.4718],[-1.9347,51.4718],[-1.9347,51.4735],[-1.932,51.4752],[-1.9292,51.4769],[-1.9292,51.4786],[-1.9265,51.4786],[-1.9265,51.4803],[-1.9265,51.482],[-1.9238,51.482],[-1.9238,51.4837],[-1.921,51.4854],[-1.921,51.4871],[-1.9183,51.4871],[-1.9183,51.4888],[-1.9183,51.4905],[-1.9155,51.4905],[-1.9155,51.4922],[-1.9128,51.4922],[-1.9101,51.4922],[-1.9101,51.4939],[-1.9073,51.4939],[-1.9046,51.4939],[-1.9018,51.4939],[-1.8991,51.4939],[-1.8991,51.4956],[-1.8964,51.4956],[-1.8936,51.4956],[-1.8909,51.4956],[-1.8881,51.4956],[-1.8854,51.4956],[-1.8854,51.4973],[-1.8827,51.4973],[-1.8799,51.4973],[-1.8799,51.499],[-1.8772,51.499],[-1.8744,51.4973],[-1.8717,51.4973],[-1.8717,51.499],[-1.869,51.499],[-1.869,51.5008],[-1.8662,51.5008],[-1.8662,51.5025],[-1.8662,51.5042],[-1.8635,51.5042],[-1.8635,51.5059],[-1.8635,51.5076],[-1.8635,51.5093],[-1.8607,51.5093],[-1.8607,51.511],[-1.858,51.511],[-1.858,51.5127],[-1.8553,51.5127],[-1.8553,51.5144],[-1.8525,51.5144],[-1.8525,51.5161],[-1.8498,51.5161],[-1.847,51.5161],[-1.847,51.5178],[-1.8443,51.5178],[-1.8416,51.5178],[-1.8416,51.5195],[-1.8388,51.5195],[-1.8388,51.5212],[-1.8388,51.5229],[-1.8361,51.5229],[-1.8333,51.5229],[-1.8306,51.5229],[-1.8279,51.5229],[-1.8251,51.5229],[-1.8251,51.5212],[-1.8224,51.5212],[-1.8196,51.5212],[-1.8169,51.5212],[-1.8142,51.5212],[-1.8142,51.5195],[-1.8114,51.5178],[-1.8087,51.5178],[-1.8059,51.5178],[-1.8059,51.5195],[-1.8032,51.5195],[-1.8005,51.5195],[-1.7977,51.5195],[-1.7977,51.5212],[-1.795,51.5212],[-1.7922,51.5212],[-1.7895,51.5212],[-1.7895,51.5195],[-1.7868,51.5195],[-1.784,51.5195],[-1.784,51.5212],[-1.7813,51.5212],[-1.7785,51.5212],[-1.7758,51.5212],[-1.7731,51.5212],[-1.7703,51.5212],[-1.7676,51.5212],[-1.7676,51.5229],[-1.7676,51.5246],[-1.7676,51.5263],[-1.7703,51.528],[-1.7703,51.5297],[-1.7676,51.5297],[-1.7676,51.5314],[-1.7648,51.5314],[-1.7621,51.5314],[-1.7594,51.5314],[-1.7594,51.5297],[-1.7566,51.5297],[-1.7539,51.5297],[-1.7511,51.528],[-1.7484,51.528],[-1.7457,51.528],[-1.7429,51.528],[-1.7402,51.528],[-1.7374,51.528],[-1.7347,51.528],[-1.732,51.528],[-1.7292,51.528],[-1.7292,51.5263],[-1.7265,51.5263],[-1.7237,51.5263],[-1.7237,51.528],[-1.7237,51.5297],[-1.7237,51.5314],[-1.7237,51.5331],[-1.7237,51.5349],[-1.7237,51.5366],[-1.7237,51.5383],[-1.721,51.5383],[-1.721,51.54],[-1.7237,51.54],[-1.7237,51.5417],[-1.7237,51.5434],[-1.721,51.5434],[-1.7183,51.5434],[-1.7155,51.5434],[-1.7128,51.5434],[-1.71,51.5434],[-1.7073,51.5434],[-1.7073,51.5417],[-1.7046,51.5417],[-1.7046,51.5434],[-1.7018,51.5434],[-1.7018,51.5417],[-1.6991,51.5417],[-1.6991,51.5434],[-1.6963,51.5434],[-1.6963,51.5451],[-1.6936,51.5451],[-1.6909,51.5451],[-1.6909,51.5468],[-1.6881,51.5468],[-1.6854,51.5468],[-1.6826,51.5468],[-1.6799,51.5468],[-1.6772,51.5468],[-1.6744,51.5468],[-1.6717,51.5468],[-1.6689,51.5468],[-1.6662,51.5468],[-1.6635,51.5468],[-1.6635,51.5485],[-1.6635,51.5502],[-1.6607,51.5502],[-1.658,51.5502],[-1.6552,51.5502],[-1.6525,51.5502],[-1.6498,51.5502],[-1.647,51.5502],[-1.6443,51.5502],[-1.6443,51.5519],[-1.6415,51.5519],[-1.6415,51.5536],[-1.6388,51.5536],[-1.6361,51.5536],[-1.6333,51.5536],[-1.6333,51.5553],[-1.6306,51.5553],[-1.6306,51.557],[-1.6278,51.557],[-1.6278,51.5587],[-1.6251,51.5587],[-1.6251,51.5604],[-1.6224,51.5604],[-1.6224,51.5621],[-1.6224,51.5638],[-1.6196,51.5638],[-1.6169,51.5638],[-1.6169,51.5655],[-1.6141,51.5655],[-1.6141,51.5672],[-1.6114,51.5689],[-1.6114,51.5706],[-1.6087,51.5706],[-1.6087,51.5723],[-1.6059,51.5723],[-1.6059,51.574],[-1.6032,51.574],[-1.6004,51.574],[-1.6004,51.5757],[-1.5977,51.5757],[-1.5977,51.5774],[-1.595,51.5774],[-1.595,51.5791],[-1.5922,51.5791],[-1.5922,51.5808],[-1.5895,51.5808],[-1.5867,51.5808],[-1.5867,51.5825],[-1.584,51.5825],[-1.5813,51.5825],[-1.5785,51.5825],[-1.5758,51.5825],[-1.573,51.5825],[-1.5703,51.5825],[-1.5676,51.5825],[-1.5648,51.5825],[-1.5621,51.5825],[-1.5593,51.5825],[-1.5566,51.5825],[-1.5566,51.5843],[-1.5539,51.5843],[-1.5511,51.5843],[-1.5484,51.5843],[-1.5484,51.5825],[-1.5457,51.5825],[-1.5429,51.5825],[-1.5402,51.5825],[-1.5374,51.5825],[-1.5347,51.5825],[-1.532,51.5825],[-1.5292,51.5825],[-1.5265,51.5825],[-1.5237,51.5825],[-1.521,51.5825],[-1.5183,51.5825],[-1.5155,51.5825],[-1.5128,51.5825],[-1.51,51.5825],[-1.5073,51.5825],[-1.5046,51.5825],[-1.5046,51.5808],[-1.5018,51.5808],[-1.5018,51.5825],[-1.4991,51.5825],[-1.4991,51.5808],[-1.4963,51.5808],[-1.4936,51.5808],[-1.4909,51.5808],[-1.4881,51.5808],[-1.4854,51.5808],[-1.4826,51.5808],[-1.4799,51.5808],[-1.4772,51.5808],[-1.4744,51.5808],[-1.4744,51.5825],[-1.4717,51.5825],[-1.4689,51.5825],[-1.4662,51.5825],[-1.4662,51.5843],[-1.4635,51.5843],[-1.4607,51.5843],[-1.458,51.5843],[-1.4552,51.5843],[-1.4525,51.5843],[-1.4525,51.586],[-1.4498,51.586],[-1.447,51.586],[-1.4443,51.586],[-1.4415,51.586],[-1.4388,51.586],[-1.4388,51.5877],[-1.4361,51.5877],[-1.4361,51.586],[-1.4333,51.586],[-1.4306,51.586],[-1.4278,51.586],[-1.4251,51.586],[-1.4251,51.5843],[-1.4278,51.5843],[-1.4278,51.5825],[-1.4278,51.5808],[-1.4251,51.5808],[-1.4196,51.5808],[-1.4196,51.5825],[-1.4196,51.5843],[-1.4224,51.5843],[-1.4169,51.586],[-1.4141,51.586],[-1.4114,51.586],[-1.4087,51.586],[-1.4087,51.5877],[-1.4087,51.5894],[-1.4114,51.5894],[-1.4114,51.5911],[-1.4087,51.5911],[-1.4059,51.5911],[-1.4032,51.5928],[-1.4004,51.5928],[-1.3977,51.5928],[-1.3977,51.5945],[-1.395,51.5945],[-1.3922,51.5945],[-1.3895,51.5945],[-1.3867,51.5945],[-1.3867,51.5962],[-1.384,51.5962],[-1.3813,51.5962],[-1.3785,51.5962],[-1.3758,51.5962],[-1.3758,51.5979],[-1.373,51.5979],[-1.3703,51.5979],[-1.3676,51.5979],[-1.3648,51.5979],[-1.3621,51.5979],[-1.3593,51.5979],[-1.3566,51.5979],[-1.3566,51.5996],[-1.3539,51.5996],[-1.3511,51.5996],[-1.3484,51.5996],[-1.3456,51.5996],[-1.3429,51.5996],[-1.3429,51.6013],[-1.3402,51.6013],[-1.3374,51.6013],[-1.3347,51.6013],[-1.3319,51.6013],[-1.3292,51.6013],[-1.3265,51.6013],[-1.3265,51.5996],[-1.3237,51.5996],[-1.321,51.5996],[-1.3182,51.5996],[-1.3155,51.5996],[-1.3128,51.5996],[-1.31,51.5996],[-1.3073,51.5996],[-1.3073,51.5979],[-1.3045,51.5979],[-1.3018,51.5979],[-1.2991,51.5979],[-1.2991,51.5962],[-1.2963,51.5962],[-1.2936,51.5945],[-1.2908,51.5945],[-1.2881,51.5945],[-1.2854,51.5945],[-1.2854,51.5928],[-1.2826,51.5928],[-1.2799,51.5928],[-1.2799,51.5911],[-1.2771,51.5911],[-1.2771,51.5894],[-1.2771,51.5877],[-1.2744,51.5877],[-1.2744,51.586],[-1.2717,51.586],[-1.2717,51.5843],[-1.2689,51.5843],[-1.2662,51.5843],[-1.2662,51.5825],[-1.2662,51.5808],[-1.2662,51.5791],[-1.2634,51.5791],[-1.2634,51.5774],[-1.2634,51.5757],[-1.2607,51.5757],[-1.2607,51.574],[-1.258,51.574],[-1.258,51.5757],[-1.2552,51.5757],[-1.2552,51.5774],[-1.2525,51.5774],[-1.2497,51.5774],[-1.2497,51.5757],[-1.247,51.5757],[-1.247,51.5774],[-1.2443,51.5774],[-1.2415,51.5774],[-1.2388,51.5774],[-1.236,51.5774],[-1.236,51.5791],[-1.2333,51.5791],[-1.2306,51.5791],[-1.2306,51.5808],[-1.2278,51.5808],[-1.2278,51.5825],[-1.2251,51.5825],[-1.2223,51.5825],[-1.2223,51.5843],[-1.2196,51.5843],[-1.2196,51.586],[-1.2169,51.5877],[-1.2141,51.5877],[-1.2141,51.5894],[-1.2114,51.5894],[-1.2086,51.5894],[-1.2086,51.5911],[-1.2059,51.5911],[-1.2059,51.5928],[-1.2086,51.5928],[-1.2114,51.5928],[-1.2141,51.5928],[-1.2169,51.5928],[-1.2196,51.5928],[-1.2223,51.5928],[-1.2223,51.5945],[-1.2223,51.5962],[-1.2223,51.5979],[-1.2223,51.5996],[-1.2223,51.6013],[-1.2196,51.6013],[-1.2196,51.603],[-1.2196,51.6047],[-1.2196,51.6064],[-1.2169,51.6064],[-1.2141,51.6064],[-1.2141,51.6081],[-1.2141,51.6098],[-1.2141,51.6115],[-1.2169,51.6115],[-1.2169,51.6132],[-1.2169,51.6149],[-1.2169,51.6166],[-1.2169,51.6183],[-1.2141,51.6183],[-1.2141,51.62],[-1.2114,51.62],[-1.2086,51.62],[-1.2059,51.62],[-1.2059,51.6217],[-1.2032,51.6217],[-1.2032,51.6234],[-1.2004,51.6234],[-1.2004,51.6251],[-1.2004,51.6268],[-1.2032,51.6268],[-1.2032,51.6285],[-1.2032,51.6302],[-1.2004,51.6302],[-1.1977,51.6302],[-1.1949,51.6302],[-1.1949,51.6319],[-1.1949,51.6336],[-1.1922,51.6336],[-1.1922,51.6353],[-1.1895,51.6353],[-1.1895,51.637],[-1.1922,51.637],[-1.1922,51.6387],[-1.1922,51.6404],[-1.1922,51.6421],[-1.1922,51.6438],[-1.1922,51.6455],[-1.1922,51.6472],[-1.1895,51.6472],[-1.1895,51.6455],[-1.1867,51.6455],[-1.1867,51.6472],[-1.184,51.6472],[-1.1812,51.6472],[-1.1785,51.6472],[-1.1758,51.6472],[-1.1758,51.6455],[-1.1785,51.6455],[-1.1785,51.6438],[-1.1785,51.6421],[-1.1785,51.6404],[-1.1785,51.6387],[-1.1812,51.6387],[-1.1812,51.637],[-1.1812,51.6353],[-1.1785,51.6353],[-1.1758,51.6353],[-1.173,51.6353],[-1.173,51.6336],[-1.1703,51.6336],[-1.1675,51.6336],[-1.1675,51.6353],[-1.1648,51.6353],[-1.1621,51.6353],[-1.1593,51.6353],[-1.1566,51.6353],[-1.1539,51.6353],[-1.1511,51.6353],[-1.1511,51.6336],[-1.1484,51.6336],[-1.1484,51.6319],[-1.1484,51.6302],[-1.1484,51.6285],[-1.1456,51.6285],[-1.1429,51.6285],[-1.1429,51.6268],[-1.1429,51.6251],[-1.1402,51.6251],[-1.1402,51.6234],[-1.1374,51.6234],[-1.1347,51.6234],[-1.1319,51.6234],[-1.1292,51.6234],[-1.1292,51.6217],[-1.1265,51.6217],[-1.1237,51.6217],[-1.121,51.6217],[-1.1182,51.6217],[-1.1182,51.62],[-1.1155,51.62],[-1.1155,51.6183],[-1.1155,51.6166],[-1.1155,51.6149],[-1.1128,51.6149],[-1.1128,51.6132],[-1.1128,51.6115],[-1.1155,51.6115],[-1.1155,51.6098],[-1.1155,51.6081],[-1.1182,51.6081],[-1.1182,51.6064],[-1.121,51.6064],[-1.1237,51.6064],[-1.1237,51.6081],[-1.1265,51.6081],[-1.1265,51.6098],[-1.1265,51.6115],[-1.1265,51.6132],[-1.1292,51.6132],[-1.1292,51.6149],[-1.1319,51.6149],[-1.1347,51.6149],[-1.1374,51.6132],[-1.1402,51.6132],[-1.1402,51.6115],[-1.1429,51.6115],[-1.1456,51.6115],[-1.1484,51.6115],[-1.1484,51.6132],[-1.1511,51.6132],[-1.1511,51.6149],[-1.1539,51.6149],[-1.1566,51.6166],[-1.1593,51.6166],[-1.1621,51.6166],[-1.1648,51.6166],[-1.1648,51.6183],[-1.1675,51.6183],[-1.1703,51.6183],[-1.1703,51.6166],[-1.173,51.6166],[-1.173,51.6149],[-1.1758,51.6149],[-1.1785,51.6149],[-1.1812,51.6149],[-1.1812,51.6132],[-1.184,51.6132],[-1.184,51.6115],[-1.1867,51.6115],[-1.1867,51.6098],[-1.1867,51.6081],[-1.184,51.6081],[-1.1812,51.6081],[-1.1812,51.6064],[-1.1812,51.6047],[-1.1812,51.603],[-1.1785,51.603],[-1.1785,51.6013],[-1.1785,51.5996],[-1.1785,51.5979],[-1.1758,51.5979],[-1.1758,51.5962],[-1.1758,51.5945],[-1.173,51.5945],[-1.1703,51.5945],[-1.1703,51.5928],[-1.1675,51.5928],[-1.1648,51.5928],[-1.1648,51.5945],[-1.1621,51.5945],[-1.1593,51.5945],[-1.1566,51.5945],[-1.1539,51.5945],[-1.1511,51.5945],[-1.1484,51.5945],[-1.1484,51.5928],[-1.1511,51.5928],[-1.1511,51.5911],[-1.1511,51.5894],[-1.1511,51.5877],[-1.1511,51.586],[-1.1511,51.5843],[-1.1511,51.5825],[-1.1539,51.5825],[-1.1539,51.5808],[-1.1539,51.5791],[-1.1566,51.5791],[-1.1566,51.5774],[-1.1593,51.5774],[-1.1593,51.5757],[-1.1621,51.5757],[-1.1621,51.574],[-1.1621,51.5723],[-1.1593,51.5723],[-1.1593,51.5706],[-1.1566,51.5689],[-1.1566,51.5706],[-1.1539,51.5706],[-1.1511,51.5706],[-1.1511,51.5689],[-1.1484,51.5689],[-1.1456,51.5689],[-1.1429,51.5689],[-1.1402,51.5689],[-1.1402,51.5672],[-1.1374,51.5672],[-1.1374,51.5655],[-1.1347,51.5655]]]},"properties":{"NAME":"North Wessex Downs","CODE":"27","DESIG_DATE":"Dec-72"}},{"type":"Feature","geometry":{"type":"MultiPolygon","coordinates":[[[[-1.6333,54.1967],[-1.6306,54.1983],[-1.6306,54.1967],[-1.6333,54.1967]]],[[[-1.721,53.9088],[-1.721,53.9104],[-1.721,53.9121],[-1.7237,53.9121],[-1.7237,53.9104],[-1.7265,53.9104],[-1.7292,53.9104],[-1.732,53.9104],[-1.732,53.9121],[-1.7347,53.9121],[-1.7374,53.9121],[-1.7374,53.9137],[-1.7402,53.9137],[-1.7429,53.9153],[-1.7429,53.9169],[-1.7457,53.9169],[-1.7457,53.9185],[-1.7457,53.9201],[-1.7457,53.9217],[-1.7457,53.9234],[-1.7484,53.9234],[-1.7511,53.9234],[-1.7511,53.9217],[-1.7539,53.9217],[-1.7566,53.9217],[-1.7594,53.9217],[-1.7594,53.9234],[-1.7621,53.9234],[-1.7621,53.925],[-1.7648,53.925],[-1.7676,53.925],[-1.7676,53.9234],[-1.7676,53.9217],[-1.7703,53.9217],[-1.7731,53.9217],[-1.7758,53.9217],[-1.7758,53.9234],[-1.7785,53.9234],[-1.7785,53.925],[-1.7785,53.9266],[-1.7813,53.9266],[-1.7813,53.9282],[-1.7813,53.9298],[-1.784,53.9298],[-1.7868,53.9298],[-1.7895,53.9298],[-1.7922,53.9298],[-1.795,53.9298],[-1.7977,53.9298],[-1.7977,53.9314],[-1.795,53.9314],[-1.7977,53.933],[-1.7977,53.9346],[-1.7977,53.9363],[-1.8005,53.9363],[-1.8032,53.9363],[-1.8032,53.9379],[-1.8059,53.9395],[-1.8087,53.9395],[-1.8114,53.9395],[-1.8114,53.9379],[-1.8142,53.9379],[-1.8169,53.9379],[-1.8196,53.9379],[-1.8224,53.9379],[-1.8224,53.9395],[-1.8251,53.9395],[-1.8251,53.9379],[-1.8279,53.9379],[-1.8306,53.9379],[-1.8306,53.9395],[-1.8333,53.9395],[-1.8361,53.9395],[-1.8388,53.9395],[-1.8416,53.9395],[-1.8443,53.9395],[-1.847,53.9395],[-1.847,53.9379],[-1.8498,53.9379],[-1.8525,53.9379],[-1.8525,53.9363],[-1.8553,53.9363],[-1.858,53.9363],[-1.858,53.9379],[-1.8607,53.9379],[-1.8607,53.9395],[-1.8607,53.9411],[-1.8635,53.9411],[-1.8635,53.9427],[-1.8662,53.9427],[-1.869,53.9427],[-1.869,53.9443],[-1.8717,53.9443],[-1.8744,53.9443],[-1.8744,53.9459],[-1.8744,53.9475],[-1.8744,53.9492],[-1.8772,53.9492],[-1.8772,53.9508],[-1.8772,53.9524],[-1.8772,53.954],[-1.8772,53.9556],[-1.8744,53.9556],[-1.8717,53.9556],[-1.8717,53.954],[-1.869,53.954],[-1.869,53.9556],[-1.8662,53.9556],[-1.8635,53.9556],[-1.8635,53.9572],[-1.8635,53.9588],[-1.8607,53.9588],[-1.8607,53.9604],[-1.8635,53.9604],[-1.8635,53.9621],[-1.8607,53.9621],[-1.858,53.9621],[-1.858,53.9637],[-1.8553,53.9637],[-1.8525,53.9637],[-1.8525,53.9653],[-1.8498,53.9653],[-1.8498,53.9669],[-1.8416,53.9685],[-1.8416,53.9701],[-1.8333,53.9717],[-1.8333,53.9733],[-1.8306,53.9733],[-1.8279,53.975],[-1.8251,53.975],[-1.8251,53.9766],[-1.8224,53.9766],[-1.8196,53.9766],[-1.8169,53.9782],[-1.8169,53.9798],[-1.8196,53.9814],[-1.8196,53.983],[-1.8224,53.983],[-1.8224,53.9846],[-1.8251,53.9846],[-1.8251,53.9862],[-1.8251,53.9878],[-1.8224,53.9878],[-1.8224,53.9895],[-1.8224,53.9911],[-1.8196,53.9911],[-1.8196,53.9927],[-1.8196,53.9943],[-1.8196,53.9959],[-1.8196,53.9975],[-1.8224,53.9975],[-1.8251,53.9975],[-1.8251,53.9991],[-1.8251,54.0007],[-1.8279,54.0007],[-1.8279,54.0023],[-1.8306,54.0023],[-1.8306,54.0039],[-1.8306,54.0056],[-1.8306,54.0072],[-1.8306,54.0088],[-1.8306,54.0104],[-1.8333,54.0104],[-1.8333,54.012],[-1.8333,54.0136],[-1.8361,54.0136],[-1.8361,54.0152],[-1.8388,54.0152],[-1.847,54.0136],[-1.8498,54.0152],[-1.8498,54.0217],[-1.8525,54.0233],[-1.8525,54.0265],[-1.8525,54.0281],[-1.8717,54.0361],[-1.8717,54.0378],[-1.8717,54.0394],[-1.869,54.0394],[-1.869,54.041],[-1.869,54.0426],[-1.869,54.0442],[-1.8717,54.0442],[-1.8717,54.0458],[-1.8717,54.0474],[-1.869,54.0474],[-1.869,54.049],[-1.8662,54.049],[-1.8662,54.0506],[-1.8635,54.0506],[-1.8607,54.0506],[-1.8607,54.0522],[-1.858,54.0522],[-1.8553,54.0522],[-1.8525,54.0538],[-1.8525,54.0554],[-1.8525,54.0571],[-1.8525,54.0587],[-1.8525,54.0603],[-1.8498,54.0603],[-1.8498,54.0619],[-1.8498,54.0635],[-1.847,54.0635],[-1.847,54.0651],[-1.8443,54.0651],[-1.8443,54.0667],[-1.8416,54.0667],[-1.8416,54.0683],[-1.8416,54.0699],[-1.8416,54.0715],[-1.8443,54.0715],[-1.8443,54.0731],[-1.847,54.0731],[-1.847,54.0747],[-1.8498,54.0747],[-1.8498,54.0763],[-1.8525,54.0763],[-1.8553,54.078],[-1.858,54.078],[-1.858,54.0796],[-1.8607,54.0796],[-1.8607,54.0812],[-1.8635,54.0828],[-1.8635,54.0844],[-1.8635,54.086],[-1.8635,54.0876],[-1.8635,54.0892],[-1.8662,54.0908],[-1.8662,54.0924],[-1.8662,54.094],[-1.8662,54.0956],[-1.8662,54.0972],[-1.869,54.0972],[-1.869,54.0988],[-1.8717,54.0988],[-1.8717,54.1005],[-1.8744,54.1005],[-1.8772,54.1005],[-1.8772,54.1021],[-1.8799,54.1021],[-1.8827,54.1021],[-1.8854,54.1021],[-1.8881,54.1021],[-1.8881,54.1037],[-1.8909,54.1037],[-1.8909,54.1053],[-1.8909,54.1069],[-1.8936,54.1069],[-1.8936,54.1085],[-1.8936,54.1101],[-1.8936,54.1117],[-1.8936,54.1133],[-1.8964,54.1133],[-1.8964,54.1149],[-1.8991,54.1149],[-1.8991,54.1165],[-1.9018,54.1165],[-1.9018,54.1181],[-1.9018,54.1197],[-1.9046,54.1213],[-1.9046,54.1229],[-1.9101,54.1213],[-1.9128,54.1213],[-1.9155,54.1213],[-1.9183,54.1213],[-1.9183,54.1197],[-1.921,54.1197],[-1.9238,54.1197],[-1.9238,54.1213],[-1.9265,54.1213],[-1.932,54.1229],[-1.9347,54.1229],[-1.9375,54.1229],[-1.9402,54.1229],[-1.9429,54.1245],[-1.9457,54.1245],[-1.9484,54.1245],[-1.9484,54.1262],[-1.9511,54.1278],[-1.9539,54.131],[-1.9566,54.1326],[-1.9566,54.1342],[-1.9566,54.1358],[-1.9566,54.1374],[-1.9539,54.1374],[-1.9539,54.139],[-1.9539,54.1406],[-1.9539,54.1422],[-1.9539,54.1438],[-1.9566,54.147],[-1.9594,54.1486],[-1.9621,54.1502],[-1.9648,54.1518],[-1.9676,54.1534],[-1.9676,54.155],[-1.9703,54.155],[-1.9703,54.1566],[-1.9731,54.1582],[-1.9758,54.1582],[-1.9785,54.1582],[-1.9785,54.1566],[-1.9813,54.1566],[-1.984,54.1566],[-1.9868,54.1566],[-1.9868,54.155],[-1.9895,54.155],[-1.9922,54.155],[-1.9922,54.1566],[-1.995,54.1566],[-1.995,54.1582],[-1.9977,54.1599],[-1.9977,54.1615],[-1.9977,54.1631],[-1.9977,54.1647],[-1.9977,54.1663],[-2.0005,54.1679],[-2.0005,54.1695],[-2.0032,54.1711],[-2.0032,54.1727],[-2.0032,54.1743],[-2.0032,54.1759],[-2.0005,54.1759],[-2.0005,54.1775],[-1.9977,54.1791],[-1.995,54.1791],[-1.995,54.1807],[-1.9922,54.1807],[-1.9922,54.1823],[-1.9895,54.1823],[-1.984,54.1855],[-1.9813,54.1871],[-1.9785,54.1887],[-1.9758,54.1887],[-1.9731,54.1903],[-1.9703,54.1903],[-1.9703,54.1919],[-1.9676,54.1919],[-1.9648,54.1935],[-1.9621,54.1935],[-1.9594,54.1935],[-1.9594,54.1951],[-1.9566,54.1951],[-1.9539,54.1951],[-1.9539,54.1967],[-1.9511,54.1967],[-1.9484,54.1967],[-1.9484,54.1983],[-1.9457,54.1983],[-1.9429,54.1983],[-1.9402,54.1999],[-1.9375,54.1999],[-1.9347,54.1999],[-1.932,54.1999],[-1.9292,54.1999],[-1.9265,54.1999],[-1.9238,54.1999],[-1.9238,54.2015],[-1.921,54.2015],[-1.9183,54.2031],[-1.9155,54.2031],[-1.9128,54.2047],[-1.9101,54.2047],[-1.9073,54.2064],[-1.9046,54.2064],[-1.9046,54.208],[-1.9018,54.208],[-1.8991,54.2096],[-1.8964,54.2096],[-1.8881,54.2096],[-1.8854,54.2096],[-1.8827,54.216],[-1.8827,54.2176],[-1.8827,54.2192],[-1.8799,54.2208],[-1.8772,54.2208],[-1.8717,54.2208],[-1.869,54.2224],[-1.8662,54.2224],[-1.8635,54.2224],[-1.858,54.224],[-1.8525,54.2256],[-1.8498,54.2272],[-1.847,54.2272],[-1.8443,54.2288],[-1.8416,54.2288],[-1.8388,54.2304],[-1.8361,54.232],[-1.8333,54.232],[-1.8279,54.232],[-1.8251,54.2336],[-1.8224,54.2352],[-1.8224,54.2368],[-1.8196,54.2384],[-1.8169,54.24],[-1.8169,54.2416],[-1.8196,54.2432],[-1.8196,54.2448],[-1.8224,54.2464],[-1.8224,54.248],[-1.8224,54.2496],[-1.8224,54.2512],[-1.8196,54.2512],[-1.8196,54.2528],[-1.8169,54.2528],[-1.8142,54.2528],[-1.8114,54.2528],[-1.8087,54.2528],[-1.8087,54.2544],[-1.8059,54.2544],[-1.8059,54.256],[-1.8032,54.256],[-1.8005,54.256],[-1.7977,54.256],[-1.795,54.256],[-1.795,54.2544],[-1.7922,54.2544],[-1.7895,54.2544],[-1.7868,54.2544],[-1.784,54.2544],[-1.7813,54.2544],[-1.7785,54.2544],[-1.7785,54.256],[-1.7758,54.256],[-1.7758,54.2576],[-1.7758,54.2592],[-1.7731,54.2576],[-1.7731,54.2592],[-1.7703,54.2592],[-1.7676,54.2592],[-1.7676,54.2608],[-1.7648,54.2608],[-1.7621,54.2624],[-1.7621,54.264],[-1.7594,54.264],[-1.7566,54.264],[-1.7539,54.264],[-1.7511,54.264],[-1.7484,54.264],[-1.7484,54.2656],[-1.7457,54.2656],[-1.7457,54.2672],[-1.7429,54.2672],[-1.7429,54.2688],[-1.7402,54.2688],[-1.7374,54.2688],[-1.7347,54.2688],[-1.732,54.2688],[-1.732,54.2672],[-1.7292,54.2672],[-1.7265,54.2672],[-1.7265,54.2688],[-1.7237,54.2688],[-1.7237,54.2672],[-1.721,54.2672],[-1.721,54.2656],[-1.7183,54.2656],[-1.7183,54.264],[-1.7183,54.2624],[-1.721,54.2624],[-1.7237,54.2624],[-1.7265,54.2624],[-1.7265,54.2608],[-1.7265,54.2592],[-1.7237,54.2592],[-1.721,54.2576],[-1.7183,54.2576],[-1.7155,54.2576],[-1.7155,54.256],[-1.7128,54.256],[-1.71,54.256],[-1.7073,54.256],[-1.7073,54.2544],[-1.7046,54.2544],[-1.7046,54.2528],[-1.7046,54.2512],[-1.7046,54.2496],[-1.7018,54.2496],[-1.7018,54.248],[-1.7046,54.248],[-1.7046,54.2464],[-1.7018,54.2464],[-1.7018,54.2448],[-1.6991,54.2448],[-1.6963,54.2448],[-1.6963,54.2432],[-1.6963,54.2416],[-1.6936,54.2416],[-1.6936,54.24],[-1.6909,54.24],[-1.6909,54.2384],[-1.6881,54.2384],[-1.6881,54.2368],[-1.6854,54.2368],[-1.6854,54.2352],[-1.6854,54.2336],[-1.6854,54.232],[-1.6854,54.2304],[-1.6881,54.2304],[-1.6881,54.2288],[-1.6854,54.2288],[-1.6854,54.2272],[-1.6826,54.2272],[-1.6826,54.2256],[-1.6826,54.224],[-1.6826,54.2224],[-1.6826,54.2208],[-1.6826,54.2192],[-1.6799,54.2192],[-1.6799,54.2176],[-1.6772,54.2176],[-1.6744,54.2176],[-1.6717,54.2176],[-1.6717,54.216],[-1.6717,54.2144],[-1.6717,54.2128],[-1.6717,54.2112],[-1.6689,54.2096],[-1.6662,54.2096],[-1.6635,54.2096],[-1.6607,54.2096],[-1.658,54.2096],[-1.658,54.208],[-1.6552,54.208],[-1.6552,54.2064],[-1.6525,54.2064],[-1.6498,54.2064],[-1.6498,54.208],[-1.647,54.208],[-1.6443,54.208],[-1.6443,54.2064],[-1.6415,54.2064],[-1.6415,54.208],[-1.6388,54.208],[-1.6388,54.2064],[-1.6388,54.2047],[-1.6388,54.2031],[-1.6415,54.2031],[-1.6388,54.2015],[-1.6388,54.1999],[-1.6388,54.1983],[-1.6361,54.1983],[-1.6333,54.1967],[-1.6333,54.1951],[-1.6361,54.1935],[-1.6361,54.1919],[-1.6388,54.1919],[-1.6388,54.1903],[-1.6361,54.1903],[-1.6333,54.1903],[-1.6306,54.1903],[-1.6278,54.1903],[-1.6251,54.1903],[-1.6251,54.1887],[-1.6224,54.1887],[-1.6196,54.1887],[-1.6196,54.1903],[-1.6169,54.1903],[-1.6141,54.1903],[-1.6141,54.1919],[-1.6141,54.1935],[-1.6114,54.1919],[-1.6087,54.1919],[-1.6087,54.1935],[-1.6059,54.1935],[-1.6059,54.1951],[-1.6032,54.1951],[-1.6032,54.1935],[-1.6032,54.1919],[-1.6059,54.1919],[-1.6032,54.1903],[-1.6004,54.1903],[-1.5977,54.1903],[-1.5977,54.1887],[-1.595,54.1887],[-1.5922,54.1887],[-1.5922,54.1871],[-1.5922,54.1855],[-1.5922,54.1839],[-1.595,54.1839],[-1.595,54.1823],[-1.595,54.1807],[-1.5922,54.1807],[-1.5922,54.1791],[-1.5895,54.1791],[-1.5895,54.1775],[-1.5867,54.1759],[-1.584,54.1743],[-1.584,54.1727],[-1.5813,54.1727],[-1.5813,54.1711],[-1.5813,54.1695],[-1.5813,54.1679],[-1.584,54.1679],[-1.584,54.1663],[-1.5813,54.1663],[-1.5785,54.1663],[-1.5785,54.1647],[-1.5785,54.1631],[-1.5785,54.1615],[-1.5758,54.1615],[-1.573,54.1615],[-1.573,54.1599],[-1.5758,54.1599],[-1.5785,54.1599],[-1.5785,54.1582],[-1.5813,54.1582],[-1.5813,54.1566],[-1.584,54.1566],[-1.584,54.155],[-1.5867,54.155],[-1.5867,54.1534],[-1.584,54.1534],[-1.5813,54.1518],[-1.5785,54.1518],[-1.5758,54.1518],[-1.573,54.1518],[-1.5703,54.1518],[-1.5703,54.1502],[-1.573,54.1502],[-1.5758,54.1502],[-1.5785,54.1502],[-1.5785,54.1486],[-1.5813,54.1486],[-1.5785,54.147],[-1.5813,54.147],[-1.584,54.147],[-1.584,54.1454],[-1.584,54.1438],[-1.5867,54.1438],[-1.5895,54.1438],[-1.5895,54.1422],[-1.5922,54.1422],[-1.5922,54.1406],[-1.595,54.1406],[-1.595,54.139],[-1.595,54.1374],[-1.595,54.1358],[-1.595,54.1342],[-1.595,54.1326],[-1.595,54.131],[-1.595,54.1294],[-1.5977,54.1294],[-1.6004,54.1294],[-1.6032,54.1294],[-1.6059,54.1294],[-1.6059,54.1278],[-1.6087,54.1278],[-1.6114,54.1278],[-1.6141,54.1278],[-1.6169,54.1278],[-1.6196,54.1278],[-1.6224,54.1278],[-1.6196,54.1262],[-1.6224,54.1262],[-1.6224,54.1245],[-1.6196,54.1245],[-1.6196,54.1229],[-1.6224,54.1229],[-1.6224,54.1213],[-1.6196,54.1213],[-1.6169,54.1213],[-1.6169,54.1197],[-1.6141,54.1197],[-1.6141,54.1181],[-1.6141,54.1165],[-1.6114,54.1165],[-1.6087,54.1165],[-1.6059,54.1165],[-1.6032,54.1165],[-1.6032,54.1149],[-1.6004,54.1149],[-1.6004,54.1133],[-1.6004,54.1117],[-1.6032,54.1117],[-1.6032,54.1101],[-1.6004,54.1101],[-1.6004,54.1085],[-1.5977,54.1085],[-1.595,54.1085],[-1.595,54.1101],[-1.5922,54.1085],[-1.5922,54.1101],[-1.5895,54.1101],[-1.5895,54.1117],[-1.5867,54.1117],[-1.5867,54.1133],[-1.584,54.1133],[-1.584,54.1149],[-1.584,54.1165],[-1.5813,54.1165],[-1.5813,54.1181],[-1.5813,54.1197],[-1.5813,54.1213],[-1.5785,54.1213],[-1.5785,54.1229],[-1.5785,54.1245],[-1.5813,54.1245],[-1.5813,54.1262],[-1.5785,54.1262],[-1.5785,54.1278],[-1.5758,54.1278],[-1.5758,54.1294],[-1.573,54.1294],[-1.5703,54.1294],[-1.5676,54.1294],[-1.5676,54.131],[-1.5648,54.131],[-1.5648,54.1294],[-1.5648,54.1278],[-1.5648,54.1262],[-1.5621,54.1262],[-1.5593,54.1262],[-1.5566,54.1262],[-1.5566,54.1245],[-1.5566,54.1229],[-1.5593,54.1229],[-1.5593,54.1213],[-1.5593,54.1197],[-1.5593,54.1181],[-1.5566,54.1181],[-1.5566,54.1165],[-1.5539,54.1165],[-1.5539,54.1149],[-1.5539,54.1133],[-1.5539,54.1117],[-1.5539,54.1101],[-1.5566,54.1101],[-1.5566,54.1085],[-1.5593,54.1085],[-1.5593,54.1069],[-1.5621,54.1069],[-1.5621,54.1053],[-1.5648,54.1053],[-1.5676,54.1053],[-1.5676,54.1037],[-1.5676,54.1021],[-1.5676,54.1005],[-1.5703,54.1005],[-1.573,54.1005],[-1.573,54.0988],[-1.5758,54.0988],[-1.5758,54.0972],[-1.5758,54.0956],[-1.5785,54.0956],[-1.5813,54.0956],[-1.5813,54.0972],[-1.584,54.0972],[-1.5867,54.0972],[-1.5895,54.0972],[-1.5895,54.0956],[-1.5922,54.0956],[-1.5922,54.094],[-1.5922,54.0924],[-1.5922,54.0908],[-1.595,54.0908],[-1.595,54.0892],[-1.5977,54.0892],[-1.5977,54.0876],[-1.5977,54.086],[-1.5977,54.0844],[-1.595,54.0844],[-1.595,54.0828],[-1.5977,54.0828],[-1.6004,54.0828],[-1.6004,54.0812],[-1.6032,54.0812],[-1.6032,54.0828],[-1.6059,54.0828],[-1.6087,54.0828],[-1.6114,54.0828],[-1.6141,54.0828],[-1.6141,54.0844],[-1.6169,54.0844],[-1.6169,54.0828],[-1.6196,54.0828],[-1.6224,54.0828],[-1.6224,54.0812],[-1.6251,54.0812],[-1.6278,54.0812],[-1.6306,54.0812],[-1.6333,54.0812],[-1.6333,54.0796],[-1.6361,54.0796],[-1.6361,54.078],[-1.6388,54.0763],[-1.6388,54.0747],[-1.6388,54.0731],[-1.6388,54.0715],[-1.6415,54.0715],[-1.6443,54.0715],[-1.6443,54.0699],[-1.6443,54.0683],[-1.6443,54.0667],[-1.6415,54.0667],[-1.6415,54.0651],[-1.6388,54.0651],[-1.6361,54.0651],[-1.6361,54.0667],[-1.6333,54.0667],[-1.6333,54.0651],[-1.6306,54.0651],[-1.6306,54.0635],[-1.6306,54.0619],[-1.6306,54.0603],[-1.6306,54.0587],[-1.6306,54.0571],[-1.6333,54.0571],[-1.6333,54.0554],[-1.6361,54.0554],[-1.6361,54.0538],[-1.6388,54.0538],[-1.6388,54.0522],[-1.6415,54.0522],[-1.6415,54.0506],[-1.6415,54.049],[-1.6415,54.0474],[-1.6388,54.0474],[-1.6361,54.0474],[-1.6361,54.0458],[-1.6333,54.0458],[-1.6333,54.0442],[-1.6333,54.0426],[-1.6306,54.0426],[-1.6306,54.041],[-1.6333,54.041],[-1.6333,54.0394],[-1.6333,54.0378],[-1.6333,54.0361],[-1.6306,54.0361],[-1.6306,54.0345],[-1.6278,54.0345],[-1.6278,54.0329],[-1.6306,54.0329],[-1.6306,54.0313],[-1.6333,54.0313],[-1.6333,54.0297],[-1.6333,54.0281],[-1.6333,54.0265],[-1.6306,54.0265],[-1.6278,54.0265],[-1.6278,54.0249],[-1.6251,54.0249],[-1.6224,54.0249],[-1.6196,54.0249],[-1.6169,54.0249],[-1.6169,54.0233],[-1.6169,54.0217],[-1.6196,54.0217],[-1.6196,54.02],[-1.6169,54.02],[-1.6141,54.02],[-1.6141,54.0184],[-1.6141,54.0168],[-1.6169,54.0168],[-1.6169,54.0152],[-1.6169,54.0136],[-1.6196,54.0136],[-1.6196,54.012],[-1.6196,54.0104],[-1.6196,54.0088],[-1.6196,54.0072],[-1.6169,54.0072],[-1.6169,54.0056],[-1.6196,54.0056],[-1.6224,54.0056],[-1.6224,54.0039],[-1.6251,54.0039],[-1.6278,54.0039],[-1.6306,54.0039],[-1.6333,54.0039],[-1.6361,54.0039],[-1.6388,54.0039],[-1.6415,54.0039],[-1.6443,54.0039],[-1.647,54.0039],[-1.647,54.0023],[-1.6498,54.0023],[-1.6525,54.0023],[-1.6552,54.0023],[-1.658,54.0023],[-1.658,54.0007],[-1.6607,54.0007],[-1.6635,54.0007],[-1.6662,54.0007],[-1.6689,54.0007],[-1.6689,54.0023],[-1.6717,54.0023],[-1.6717,54.0039],[-1.6744,54.0039],[-1.6744,54.0056],[-1.6744,54.0072],[-1.6744,54.0088],[-1.6772,54.0088],[-1.6772,54.0104],[-1.6772,54.012],[-1.6799,54.0136],[-1.6799,54.0152],[-1.6799,54.0168],[-1.6826,54.0168],[-1.6854,54.0168],[-1.6881,54.0168],[-1.6909,54.0168],[-1.6909,54.0152],[-1.6936,54.0152],[-1.6963,54.0152],[-1.6991,54.0152],[-1.6991,54.0136],[-1.6991,54.012],[-1.6991,54.0104],[-1.6963,54.0104],[-1.6963,54.0088],[-1.6963,54.0072],[-1.6936,54.0072],[-1.6936,54.0056],[-1.6936,54.0039],[-1.6936,54.0023],[-1.6936,54.0007],[-1.6936,53.9991],[-1.6909,53.9975],[-1.6909,53.9959],[-1.6909,53.9943],[-1.6909,53.9927],[-1.6909,53.9911],[-1.6881,53.9911],[-1.6854,53.9911],[-1.6826,53.9911],[-1.6799,53.9911],[-1.6772,53.9911],[-1.6772,53.9927],[-1.6744,53.9927],[-1.6744,53.9911],[-1.6717,53.9895],[-1.6717,53.9878],[-1.6689,53.9878],[-1.6689,53.9895],[-1.6662,53.9895],[-1.6635,53.9895],[-1.6635,53.9878],[-1.6635,53.9862],[-1.6662,53.9862],[-1.6662,53.9846],[-1.6662,53.983],[-1.6635,53.9814],[-1.6662,53.9814],[-1.6662,53.9798],[-1.6662,53.9782],[-1.6689,53.9782],[-1.6689,53.9766],[-1.6689,53.975],[-1.6689,53.9733],[-1.6717,53.9733],[-1.6744,53.9733],[-1.6772,53.9733],[-1.6799,53.9733],[-1.6826,53.9733],[-1.6854,53.9733],[-1.6854,53.9717],[-1.6854,53.9701],[-1.6854,53.9685],[-1.6854,53.9669],[-1.6854,53.9653],[-1.6826,53.9637],[-1.6826,53.9621],[-1.6826,53.9604],[-1.6826,53.9588],[-1.6826,53.9572],[-1.6826,53.9556],[-1.6826,53.954],[-1.6799,53.954],[-1.6799,53.9524],[-1.6772,53.9524],[-1.6744,53.9524],[-1.6744,53.9508],[-1.6717,53.9508],[-1.6689,53.9508],[-1.6662,53.9508],[-1.6635,53.9508],[-1.6607,53.9508],[-1.658,53.9508],[-1.658,53.9492],[-1.6607,53.9492],[-1.6607,53.9475],[-1.658,53.9475],[-1.658,53.9459],[-1.658,53.9443],[-1.658,53.9427],[-1.6607,53.9427],[-1.6607,53.9411],[-1.6607,53.9395],[-1.6635,53.9395],[-1.6635,53.9379],[-1.6607,53.9379],[-1.6607,53.9363],[-1.658,53.9363],[-1.6552,53.9363],[-1.6552,53.9346],[-1.6552,53.933],[-1.6525,53.933],[-1.6525,53.9314],[-1.6525,53.9298],[-1.6525,53.9282],[-1.6525,53.9266],[-1.6498,53.9266],[-1.6498,53.925],[-1.6525,53.925],[-1.6525,53.9234],[-1.6552,53.9234],[-1.6552,53.9217],[-1.658,53.9217],[-1.6607,53.9217],[-1.6635,53.9217],[-1.6635,53.9201],[-1.6635,53.9185],[-1.6662,53.9185],[-1.6662,53.9201],[-1.6689,53.9201],[-1.6689,53.9185],[-1.6717,53.9185],[-1.6744,53.9185],[-1.6744,53.9169],[-1.6772,53.9169],[-1.6772,53.9153],[-1.6799,53.9153],[-1.6799,53.9169],[-1.6826,53.9169],[-1.6826,53.9153],[-1.6854,53.9153],[-1.6854,53.9169],[-1.6881,53.9169],[-1.6909,53.9169],[-1.6936,53.9169],[-1.6963,53.9169],[-1.6991,53.9169],[-1.7018,53.9169],[-1.7018,53.9185],[-1.7046,53.9185],[-1.7073,53.9185],[-1.71,53.9185],[-1.71,53.9169],[-1.7128,53.9169],[-1.7128,53.9185],[-1.7155,53.9185],[-1.7155,53.9169],[-1.7183,53.9169],[-1.7183,53.9153],[-1.7183,53.9137],[-1.7183,53.9121],[-1.7183,53.9104],[-1.7183,53.9088],[-1.721,53.9088]]]]},"properties":{"NAME":"Nidderdale","CODE":"22","DESIG_DATE":"Feb-94"}},{"type":"Feature","geometry":{"type":"MultiPolygon","coordinates":[[[[-4.0691,51.215],[-4.0718,51.215],[-4.0718,51.2167],[-4.0691,51.2167],[-4.0691,51.215]]],[[[-4.0745,51.1738],[-4.0773,51.1738],[-4.08,51.1738],[-4.0828,51.1738],[-4.0855,51.1738],[-4.0882,51.1738],[-4.091,51.1738],[-4.0937,51.1738],[-4.0937,51.1755],[-4.0937,51.1773],[-4.0937,51.179],[-4.0937,51.1807],[-4.0965,51.1807],[-4.0992,51.1807],[-4.1019,51.1807],[-4.1019,51.1824],[-4.1019,51.1841],[-4.0992,51.1841],[-4.0992,51.1858],[-4.0992,51.1876],[-4.0992,51.1893],[-4.0992,51.191],[-4.0992,51.1927],[-4.1019,51.1927],[-4.1019,51.1944],[-4.0992,51.1944],[-4.0992,51.1961],[-4.0992,51.1979],[-4.1019,51.1979],[-4.1019,51.1996],[-4.1047,51.1996],[-4.1047,51.2013],[-4.1047,51.203],[-4.1019,51.203],[-4.1019,51.2047],[-4.0992,51.2047],[-4.0992,51.2065],[-4.0992,51.2082],[-4.1019,51.2082],[-4.1019,51.2065],[-4.1047,51.2065],[-4.1074,51.2082],[-4.1102,51.2082],[-4.1129,51.2082],[-4.1129,51.2099],[-4.1102,51.2099],[-4.1074,51.2099],[-4.1047,51.2099],[-4.1047,51.2116],[-4.1019,51.2116],[-4.1019,51.2133],[-4.0992,51.2133],[-4.0992,51.2116],[-4.0965,51.2116],[-4.0965,51.2133],[-4.0937,51.2133],[-4.091,51.2133],[-4.091,51.215],[-4.0882,51.215],[-4.0882,51.2167],[-4.0855,51.2167],[-4.0828,51.2167],[-4.08,51.2167],[-4.0773,51.2167],[-4.0773,51.215],[-4.0745,51.215],[-4.0718,51.215],[-4.0718,51.2133],[-4.0691,51.2133],[-4.0691,51.215],[-4.0663,51.215],[-4.0636,51.215],[-4.0636,51.2133],[-4.0608,51.2133],[-4.0608,51.2116],[-4.0581,51.2116],[-4.0554,51.2116],[-4.0554,51.2099],[-4.0526,51.2099],[-4.0526,51.2082],[-4.0499,51.2082],[-4.0471,51.2082],[-4.0444,51.2065],[-4.0417,51.2065],[-4.0389,51.2065],[-4.0389,51.2082],[-4.0362,51.2082],[-4.0334,51.2082],[-4.0334,51.2065],[-4.0307,51.2065],[-4.028,51.2065],[-4.0252,51.2065],[-4.0252,51.2047],[-4.0225,51.2047],[-4.0197,51.2047],[-4.017,51.2047],[-4.0143,51.2047],[-4.0115,51.2047],[-4.0088,51.2047],[-4.0088,51.203],[-4.006,51.203],[-4.0033,51.203],[-4.0006,51.203],[-3.9978,51.203],[-3.9951,51.203],[-3.9923,51.203],[-3.9923,51.2013],[-3.9896,51.2013],[-3.9896,51.1996],[-3.9869,51.1996],[-3.9841,51.1996],[-3.9841,51.1979],[-3.9814,51.1979],[-3.9814,51.1961],[-3.9786,51.1961],[-3.9786,51.1944],[-3.9759,51.1944],[-3.9759,51.1927],[-3.9759,51.191],[-3.9759,51.1893],[-3.9732,51.1893],[-3.9732,51.1876],[-3.9759,51.1858],[-3.9759,51.1841],[-3.9786,51.1841],[-3.9814,51.1841],[-3.9841,51.1841],[-3.9869,51.1841],[-3.9896,51.1841],[-3.9923,51.1841],[-3.9923,51.1824],[-3.9951,51.1824],[-3.9951,51.1807],[-3.9978,51.1807],[-4.0006,51.1807],[-4.0006,51.179],[-4.0033,51.179],[-4.006,51.179],[-4.0088,51.179],[-4.0088,51.1773],[-4.0115,51.1773],[-4.0143,51.1773],[-4.017,51.1773],[-4.0197,51.1773],[-4.0225,51.1773],[-4.0252,51.1773],[-4.028,51.1773],[-4.0307,51.1773],[-4.0334,51.1773],[-4.0334,51.179],[-4.0362,51.179],[-4.0389,51.179],[-4.0417,51.179],[-4.0417,51.1773],[-4.0444,51.1773],[-4.0444,51.1755],[-4.0471,51.1755],[-4.0499,51.1755],[-4.0526,51.1755],[-4.0554,51.1755],[-4.0581,51.1755],[-4.0608,51.1755],[-4.0636,51.1755],[-4.0663,51.1755],[-4.0691,51.1755],[-4.0718,51.1755],[-4.0745,51.1755],[-4.0745,51.1738]]],[[[-4.2362,51.0844],[-4.2389,51.0844],[-4.2389,51.0861],[-4.2362,51.0861],[-4.2362,51.0844]]],[[[-4.1951,51.0689],[-4.1978,51.0689],[-4.1978,51.0706],[-4.2006,51.0706],[-4.2033,51.0706],[-4.2061,51.0706],[-4.2061,51.0724],[-4.2088,51.0724],[-4.2088,51.0741],[-4.2115,51.0741],[-4.2143,51.0741],[-4.217,51.0741],[-4.217,51.0758],[-4.2198,51.0758],[-4.2225,51.0758],[-4.2225,51.0775],[-4.2252,51.0775],[-4.2252,51.0792],[-4.228,51.0792],[-4.228,51.081],[-4.2307,51.081],[-4.2307,51.0827],[-4.2307,51.0844],[-4.2335,51.0844],[-4.2335,51.0861],[-4.2362,51.0861],[-4.2362,51.0879],[-4.2335,51.0879],[-4.2335,51.0896],[-4.2335,51.0913],[-4.2335,51.093],[-4.2307,51.093],[-4.2307,51.0947],[-4.2307,51.0965],[-4.2307,51.0982],[-4.2307,51.0999],[-4.2307,51.1016],[-4.2307,51.1033],[-4.2307,51.1051],[-4.2307,51.1068],[-4.2307,51.1085],[-4.2307,51.1102],[-4.228,51.1102],[-4.228,51.1119],[-4.228,51.1137],[-4.228,51.1154],[-4.2307,51.1154],[-4.2307,51.1171],[-4.2307,51.1188],[-4.2335,51.1188],[-4.2362,51.1188],[-4.2362,51.1205],[-4.2389,51.1205],[-4.2389,51.1223],[-4.2417,51.1223],[-4.2444,51.1223],[-4.2444,51.124],[-4.2417,51.124],[-4.2417,51.1257],[-4.2444,51.1257],[-4.2444,51.1274],[-4.2444,51.1291],[-4.2444,51.1309],[-4.2444,51.1326],[-4.2444,51.1343],[-4.2472,51.136],[-4.2472,51.1377],[-4.2499,51.1377],[-4.2526,51.1377],[-4.2526,51.1395],[-4.2554,51.1395],[-4.2581,51.1395],[-4.2581,51.1412],[-4.2609,51.1412],[-4.2609,51.1429],[-4.2581,51.1429],[-4.2581,51.1446],[-4.2581,51.1463],[-4.2554,51.1463],[-4.2526,51.1463],[-4.2499,51.1463],[-4.2472,51.1463],[-4.2444,51.1463],[-4.2417,51.1463],[-4.2389,51.1463],[-4.2362,51.1463],[-4.2335,51.1446],[-4.2307,51.1446],[-4.228,51.1446],[-4.228,51.1463],[-4.2252,51.1463],[-4.2252,51.1481],[-4.2252,51.1498],[-4.2225,51.1498],[-4.2225,51.1515],[-4.2198,51.1515],[-4.2198,51.1532],[-4.2198,51.1549],[-4.2198,51.1566],[-4.2198,51.1584],[-4.217,51.1584],[-4.217,51.1601],[-4.217,51.1618],[-4.217,51.1635],[-4.217,51.1652],[-4.217,51.167],[-4.217,51.1687],[-4.217,51.1704],[-4.2143,51.1704],[-4.2143,51.1721],[-4.2143,51.1738],[-4.217,51.1738],[-4.217,51.1755],[-4.217,51.1773],[-4.217,51.179],[-4.217,51.1807],[-4.2143,51.1807],[-4.2143,51.1824],[-4.217,51.1824],[-4.217,51.1841],[-4.2198,51.1841],[-4.2198,51.1858],[-4.2225,51.1858],[-4.2252,51.1858],[-4.228,51.1858],[-4.228,51.1876],[-4.228,51.1893],[-4.2252,51.1893],[-4.2225,51.1893],[-4.2198,51.1893],[-4.217,51.1893],[-4.2143,51.1893],[-4.2143,51.191],[-4.2115,51.191],[-4.2088,51.191],[-4.2088,51.1927],[-4.2061,51.1927],[-4.2061,51.1944],[-4.2061,51.1961],[-4.2033,51.1961],[-4.2033,51.1979],[-4.2033,51.1996],[-4.2006,51.1996],[-4.1978,51.1996],[-4.1951,51.1996],[-4.1924,51.1996],[-4.1896,51.1996],[-4.1869,51.1996],[-4.1841,51.1996],[-4.1814,51.1996],[-4.1814,51.1979],[-4.1787,51.1979],[-4.1759,51.1979],[-4.1759,51.1996],[-4.1732,51.1996],[-4.1704,51.1996],[-4.1704,51.2013],[-4.1677,51.2013],[-4.1677,51.203],[-4.165,51.203],[-4.1622,51.203],[-4.1595,51.203],[-4.1567,51.203],[-4.1567,51.2047],[-4.154,51.2047],[-4.1513,51.2047],[-4.1485,51.2047],[-4.1458,51.2047],[-4.143,51.2047],[-4.143,51.2065],[-4.143,51.2082],[-4.1403,51.2082],[-4.1376,51.2082],[-4.1348,51.2082],[-4.1321,51.2082],[-4.1321,51.2099],[-4.1293,51.2099],[-4.1293,51.2082],[-4.1293,51.2065],[-4.1321,51.2065],[-4.1321,51.2047],[-4.1348,51.2047],[-4.1348,51.203],[-4.1321,51.203],[-4.1321,51.2013],[-4.1321,51.1996],[-4.1321,51.1979],[-4.1321,51.1961],[-4.1321,51.1944],[-4.1293,51.1944],[-4.1293,51.1927],[-4.1321,51.1927],[-4.1348,51.1927],[-4.1348,51.1944],[-4.1376,51.1944],[-4.1403,51.1944],[-4.1403,51.1927],[-4.143,51.1927],[-4.1458,51.1927],[-4.1485,51.1927],[-4.1485,51.191],[-4.1458,51.191],[-4.1458,51.1893],[-4.1458,51.1876],[-4.1485,51.1876],[-4.1485,51.1858],[-4.1513,51.1858],[-4.154,51.1841],[-4.1567,51.1841],[-4.1567,51.1824],[-4.1567,51.1807],[-4.1595,51.1807],[-4.1622,51.1807],[-4.1622,51.179],[-4.165,51.179],[-4.165,51.1773],[-4.1677,51.1773],[-4.1677,51.1755],[-4.1704,51.1755],[-4.1704,51.1738],[-4.1732,51.1738],[-4.1732,51.1721],[-4.1759,51.1721],[-4.1759,51.1704],[-4.1732,51.1704],[-4.1732,51.1687],[-4.1704,51.1687],[-4.1704,51.167],[-4.1732,51.167],[-4.1759,51.167],[-4.1787,51.167],[-4.1787,51.1652],[-4.1814,51.1652],[-4.1814,51.1635],[-4.1841,51.1635],[-4.1869,51.1635],[-4.1869,51.1618],[-4.1896,51.1618],[-4.1924,51.1618],[-4.1924,51.1601],[-4.1951,51.1601],[-4.1951,51.1584],[-4.1951,51.1566],[-4.1924,51.1566],[-4.1924,51.1549],[-4.1924,51.1532],[-4.1924,51.1515],[-4.1924,51.1498],[-4.1924,51.1481],[-4.1896,51.1481],[-4.1896,51.1463],[-4.1896,51.1446],[-4.1869,51.1446],[-4.1869,51.1429],[-4.1869,51.1412],[-4.1841,51.1412],[-4.1841,51.1395],[-4.1814,51.1395],[-4.1814,51.1377],[-4.1814,51.136],[-4.1787,51.136],[-4.1787,51.1343],[-4.1787,51.1326],[-4.1787,51.1309],[-4.1759,51.1309],[-4.1759,51.1291],[-4.1759,51.1274],[-4.1759,51.1257],[-4.1759,51.124],[-4.1759,51.1223],[-4.1759,51.1205],[-4.1759,51.1188],[-4.1732,51.1188],[-4.1732,51.1171],[-4.1759,51.1171],[-4.1787,51.1171],[-4.1814,51.1171],[-4.1841,51.1171],[-4.1841,51.1188],[-4.1869,51.1188],[-4.1869,51.1171],[-4.1869,51.1154],[-4.1896,51.1154],[-4.1896,51.1171],[-4.1924,51.1171],[-4.1951,51.1171],[-4.1978,51.1171],[-4.2006,51.1171],[-4.2033,51.1171],[-4.2033,51.1154],[-4.2006,51.1154],[-4.2006,51.1137],[-4.1978,51.1137],[-4.1978,51.1119],[-4.1978,51.1102],[-4.1978,51.1085],[-4.1978,51.1068],[-4.1978,51.1051],[-4.1978,51.1033],[-4.1978,51.1016],[-4.1978,51.0999],[-4.1978,51.0982],[-4.1978,51.0965],[-4.2006,51.0965],[-4.2006,51.0947],[-4.1978,51.0947],[-4.1978,51.093],[-4.1978,51.0913],[-4.1951,51.0913],[-4.1924,51.0913],[-4.1924,51.0896],[-4.1924,51.0879],[-4.1924,51.0861],[-4.1924,51.0844],[-4.1924,51.0827],[-4.1924,51.081],[-4.1924,51.0792],[-4.1924,51.0775],[-4.1924,51.0758],[-4.1896,51.0758],[-4.1896,51.0775],[-4.1869,51.0775],[-4.1869,51.0758],[-4.1869,51.0741],[-4.1869,51.0724],[-4.1896,51.0724],[-4.1896,51.0706],[-4.1924,51.0706],[-4.1951,51.0706],[-4.1951,51.0689]]],[[[-4.1924,51.0672],[-4.1951,51.0672],[-4.1951,51.0689],[-4.1924,51.0689],[-4.1924,51.0672]]],[[[-4.1896,51.0655],[-4.1924,51.0655],[-4.1924,51.0672],[-4.1896,51.0672],[-4.1896,51.0655]]],[[[-4.2362,51.0414],[-4.2389,51.0414],[-4.2417,51.0414],[-4.2417,51.0431],[-4.2417,51.0448],[-4.2417,51.0465],[-4.2389,51.0465],[-4.2389,51.0483],[-4.2389,51.05],[-4.2389,51.0517],[-4.2389,51.0534],[-4.2389,51.0551],[-4.2362,51.0551],[-4.2362,51.0569],[-4.2362,51.0586],[-4.2362,51.0603],[-4.2362,51.062],[-4.2362,51.0638],[-4.2362,51.0655],[-4.2335,51.0672],[-4.2362,51.0672],[-4.2362,51.0689],[-4.2362,51.0706],[-4.2362,51.0724],[-4.2362,51.0741],[-4.2389,51.0741],[-4.2389,51.0758],[-4.2389,51.0775],[-4.2389,51.0792],[-4.2362,51.0792],[-4.2362,51.0775],[-4.2335,51.0775],[-4.2307,51.0775],[-4.2307,51.0758],[-4.228,51.0758],[-4.228,51.0741],[-4.2252,51.0741],[-4.2225,51.0741],[-4.2198,51.0724],[-4.2198,51.0706],[-4.2198,51.0689],[-4.217,51.0689],[-4.2143,51.0689],[-4.2143,51.0672],[-4.2143,51.0655],[-4.2115,51.0655],[-4.2115,51.0638],[-4.2088,51.0638],[-4.2088,51.062],[-4.2088,51.0603],[-4.2061,51.0603],[-4.2061,51.0586],[-4.2033,51.0586],[-4.2033,51.0569],[-4.2061,51.0569],[-4.2088,51.0569],[-4.2088,51.0551],[-4.2088,51.0534],[-4.2088,51.0517],[-4.2115,51.0517],[-4.2115,51.05],[-4.2143,51.0483],[-4.217,51.0483],[-4.2198,51.0465],[-4.2225,51.0465],[-4.2252,51.0465],[-4.2252,51.0448],[-4.228,51.0448],[-4.2307,51.0448],[-4.2307,51.0431],[-4.2335,51.0431],[-4.2362,51.0431],[-4.2362,51.0414]]],[[[-4.228,51.0655],[-4.228,51.0672],[-4.2307,51.0672],[-4.2307,51.0655],[-4.228,51.0655]]],[[[-4.2225,51.0672],[-4.2225,51.0689],[-4.2252,51.0689],[-4.2252,51.0672],[-4.2225,51.0672]]],[[[-4.5239,51.0207],[-4.5266,51.0207],[-4.5266,51.0224],[-4.5239,51.0224],[-4.5239,51.0207]]],[[[-4.4992,50.9275],[-4.502,50.9275],[-4.5047,50.9275],[-4.5074,50.9275],[-4.5102,50.9275],[-4.5129,50.9275],[-4.5157,50.9275],[-4.5184,50.9275],[-4.5211,50.9275],[-4.5239,50.9275],[-4.5266,50.9275],[-4.5294,50.9275],[-4.5321,50.9275],[-4.5348,50.9275],[-4.5376,50.9275],[-4.5403,50.9275],[-4.5403,50.9293],[-4.5431,50.9293],[-4.5458,50.9293],[-4.5458,50.931],[-4.5458,50.9327],[-4.5458,50.9344],[-4.5458,50.9362],[-4.5458,50.9379],[-4.5485,50.9379],[-4.5485,50.9396],[-4.5485,50.9413],[-4.5458,50.9413],[-4.5458,50.9431],[-4.5431,50.9431],[-4.5431,50.9448],[-4.5431,50.9465],[-4.5431,50.9482],[-4.5403,50.9482],[-4.5403,50.95],[-4.5431,50.95],[-4.5431,50.9517],[-4.5458,50.9517],[-4.5458,50.9534],[-4.5431,50.9534],[-4.5431,50.9551],[-4.5403,50.9551],[-4.5403,50.9569],[-4.5376,50.9569],[-4.5376,50.9586],[-4.5376,50.9603],[-4.5376,50.9621],[-4.5348,50.9621],[-4.5348,50.9638],[-4.5348,50.9655],[-4.5321,50.9655],[-4.5321,50.9672],[-4.5321,50.969],[-4.5348,50.969],[-4.5348,50.9707],[-4.5321,50.9707],[-4.5321,50.9724],[-4.5321,50.9741],[-4.5348,50.9741],[-4.5348,50.9759],[-4.5321,50.9759],[-4.5321,50.9776],[-4.5348,50.9776],[-4.5348,50.9793],[-4.5321,50.9793],[-4.5321,50.981],[-4.5321,50.9828],[-4.5321,50.9845],[-4.5294,50.9845],[-4.5294,50.9862],[-4.5294,50.9879],[-4.5321,50.9879],[-4.5321,50.9897],[-4.5321,50.9914],[-4.5348,50.9914],[-4.5348,50.9931],[-4.5321,50.9931],[-4.5321,50.9948],[-4.5321,50.9966],[-4.5294,50.9966],[-4.5294,50.9983],[-4.5321,50.9983],[-4.5321,51],[-4.5321,51.0017],[-4.5321,51.0034],[-4.5294,51.0034],[-4.5294,51.0052],[-4.5294,51.0069],[-4.5321,51.0069],[-4.5321,51.0086],[-4.5348,51.0086],[-4.5348,51.0103],[-4.5321,51.0103],[-4.5294,51.0103],[-4.5294,51.0121],[-4.5266,51.0121],[-4.5266,51.0138],[-4.5266,51.0155],[-4.5294,51.0155],[-4.5294,51.0172],[-4.5266,51.0172],[-4.5266,51.019],[-4.5239,51.019],[-4.5239,51.0207],[-4.5211,51.0224],[-4.5211,51.0207],[-4.5184,51.0207],[-4.5157,51.0207],[-4.5157,51.0224],[-4.5129,51.0224],[-4.5102,51.0224],[-4.5102,51.0207],[-4.5074,51.0207],[-4.5074,51.019],[-4.5047,51.019],[-4.502,51.019],[-4.4992,51.019],[-4.4992,51.0207],[-4.4965,51.0207],[-4.4937,51.0207],[-4.491,51.0207],[-4.4883,51.0207],[-4.4855,51.0207],[-4.4828,51.0207],[-4.4828,51.0224],[-4.48,51.0224],[-4.48,51.0207],[-4.4773,51.0207],[-4.4746,51.0207],[-4.4718,51.0207],[-4.4718,51.0224],[-4.4691,51.0224],[-4.4691,51.0207],[-4.4663,51.0207],[-4.4636,51.0207],[-4.4636,51.019],[-4.4609,51.019],[-4.4581,51.019],[-4.4581,51.0172],[-4.4554,51.0172],[-4.4554,51.0155],[-4.4526,51.0155],[-4.4499,51.0155],[-4.4499,51.0138],[-4.4472,51.0138],[-4.4444,51.0138],[-4.4444,51.0155],[-4.4417,51.0155],[-4.4417,51.0138],[-4.4389,51.0138],[-4.4362,51.0138],[-4.4362,51.0121],[-4.4335,51.0121],[-4.4307,51.0121],[-4.4307,51.0138],[-4.428,51.0138],[-4.4252,51.0138],[-4.4252,51.0121],[-4.4225,51.0121],[-4.4225,51.0103],[-4.4198,51.0103],[-4.417,51.0103],[-4.4143,51.0103],[-4.4143,51.0086],[-4.4115,51.0086],[-4.4115,51.0069],[-4.4088,51.0069],[-4.4088,51.0052],[-4.4061,51.0052],[-4.4033,51.0052],[-4.4033,51.0034],[-4.4033,51.0017],[-4.4006,51.0017],[-4.4006,51],[-4.3978,51],[-4.3978,50.9983],[-4.3951,50.9966],[-4.3924,50.9966],[-4.3924,50.9948],[-4.3896,50.9948],[-4.3869,50.9948],[-4.3869,50.9931],[-4.3841,50.9931],[-4.3814,50.9931],[-4.3814,50.9914],[-4.3787,50.9914],[-4.3759,50.9914],[-4.3759,50.9897],[-4.3732,50.9897],[-4.3704,50.9897],[-4.3677,50.9897],[-4.365,50.9897],[-4.3622,50.9897],[-4.3595,50.9897],[-4.3567,50.9897],[-4.354,50.9897],[-4.3513,50.9897],[-4.3485,50.9897],[-4.3458,50.9897],[-4.343,50.9897],[-4.3403,50.9897],[-4.3376,50.9897],[-4.3348,50.9897],[-4.3348,50.9914],[-4.3321,50.9914],[-4.3293,50.9914],[-4.3266,50.9914],[-4.3239,50.9914],[-4.3211,50.9914],[-4.3211,50.9931],[-4.3184,50.9931],[-4.3157,50.9931],[-4.3157,50.9948],[-4.3129,50.9948],[-4.3102,50.9948],[-4.3074,50.9948],[-4.3074,50.9966],[-4.3047,50.9966],[-4.3047,50.9983],[-4.302,50.9983],[-4.302,51],[-4.2992,51],[-4.2992,51.0017],[-4.2965,51.0017],[-4.2965,51.0034],[-4.2937,51.0034],[-4.2937,51.0052],[-4.291,51.0052],[-4.291,51.0069],[-4.291,51.0086],[-4.2883,51.0086],[-4.2883,51.0103],[-4.2855,51.0103],[-4.2855,51.0121],[-4.2855,51.0138],[-4.2828,51.0138],[-4.2828,51.0155],[-4.28,51.0155],[-4.28,51.0172],[-4.2773,51.0172],[-4.2773,51.019],[-4.2746,51.019],[-4.2746,51.0207],[-4.2746,51.0224],[-4.2746,51.0241],[-4.2718,51.0241],[-4.2718,51.0259],[-4.2691,51.0259],[-4.2691,51.0276],[-4.2663,51.0276],[-4.2663,51.0293],[-4.2663,51.031],[-4.2636,51.031],[-4.2636,51.0328],[-4.2636,51.0345],[-4.2609,51.0345],[-4.2609,51.0362],[-4.2581,51.0362],[-4.2581,51.0379],[-4.2554,51.0379],[-4.2554,51.0396],[-4.2526,51.0396],[-4.2499,51.0396],[-4.2472,51.0396],[-4.2472,51.0414],[-4.2444,51.0414],[-4.2417,51.0414],[-4.2417,51.0396],[-4.2444,51.0396],[-4.2444,51.0379],[-4.2472,51.0379],[-4.2472,51.0362],[-4.2472,51.0345],[-4.2499,51.0345],[-4.2499,51.0328],[-4.2526,51.0328],[-4.2526,51.031],[-4.2526,51.0293],[-4.2526,51.0276],[-4.2526,51.0259],[-4.2526,51.0241],[-4.2526,51.0224],[-4.2499,51.0224],[-4.2499,51.0207],[-4.2526,51.0207],[-4.2526,51.019],[-4.2499,51.019],[-4.2499,51.0172],[-4.2526,51.0172],[-4.2526,51.0155],[-4.2526,51.0138],[-4.2526,51.0121],[-4.2526,51.0103],[-4.2526,51.0086],[-4.2554,51.0086],[-4.2554,51.0069],[-4.2581,51.0069],[-4.2609,51.0052],[-4.2636,51.0052],[-4.2636,51.0034],[-4.2663,51.0034],[-4.2663,51.0017],[-4.2691,51.0017],[-4.2691,51],[-4.2691,50.9983],[-4.2718,50.9983],[-4.2746,50.9966],[-4.2773,50.9948],[-4.28,50.9931],[-4.28,50.9914],[-4.2828,50.9914],[-4.2828,50.9897],[-4.2855,50.9897],[-4.2883,50.9897],[-4.291,50.9897],[-4.291,50.9879],[-4.2937,50.9879],[-4.2965,50.9879],[-4.2965,50.9862],[-4.2992,50.9862],[-4.302,50.9862],[-4.302,50.9845],[-4.3047,50.9845],[-4.3074,50.9845],[-4.3102,50.9845],[-4.3129,50.9845],[-4.3157,50.9845],[-4.3184,50.9845],[-4.3184,50.9828],[-4.3211,50.9828],[-4.3239,50.9828],[-4.3266,50.9828],[-4.3266,50.981],[-4.3293,50.981],[-4.3321,50.981],[-4.3348,50.981],[-4.3376,50.981],[-4.3403,50.981],[-4.343,50.981],[-4.343,50.9793],[-4.3458,50.981],[-4.3485,50.981],[-4.3513,50.981],[-4.354,50.981],[-4.3567,50.981],[-4.3595,50.981],[-4.3622,50.981],[-4.3622,50.9828],[-4.3622,50.9845],[-4.365,50.9845],[-4.3677,50.9845],[-4.3704,50.9845],[-4.3732,50.9845],[-4.3759,50.9845],[-4.3787,50.9845],[-4.3787,50.9828],[-4.3814,50.9828],[-4.3841,50.9828],[-4.3869,50.9828],[-4.3896,50.9828],[-4.3924,50.9828],[-4.3951,50.9845],[-4.3978,50.9845],[-4.4006,50.9845],[-4.4033,50.9845],[-4.4061,50.9845],[-4.4088,50.9845],[-4.4115,50.9845],[-4.4115,50.9828],[-4.4115,50.981],[-4.4143,50.981],[-4.417,50.9793],[-4.417,50.9776],[-4.4198,50.9776],[-4.4198,50.9759],[-4.4225,50.9759],[-4.4225,50.9741],[-4.4252,50.9741],[-4.428,50.9741],[-4.4307,50.9741],[-4.4335,50.9741],[-4.4362,50.9741],[-4.4389,50.9741],[-4.4417,50.9741],[-4.4444,50.9741],[-4.4472,50.9741],[-4.4472,50.9724],[-4.4472,50.9707],[-4.4499,50.9707],[-4.4499,50.969],[-4.4499,50.9672],[-4.4526,50.9672],[-4.4526,50.9655],[-4.4526,50.9638],[-4.4554,50.9638],[-4.4554,50.9621],[-4.4554,50.9603],[-4.4554,50.9586],[-4.4581,50.9586],[-4.4581,50.9569],[-4.4609,50.9569],[-4.4609,50.9551],[-4.4609,50.9534],[-4.4636,50.9534],[-4.4636,50.9517],[-4.4636,50.95],[-4.4663,50.95],[-4.4663,50.9482],[-4.4636,50.9482],[-4.4636,50.9465],[-4.4636,50.9448],[-4.4636,50.9431],[-4.4636,50.9413],[-4.4636,50.9396],[-4.4636,50.9379],[-4.4663,50.9379],[-4.4663,50.9362],[-4.4691,50.9362],[-4.4718,50.9362],[-4.4718,50.9344],[-4.4718,50.9327],[-4.4718,50.931],[-4.4746,50.931],[-4.4773,50.931],[-4.48,50.931],[-4.4828,50.931],[-4.4828,50.9293],[-4.4855,50.9293],[-4.4883,50.9293],[-4.491,50.9293],[-4.4937,50.9293],[-4.4965,50.9293],[-4.4992,50.9293],[-4.4992,50.9275]]]]},"properties":{"NAME":"North Devon","CODE":"24","DESIG_DATE":"May-60"}},{"type":"Feature","geometry":{"type":"MultiPolygon","coordinates":[[[[-3.1786,50.7874],[-3.1813,50.7874],[-3.1841,50.7874],[-3.1841,50.7892],[-3.1868,50.7892],[-3.1868,50.7909],[-3.1868,50.7926],[-3.1841,50.7926],[-3.1841,50.7944],[-3.1813,50.7944],[-3.1786,50.7944],[-3.1786,50.7961],[-3.1759,50.7978],[-3.1731,50.7978],[-3.1704,50.7978],[-3.1704,50.7961],[-3.1731,50.7961],[-3.1731,50.7944],[-3.1731,50.7926],[-3.1759,50.7909],[-3.1759,50.7892],[-3.1786,50.7892],[-3.1786,50.7874]]],[[[-3.0745,50.7788],[-3.0772,50.7788],[-3.0772,50.7805],[-3.08,50.7805],[-3.0827,50.7805],[-3.0855,50.7805],[-3.0882,50.7805],[-3.0882,50.7822],[-3.0909,50.7822],[-3.0909,50.784],[-3.0937,50.784],[-3.0937,50.7857],[-3.0937,50.7874],[-3.0964,50.7874],[-3.0964,50.7892],[-3.0992,50.7892],[-3.1019,50.7892],[-3.1019,50.7909],[-3.1046,50.7909],[-3.1046,50.7926],[-3.1074,50.7926],[-3.1101,50.7926],[-3.1101,50.7944],[-3.1129,50.7944],[-3.1156,50.7944],[-3.1183,50.7944],[-3.1183,50.7926],[-3.1211,50.7926],[-3.1211,50.7944],[-3.1238,50.7944],[-3.1266,50.7944],[-3.1293,50.7944],[-3.132,50.7944],[-3.132,50.7961],[-3.1348,50.7961],[-3.1375,50.7961],[-3.1402,50.7961],[-3.143,50.7961],[-3.1457,50.7961],[-3.1485,50.7961],[-3.1512,50.7961],[-3.1539,50.7961],[-3.1539,50.7978],[-3.1567,50.7978],[-3.1567,50.7996],[-3.1594,50.7996],[-3.1594,50.8013],[-3.1622,50.8013],[-3.1622,50.7996],[-3.1649,50.7996],[-3.1676,50.7978],[-3.1704,50.7978],[-3.1704,50.7996],[-3.1676,50.8013],[-3.1649,50.8013],[-3.1649,50.803],[-3.1649,50.8048],[-3.1622,50.8048],[-3.1594,50.8048],[-3.1594,50.8065],[-3.1622,50.8065],[-3.1622,50.8082],[-3.1649,50.8082],[-3.1676,50.8099],[-3.1704,50.8099],[-3.1704,50.8117],[-3.1731,50.8117],[-3.1731,50.8099],[-3.1731,50.8082],[-3.1731,50.8065],[-3.1759,50.8065],[-3.1759,50.8048],[-3.1786,50.8048],[-3.1813,50.8048],[-3.1841,50.8048],[-3.1841,50.803],[-3.1868,50.803],[-3.1896,50.803],[-3.1923,50.803],[-3.195,50.803],[-3.1978,50.803],[-3.2005,50.803],[-3.2033,50.803],[-3.206,50.803],[-3.2087,50.803],[-3.2115,50.803],[-3.2142,50.803],[-3.2142,50.8048],[-3.217,50.8048],[-3.2197,50.8048],[-3.2224,50.8048],[-3.2224,50.8065],[-3.2252,50.8065],[-3.2279,50.8065],[-3.2279,50.8082],[-3.2279,50.8099],[-3.2307,50.8099],[-3.2307,50.8117],[-3.2334,50.8117],[-3.2361,50.8117],[-3.2361,50.8134],[-3.2389,50.8134],[-3.2416,50.8134],[-3.2444,50.8134],[-3.2471,50.8134],[-3.2471,50.8151],[-3.2498,50.8151],[-3.2526,50.8151],[-3.2526,50.8169],[-3.2553,50.8169],[-3.2581,50.8169],[-3.2581,50.8186],[-3.2608,50.8186],[-3.2635,50.8186],[-3.2663,50.8186],[-3.2663,50.8203],[-3.269,50.8221],[-3.269,50.8238],[-3.269,50.8255],[-3.2718,50.8255],[-3.2718,50.8273],[-3.2718,50.829],[-3.2718,50.8307],[-3.2718,50.8324],[-3.2745,50.8324],[-3.2745,50.8342],[-3.2772,50.8342],[-3.28,50.8342],[-3.2827,50.8342],[-3.2827,50.8359],[-3.2855,50.8359],[-3.2882,50.8359],[-3.2882,50.8376],[-3.2882,50.8394],[-3.2882,50.8411],[-3.2909,50.8411],[-3.2909,50.8428],[-3.2937,50.8428],[-3.2937,50.8446],[-3.2964,50.8463],[-3.2964,50.848],[-3.2992,50.848],[-3.2992,50.8497],[-3.2992,50.8515],[-3.3019,50.8515],[-3.3019,50.8532],[-3.3046,50.8532],[-3.3046,50.8549],[-3.3046,50.8567],[-3.3074,50.8567],[-3.3074,50.8584],[-3.3046,50.8584],[-3.3046,50.8601],[-3.3019,50.8601],[-3.3019,50.8619],[-3.3019,50.8636],[-3.3019,50.8653],[-3.3019,50.867],[-3.3046,50.867],[-3.3046,50.8688],[-3.3046,50.8705],[-3.3074,50.8705],[-3.3074,50.8722],[-3.3074,50.874],[-3.3074,50.8757],[-3.3074,50.8774],[-3.3074,50.8791],[-3.3046,50.8791],[-3.3046,50.8809],[-3.3019,50.8809],[-3.2992,50.8809],[-3.3019,50.8826],[-3.2992,50.8826],[-3.2964,50.8826],[-3.2964,50.8843],[-3.2937,50.8843],[-3.2909,50.8843],[-3.2882,50.8843],[-3.2882,50.8826],[-3.2855,50.8826],[-3.2855,50.8843],[-3.2855,50.8861],[-3.2827,50.8861],[-3.2827,50.8878],[-3.2827,50.8895],[-3.2827,50.8912],[-3.2827,50.893],[-3.28,50.893],[-3.2772,50.8947],[-3.2772,50.8964],[-3.2772,50.8982],[-3.2772,50.8999],[-3.2772,50.9016],[-3.28,50.9016],[-3.28,50.9033],[-3.28,50.9051],[-3.2772,50.9068],[-3.2745,50.9068],[-3.2745,50.9085],[-3.2718,50.9085],[-3.269,50.9085],[-3.269,50.9103],[-3.2663,50.912],[-3.2635,50.912],[-3.2635,50.9137],[-3.2635,50.9154],[-3.2635,50.9172],[-3.2635,50.9189],[-3.2635,50.9206],[-3.2663,50.9223],[-3.269,50.9223],[-3.2718,50.9223],[-3.2745,50.9223],[-3.2745,50.9241],[-3.2772,50.9241],[-3.2772,50.9223],[-3.28,50.9223],[-3.28,50.9241],[-3.28,50.9258],[-3.2772,50.9258],[-3.2772,50.9275],[-3.2772,50.9293],[-3.28,50.9293],[-3.28,50.931],[-3.28,50.9327],[-3.28,50.9344],[-3.28,50.9362],[-3.28,50.9379],[-3.2772,50.9379],[-3.2772,50.9396],[-3.2772,50.9413],[-3.2772,50.9431],[-3.2745,50.9431],[-3.2745,50.9448],[-3.2772,50.9448],[-3.2772,50.9465],[-3.2745,50.9465],[-3.2745,50.9482],[-3.2745,50.95],[-3.2718,50.95],[-3.269,50.95],[-3.269,50.9517],[-3.2663,50.9517],[-3.2635,50.9517],[-3.2635,50.9534],[-3.2608,50.9534],[-3.2581,50.9534],[-3.2581,50.9551],[-3.2553,50.9551],[-3.2526,50.9551],[-3.2498,50.9551],[-3.2498,50.9569],[-3.2471,50.9569],[-3.2444,50.9569],[-3.2416,50.9569],[-3.2389,50.9569],[-3.2389,50.9586],[-3.2361,50.9586],[-3.2334,50.9586],[-3.2307,50.9586],[-3.2279,50.9569],[-3.2252,50.9569],[-3.2224,50.9569],[-3.2197,50.9569],[-3.2197,50.9551],[-3.217,50.9551],[-3.2142,50.9551],[-3.2115,50.9551],[-3.2087,50.9551],[-3.2087,50.9569],[-3.206,50.9569],[-3.206,50.9586],[-3.2033,50.9586],[-3.2033,50.9569],[-3.2005,50.9569],[-3.2005,50.9586],[-3.1978,50.9586],[-3.1978,50.9603],[-3.195,50.9603],[-3.1923,50.9603],[-3.1896,50.9603],[-3.1896,50.9621],[-3.1868,50.9621],[-3.1868,50.9603],[-3.1841,50.9603],[-3.1813,50.9603],[-3.1786,50.9603],[-3.1786,50.9621],[-3.1786,50.9638],[-3.1786,50.9655],[-3.1759,50.9655],[-3.1759,50.9638],[-3.1731,50.9638],[-3.1731,50.9621],[-3.1704,50.9621],[-3.1704,50.9603],[-3.1676,50.9603],[-3.1676,50.9621],[-3.1649,50.9621],[-3.1622,50.9621],[-3.1594,50.9621],[-3.1567,50.9621],[-3.1539,50.9621],[-3.1539,50.9603],[-3.1539,50.9586],[-3.1512,50.9586],[-3.1512,50.9603],[-3.1485,50.9603],[-3.1457,50.9586],[-3.143,50.9586],[-3.1402,50.9586],[-3.1375,50.9586],[-3.1375,50.9603],[-3.1348,50.9603],[-3.132,50.9603],[-3.132,50.9621],[-3.1293,50.9621],[-3.1293,50.9638],[-3.1266,50.9638],[-3.1238,50.9638],[-3.1238,50.9621],[-3.1266,50.9621],[-3.1266,50.9603],[-3.1238,50.9603],[-3.1238,50.9586],[-3.1266,50.9586],[-3.1266,50.9569],[-3.1238,50.9569],[-3.1211,50.9569],[-3.1183,50.9569],[-3.1156,50.9569],[-3.1156,50.9586],[-3.1156,50.9603],[-3.1156,50.9621],[-3.1156,50.9638],[-3.1156,50.9655],[-3.1129,50.9655],[-3.1129,50.9672],[-3.1101,50.9672],[-3.1074,50.9672],[-3.1046,50.9672],[-3.1019,50.9672],[-3.0992,50.9672],[-3.0992,50.969],[-3.0964,50.969],[-3.0964,50.9707],[-3.0964,50.9724],[-3.0937,50.9724],[-3.0909,50.9724],[-3.0882,50.9724],[-3.0882,50.9741],[-3.0855,50.9741],[-3.0827,50.9741],[-3.08,50.9741],[-3.08,50.9759],[-3.0772,50.9759],[-3.0772,50.9776],[-3.0772,50.9793],[-3.0745,50.9793],[-3.0745,50.981],[-3.0718,50.981],[-3.069,50.981],[-3.0663,50.981],[-3.0663,50.9793],[-3.0635,50.9793],[-3.0635,50.981],[-3.0608,50.981],[-3.0608,50.9828],[-3.0581,50.9828],[-3.0581,50.981],[-3.0553,50.981],[-3.0553,50.9793],[-3.0553,50.9776],[-3.0553,50.9759],[-3.0553,50.9741],[-3.0553,50.9724],[-3.0526,50.9724],[-3.0526,50.9707],[-3.0526,50.969],[-3.0526,50.9672],[-3.0526,50.9655],[-3.0526,50.9638],[-3.0526,50.9621],[-3.0498,50.9621],[-3.0498,50.9603],[-3.0498,50.9586],[-3.0471,50.9586],[-3.0471,50.9569],[-3.0471,50.9551],[-3.0444,50.9551],[-3.0444,50.9534],[-3.0416,50.9534],[-3.0416,50.9517],[-3.0389,50.9517],[-3.0361,50.9517],[-3.0334,50.9517],[-3.0307,50.9517],[-3.0307,50.95],[-3.0279,50.95],[-3.0252,50.95],[-3.0252,50.9482],[-3.0224,50.95],[-3.0197,50.95],[-3.017,50.95],[-3.017,50.9482],[-3.0142,50.9465],[-3.0142,50.9448],[-3.017,50.9448],[-3.017,50.9431],[-3.0142,50.9431],[-3.0142,50.9413],[-3.0115,50.9413],[-3.0115,50.9396],[-3.0087,50.9396],[-3.0087,50.9379],[-3.0087,50.9362],[-3.006,50.9362],[-3.006,50.9344],[-3.006,50.9327],[-3.006,50.931],[-3.006,50.9293],[-3.006,50.9275],[-3.0087,50.9275],[-3.0087,50.9258],[-3.0087,50.9241],[-3.006,50.9241],[-3.006,50.9223],[-3.006,50.9206],[-3.006,50.9189],[-3.006,50.9172],[-3.006,50.9154],[-3.006,50.9137],[-3.0033,50.9137],[-3.0033,50.912],[-3.0033,50.9103],[-3.0033,50.9085],[-3.0033,50.9068],[-3.0033,50.9051],[-3.0033,50.9033],[-3.006,50.9033],[-3.006,50.9016],[-3.0087,50.9016],[-3.0087,50.8999],[-3.0087,50.8982],[-3.0087,50.8964],[-3.0087,50.8947],[-3.0087,50.893],[-3.0087,50.8912],[-3.0087,50.8895],[-3.0087,50.8878],[-3.0087,50.8861],[-3.0115,50.8861],[-3.0115,50.8843],[-3.0087,50.8843],[-3.006,50.8843],[-3.006,50.8826],[-3.0033,50.8826],[-3.0005,50.8826],[-3.0005,50.8809],[-2.9978,50.8809],[-2.995,50.8809],[-2.995,50.8791],[-2.9923,50.8791],[-2.9923,50.8774],[-2.9923,50.8757],[-2.9923,50.874],[-2.9896,50.874],[-2.9896,50.8722],[-2.9896,50.8705],[-2.9868,50.8705],[-2.9868,50.8688],[-2.9868,50.867],[-2.9841,50.867],[-2.9813,50.867],[-2.9813,50.8653],[-2.9813,50.8636],[-2.9786,50.8636],[-2.9786,50.8619],[-2.9759,50.8619],[-2.9731,50.8619],[-2.9731,50.8601],[-2.9704,50.8601],[-2.9704,50.8584],[-2.9676,50.8584],[-2.9649,50.8584],[-2.9649,50.8567],[-2.9676,50.8567],[-2.9676,50.8549],[-2.9676,50.8532],[-2.9704,50.8532],[-2.9704,50.8515],[-2.9676,50.8515],[-2.9676,50.8497],[-2.9704,50.8497],[-2.9704,50.848],[-2.9704,50.8463],[-2.9731,50.8463],[-2.9731,50.8446],[-2.9731,50.8428],[-2.9704,50.8428],[-2.9731,50.8411],[-2.9731,50.8394],[-2.9731,50.8376],[-2.9759,50.8376],[-2.9759,50.8359],[-2.9786,50.8359],[-2.9786,50.8342],[-2.9786,50.8324],[-2.9759,50.8324],[-2.9759,50.8307],[-2.9759,50.829],[-2.9759,50.8273],[-2.9759,50.8255],[-2.9786,50.8255],[-2.9786,50.8238],[-2.9786,50.8221],[-2.9813,50.8221],[-2.9841,50.8221],[-2.9841,50.8203],[-2.9841,50.8186],[-2.9868,50.8186],[-2.9868,50.8169],[-2.9841,50.8151],[-2.9868,50.8151],[-2.9868,50.8134],[-2.9841,50.8134],[-2.9841,50.8117],[-2.9841,50.8099],[-2.9813,50.8082],[-2.9813,50.8065],[-2.9841,50.8065],[-2.9868,50.8048],[-2.9896,50.8048],[-2.9923,50.8048],[-2.9923,50.803],[-2.9923,50.8013],[-2.9923,50.7996],[-2.9923,50.7978],[-2.9896,50.7978],[-2.9896,50.7961],[-2.9923,50.7961],[-2.995,50.7944],[-2.995,50.7926],[-2.9978,50.7926],[-2.9978,50.7909],[-3.0005,50.7909],[-3.0033,50.7909],[-3.006,50.7909],[-3.0087,50.7909],[-3.0115,50.7909],[-3.0115,50.7926],[-3.0142,50.7926],[-3.0142,50.7909],[-3.017,50.7909],[-3.0197,50.7909],[-3.0224,50.7909],[-3.0252,50.7909],[-3.0252,50.7926],[-3.0252,50.7944],[-3.0279,50.7944],[-3.0307,50.7944],[-3.0307,50.7926],[-3.0334,50.7926],[-3.0361,50.7926],[-3.0389,50.7926],[-3.0389,50.7909],[-3.0361,50.7909],[-3.0361,50.7892],[-3.0361,50.7874],[-3.0389,50.7874],[-3.0389,50.7857],[-3.0389,50.784],[-3.0389,50.7822],[-3.0416,50.7822],[-3.0444,50.7822],[-3.0444,50.784],[-3.0471,50.784],[-3.0498,50.784],[-3.0498,50.7857],[-3.0526,50.7857],[-3.0553,50.7857],[-3.0581,50.7857],[-3.0581,50.7874],[-3.0608,50.7874],[-3.0608,50.7857],[-3.0635,50.7857],[-3.0635,50.784],[-3.0663,50.784],[-3.0663,50.7822],[-3.069,50.7822],[-3.069,50.7805],[-3.0718,50.7805],[-3.0745,50.7805],[-3.0745,50.7788]]]]},"properties":{"NAME":"Blackdown Hills","CODE":"2","DESIG_DATE":"Jun-91"}},{"type":"Feature","geometry":{"type":"MultiPolygon","coordinates":[[[[-1.2278,50.7372],[-1.2278,50.7389],[-1.2306,50.7389],[-1.2306,50.7406],[-1.2333,50.7406],[-1.236,50.7406],[-1.2388,50.7389],[-1.2415,50.7389],[-1.2443,50.7389],[-1.247,50.7389],[-1.2497,50.7389],[-1.2525,50.7389],[-1.2525,50.7406],[-1.2552,50.7406],[-1.258,50.7406],[-1.2607,50.7406],[-1.2607,50.7424],[-1.2607,50.7441],[-1.2607,50.7458],[-1.2634,50.7458],[-1.2662,50.7458],[-1.2689,50.7458],[-1.2717,50.7458],[-1.2717,50.7441],[-1.2744,50.7441],[-1.2744,50.7458],[-1.2744,50.7476],[-1.2771,50.7476],[-1.2771,50.7493],[-1.2771,50.751],[-1.2771,50.7528],[-1.2771,50.7545],[-1.2771,50.7562],[-1.2744,50.7562],[-1.2744,50.758],[-1.2771,50.758],[-1.2771,50.7597],[-1.2771,50.7614],[-1.2771,50.7632],[-1.2771,50.7649],[-1.2771,50.7666],[-1.2744,50.7666],[-1.2717,50.7666],[-1.2717,50.7649],[-1.2689,50.7649],[-1.2689,50.7632],[-1.2662,50.7632],[-1.2662,50.7614],[-1.2634,50.7614],[-1.2607,50.7614],[-1.2607,50.7597],[-1.2607,50.758],[-1.258,50.758],[-1.258,50.7562],[-1.258,50.7545],[-1.2552,50.7545],[-1.2525,50.7528],[-1.2497,50.7528],[-1.247,50.7528],[-1.247,50.751],[-1.247,50.7493],[-1.2443,50.7493],[-1.2443,50.7476],[-1.2415,50.7476],[-1.2415,50.7458],[-1.2415,50.7441],[-1.2388,50.7441],[-1.236,50.7441],[-1.2333,50.7441],[-1.2333,50.7424],[-1.2306,50.7424],[-1.2278,50.7424],[-1.2278,50.7406],[-1.2251,50.7406],[-1.2223,50.7406],[-1.2223,50.7389],[-1.2196,50.7389],[-1.2169,50.7389],[-1.2141,50.7389],[-1.2141,50.7372],[-1.2169,50.7372],[-1.2196,50.7372],[-1.2223,50.7372],[-1.2251,50.7372],[-1.2278,50.7372]]],[[[-1.1895,50.732],[-1.1895,50.7337],[-1.1867,50.7337],[-1.184,50.7337],[-1.184,50.732],[-1.1867,50.732],[-1.1895,50.732]]],[[[-1.1895,50.7302],[-1.1922,50.732],[-1.1922,50.7337],[-1.1895,50.732],[-1.1895,50.7302]]],[[[-1.2032,50.7268],[-1.2032,50.7285],[-1.2032,50.7302],[-1.2059,50.7302],[-1.2086,50.7302],[-1.2086,50.732],[-1.2114,50.7337],[-1.2114,50.7354],[-1.2086,50.7354],[-1.2059,50.7354],[-1.2059,50.7337],[-1.2032,50.7337],[-1.2004,50.7337],[-1.1977,50.7337],[-1.1949,50.7337],[-1.1949,50.732],[-1.1922,50.732],[-1.1922,50.7302],[-1.1949,50.7302],[-1.1949,50.7285],[-1.1977,50.7268],[-1.2004,50.7268],[-1.2032,50.7268]]],[[[-1.4415,50.7007],[-1.4415,50.7025],[-1.4443,50.7025],[-1.447,50.7025],[-1.447,50.7042],[-1.4498,50.7042],[-1.4525,50.7042],[-1.4552,50.7042],[-1.458,50.7042],[-1.4607,50.7042],[-1.4635,50.7042],[-1.4662,50.7042],[-1.4689,50.7042],[-1.4717,50.7042],[-1.4717,50.706],[-1.4744,50.706],[-1.4772,50.706],[-1.4772,50.7077],[-1.4799,50.7077],[-1.4799,50.7094],[-1.4772,50.7094],[-1.4744,50.7094],[-1.4717,50.7094],[-1.4689,50.7094],[-1.4689,50.7112],[-1.4662,50.7112],[-1.4662,50.7129],[-1.4635,50.7129],[-1.4607,50.7129],[-1.4607,50.7146],[-1.458,50.7146],[-1.458,50.7164],[-1.4552,50.7164],[-1.4525,50.7164],[-1.4525,50.7181],[-1.4498,50.7181],[-1.4498,50.7198],[-1.447,50.7198],[-1.4443,50.7198],[-1.4443,50.7216],[-1.4415,50.7216],[-1.4415,50.7233],[-1.4388,50.7233],[-1.4361,50.7233],[-1.4333,50.7233],[-1.4333,50.725],[-1.4306,50.725],[-1.4306,50.7268],[-1.4278,50.7268],[-1.4251,50.7268],[-1.4224,50.7268],[-1.4196,50.7268],[-1.4196,50.725],[-1.4169,50.725],[-1.4141,50.725],[-1.4114,50.725],[-1.4087,50.725],[-1.4087,50.7268],[-1.4059,50.7268],[-1.4032,50.7268],[-1.4032,50.7285],[-1.4004,50.7285],[-1.3977,50.7285],[-1.395,50.7285],[-1.395,50.7302],[-1.3922,50.7302],[-1.3895,50.7302],[-1.3895,50.732],[-1.3867,50.732],[-1.384,50.732],[-1.3813,50.732],[-1.3813,50.7337],[-1.3785,50.7337],[-1.3758,50.7337],[-1.3758,50.7354],[-1.373,50.7354],[-1.3703,50.7354],[-1.3703,50.7372],[-1.3676,50.7372],[-1.3648,50.7372],[-1.3621,50.7372],[-1.3593,50.7372],[-1.3593,50.7389],[-1.3566,50.7389],[-1.3539,50.7389],[-1.3511,50.7389],[-1.3511,50.7406],[-1.3484,50.7406],[-1.3484,50.7424],[-1.3484,50.7441],[-1.3456,50.7441],[-1.3456,50.7458],[-1.3456,50.7476],[-1.3456,50.7493],[-1.3456,50.751],[-1.3429,50.751],[-1.3429,50.7528],[-1.3402,50.7528],[-1.3402,50.7545],[-1.3374,50.7545],[-1.3374,50.7562],[-1.3347,50.7562],[-1.3347,50.7545],[-1.3347,50.7528],[-1.3347,50.751],[-1.3374,50.751],[-1.3374,50.7493],[-1.3402,50.7458],[-1.3429,50.7458],[-1.3429,50.7441],[-1.3429,50.7424],[-1.3429,50.7406],[-1.3429,50.7389],[-1.3456,50.7372],[-1.3484,50.7354],[-1.3539,50.732],[-1.3566,50.732],[-1.3566,50.7302],[-1.3566,50.7285],[-1.3593,50.7285],[-1.3593,50.7268],[-1.3621,50.7233],[-1.3621,50.7216],[-1.3648,50.7216],[-1.3648,50.7198],[-1.3676,50.7198],[-1.3703,50.7181],[-1.3703,50.7164],[-1.373,50.7164],[-1.373,50.7146],[-1.373,50.7129],[-1.373,50.7112],[-1.3758,50.7112],[-1.3785,50.7112],[-1.3813,50.7112],[-1.3813,50.7094],[-1.384,50.7094],[-1.3867,50.7094],[-1.3867,50.7077],[-1.3895,50.7077],[-1.3922,50.7077],[-1.395,50.7077],[-1.3977,50.7077],[-1.4004,50.7077],[-1.4032,50.7077],[-1.4059,50.7077],[-1.4059,50.706],[-1.4087,50.706],[-1.4087,50.7042],[-1.4087,50.7025],[-1.4087,50.7007],[-1.4114,50.7007],[-1.4141,50.7007],[-1.4141,50.7025],[-1.4169,50.7025],[-1.4196,50.7025],[-1.4224,50.7025],[-1.4251,50.7025],[-1.4251,50.7007],[-1.4278,50.7007],[-1.4306,50.7007],[-1.4333,50.7007],[-1.4361,50.7007],[-1.4388,50.7007],[-1.4415,50.7007]]],[[[-1.5457,50.6817],[-1.5457,50.6834],[-1.5429,50.6834],[-1.5429,50.6817],[-1.5457,50.6817]]],[[[-1.5484,50.6782],[-1.5484,50.6799],[-1.5457,50.6799],[-1.5457,50.6782],[-1.5484,50.6782]]],[[[-1.1949,50.6521],[-1.1949,50.6539],[-1.1977,50.6539],[-1.1977,50.6556],[-1.1977,50.6573],[-1.1977,50.6591],[-1.1949,50.6591],[-1.1949,50.6608],[-1.1977,50.6608],[-1.1977,50.6626],[-1.2004,50.6626],[-1.2004,50.6643],[-1.2032,50.6678],[-1.2032,50.6695],[-1.2059,50.6695],[-1.2086,50.6712],[-1.2086,50.673],[-1.2114,50.6747],[-1.2114,50.6764],[-1.2141,50.6747],[-1.2169,50.6747],[-1.2196,50.6747],[-1.2196,50.673],[-1.2223,50.673],[-1.2251,50.673],[-1.2278,50.673],[-1.2278,50.6747],[-1.2306,50.6747],[-1.2333,50.6747],[-1.236,50.6747],[-1.2388,50.6747],[-1.2388,50.6764],[-1.2415,50.6764],[-1.2443,50.6764],[-1.247,50.6764],[-1.2497,50.6764],[-1.2525,50.6764],[-1.2525,50.6782],[-1.2552,50.6782],[-1.2552,50.6764],[-1.258,50.6764],[-1.2607,50.6764],[-1.2634,50.6764],[-1.2662,50.6764],[-1.2689,50.6764],[-1.2717,50.6764],[-1.2717,50.6782],[-1.2744,50.6782],[-1.2771,50.6782],[-1.2771,50.6799],[-1.2799,50.6799],[-1.2799,50.6817],[-1.2799,50.6834],[-1.2799,50.6851],[-1.2826,50.6851],[-1.2826,50.6869],[-1.2854,50.6869],[-1.2854,50.6886],[-1.2826,50.6886],[-1.2799,50.6886],[-1.2771,50.6886],[-1.2744,50.6886],[-1.2717,50.6886],[-1.2689,50.6886],[-1.2662,50.6886],[-1.2634,50.6886],[-1.2634,50.6903],[-1.2607,50.6903],[-1.258,50.6921],[-1.2552,50.6921],[-1.2525,50.6921],[-1.2525,50.6903],[-1.2497,50.6903],[-1.2415,50.6973],[-1.2415,50.699],[-1.2415,50.7007],[-1.2415,50.7025],[-1.2443,50.7042],[-1.2443,50.706],[-1.2415,50.706],[-1.2388,50.706],[-1.236,50.706],[-1.236,50.7077],[-1.2333,50.7077],[-1.2306,50.7077],[-1.2306,50.7094],[-1.2333,50.7094],[-1.2333,50.7112],[-1.2306,50.7112],[-1.2306,50.7129],[-1.2306,50.7146],[-1.2306,50.7164],[-1.2306,50.7181],[-1.2306,50.7198],[-1.2306,50.7216],[-1.2278,50.7216],[-1.2278,50.7233],[-1.2278,50.725],[-1.2251,50.725],[-1.2223,50.725],[-1.2223,50.7233],[-1.2196,50.7233],[-1.2196,50.7216],[-1.2169,50.7216],[-1.2169,50.7198],[-1.2141,50.7198],[-1.2114,50.7198],[-1.2114,50.7181],[-1.2114,50.7164],[-1.2086,50.7164],[-1.2086,50.7146],[-1.2086,50.7129],[-1.2114,50.7129],[-1.2141,50.7129],[-1.2141,50.7112],[-1.2169,50.7112],[-1.2169,50.7094],[-1.2141,50.7094],[-1.2141,50.7077],[-1.2141,50.706],[-1.2114,50.706],[-1.2114,50.7042],[-1.2086,50.7042],[-1.2086,50.7025],[-1.2059,50.7025],[-1.2032,50.7025],[-1.2032,50.7007],[-1.2004,50.7007],[-1.1977,50.7007],[-1.1949,50.7007],[-1.1949,50.699],[-1.1922,50.699],[-1.1922,50.6973],[-1.1895,50.6973],[-1.1867,50.6973],[-1.184,50.6973],[-1.184,50.6955],[-1.1812,50.6955],[-1.1812,50.6938],[-1.1785,50.6938],[-1.1785,50.6921],[-1.1758,50.6921],[-1.173,50.6921],[-1.1703,50.6921],[-1.1675,50.6921],[-1.1648,50.6921],[-1.1621,50.6921],[-1.1621,50.6903],[-1.1593,50.6903],[-1.1566,50.6903],[-1.1566,50.6886],[-1.1539,50.6886],[-1.1539,50.6869],[-1.1511,50.6869],[-1.1511,50.6851],[-1.1511,50.6834],[-1.1511,50.6817],[-1.1511,50.6799],[-1.1511,50.6782],[-1.1484,50.6782],[-1.1484,50.6764],[-1.1456,50.6764],[-1.1456,50.6747],[-1.1456,50.673],[-1.1429,50.673],[-1.1429,50.6747],[-1.1429,50.6764],[-1.1402,50.6764],[-1.1374,50.6747],[-1.1347,50.6747],[-1.1319,50.6747],[-1.1292,50.6747],[-1.1292,50.6764],[-1.1265,50.6764],[-1.1237,50.6764],[-1.121,50.6764],[-1.1182,50.6764],[-1.1155,50.6747],[-1.1155,50.6764],[-1.1128,50.6764],[-1.11,50.6764],[-1.1073,50.6764],[-1.1045,50.6764],[-1.1045,50.6747],[-1.1018,50.6747],[-1.1018,50.6764],[-1.0991,50.6764],[-1.0963,50.6764],[-1.0936,50.6764],[-1.0936,50.6782],[-1.0908,50.6782],[-1.0881,50.6799],[-1.0854,50.6799],[-1.0854,50.6817],[-1.0826,50.6817],[-1.0799,50.6817],[-1.0799,50.6834],[-1.0771,50.6834],[-1.0744,50.6851],[-1.0717,50.6851],[-1.0689,50.6851],[-1.0689,50.6834],[-1.0717,50.6834],[-1.0717,50.6817],[-1.0744,50.6817],[-1.0771,50.6817],[-1.0771,50.6799],[-1.0799,50.6799],[-1.0799,50.6782],[-1.0826,50.6782],[-1.0854,50.6782],[-1.0854,50.6764],[-1.0854,50.6747],[-1.0881,50.6747],[-1.0908,50.6747],[-1.0908,50.673],[-1.0936,50.673],[-1.0936,50.6712],[-1.0963,50.6712],[-1.0963,50.6695],[-1.0963,50.6678],[-1.0963,50.666],[-1.0991,50.666],[-1.0991,50.6643],[-1.1018,50.6643],[-1.1045,50.6643],[-1.1045,50.666],[-1.1073,50.666],[-1.11,50.666],[-1.1128,50.666],[-1.1155,50.666],[-1.1182,50.666],[-1.1182,50.6643],[-1.121,50.6643],[-1.1237,50.6643],[-1.1265,50.6643],[-1.1265,50.6626],[-1.1292,50.6626],[-1.1319,50.6626],[-1.1347,50.6626],[-1.1347,50.6608],[-1.1374,50.6626],[-1.1374,50.6643],[-1.1374,50.666],[-1.1374,50.6678],[-1.1402,50.6678],[-1.1429,50.6678],[-1.1484,50.6678],[-1.1511,50.666],[-1.1511,50.6678],[-1.1539,50.6678],[-1.1566,50.6678],[-1.1593,50.6678],[-1.1621,50.6678],[-1.1621,50.666],[-1.1648,50.666],[-1.1648,50.6643],[-1.1675,50.6643],[-1.1675,50.6626],[-1.1648,50.6626],[-1.1648,50.6608],[-1.1675,50.6608],[-1.1703,50.6608],[-1.1703,50.6626],[-1.173,50.6626],[-1.173,50.6608],[-1.1758,50.6608],[-1.1758,50.6591],[-1.1785,50.6591],[-1.1812,50.6591],[-1.1812,50.6573],[-1.184,50.6573],[-1.1867,50.6573],[-1.1895,50.6573],[-1.1922,50.6573],[-1.1922,50.6556],[-1.1922,50.6539],[-1.1922,50.6521],[-1.1949,50.6521]]],[[[-1.2251,50.5896],[-1.2251,50.5913],[-1.2223,50.5913],[-1.2223,50.5896],[-1.2251,50.5896]]],[[[-1.3045,50.5756],[-1.3045,50.5774],[-1.3073,50.5774],[-1.3073,50.5791],[-1.3073,50.5809],[-1.31,50.5809],[-1.31,50.5826],[-1.3128,50.5826],[-1.3128,50.5843],[-1.3128,50.5861],[-1.3155,50.5861],[-1.3155,50.5878],[-1.3182,50.5878],[-1.3182,50.5896],[-1.321,50.5896],[-1.321,50.5913],[-1.3237,50.5913],[-1.3237,50.593],[-1.3265,50.593],[-1.3265,50.5948],[-1.3292,50.5948],[-1.3292,50.5965],[-1.3319,50.5965],[-1.3319,50.5982],[-1.3347,50.5982],[-1.3347,50.6],[-1.3374,50.6],[-1.3374,50.6017],[-1.3402,50.6017],[-1.3402,50.6035],[-1.3429,50.6035],[-1.3456,50.6035],[-1.3456,50.6052],[-1.3484,50.6052],[-1.3484,50.6069],[-1.3511,50.6069],[-1.3539,50.6087],[-1.3566,50.6087],[-1.3593,50.6087],[-1.3621,50.6087],[-1.3621,50.6104],[-1.3648,50.6104],[-1.3648,50.6122],[-1.3648,50.6139],[-1.3676,50.6139],[-1.3676,50.6156],[-1.3703,50.6156],[-1.3703,50.6174],[-1.373,50.6174],[-1.373,50.6191],[-1.3758,50.6191],[-1.3758,50.6209],[-1.3785,50.6209],[-1.3785,50.6226],[-1.3813,50.6226],[-1.3813,50.6243],[-1.384,50.6243],[-1.3867,50.6243],[-1.3867,50.6261],[-1.3895,50.6261],[-1.3895,50.6278],[-1.3922,50.6278],[-1.395,50.6278],[-1.395,50.6295],[-1.3977,50.6295],[-1.4004,50.6295],[-1.4004,50.6313],[-1.4032,50.6313],[-1.4032,50.633],[-1.4059,50.633],[-1.4087,50.633],[-1.4087,50.6348],[-1.4114,50.6348],[-1.4141,50.6348],[-1.4141,50.6365],[-1.4169,50.6365],[-1.4196,50.6365],[-1.4224,50.6365],[-1.4224,50.6382],[-1.4251,50.6382],[-1.4278,50.6382],[-1.4306,50.6382],[-1.4306,50.64],[-1.4333,50.64],[-1.4361,50.64],[-1.4361,50.6417],[-1.4388,50.6417],[-1.4415,50.6417],[-1.4443,50.6417],[-1.4443,50.6434],[-1.447,50.6434],[-1.4498,50.6434],[-1.4498,50.6452],[-1.4525,50.6452],[-1.4525,50.6469],[-1.4552,50.6469],[-1.4552,50.6487],[-1.4552,50.6504],[-1.458,50.6504],[-1.458,50.6521],[-1.4607,50.6521],[-1.4635,50.6521],[-1.4662,50.6521],[-1.4662,50.6539],[-1.4662,50.6556],[-1.4689,50.6556],[-1.4689,50.6573],[-1.4717,50.6573],[-1.4717,50.6591],[-1.4744,50.6591],[-1.4744,50.6608],[-1.4744,50.6626],[-1.4772,50.6626],[-1.4772,50.6643],[-1.4799,50.6643],[-1.4799,50.666],[-1.4826,50.666],[-1.4854,50.666],[-1.4854,50.6678],[-1.4881,50.6678],[-1.4909,50.6678],[-1.4936,50.6678],[-1.4963,50.6678],[-1.4991,50.6678],[-1.5018,50.6678],[-1.5046,50.6678],[-1.5073,50.6678],[-1.5073,50.6695],[-1.51,50.6695],[-1.5128,50.6695],[-1.5128,50.6678],[-1.5155,50.6678],[-1.5183,50.6678],[-1.521,50.6678],[-1.5237,50.6678],[-1.5265,50.6678],[-1.5292,50.6678],[-1.532,50.6678],[-1.532,50.666],[-1.5347,50.666],[-1.5374,50.666],[-1.5402,50.666],[-1.5429,50.666],[-1.5429,50.6643],[-1.5457,50.6643],[-1.5484,50.6643],[-1.5511,50.6643],[-1.5511,50.6626],[-1.5539,50.6626],[-1.5566,50.6626],[-1.5593,50.6626],[-1.5621,50.6626],[-1.5648,50.6626],[-1.5676,50.6626],[-1.5676,50.6608],[-1.5703,50.6608],[-1.573,50.6608],[-1.5758,50.6608],[-1.5785,50.6608],[-1.5813,50.6608],[-1.5813,50.6626],[-1.584,50.6626],[-1.584,50.6643],[-1.5813,50.6643],[-1.5785,50.6643],[-1.5758,50.6643],[-1.573,50.6643],[-1.5703,50.6643],[-1.5703,50.666],[-1.5703,50.6678],[-1.5703,50.6695],[-1.5703,50.6712],[-1.5703,50.673],[-1.5676,50.673],[-1.5676,50.6747],[-1.5648,50.6747],[-1.5621,50.6764],[-1.5593,50.6764],[-1.5566,50.6764],[-1.5539,50.6764],[-1.5511,50.6764],[-1.5511,50.6782],[-1.5484,50.6782],[-1.5484,50.6764],[-1.5484,50.6747],[-1.5484,50.673],[-1.5511,50.673],[-1.5511,50.6712],[-1.5539,50.6712],[-1.5539,50.6695],[-1.5511,50.6695],[-1.5484,50.6712],[-1.5457,50.6712],[-1.5429,50.6712],[-1.5429,50.673],[-1.5402,50.673],[-1.5374,50.673],[-1.5347,50.673],[-1.532,50.673],[-1.5292,50.673],[-1.5292,50.6747],[-1.5292,50.6764],[-1.5265,50.6764],[-1.5237,50.6764],[-1.521,50.6764],[-1.521,50.6747],[-1.5183,50.6747],[-1.5183,50.673],[-1.5155,50.673],[-1.5155,50.6747],[-1.5128,50.6747],[-1.5128,50.6764],[-1.51,50.6764],[-1.51,50.6782],[-1.5128,50.6782],[-1.5128,50.6799],[-1.5128,50.6817],[-1.5155,50.6817],[-1.5155,50.6834],[-1.5128,50.6834],[-1.5128,50.6851],[-1.51,50.6851],[-1.51,50.6869],[-1.51,50.6886],[-1.51,50.6903],[-1.5073,50.6903],[-1.5073,50.6921],[-1.51,50.6921],[-1.51,50.6938],[-1.51,50.6955],[-1.51,50.6973],[-1.51,50.699],[-1.51,50.7007],[-1.51,50.7025],[-1.5128,50.7025],[-1.5128,50.7042],[-1.51,50.7042],[-1.51,50.706],[-1.5073,50.706],[-1.5046,50.706],[-1.5018,50.706],[-1.4991,50.706],[-1.4963,50.706],[-1.4936,50.706],[-1.4909,50.706],[-1.4881,50.706],[-1.4854,50.706],[-1.4854,50.7042],[-1.4854,50.7025],[-1.4826,50.7025],[-1.4826,50.7007],[-1.4826,50.699],[-1.4826,50.6973],[-1.4826,50.6955],[-1.4826,50.6938],[-1.4854,50.6938],[-1.4854,50.6921],[-1.4881,50.6921],[-1.4881,50.6903],[-1.4909,50.6903],[-1.4909,50.6886],[-1.4909,50.6869],[-1.4936,50.6869],[-1.4936,50.6851],[-1.4936,50.6834],[-1.4963,50.6834],[-1.4963,50.6817],[-1.4963,50.6799],[-1.4963,50.6782],[-1.4963,50.6764],[-1.4936,50.6764],[-1.4909,50.6764],[-1.4881,50.6764],[-1.4881,50.6747],[-1.4854,50.6747],[-1.4826,50.6747],[-1.4826,50.6764],[-1.4799,50.6764],[-1.4772,50.6764],[-1.4744,50.6764],[-1.4744,50.6747],[-1.4717,50.6747],[-1.4689,50.6747],[-1.4662,50.6747],[-1.4635,50.6747],[-1.4635,50.673],[-1.4607,50.673],[-1.458,50.673],[-1.4552,50.673],[-1.4525,50.673],[-1.4525,50.6712],[-1.4498,50.6712],[-1.447,50.6712],[-1.4443,50.6712],[-1.4415,50.6712],[-1.4388,50.6712],[-1.4361,50.6712],[-1.4361,50.673],[-1.4333,50.673],[-1.4306,50.673],[-1.4278,50.673],[-1.4278,50.6747],[-1.4251,50.6747],[-1.4224,50.6747],[-1.4224,50.6764],[-1.4196,50.6764],[-1.4169,50.6764],[-1.4169,50.6782],[-1.4141,50.6782],[-1.4114,50.6782],[-1.4114,50.6799],[-1.4087,50.6799],[-1.4059,50.6799],[-1.4032,50.6799],[-1.4004,50.6799],[-1.3977,50.6799],[-1.395,50.6799],[-1.395,50.6817],[-1.3922,50.6817],[-1.3895,50.6817],[-1.3895,50.6834],[-1.3867,50.6834],[-1.384,50.6834],[-1.3813,50.6834],[-1.3813,50.6851],[-1.3785,50.6851],[-1.3758,50.6851],[-1.373,50.6851],[-1.3703,50.6851],[-1.3703,50.6869],[-1.3676,50.6869],[-1.3676,50.6851],[-1.3648,50.6851],[-1.3648,50.6869],[-1.3621,50.6869],[-1.3593,50.6869],[-1.3566,50.6869],[-1.3539,50.6869],[-1.3511,50.6869],[-1.3511,50.6886],[-1.3484,50.6886],[-1.3456,50.6886],[-1.3429,50.6886],[-1.3429,50.6903],[-1.3402,50.6903],[-1.3374,50.6903],[-1.3374,50.6921],[-1.3347,50.6921],[-1.3319,50.6921],[-1.3292,50.6921],[-1.3265,50.6921],[-1.3237,50.6921],[-1.321,50.6921],[-1.3182,50.6921],[-1.3155,50.6921],[-1.3128,50.6921],[-1.31,50.6921],[-1.31,50.6903],[-1.3073,50.6903],[-1.3073,50.6886],[-1.3073,50.6869],[-1.3073,50.6851],[-1.3045,50.6851],[-1.3018,50.6851],[-1.3018,50.6834],[-1.2991,50.6834],[-1.2963,50.6834],[-1.2963,50.6817],[-1.2936,50.6817],[-1.2936,50.6799],[-1.2936,50.6782],[-1.2908,50.6782],[-1.2908,50.6764],[-1.2908,50.6747],[-1.2936,50.6747],[-1.2963,50.6747],[-1.2991,50.6747],[-1.2991,50.673],[-1.3018,50.673],[-1.3018,50.6712],[-1.3018,50.6695],[-1.3018,50.6678],[-1.3018,50.666],[-1.2991,50.666],[-1.2991,50.6643],[-1.2991,50.6626],[-1.2991,50.6608],[-1.3018,50.6608],[-1.3018,50.6591],[-1.2991,50.6591],[-1.2963,50.6591],[-1.2936,50.6591],[-1.2908,50.6591],[-1.2908,50.6573],[-1.2881,50.6573],[-1.2854,50.6573],[-1.2854,50.6556],[-1.2826,50.6556],[-1.2826,50.6539],[-1.2826,50.6521],[-1.2826,50.6504],[-1.2799,50.6504],[-1.2799,50.6487],[-1.2799,50.6469],[-1.2799,50.6452],[-1.2799,50.6434],[-1.2799,50.6417],[-1.2799,50.64],[-1.2799,50.6382],[-1.2799,50.6365],[-1.2799,50.6348],[-1.2799,50.633],[-1.2799,50.6313],[-1.2799,50.6295],[-1.2771,50.6295],[-1.2771,50.6278],[-1.2799,50.6278],[-1.2799,50.6261],[-1.2826,50.6261],[-1.2826,50.6243],[-1.2826,50.6226],[-1.2826,50.6209],[-1.2826,50.6191],[-1.2826,50.6174],[-1.2826,50.6156],[-1.2826,50.6139],[-1.2826,50.6122],[-1.2799,50.6122],[-1.2799,50.6104],[-1.2799,50.6087],[-1.2799,50.6069],[-1.2799,50.6052],[-1.2799,50.6035],[-1.2799,50.6017],[-1.2799,50.6],[-1.2799,50.5982],[-1.2799,50.5965],[-1.2826,50.5965],[-1.2854,50.5965],[-1.2881,50.5965],[-1.2881,50.5948],[-1.2854,50.5948],[-1.2854,50.593],[-1.2881,50.593],[-1.2881,50.5913],[-1.2881,50.5896],[-1.2881,50.5878],[-1.2854,50.5878],[-1.2854,50.5861],[-1.2854,50.5843],[-1.2881,50.5843],[-1.2881,50.5826],[-1.2854,50.5826],[-1.2854,50.5843],[-1.2826,50.5843],[-1.2826,50.5861],[-1.2826,50.5878],[-1.2799,50.5878],[-1.2799,50.5896],[-1.2771,50.5896],[-1.2744,50.5896],[-1.2744,50.5913],[-1.2717,50.5913],[-1.2717,50.593],[-1.2689,50.593],[-1.2689,50.5948],[-1.2662,50.5948],[-1.2662,50.5965],[-1.2634,50.5965],[-1.2607,50.5965],[-1.2607,50.5982],[-1.2607,50.6],[-1.2634,50.6],[-1.2634,50.6017],[-1.2634,50.6035],[-1.2662,50.6035],[-1.2662,50.6052],[-1.2662,50.6069],[-1.2662,50.6087],[-1.2689,50.6087],[-1.2689,50.6104],[-1.2662,50.6122],[-1.2662,50.6139],[-1.2634,50.6139],[-1.2634,50.6156],[-1.2634,50.6174],[-1.2607,50.6174],[-1.2607,50.6191],[-1.258,50.6191],[-1.258,50.6209],[-1.258,50.6226],[-1.258,50.6243],[-1.258,50.6261],[-1.258,50.6278],[-1.258,50.6295],[-1.258,50.6313],[-1.258,50.633],[-1.258,50.6348],[-1.2552,50.6348],[-1.2552,50.633],[-1.2525,50.633],[-1.2497,50.633],[-1.247,50.633],[-1.2443,50.633],[-1.2415,50.633],[-1.2388,50.6348],[-1.2388,50.633],[-1.236,50.633],[-1.236,50.6313],[-1.236,50.6295],[-1.236,50.6278],[-1.2333,50.6278],[-1.2333,50.6261],[-1.2333,50.6243],[-1.2306,50.6243],[-1.2306,50.6226],[-1.2278,50.6226],[-1.2278,50.6209],[-1.2278,50.6191],[-1.2306,50.6191],[-1.2333,50.6191],[-1.2333,50.6174],[-1.2333,50.6156],[-1.2333,50.6139],[-1.2306,50.6139],[-1.2306,50.6122],[-1.2278,50.6122],[-1.2251,50.6122],[-1.2223,50.6122],[-1.2196,50.6122],[-1.2169,50.6122],[-1.2169,50.6139],[-1.2196,50.6139],[-1.2196,50.6156],[-1.2223,50.6156],[-1.2223,50.6174],[-1.2223,50.6191],[-1.2251,50.6191],[-1.2251,50.6209],[-1.2251,50.6226],[-1.2223,50.6226],[-1.2223,50.6243],[-1.2223,50.6261],[-1.2196,50.6261],[-1.2196,50.6278],[-1.2169,50.6278],[-1.2169,50.6295],[-1.2141,50.6295],[-1.2114,50.6295],[-1.2086,50.6295],[-1.2059,50.6295],[-1.2032,50.6295],[-1.2004,50.6295],[-1.1977,50.6295],[-1.1977,50.6278],[-1.1949,50.6278],[-1.1949,50.6261],[-1.1922,50.6261],[-1.1895,50.6261],[-1.1867,50.6261],[-1.1867,50.6243],[-1.1867,50.6226],[-1.184,50.6226],[-1.184,50.6209],[-1.1812,50.6209],[-1.1785,50.6209],[-1.1758,50.6191],[-1.173,50.6191],[-1.173,50.6174],[-1.173,50.6156],[-1.173,50.6139],[-1.1758,50.6139],[-1.1758,50.6122],[-1.1758,50.6104],[-1.1758,50.6087],[-1.1758,50.6069],[-1.1785,50.6069],[-1.1812,50.6069],[-1.1812,50.6052],[-1.1812,50.6035],[-1.184,50.6035],[-1.1867,50.6035],[-1.1867,50.6017],[-1.1895,50.6017],[-1.1922,50.6017],[-1.1922,50.6],[-1.1949,50.6],[-1.1977,50.6],[-1.1977,50.5982],[-1.2004,50.5982],[-1.2032,50.5982],[-1.2059,50.5982],[-1.2086,50.5982],[-1.2086,50.5965],[-1.2114,50.5965],[-1.2114,50.5982],[-1.2141,50.5982],[-1.2141,50.6],[-1.2169,50.6],[-1.2169,50.6017],[-1.2169,50.6035],[-1.2196,50.6035],[-1.2223,50.6017],[-1.2223,50.6],[-1.2196,50.6],[-1.2196,50.5982],[-1.2196,50.5965],[-1.2169,50.5965],[-1.2169,50.5948],[-1.2196,50.5948],[-1.2223,50.5948],[-1.2251,50.5948],[-1.2251,50.593],[-1.2278,50.593],[-1.2306,50.593],[-1.2306,50.5913],[-1.2333,50.5913],[-1.236,50.5913],[-1.2388,50.5913],[-1.2388,50.5896],[-1.2415,50.5896],[-1.2443,50.5896],[-1.2443,50.5878],[-1.247,50.5878],[-1.2497,50.5878],[-1.2497,50.5861],[-1.2525,50.5861],[-1.2525,50.5843],[-1.2497,50.5843],[-1.247,50.5843],[-1.247,50.5861],[-1.2443,50.5861],[-1.2415,50.5861],[-1.2415,50.5878],[-1.2388,50.5878],[-1.236,50.5878],[-1.236,50.5896],[-1.2333,50.5896],[-1.2306,50.5896],[-1.2278,50.5896],[-1.2251,50.5896],[-1.2251,50.5878],[-1.2278,50.5878],[-1.2306,50.5878],[-1.2306,50.5861],[-1.2333,50.5861],[-1.236,50.5861],[-1.236,50.5843],[-1.2388,50.5843],[-1.2415,50.5843],[-1.2415,50.5826],[-1.2443,50.5826],[-1.247,50.5826],[-1.247,50.5809],[-1.2497,50.5809],[-1.2525,50.5809],[-1.2552,50.5809],[-1.2552,50.5791],[-1.258,50.5791],[-1.2607,50.5791],[-1.2634,50.5791],[-1.2634,50.5809],[-1.2662,50.5809],[-1.2662,50.5791],[-1.2689,50.5791],[-1.2717,50.5791],[-1.2744,50.5791],[-1.2771,50.5791],[-1.2799,50.5791],[-1.2799,50.5774],[-1.2826,50.5774],[-1.2854,50.5774],[-1.2881,50.5774],[-1.2881,50.5756],[-1.2908,50.5756],[-1.2936,50.5756],[-1.2963,50.5756],[-1.2991,50.5756],[-1.3018,50.5756],[-1.3045,50.5756]]]]},"properties":{"NAME":"Isle Of Wight","CODE":"16","DESIG_DATE":"Sep-63"}},{"type":"Feature","geometry":{"type":"MultiPolygon","coordinates":[[[[-3.0142,54.9715],[-3.017,54.9715],[-3.0197,54.9715],[-3.0197,54.9731],[-3.017,54.9731],[-3.0142,54.9731],[-3.0142,54.9715]]],[[[-3.2855,54.8455],[-3.2882,54.8455],[-3.2909,54.8455],[-3.2937,54.8455],[-3.2964,54.8455],[-3.2992,54.8455],[-3.3019,54.8455],[-3.3046,54.8455],[-3.3074,54.8455],[-3.3074,54.8471],[-3.3101,54.8471],[-3.3101,54.8487],[-3.3129,54.8503],[-3.3129,54.8518],[-3.3156,54.8518],[-3.3156,54.8534],[-3.3183,54.8534],[-3.3183,54.855],[-3.3211,54.8581],[-3.3211,54.8597],[-3.3238,54.8597],[-3.3238,54.8613],[-3.3238,54.8629],[-3.3266,54.8629],[-3.3266,54.8645],[-3.3266,54.866],[-3.3293,54.866],[-3.3293,54.8676],[-3.332,54.8676],[-3.332,54.8692],[-3.3348,54.8708],[-3.3348,54.8723],[-3.3375,54.8723],[-3.3403,54.8723],[-3.3403,54.8708],[-3.343,54.8708],[-3.3457,54.8708],[-3.3485,54.8692],[-3.3512,54.8692],[-3.3512,54.8676],[-3.354,54.8692],[-3.3512,54.8723],[-3.3512,54.8739],[-3.3512,54.8755],[-3.3512,54.8771],[-3.3512,54.8802],[-3.354,54.8802],[-3.3594,54.8834],[-3.3622,54.8849],[-3.3594,54.8849],[-3.3594,54.8865],[-3.3594,54.8881],[-3.3594,54.8897],[-3.3622,54.8897],[-3.3622,54.8913],[-3.3649,54.8913],[-3.3649,54.8928],[-3.3622,54.8928],[-3.3622,54.8944],[-3.3594,54.8944],[-3.3567,54.8944],[-3.3567,54.896],[-3.354,54.896],[-3.354,54.8976],[-3.3512,54.8976],[-3.3485,54.8976],[-3.3485,54.8991],[-3.3457,54.8991],[-3.343,54.8991],[-3.3403,54.8991],[-3.3403,54.9007],[-3.3375,54.9007],[-3.3375,54.8991],[-3.3348,54.8991],[-3.3375,54.8976],[-3.3403,54.8976],[-3.343,54.8976],[-3.343,54.896],[-3.3457,54.896],[-3.3457,54.8944],[-3.343,54.8944],[-3.343,54.896],[-3.3403,54.896],[-3.3403,54.8944],[-3.3375,54.8944],[-3.3375,54.8928],[-3.3348,54.8928],[-3.3348,54.8913],[-3.332,54.8913],[-3.3293,54.8913],[-3.3266,54.8913],[-3.3238,54.8913],[-3.3238,54.8897],[-3.3211,54.8897],[-3.3183,54.8897],[-3.3156,54.8897],[-3.3156,54.8881],[-3.3129,54.8881],[-3.3101,54.8881],[-3.3074,54.8865],[-3.3046,54.8865],[-3.3046,54.8849],[-3.3019,54.8849],[-3.2992,54.8849],[-3.2992,54.8834],[-3.2992,54.8818],[-3.2964,54.8818],[-3.2964,54.8802],[-3.2964,54.8786],[-3.2937,54.8786],[-3.2909,54.8786],[-3.2909,54.8802],[-3.2882,54.8802],[-3.2882,54.8786],[-3.2855,54.8786],[-3.2855,54.8771],[-3.2827,54.8771],[-3.2827,54.8755],[-3.2827,54.8739],[-3.2827,54.8723],[-3.28,54.8723],[-3.28,54.8739],[-3.28,54.8755],[-3.28,54.8771],[-3.28,54.8786],[-3.2827,54.8786],[-3.2827,54.8802],[-3.2827,54.8818],[-3.2855,54.8818],[-3.2855,54.8834],[-3.2855,54.8849],[-3.2855,54.8865],[-3.2855,54.8881],[-3.2882,54.8897],[-3.2882,54.8913],[-3.2882,54.8928],[-3.2855,54.8928],[-3.2827,54.8928],[-3.28,54.8928],[-3.2772,54.8928],[-3.2772,54.8913],[-3.2745,54.8913],[-3.2718,54.8913],[-3.269,54.8913],[-3.2663,54.8913],[-3.2635,54.8928],[-3.2635,54.8944],[-3.2608,54.8944],[-3.2608,54.896],[-3.2581,54.896],[-3.2581,54.8976],[-3.2553,54.8976],[-3.2553,54.8991],[-3.2553,54.9007],[-3.2553,54.9023],[-3.2526,54.9023],[-3.2498,54.9023],[-3.2498,54.9039],[-3.2526,54.9039],[-3.2553,54.9039],[-3.2553,54.9054],[-3.2553,54.907],[-3.2553,54.9086],[-3.2553,54.9102],[-3.2526,54.9117],[-3.2498,54.9117],[-3.2526,54.9133],[-3.2526,54.9117],[-3.2553,54.9117],[-3.2581,54.9117],[-3.2608,54.9117],[-3.2608,54.9102],[-3.2608,54.9086],[-3.2635,54.9086],[-3.2635,54.907],[-3.2635,54.9054],[-3.2663,54.9054],[-3.269,54.9054],[-3.269,54.9039],[-3.2718,54.9039],[-3.2745,54.9039],[-3.2745,54.9023],[-3.2772,54.9023],[-3.2772,54.9039],[-3.28,54.9039],[-3.2827,54.9039],[-3.2855,54.9039],[-3.2855,54.9054],[-3.2882,54.9054],[-3.2909,54.9054],[-3.2909,54.907],[-3.2937,54.907],[-3.2964,54.907],[-3.2992,54.907],[-3.2992,54.9086],[-3.3019,54.9086],[-3.3046,54.9086],[-3.3046,54.9102],[-3.3074,54.9102],[-3.3074,54.9117],[-3.3101,54.9117],[-3.3101,54.9133],[-3.3129,54.9133],[-3.3129,54.9149],[-3.3129,54.9165],[-3.3129,54.918],[-3.3129,54.9196],[-3.3129,54.9212],[-3.3101,54.9212],[-3.3101,54.9228],[-3.3074,54.9228],[-3.3074,54.9243],[-3.3046,54.9243],[-3.3046,54.9259],[-3.3046,54.9275],[-3.3019,54.9275],[-3.3019,54.9291],[-3.2992,54.9291],[-3.2964,54.9306],[-3.2964,54.9322],[-3.2964,54.9338],[-3.2937,54.9338],[-3.2937,54.9354],[-3.2937,54.9369],[-3.2909,54.9369],[-3.2909,54.9385],[-3.2882,54.9385],[-3.2882,54.9401],[-3.2855,54.9401],[-3.2855,54.9416],[-3.2827,54.9416],[-3.28,54.9416],[-3.2772,54.9416],[-3.2745,54.9416],[-3.2718,54.9416],[-3.269,54.9416],[-3.269,54.9432],[-3.2663,54.9432],[-3.2635,54.9432],[-3.2608,54.9432],[-3.2581,54.9432],[-3.2553,54.9432],[-3.2526,54.9432],[-3.2498,54.9432],[-3.2498,54.9448],[-3.2471,54.9448],[-3.2444,54.9448],[-3.2444,54.9464],[-3.2416,54.9464],[-3.2416,54.9479],[-3.2389,54.9479],[-3.2361,54.9479],[-3.2361,54.9495],[-3.2334,54.9495],[-3.2334,54.9511],[-3.2307,54.9511],[-3.2307,54.9527],[-3.2279,54.9527],[-3.2252,54.9527],[-3.2224,54.9527],[-3.2197,54.9527],[-3.217,54.9527],[-3.217,54.9542],[-3.2142,54.9542],[-3.2115,54.9542],[-3.2087,54.9542],[-3.206,54.9542],[-3.2033,54.9542],[-3.2005,54.9527],[-3.1978,54.9527],[-3.1978,54.9511],[-3.195,54.9511],[-3.1923,54.9511],[-3.1896,54.9511],[-3.1868,54.9511],[-3.1868,54.9495],[-3.1841,54.9495],[-3.1841,54.9479],[-3.1841,54.9464],[-3.1841,54.9448],[-3.1813,54.9448],[-3.1813,54.9432],[-3.1786,54.9432],[-3.1786,54.9416],[-3.1759,54.9416],[-3.1731,54.9416],[-3.1704,54.9416],[-3.1704,54.9401],[-3.1676,54.9401],[-3.1649,54.9401],[-3.1622,54.9385],[-3.1594,54.9385],[-3.1567,54.9385],[-3.1567,54.9369],[-3.1539,54.9369],[-3.1539,54.9354],[-3.1512,54.9354],[-3.1512,54.9338],[-3.1485,54.9338],[-3.1485,54.9322],[-3.1457,54.9322],[-3.143,54.9322],[-3.1402,54.9322],[-3.1375,54.9322],[-3.1348,54.9322],[-3.132,54.9322],[-3.1293,54.9322],[-3.1266,54.9322],[-3.1238,54.9322],[-3.1238,54.9306],[-3.1211,54.9306],[-3.1183,54.9306],[-3.1156,54.9306],[-3.1129,54.9306],[-3.1101,54.9306],[-3.1074,54.9306],[-3.1046,54.9306],[-3.1046,54.9322],[-3.1019,54.9322],[-3.0992,54.9322],[-3.0964,54.9322],[-3.0937,54.9322],[-3.0937,54.9338],[-3.0909,54.9338],[-3.0882,54.9338],[-3.0855,54.9338],[-3.0855,54.9354],[-3.0827,54.9354],[-3.08,54.9354],[-3.08,54.9369],[-3.0772,54.9369],[-3.0745,54.9369],[-3.0745,54.9385],[-3.0718,54.9385],[-3.069,54.9385],[-3.069,54.9401],[-3.069,54.9416],[-3.0663,54.9416],[-3.0663,54.9432],[-3.0663,54.9448],[-3.0635,54.9448],[-3.0635,54.9464],[-3.0608,54.9464],[-3.0608,54.9448],[-3.0581,54.9448],[-3.0553,54.9448],[-3.0553,54.9464],[-3.0526,54.9464],[-3.0498,54.9464],[-3.0471,54.9448],[-3.0471,54.9464],[-3.0444,54.9448],[-3.0416,54.9448],[-3.0416,54.9464],[-3.0416,54.9479],[-3.0444,54.9479],[-3.0444,54.9495],[-3.0471,54.9495],[-3.0471,54.9511],[-3.0498,54.9511],[-3.0526,54.9511],[-3.0553,54.9511],[-3.0553,54.9527],[-3.0581,54.9527],[-3.0581,54.9511],[-3.0608,54.9511],[-3.0608,54.9495],[-3.0635,54.9495],[-3.0663,54.9495],[-3.069,54.9495],[-3.069,54.9511],[-3.0718,54.9511],[-3.0718,54.9495],[-3.069,54.9495],[-3.069,54.9479],[-3.0718,54.9479],[-3.0718,54.9464],[-3.0745,54.9448],[-3.0745,54.9432],[-3.0772,54.9432],[-3.08,54.9432],[-3.08,54.9416],[-3.08,54.9401],[-3.0827,54.9401],[-3.0855,54.9401],[-3.0855,54.9385],[-3.0882,54.9385],[-3.0909,54.9385],[-3.0937,54.9385],[-3.0937,54.9401],[-3.0964,54.9401],[-3.0992,54.9401],[-3.0992,54.9385],[-3.1019,54.9385],[-3.1046,54.9385],[-3.1046,54.9369],[-3.1074,54.9369],[-3.1101,54.9369],[-3.1129,54.9369],[-3.1129,54.9385],[-3.1156,54.9385],[-3.1156,54.9401],[-3.1183,54.9401],[-3.1211,54.9401],[-3.1238,54.9401],[-3.1266,54.9401],[-3.1266,54.9416],[-3.1293,54.9416],[-3.1293,54.9432],[-3.1293,54.9448],[-3.132,54.9448],[-3.132,54.9464],[-3.132,54.9479],[-3.1293,54.9479],[-3.1293,54.9495],[-3.1266,54.9495],[-3.1266,54.9511],[-3.1238,54.9511],[-3.1211,54.9511],[-3.1183,54.9511],[-3.1183,54.9495],[-3.1156,54.9479],[-3.1156,54.9495],[-3.1156,54.9511],[-3.1129,54.9511],[-3.1101,54.9495],[-3.1101,54.9511],[-3.1129,54.9511],[-3.1129,54.9527],[-3.1101,54.9527],[-3.1074,54.9527],[-3.1074,54.9542],[-3.1074,54.9558],[-3.1046,54.9542],[-3.1046,54.9558],[-3.1074,54.9558],[-3.1101,54.9558],[-3.1129,54.9558],[-3.1156,54.9558],[-3.1156,54.9574],[-3.1183,54.9574],[-3.1183,54.959],[-3.1156,54.9605],[-3.1156,54.9621],[-3.1129,54.9621],[-3.1129,54.9637],[-3.1129,54.9652],[-3.1101,54.9652],[-3.1074,54.9652],[-3.1046,54.9652],[-3.1019,54.9652],[-3.0992,54.9652],[-3.0992,54.9668],[-3.1019,54.9668],[-3.1046,54.9668],[-3.1074,54.9668],[-3.1074,54.9684],[-3.1074,54.97],[-3.1046,54.97],[-3.1046,54.9715],[-3.1019,54.9715],[-3.0992,54.9715],[-3.0964,54.9715],[-3.0937,54.9715],[-3.0937,54.97],[-3.0909,54.97],[-3.0882,54.97],[-3.0855,54.97],[-3.0827,54.97],[-3.08,54.97],[-3.0772,54.97],[-3.0772,54.9715],[-3.0745,54.9715],[-3.0745,54.9731],[-3.0745,54.9747],[-3.0718,54.9747],[-3.069,54.9747],[-3.069,54.9763],[-3.0663,54.9763],[-3.0663,54.9778],[-3.0663,54.9794],[-3.0635,54.9794],[-3.0635,54.981],[-3.0608,54.981],[-3.0608,54.9825],[-3.0581,54.9825],[-3.0553,54.9825],[-3.0553,54.981],[-3.0526,54.981],[-3.0526,54.9794],[-3.0526,54.9778],[-3.0498,54.9778],[-3.0471,54.9763],[-3.0444,54.9747],[-3.0444,54.9763],[-3.0444,54.9778],[-3.0416,54.9778],[-3.0416,54.9763],[-3.0389,54.9763],[-3.0389,54.9747],[-3.0389,54.9731],[-3.0416,54.9731],[-3.0416,54.9715],[-3.0416,54.97],[-3.0416,54.9684],[-3.0389,54.9684],[-3.0361,54.9684],[-3.0361,54.97],[-3.0334,54.97],[-3.0307,54.97],[-3.0279,54.97],[-3.0252,54.97],[-3.0252,54.9715],[-3.0224,54.9715],[-3.0197,54.9715],[-3.0197,54.97],[-3.0224,54.97],[-3.0224,54.9684],[-3.0252,54.9668],[-3.0252,54.9652],[-3.0279,54.9652],[-3.0307,54.9637],[-3.0307,54.9621],[-3.0279,54.9605],[-3.0279,54.959],[-3.0279,54.9574],[-3.0279,54.9558],[-3.0252,54.9558],[-3.0252,54.9542],[-3.0224,54.9542],[-3.0197,54.9542],[-3.0197,54.9527],[-3.017,54.9511],[-3.017,54.9495],[-3.0142,54.9495],[-3.0115,54.9495],[-3.0115,54.9479],[-3.0115,54.9464],[-3.0087,54.9464],[-3.006,54.9464],[-3.006,54.9448],[-3.006,54.9432],[-3.006,54.9416],[-3.0033,54.9416],[-3.0033,54.9401],[-3.0033,54.9385],[-3.0005,54.9385],[-3.0005,54.9369],[-3.0005,54.9354],[-3.0033,54.9354],[-3.0033,54.9338],[-3.0033,54.9322],[-3.006,54.9322],[-3.006,54.9306],[-3.0087,54.9306],[-3.0087,54.9291],[-3.0115,54.9291],[-3.0115,54.9275],[-3.0142,54.9275],[-3.0142,54.9259],[-3.0142,54.9243],[-3.0142,54.9228],[-3.0142,54.9212],[-3.017,54.9212],[-3.017,54.9196],[-3.0197,54.9196],[-3.0224,54.9212],[-3.0252,54.9212],[-3.0279,54.9212],[-3.0307,54.9212],[-3.0334,54.9212],[-3.0361,54.9212],[-3.0389,54.9212],[-3.0416,54.9212],[-3.0444,54.9212],[-3.0471,54.9212],[-3.0498,54.9212],[-3.0526,54.9212],[-3.0553,54.9212],[-3.0581,54.9196],[-3.0608,54.9196],[-3.0635,54.9196],[-3.0635,54.9212],[-3.0663,54.9212],[-3.069,54.9212],[-3.0718,54.9212],[-3.0745,54.9212],[-3.0772,54.9212],[-3.08,54.9212],[-3.08,54.9228],[-3.0827,54.9228],[-3.0855,54.9228],[-3.0882,54.9228],[-3.0909,54.9228],[-3.0937,54.9228],[-3.0964,54.9228],[-3.0964,54.9212],[-3.0992,54.9212],[-3.1019,54.9212],[-3.1046,54.9196],[-3.1074,54.9196],[-3.1074,54.9212],[-3.1101,54.9212],[-3.1129,54.9212],[-3.1156,54.9212],[-3.1183,54.9212],[-3.1211,54.9212],[-3.1211,54.9228],[-3.1238,54.9228],[-3.1238,54.9243],[-3.1266,54.9243],[-3.1293,54.9243],[-3.1293,54.9228],[-3.132,54.9228],[-3.1348,54.9228],[-3.143,54.9259],[-3.1457,54.9259],[-3.1485,54.9259],[-3.1512,54.9243],[-3.1539,54.9243],[-3.1539,54.9228],[-3.1567,54.9228],[-3.1594,54.9228],[-3.1594,54.9243],[-3.1622,54.9243],[-3.1649,54.9243],[-3.1649,54.9259],[-3.1649,54.9275],[-3.1649,54.9291],[-3.1676,54.9291],[-3.1676,54.9306],[-3.1676,54.9322],[-3.1704,54.9322],[-3.1704,54.9306],[-3.1731,54.9306],[-3.1759,54.9291],[-3.1759,54.9275],[-3.1786,54.9275],[-3.1786,54.9259],[-3.1786,54.9243],[-3.1813,54.9243],[-3.1841,54.9243],[-3.1841,54.9228],[-3.1868,54.9228],[-3.1896,54.9228],[-3.1896,54.9212],[-3.1923,54.9212],[-3.1923,54.9196],[-3.195,54.9196],[-3.195,54.918],[-3.1978,54.918],[-3.1978,54.9165],[-3.1978,54.9149],[-3.2005,54.9149],[-3.2005,54.9133],[-3.1978,54.9133],[-3.195,54.9133],[-3.1923,54.9133],[-3.1923,54.9117],[-3.1896,54.9117],[-3.1896,54.9102],[-3.1868,54.9102],[-3.1841,54.9086],[-3.1868,54.907],[-3.1896,54.907],[-3.1896,54.9054],[-3.1923,54.9054],[-3.1923,54.9039],[-3.195,54.9039],[-3.195,54.9023],[-3.1978,54.9023],[-3.1978,54.9007],[-3.2005,54.9007],[-3.2033,54.9007],[-3.2033,54.8991],[-3.206,54.8991],[-3.206,54.8976],[-3.2087,54.8976],[-3.2087,54.896],[-3.2115,54.896],[-3.2115,54.8944],[-3.2142,54.8944],[-3.2142,54.8928],[-3.217,54.8928],[-3.217,54.8913],[-3.2197,54.8913],[-3.2197,54.8897],[-3.2224,54.8897],[-3.2224,54.8881],[-3.2252,54.8881],[-3.2279,54.8865],[-3.2279,54.8849],[-3.2307,54.8849],[-3.2307,54.8834],[-3.2334,54.8834],[-3.2334,54.8818],[-3.2361,54.8818],[-3.2361,54.8802],[-3.2389,54.8802],[-3.2389,54.8786],[-3.2416,54.8786],[-3.2444,54.8771],[-3.2471,54.8755],[-3.2498,54.8755],[-3.2498,54.8739],[-3.2526,54.8723],[-3.2553,54.8723],[-3.2553,54.8708],[-3.2581,54.8708],[-3.2581,54.8692],[-3.2608,54.8692],[-3.2608,54.8676],[-3.2635,54.8676],[-3.2635,54.866],[-3.2663,54.866],[-3.2663,54.8645],[-3.269,54.8645],[-3.269,54.8629],[-3.2718,54.8629],[-3.2718,54.8613],[-3.2718,54.8597],[-3.2745,54.8597],[-3.2745,54.8581],[-3.2745,54.8566],[-3.2772,54.8566],[-3.2772,54.855],[-3.2772,54.8534],[-3.28,54.8534],[-3.28,54.8518],[-3.28,54.8503],[-3.28,54.8487],[-3.2827,54.8487],[-3.2827,54.8471],[-3.2855,54.8471],[-3.2855,54.8455]]],[[[-3.28,54.8629],[-3.28,54.8645],[-3.2827,54.8645],[-3.2827,54.866],[-3.2855,54.866],[-3.2855,54.8645],[-3.2855,54.8629],[-3.2827,54.8629],[-3.28,54.8629]]],[[[-3.2827,54.8692],[-3.2827,54.8708],[-3.2855,54.8708],[-3.2855,54.8692],[-3.2827,54.8692]]],[[[-3.4827,54.7191],[-3.4855,54.7191],[-3.4882,54.7191],[-3.4882,54.7207],[-3.491,54.7207],[-3.4937,54.7207],[-3.4964,54.7207],[-3.4964,54.7223],[-3.4964,54.7239],[-3.4964,54.7255],[-3.4937,54.7255],[-3.4937,54.727],[-3.491,54.727],[-3.491,54.7286],[-3.4882,54.7286],[-3.4855,54.7286],[-3.4855,54.7302],[-3.4827,54.7302],[-3.4827,54.7318],[-3.48,54.7318],[-3.4773,54.7334],[-3.4745,54.7349],[-3.4718,54.7349],[-3.4718,54.7365],[-3.469,54.7365],[-3.469,54.7381],[-3.4663,54.7381],[-3.4636,54.7381],[-3.4636,54.7397],[-3.4608,54.7397],[-3.4608,54.7413],[-3.4581,54.7413],[-3.4581,54.7429],[-3.4553,54.7444],[-3.4553,54.746],[-3.4526,54.746],[-3.4526,54.7476],[-3.4526,54.7492],[-3.4499,54.7492],[-3.4499,54.7508],[-3.4471,54.7508],[-3.4471,54.7523],[-3.4444,54.7523],[-3.4444,54.7539],[-3.4416,54.7539],[-3.4416,54.7555],[-3.4389,54.7555],[-3.4389,54.7571],[-3.4389,54.7587],[-3.4362,54.7587],[-3.4362,54.7603],[-3.4362,54.7618],[-3.4362,54.7634],[-3.4334,54.7634],[-3.4334,54.765],[-3.4334,54.7666],[-3.4334,54.7682],[-3.4334,54.7697],[-3.4334,54.7713],[-3.4307,54.7713],[-3.4307,54.7729],[-3.4307,54.7745],[-3.4307,54.7761],[-3.4307,54.7776],[-3.4307,54.7792],[-3.4307,54.7808],[-3.4307,54.7824],[-3.4307,54.784],[-3.4334,54.784],[-3.4334,54.7855],[-3.4334,54.7871],[-3.4334,54.7887],[-3.4334,54.7903],[-3.4362,54.7903],[-3.4362,54.7919],[-3.4362,54.7934],[-3.4362,54.795],[-3.4389,54.795],[-3.4389,54.7966],[-3.4389,54.7982],[-3.4389,54.7998],[-3.4389,54.8013],[-3.4389,54.8029],[-3.4362,54.8029],[-3.4362,54.8045],[-3.4362,54.8061],[-3.4334,54.8061],[-3.4334,54.8076],[-3.4334,54.8092],[-3.4307,54.8092],[-3.4307,54.8108],[-3.4307,54.8124],[-3.4307,54.814],[-3.4279,54.814],[-3.4279,54.8155],[-3.4279,54.8171],[-3.4279,54.8187],[-3.4252,54.8187],[-3.4252,54.8203],[-3.4252,54.8219],[-3.4225,54.8219],[-3.4225,54.8234],[-3.4225,54.825],[-3.4225,54.8266],[-3.4197,54.8266],[-3.4197,54.8282],[-3.4197,54.8298],[-3.417,54.8298],[-3.417,54.8313],[-3.417,54.8329],[-3.4142,54.8329],[-3.4142,54.8345],[-3.4142,54.8361],[-3.4115,54.8361],[-3.4115,54.8376],[-3.4115,54.8392],[-3.4115,54.8408],[-3.4088,54.8408],[-3.4088,54.8424],[-3.4088,54.844],[-3.4088,54.8455],[-3.4088,54.8471],[-3.406,54.8471],[-3.406,54.8487],[-3.406,54.8503],[-3.406,54.8518],[-3.4033,54.8518],[-3.4033,54.8503],[-3.4005,54.8503],[-3.3978,54.8503],[-3.3923,54.8503],[-3.3923,54.8487],[-3.3923,54.8471],[-3.3923,54.8455],[-3.3951,54.8455],[-3.3978,54.8455],[-3.4005,54.8455],[-3.4005,54.844],[-3.4033,54.844],[-3.4033,54.8424],[-3.4033,54.8408],[-3.406,54.8408],[-3.406,54.8392],[-3.406,54.8376],[-3.406,54.8361],[-3.406,54.8345],[-3.4033,54.8345],[-3.4033,54.8329],[-3.4033,54.8313],[-3.4033,54.8298],[-3.406,54.8298],[-3.4088,54.8298],[-3.4088,54.8282],[-3.4088,54.8266],[-3.4115,54.8266],[-3.4115,54.825],[-3.4115,54.8234],[-3.4115,54.8219],[-3.4115,54.8203],[-3.4115,54.8187],[-3.4115,54.8171],[-3.4115,54.8155],[-3.4088,54.8155],[-3.4088,54.814],[-3.406,54.814],[-3.406,54.8124],[-3.4033,54.8124],[-3.4033,54.8108],[-3.4005,54.8108],[-3.3978,54.8108],[-3.3978,54.8092],[-3.3978,54.8076],[-3.4005,54.8076],[-3.4033,54.8076],[-3.4033,54.8061],[-3.406,54.8061],[-3.4088,54.8061],[-3.4088,54.8045],[-3.4115,54.8045],[-3.4142,54.8045],[-3.4142,54.8029],[-3.417,54.8029],[-3.417,54.8013],[-3.4197,54.8013],[-3.4197,54.7998],[-3.4197,54.7982],[-3.417,54.7966],[-3.4197,54.795],[-3.4197,54.7934],[-3.417,54.7934],[-3.4142,54.7934],[-3.4142,54.7919],[-3.417,54.7919],[-3.417,54.7903],[-3.4197,54.7903],[-3.4197,54.7887],[-3.4225,54.7887],[-3.4225,54.7871],[-3.4197,54.7871],[-3.417,54.7871],[-3.4142,54.7871],[-3.4142,54.7855],[-3.4115,54.784],[-3.4088,54.784],[-3.4088,54.7824],[-3.4115,54.7808],[-3.4088,54.7808],[-3.4088,54.7792],[-3.4088,54.7776],[-3.4115,54.7776],[-3.4115,54.7761],[-3.4115,54.7745],[-3.4142,54.7745],[-3.4142,54.7729],[-3.417,54.7729],[-3.417,54.7713],[-3.417,54.7697],[-3.4142,54.7697],[-3.4142,54.7682],[-3.4115,54.7682],[-3.4088,54.7682],[-3.4088,54.7666],[-3.4088,54.765],[-3.4088,54.7634],[-3.4115,54.7634],[-3.4115,54.7618],[-3.4142,54.7603],[-3.417,54.7603],[-3.417,54.7587],[-3.4197,54.7587],[-3.4197,54.7571],[-3.4225,54.7571],[-3.4225,54.7555],[-3.4225,54.7539],[-3.4225,54.7523],[-3.4225,54.7508],[-3.4225,54.7492],[-3.4225,54.7476],[-3.4252,54.7476],[-3.4252,54.746],[-3.4279,54.746],[-3.4279,54.7444],[-3.4307,54.7444],[-3.4334,54.7429],[-3.4362,54.7413],[-3.4362,54.7397],[-3.4389,54.7397],[-3.4416,54.7397],[-3.4416,54.7381],[-3.4444,54.7381],[-3.4444,54.7365],[-3.4471,54.7365],[-3.4471,54.7349],[-3.4444,54.7349],[-3.4444,54.7334],[-3.4471,54.7318],[-3.4499,54.7318],[-3.4526,54.7318],[-3.4526,54.7302],[-3.4553,54.7302],[-3.4581,54.7302],[-3.4608,54.7286],[-3.4636,54.7286],[-3.4663,54.727],[-3.469,54.727],[-3.4718,54.727],[-3.4718,54.7255],[-3.4745,54.7255],[-3.4773,54.7255],[-3.4773,54.7239],[-3.48,54.7239],[-3.48,54.7223],[-3.48,54.7207],[-3.4827,54.7207],[-3.4827,54.7191]]]]},"properties":{"NAME":"Solway Coast","CODE":"30","DESIG_DATE":"Dec-64"}},{"type":"Feature","geometry":{"type":"MultiPolygon","coordinates":[[[[0.1476,51.215],[0.1476,51.2167],[0.1448,51.2167],[0.1421,51.2167],[0.1421,51.2185],[0.1394,51.2185],[0.1366,51.2185],[0.1339,51.2185],[0.1339,51.2202],[0.1311,51.2202],[0.1311,51.2219],[0.1284,51.2219],[0.1284,51.2236],[0.1257,51.2236],[0.1229,51.2236],[0.1202,51.2236],[0.1174,51.2236],[0.1147,51.2236],[0.112,51.2236],[0.112,51.2253],[0.1092,51.2253],[0.1092,51.227],[0.1092,51.2288],[0.1065,51.2288],[0.1037,51.2288],[0.1037,51.227],[0.101,51.227],[0.0983,51.227],[0.0955,51.227],[0.0928,51.227],[0.0928,51.2288],[0.09,51.2288],[0.09,51.2305],[0.0873,51.2305],[0.0846,51.2305],[0.0818,51.2305],[0.0791,51.2305],[0.0763,51.2305],[0.0736,51.2305],[0.0736,51.2288],[0.0736,51.227],[0.0709,51.227],[0.0654,51.2253],[0.0626,51.2253],[0.0599,51.2253],[0.0599,51.227],[0.0572,51.227],[0.0544,51.227],[0.0544,51.2288],[0.0517,51.2288],[0.0489,51.2288],[0.0462,51.2288],[0.0435,51.2288],[0.0435,51.2305],[0.0435,51.2322],[0.0462,51.2322],[0.0462,51.2339],[0.0489,51.2339],[0.0489,51.2356],[0.0517,51.2356],[0.0517,51.2373],[0.0544,51.2373],[0.0544,51.2391],[0.0544,51.2408],[0.0544,51.2425],[0.0572,51.2425],[0.0572,51.2442],[0.0572,51.2459],[0.0572,51.2476],[0.0572,51.2493],[0.0572,51.2511],[0.0572,51.2528],[0.0544,51.2528],[0.0544,51.2545],[0.0544,51.2562],[0.0544,51.2579],[0.0517,51.2579],[0.0517,51.2596],[0.0517,51.2613],[0.0517,51.2631],[0.0517,51.2648],[0.0489,51.2648],[0.0489,51.2665],[0.0489,51.2682],[0.0489,51.2699],[0.0489,51.2716],[0.0462,51.2716],[0.0462,51.2733],[0.0462,51.2751],[0.0462,51.2768],[0.0462,51.2785],[0.0462,51.2802],[0.0462,51.2819],[0.0462,51.2836],[0.0489,51.2836],[0.0489,51.2853],[0.0489,51.2871],[0.0462,51.2871],[0.0462,51.2888],[0.0462,51.2905],[0.0435,51.2905],[0.0435,51.2922],[0.0435,51.2939],[0.0462,51.2939],[0.0489,51.2939],[0.0517,51.2939],[0.0517,51.2922],[0.0544,51.2922],[0.0572,51.2922],[0.0572,51.2939],[0.0572,51.2956],[0.0599,51.2973],[0.0599,51.2991],[0.0599,51.3008],[0.0626,51.3008],[0.0626,51.3025],[0.0654,51.3025],[0.0654,51.3042],[0.0681,51.3042],[0.0709,51.3042],[0.0736,51.3042],[0.0763,51.3042],[0.0791,51.3042],[0.0818,51.3042],[0.0846,51.3042],[0.0873,51.3042],[0.0873,51.3025],[0.09,51.3025],[0.09,51.3042],[0.0928,51.3042],[0.0955,51.3042],[0.0955,51.3059],[0.0983,51.3059],[0.101,51.3059],[0.101,51.3076],[0.1037,51.3076],[0.1037,51.3093],[0.1065,51.3093],[0.1065,51.311],[0.1065,51.3128],[0.1092,51.3128],[0.112,51.3128],[0.1147,51.3128],[0.1147,51.3145],[0.1174,51.3145],[0.1202,51.3145],[0.1229,51.3145],[0.1229,51.3162],[0.1257,51.3162],[0.1257,51.3145],[0.1284,51.3162],[0.1284,51.3145],[0.1311,51.3145],[0.1339,51.3145],[0.1339,51.3162],[0.1366,51.3162],[0.1394,51.3162],[0.1394,51.3179],[0.1421,51.3179],[0.1448,51.3179],[0.1448,51.3196],[0.1476,51.3196],[0.1503,51.3196],[0.1503,51.3213],[0.1531,51.3213],[0.1531,51.323],[0.1558,51.323],[0.1558,51.3247],[0.1531,51.3247],[0.1531,51.3265],[0.1531,51.3282],[0.1503,51.3282],[0.1503,51.3299],[0.1503,51.3316],[0.1476,51.3316],[0.1476,51.3333],[0.1476,51.335],[0.1476,51.3367],[0.1448,51.3367],[0.1448,51.3384],[0.1448,51.3401],[0.1448,51.3419],[0.1421,51.3419],[0.1421,51.3436],[0.1394,51.3436],[0.1394,51.3453],[0.1366,51.3453],[0.1366,51.347],[0.1366,51.3487],[0.1366,51.3504],[0.1394,51.3504],[0.1394,51.3521],[0.1394,51.3538],[0.1421,51.3538],[0.1421,51.3555],[0.1448,51.3555],[0.1476,51.3555],[0.1476,51.3573],[0.1476,51.359],[0.1476,51.3607],[0.1503,51.3607],[0.1503,51.3624],[0.1503,51.3641],[0.1531,51.3641],[0.1531,51.3658],[0.1531,51.3675],[0.1558,51.3675],[0.1558,51.3692],[0.1558,51.3709],[0.1558,51.3727],[0.1585,51.3727],[0.1613,51.3727],[0.164,51.3727],[0.164,51.3709],[0.1668,51.3709],[0.1695,51.3709],[0.1722,51.3709],[0.175,51.3709],[0.1777,51.3709],[0.1805,51.3709],[0.1805,51.3727],[0.1832,51.3727],[0.1832,51.3744],[0.1832,51.3761],[0.1859,51.3761],[0.1859,51.3778],[0.1859,51.3795],[0.1887,51.3795],[0.1859,51.3812],[0.1859,51.3829],[0.1859,51.3846],[0.1859,51.3863],[0.1887,51.3863],[0.1887,51.388],[0.1914,51.388],[0.1942,51.388],[0.1969,51.388],[0.1996,51.388],[0.1996,51.3863],[0.2024,51.3863],[0.2051,51.3863],[0.2051,51.3846],[0.2079,51.3846],[0.2133,51.3829],[0.2161,51.3829],[0.2188,51.3829],[0.2216,51.3829],[0.2243,51.3829],[0.2243,51.3812],[0.227,51.3812],[0.227,51.3795],[0.227,51.3778],[0.2298,51.3778],[0.2298,51.3761],[0.2325,51.3761],[0.2353,51.3744],[0.2353,51.3727],[0.238,51.3727],[0.238,51.3709],[0.2407,51.3709],[0.2407,51.3692],[0.2435,51.3692],[0.2462,51.3675],[0.2462,51.3658],[0.249,51.3658],[0.249,51.3641],[0.249,51.3624],[0.2517,51.3624],[0.2517,51.3607],[0.2517,51.359],[0.2517,51.3573],[0.2517,51.3555],[0.2517,51.3538],[0.2517,51.3521],[0.249,51.3521],[0.249,51.3504],[0.249,51.3487],[0.249,51.347],[0.2517,51.347],[0.2517,51.3453],[0.2544,51.3453],[0.2544,51.3436],[0.2544,51.3419],[0.2544,51.3401],[0.2572,51.3401],[0.2599,51.3401],[0.2626,51.3401],[0.2681,51.3401],[0.2681,51.3384],[0.2709,51.3384],[0.2709,51.3367],[0.2736,51.3367],[0.2736,51.335],[0.2763,51.335],[0.2763,51.3333],[0.2791,51.3333],[0.2818,51.3316],[0.2818,51.3299],[0.2846,51.3299],[0.2846,51.3282],[0.2846,51.3265],[0.2873,51.3265],[0.2873,51.3247],[0.2873,51.323],[0.29,51.323],[0.2928,51.323],[0.2928,51.3213],[0.2955,51.3213],[0.2983,51.3213],[0.2983,51.3196],[0.301,51.3196],[0.3037,51.3196],[0.3037,51.3213],[0.301,51.3213],[0.301,51.323],[0.3037,51.323],[0.3065,51.323],[0.3065,51.3213],[0.3092,51.3213],[0.312,51.3213],[0.3147,51.3213],[0.3174,51.3213],[0.3202,51.3213],[0.3229,51.3213],[0.3257,51.3213],[0.3284,51.3213],[0.3311,51.3213],[0.3339,51.323],[0.3366,51.3247],[0.3394,51.3247],[0.3394,51.3265],[0.3421,51.3265],[0.3448,51.3265],[0.3448,51.3282],[0.3476,51.3282],[0.3476,51.3299],[0.3503,51.3299],[0.3503,51.3316],[0.3531,51.3316],[0.3558,51.3316],[0.3585,51.3316],[0.3585,51.3333],[0.3613,51.3333],[0.364,51.3333],[0.3668,51.3333],[0.3668,51.335],[0.3695,51.3367],[0.3722,51.3367],[0.3722,51.3384],[0.3722,51.3401],[0.3722,51.3419],[0.3722,51.3436],[0.3722,51.3453],[0.3722,51.347],[0.375,51.347],[0.375,51.3487],[0.3777,51.3487],[0.3777,51.3504],[0.375,51.3504],[0.375,51.3521],[0.375,51.3538],[0.375,51.3555],[0.3722,51.3555],[0.3695,51.3555],[0.3668,51.3555],[0.3668,51.3573],[0.3668,51.359],[0.3668,51.3607],[0.364,51.3607],[0.364,51.3624],[0.364,51.3641],[0.364,51.3658],[0.3668,51.3658],[0.3668,51.3675],[0.3695,51.3675],[0.3722,51.3675],[0.3722,51.3692],[0.3722,51.3709],[0.3722,51.3727],[0.3695,51.3727],[0.3695,51.3744],[0.3695,51.3761],[0.3695,51.3778],[0.3695,51.3795],[0.3722,51.3795],[0.375,51.3812],[0.3777,51.3812],[0.3777,51.3829],[0.3805,51.3829],[0.3805,51.3846],[0.3805,51.3863],[0.3832,51.3863],[0.3832,51.388],[0.3859,51.388],[0.3859,51.3898],[0.3887,51.3898],[0.3887,51.3915],[0.3914,51.3915],[0.3914,51.3932],[0.3914,51.3949],[0.3942,51.3949],[0.3942,51.3966],[0.3969,51.3966],[0.3969,51.3983],[0.3996,51.3983],[0.4024,51.3983],[0.4024,51.4],[0.4051,51.4],[0.4051,51.4017],[0.4051,51.4034],[0.4051,51.4051],[0.4051,51.4069],[0.4079,51.4069],[0.4079,51.4086],[0.4079,51.4103],[0.4079,51.412],[0.4106,51.412],[0.4106,51.4137],[0.4133,51.4137],[0.4133,51.412],[0.4161,51.412],[0.4161,51.4103],[0.4188,51.4103],[0.4188,51.4086],[0.4216,51.4086],[0.4216,51.4103],[0.4243,51.4103],[0.427,51.4103],[0.427,51.4086],[0.427,51.4069],[0.4298,51.4069],[0.4298,51.4051],[0.4325,51.4051],[0.4325,51.4069],[0.4353,51.4069],[0.4353,51.4051],[0.438,51.4051],[0.438,51.4034],[0.4407,51.4034],[0.4435,51.4017],[0.4435,51.4],[0.4462,51.4],[0.4462,51.3983],[0.449,51.3983],[0.4517,51.3983],[0.4517,51.3966],[0.4544,51.3966],[0.4544,51.3949],[0.4572,51.3949],[0.4572,51.3932],[0.4599,51.3932],[0.4599,51.3915],[0.4627,51.3915],[0.4627,51.3898],[0.4627,51.388],[0.4654,51.388],[0.4654,51.3863],[0.4654,51.3846],[0.4681,51.3846],[0.4681,51.3829],[0.4681,51.3812],[0.4681,51.3795],[0.4654,51.3795],[0.4627,51.3795],[0.4627,51.3778],[0.4599,51.3778],[0.4572,51.3778],[0.4544,51.3778],[0.4517,51.3778],[0.449,51.3778],[0.449,51.3795],[0.4462,51.3795],[0.4462,51.3778],[0.4435,51.3778],[0.4435,51.3761],[0.4462,51.3761],[0.449,51.3761],[0.449,51.3744],[0.4517,51.3744],[0.4517,51.3727],[0.4544,51.3727],[0.4544,51.3709],[0.4517,51.3692],[0.449,51.3692],[0.449,51.3675],[0.4462,51.3675],[0.4462,51.3658],[0.4435,51.3658],[0.4435,51.3641],[0.4407,51.3641],[0.4407,51.3624],[0.438,51.3607],[0.4353,51.3607],[0.4353,51.359],[0.4325,51.359],[0.4325,51.3573],[0.4325,51.3555],[0.4298,51.3555],[0.4298,51.3538],[0.427,51.3538],[0.427,51.3521],[0.427,51.3504],[0.427,51.3487],[0.4243,51.3487],[0.4243,51.347],[0.4243,51.3453],[0.4216,51.3436],[0.4216,51.3419],[0.4188,51.3419],[0.4188,51.3401],[0.4188,51.3384],[0.4161,51.3367],[0.4161,51.335],[0.4161,51.3333],[0.4188,51.3333],[0.4188,51.3316],[0.4216,51.3316],[0.4216,51.3299],[0.4216,51.3282],[0.4243,51.3282],[0.4243,51.3265],[0.427,51.3247],[0.427,51.323],[0.427,51.3213],[0.4298,51.3213],[0.4298,51.3196],[0.4298,51.3179],[0.4325,51.3179],[0.4325,51.3162],[0.4298,51.3162],[0.4298,51.3145],[0.427,51.3145],[0.427,51.3128],[0.427,51.311],[0.427,51.3093],[0.4243,51.3093],[0.4216,51.3093],[0.4216,51.311],[0.4188,51.311],[0.4161,51.311],[0.4133,51.311],[0.4106,51.311],[0.4079,51.311],[0.4051,51.311],[0.4024,51.311],[0.3996,51.311],[0.3969,51.311],[0.3969,51.3093],[0.3942,51.3093],[0.3914,51.3093],[0.3887,51.3093],[0.3859,51.3093],[0.3832,51.3093],[0.3805,51.3093],[0.3777,51.3093],[0.375,51.3093],[0.3722,51.3093],[0.3695,51.3093],[0.3668,51.3093],[0.364,51.3076],[0.3613,51.3076],[0.3585,51.3076],[0.3558,51.3076],[0.3558,51.3059],[0.3531,51.3059],[0.3503,51.3059],[0.3476,51.3042],[0.3448,51.3042],[0.3421,51.3042],[0.3394,51.3042],[0.3394,51.3025],[0.3366,51.3025],[0.3339,51.3025],[0.3339,51.3042],[0.3311,51.3042],[0.3311,51.3059],[0.3284,51.3059],[0.3284,51.3076],[0.3257,51.3076],[0.3229,51.3076],[0.3229,51.3059],[0.3202,51.3059],[0.3202,51.3042],[0.3174,51.3042],[0.3174,51.3025],[0.3174,51.3008],[0.3147,51.2991],[0.3147,51.2973],[0.312,51.2973],[0.3092,51.2973],[0.3092,51.2991],[0.3065,51.2991],[0.3037,51.2991],[0.301,51.2991],[0.2983,51.2991],[0.2983,51.2973],[0.2983,51.2956],[0.2983,51.2939],[0.2983,51.2922],[0.301,51.2922],[0.301,51.2905],[0.301,51.2888],[0.2983,51.2871],[0.2983,51.2853],[0.301,51.2853],[0.3037,51.2836],[0.3037,51.2819],[0.3037,51.2802],[0.3037,51.2785],[0.3037,51.2768],[0.301,51.2768],[0.301,51.2751],[0.2983,51.2751],[0.2983,51.2733],[0.301,51.2733],[0.301,51.2716],[0.301,51.2699],[0.3037,51.2699],[0.3037,51.2682],[0.3065,51.2682],[0.3065,51.2665],[0.3092,51.2648],[0.3092,51.2631],[0.3092,51.2613],[0.3092,51.2596],[0.3092,51.2579],[0.3092,51.2562],[0.3092,51.2545],[0.312,51.2545],[0.312,51.2528],[0.312,51.2511],[0.3147,51.2511],[0.3147,51.2493],[0.3147,51.2476],[0.3174,51.2476],[0.3174,51.2459],[0.3174,51.2442],[0.3174,51.2425],[0.3147,51.2425],[0.312,51.2425],[0.3092,51.2425],[0.3065,51.2425],[0.3065,51.2408],[0.3037,51.2408],[0.301,51.2408],[0.301,51.2425],[0.2983,51.2425],[0.2955,51.2425],[0.2928,51.2425],[0.2928,51.2442],[0.29,51.2442],[0.29,51.2425],[0.2873,51.2425],[0.2846,51.2425],[0.2818,51.2425],[0.2791,51.2425],[0.2791,51.2442],[0.2763,51.2442],[0.2763,51.2425],[0.2736,51.2425],[0.2709,51.2425],[0.2681,51.2425],[0.2654,51.2425],[0.2654,51.2442],[0.2626,51.2442],[0.2599,51.2442],[0.2572,51.2442],[0.2544,51.2442],[0.2517,51.2442],[0.2517,51.2425],[0.249,51.2425],[0.2462,51.2425],[0.2435,51.2425],[0.2407,51.2425],[0.2407,51.2408],[0.2407,51.2391],[0.238,51.2391],[0.238,51.2373],[0.2353,51.2373],[0.2353,51.2391],[0.2325,51.2391],[0.2325,51.2408],[0.2298,51.2408],[0.227,51.2408],[0.2243,51.2408],[0.2216,51.2408],[0.2216,51.2391],[0.2216,51.2373],[0.2188,51.2373],[0.2188,51.2356],[0.2188,51.2339],[0.2161,51.2339],[0.2161,51.2322],[0.2133,51.2322],[0.2133,51.2305],[0.2106,51.2305],[0.2106,51.2288],[0.2106,51.227],[0.2079,51.227],[0.2051,51.227],[0.2024,51.227],[0.1996,51.227],[0.1996,51.2288],[0.1969,51.2288],[0.1942,51.2288],[0.1942,51.227],[0.1942,51.2253],[0.1942,51.2236],[0.1914,51.2236],[0.1887,51.2236],[0.1887,51.2253],[0.1859,51.2253],[0.1832,51.2253],[0.1832,51.2236],[0.1832,51.2219],[0.1805,51.2219],[0.1777,51.2219],[0.1777,51.2202],[0.175,51.2202],[0.1722,51.2202],[0.1695,51.2202],[0.1695,51.2219],[0.1668,51.2219],[0.1668,51.2202],[0.164,51.2202],[0.164,51.2185],[0.1613,51.2185],[0.1613,51.2167],[0.1585,51.2167],[0.1585,51.215],[0.1558,51.215],[0.1531,51.215],[0.1503,51.215],[0.1476,51.215]]],[[[0.1887,51.2511],[0.1914,51.2511],[0.1942,51.2511],[0.1969,51.2511],[0.1996,51.2511],[0.1996,51.2528],[0.1996,51.2545],[0.1996,51.2562],[0.1996,51.2579],[0.1969,51.2579],[0.1969,51.2596],[0.1969,51.2613],[0.1942,51.2613],[0.1942,51.2631],[0.1942,51.2648],[0.1969,51.2665],[0.1969,51.2682],[0.1996,51.2682],[0.1996,51.2699],[0.1969,51.2699],[0.1969,51.2716],[0.1996,51.2716],[0.1996,51.2733],[0.1996,51.2751],[0.1969,51.2768],[0.1996,51.2768],[0.2024,51.2768],[0.2051,51.2768],[0.2051,51.2751],[0.2079,51.2751],[0.2106,51.2751],[0.2106,51.2768],[0.2133,51.2768],[0.2161,51.2768],[0.2188,51.2768],[0.2188,51.2751],[0.2216,51.2751],[0.2243,51.2751],[0.2243,51.2768],[0.2216,51.2768],[0.2216,51.2785],[0.2216,51.2802],[0.2216,51.2819],[0.2216,51.2836],[0.2216,51.2853],[0.2216,51.2871],[0.2188,51.2871],[0.2188,51.2853],[0.2161,51.2853],[0.2161,51.2871],[0.2161,51.2888],[0.2133,51.2888],[0.2133,51.2905],[0.2161,51.2905],[0.2161,51.2922],[0.2188,51.2922],[0.2216,51.2922],[0.2216,51.2939],[0.2216,51.2956],[0.2216,51.2973],[0.2243,51.2973],[0.227,51.2973],[0.2298,51.2973],[0.2325,51.2973],[0.2325,51.2991],[0.2298,51.2991],[0.2298,51.3008],[0.2298,51.3025],[0.2298,51.3042],[0.2298,51.3059],[0.2298,51.3076],[0.2298,51.3093],[0.227,51.3093],[0.2243,51.3093],[0.2216,51.3093],[0.2188,51.3093],[0.2161,51.3093],[0.2161,51.311],[0.2133,51.311],[0.2106,51.311],[0.2079,51.311],[0.2051,51.311],[0.2051,51.3128],[0.2024,51.3128],[0.1996,51.3128],[0.1996,51.3145],[0.1969,51.3145],[0.1969,51.3128],[0.1969,51.311],[0.1942,51.311],[0.1914,51.311],[0.1887,51.311],[0.1859,51.311],[0.1832,51.3093],[0.1832,51.311],[0.1832,51.3128],[0.1805,51.311],[0.1777,51.311],[0.175,51.311],[0.175,51.3128],[0.1722,51.3128],[0.1695,51.3128],[0.1695,51.311],[0.1668,51.311],[0.1668,51.3093],[0.1668,51.3076],[0.1695,51.3076],[0.1695,51.3059],[0.1695,51.3042],[0.1695,51.3025],[0.1695,51.3008],[0.1668,51.3008],[0.1668,51.2991],[0.164,51.2991],[0.1613,51.2991],[0.1613,51.3008],[0.1585,51.2991],[0.1585,51.2973],[0.1585,51.2956],[0.1585,51.2939],[0.1558,51.2922],[0.1558,51.2905],[0.1503,51.2888],[0.1476,51.2888],[0.1476,51.2871],[0.1503,51.2871],[0.1531,51.2871],[0.1531,51.2853],[0.1558,51.2853],[0.1558,51.2836],[0.1531,51.2819],[0.1531,51.2802],[0.1531,51.2785],[0.1558,51.2785],[0.1585,51.2785],[0.1613,51.2785],[0.1613,51.2768],[0.164,51.2751],[0.1668,51.2751],[0.1695,51.2751],[0.1695,51.2733],[0.1695,51.2716],[0.1722,51.2716],[0.1722,51.2699],[0.1722,51.2682],[0.175,51.2682],[0.175,51.2665],[0.175,51.2648],[0.175,51.2631],[0.175,51.2613],[0.1777,51.2613],[0.1777,51.2596],[0.1805,51.2596],[0.1805,51.2579],[0.1832,51.2579],[0.1859,51.2579],[0.1859,51.2562],[0.1887,51.2562],[0.1887,51.2545],[0.1887,51.2528],[0.1887,51.2511]]],[[[0.2709,51.2699],[0.2736,51.2699],[0.2736,51.2716],[0.2763,51.2716],[0.2763,51.2733],[0.2791,51.2733],[0.2791,51.2716],[0.2818,51.2716],[0.2846,51.2716],[0.2846,51.2733],[0.2846,51.2751],[0.2846,51.2768],[0.2846,51.2785],[0.2846,51.2802],[0.2846,51.2819],[0.2846,51.2836],[0.2818,51.2836],[0.2818,51.2853],[0.2791,51.2853],[0.2791,51.2836],[0.2791,51.2819],[0.2763,51.2819],[0.2736,51.2819],[0.2736,51.2802],[0.2709,51.2802],[0.2709,51.2785],[0.2709,51.2768],[0.2681,51.2768],[0.2681,51.2751],[0.2681,51.2733],[0.2709,51.2733],[0.2709,51.2716],[0.2709,51.2699]]],[[[1.3202,51.1257],[1.3202,51.1274],[1.3202,51.1291],[1.3202,51.1309],[1.3175,51.1309],[1.3175,51.1326],[1.3202,51.1326],[1.323,51.1326],[1.323,51.1343],[1.3257,51.1343],[1.3257,51.136],[1.3257,51.1377],[1.3257,51.1395],[1.3285,51.1395],[1.3285,51.1412],[1.3285,51.1429],[1.3312,51.1429],[1.3312,51.1446],[1.3339,51.1446],[1.3339,51.1463],[1.3367,51.1463],[1.3367,51.1481],[1.3394,51.1481],[1.3394,51.1498],[1.3422,51.1498],[1.3422,51.1515],[1.3449,51.1532],[1.3449,51.1549],[1.3476,51.1549],[1.3476,51.1566],[1.3504,51.1566],[1.3504,51.1584],[1.3504,51.1601],[1.3531,51.1601],[1.3531,51.1618],[1.3531,51.1635],[1.3559,51.1635],[1.3559,51.1652],[1.3559,51.167],[1.3586,51.167],[1.3586,51.1687],[1.3586,51.1704],[1.3613,51.1704],[1.3613,51.1721],[1.3641,51.1721],[1.3641,51.1738],[1.3668,51.1738],[1.3668,51.1755],[1.3696,51.1773],[1.3696,51.179],[1.3723,51.1807],[1.3723,51.1824],[1.375,51.1824],[1.375,51.1841],[1.3778,51.1841],[1.3805,51.1841],[1.3833,51.1841],[1.386,51.1841],[1.3887,51.1841],[1.3915,51.1841],[1.3942,51.1841],[1.3942,51.1824],[1.397,51.1824],[1.3942,51.1807],[1.3942,51.179],[1.397,51.1773],[1.3997,51.1773],[1.3997,51.179],[1.4024,51.179],[1.4024,51.1807],[1.4052,51.1807],[1.4052,51.179],[1.4052,51.1773],[1.4052,51.1755],[1.4052,51.1738],[1.4052,51.1721],[1.4024,51.1721],[1.4024,51.1704],[1.4024,51.1687],[1.4024,51.167],[1.4024,51.1652],[1.3997,51.1652],[1.3997,51.1635],[1.3997,51.1618],[1.397,51.1618],[1.397,51.1601],[1.397,51.1584],[1.3942,51.1584],[1.3942,51.1566],[1.3942,51.1549],[1.3915,51.1549],[1.3887,51.1549],[1.386,51.1549],[1.3833,51.1549],[1.3833,51.1532],[1.3805,51.1532],[1.3778,51.1532],[1.375,51.1532],[1.375,51.1549],[1.375,51.1566],[1.3723,51.1566],[1.3696,51.1549],[1.3696,51.1532],[1.3696,51.1515],[1.3668,51.1532],[1.3668,51.1515],[1.3641,51.1515],[1.3641,51.1498],[1.3668,51.1498],[1.3696,51.1498],[1.3696,51.1481],[1.3723,51.1481],[1.3723,51.1463],[1.375,51.1463],[1.375,51.1446],[1.3778,51.1446],[1.3778,51.1463],[1.3805,51.1463],[1.3805,51.1481],[1.3805,51.1498],[1.3833,51.1498],[1.3833,51.1481],[1.3833,51.1463],[1.3833,51.1446],[1.3805,51.1446],[1.3805,51.1429],[1.3805,51.1412],[1.3778,51.1412],[1.375,51.1412],[1.375,51.1395],[1.3723,51.1395],[1.3723,51.1377],[1.3696,51.1377],[1.3668,51.1377],[1.3668,51.136],[1.3641,51.136],[1.3613,51.136],[1.3613,51.1343],[1.3586,51.1343],[1.3559,51.1343],[1.3531,51.1343],[1.3504,51.1343],[1.3504,51.1326],[1.3476,51.1326],[1.3449,51.1326],[1.3449,51.1309],[1.3422,51.1309],[1.3394,51.1291],[1.3367,51.1291],[1.3312,51.1274],[1.3285,51.1274],[1.3285,51.1257],[1.3257,51.1257],[1.323,51.1257],[1.3202,51.1257]]],[[[0.9449,51.0551],[0.9449,51.0569],[0.9421,51.0569],[0.9394,51.0569],[0.9367,51.0569],[0.9367,51.0586],[0.9367,51.0603],[0.9367,51.062],[0.9367,51.0638],[0.9367,51.0655],[0.9339,51.0655],[0.9339,51.0672],[0.9339,51.0689],[0.9367,51.0689],[0.9367,51.0706],[0.9339,51.0706],[0.9339,51.0724],[0.9367,51.0724],[0.9367,51.0741],[0.9367,51.0758],[0.9339,51.0758],[0.9339,51.0775],[0.9339,51.0792],[0.9367,51.0792],[0.9367,51.081],[0.9394,51.081],[0.9394,51.0827],[0.9421,51.0827],[0.9421,51.0844],[0.9449,51.0844],[0.9476,51.0844],[0.9476,51.0861],[0.9504,51.0861],[0.9504,51.0879],[0.9531,51.0879],[0.9558,51.0879],[0.9558,51.0861],[0.9558,51.0844],[0.9586,51.0844],[0.9586,51.0827],[0.9613,51.0827],[0.9641,51.0827],[0.9668,51.0827],[0.9668,51.081],[0.9695,51.081],[0.9723,51.081],[0.975,51.081],[0.9778,51.081],[0.9805,51.081],[0.9805,51.0792],[0.9832,51.0792],[0.986,51.0792],[0.9887,51.0792],[0.9915,51.0792],[0.9942,51.0792],[0.9942,51.0775],[0.9969,51.0775],[0.9997,51.0775],[1.0024,51.0775],[1.0052,51.0775],[1.0079,51.0775],[1.0106,51.0775],[1.0106,51.0758],[1.0134,51.0758],[1.0161,51.0758],[1.0189,51.0758],[1.0216,51.0758],[1.0216,51.0741],[1.0243,51.0741],[1.0243,51.0758],[1.0271,51.0758],[1.0271,51.0775],[1.0298,51.0775],[1.0298,51.0792],[1.0298,51.081],[1.0326,51.081],[1.0326,51.0827],[1.0353,51.0827],[1.0353,51.0844],[1.0353,51.0861],[1.038,51.0861],[1.0408,51.0879],[1.0408,51.0896],[1.0435,51.0896],[1.0462,51.0896],[1.0462,51.0913],[1.049,51.0913],[1.0517,51.0913],[1.0517,51.093],[1.0545,51.093],[1.0572,51.093],[1.0599,51.093],[1.0599,51.0947],[1.0627,51.0947],[1.0627,51.0965],[1.0654,51.0965],[1.0654,51.0982],[1.0654,51.0999],[1.0627,51.0999],[1.0627,51.1016],[1.0599,51.1016],[1.0572,51.1033],[1.0545,51.1033],[1.0517,51.1033],[1.0517,51.1051],[1.049,51.1051],[1.049,51.1068],[1.0462,51.1068],[1.0435,51.1068],[1.0408,51.1085],[1.038,51.1085],[1.038,51.1068],[1.0353,51.1068],[1.0326,51.1068],[1.0326,51.1085],[1.0326,51.1102],[1.0298,51.1102],[1.0271,51.1119],[1.0298,51.1119],[1.0298,51.1137],[1.0298,51.1154],[1.0271,51.1154],[1.0243,51.1154],[1.0243,51.1171],[1.0243,51.1188],[1.0216,51.1188],[1.0216,51.1205],[1.0189,51.1205],[1.0189,51.1223],[1.0161,51.1223],[1.0161,51.124],[1.0134,51.124],[1.0106,51.124],[1.0106,51.1257],[1.0106,51.1274],[1.0106,51.1291],[1.0079,51.1291],[1.0079,51.1309],[1.0079,51.1326],[1.0079,51.1343],[1.0079,51.136],[1.0052,51.136],[1.0024,51.1377],[0.9997,51.1377],[0.9997,51.1395],[0.9969,51.1412],[0.9942,51.1429],[0.9915,51.1446],[0.9915,51.1463],[0.9887,51.1463],[0.9887,51.1481],[0.986,51.1481],[0.986,51.1498],[0.9832,51.1498],[0.9805,51.1498],[0.9805,51.1481],[0.9778,51.1481],[0.975,51.1481],[0.975,51.1463],[0.9695,51.1481],[0.9695,51.1498],[0.9723,51.1515],[0.9695,51.1515],[0.9695,51.1532],[0.9668,51.1532],[0.9668,51.1515],[0.9668,51.1498],[0.9641,51.1498],[0.9613,51.1498],[0.9613,51.1481],[0.9586,51.1481],[0.9586,51.1463],[0.9558,51.1463],[0.9558,51.1481],[0.9531,51.1481],[0.9504,51.1481],[0.9504,51.1498],[0.9476,51.1498],[0.9449,51.1498],[0.9449,51.1515],[0.9421,51.1515],[0.9421,51.1532],[0.9394,51.1532],[0.9394,51.1549],[0.9394,51.1566],[0.9367,51.1566],[0.9367,51.1584],[0.9339,51.1584],[0.9339,51.1601],[0.9339,51.1618],[0.9312,51.1618],[0.9312,51.1635],[0.9312,51.1652],[0.9312,51.167],[0.9312,51.1687],[0.9284,51.1687],[0.9284,51.1704],[0.9257,51.1704],[0.923,51.1704],[0.9202,51.1721],[0.9175,51.1721],[0.9175,51.1738],[0.9175,51.1755],[0.9202,51.1755],[0.9202,51.1773],[0.923,51.179],[0.923,51.1807],[0.9257,51.1807],[0.9257,51.1824],[0.9284,51.1824],[0.9284,51.1841],[0.9284,51.1858],[0.9284,51.1876],[0.9257,51.1876],[0.9257,51.1893],[0.923,51.1893],[0.923,51.191],[0.9202,51.191],[0.9202,51.1927],[0.9202,51.1944],[0.9175,51.1944],[0.9175,51.1927],[0.9147,51.1927],[0.912,51.1927],[0.9093,51.1927],[0.9065,51.1927],[0.9065,51.191],[0.9038,51.191],[0.901,51.191],[0.8983,51.191],[0.8956,51.191],[0.8928,51.1893],[0.8928,51.191],[0.8901,51.191],[0.8901,51.1893],[0.8901,51.1876],[0.8901,51.1858],[0.8901,51.1841],[0.8873,51.1841],[0.8873,51.1824],[0.8873,51.1807],[0.8846,51.1807],[0.8846,51.179],[0.8846,51.1773],[0.8819,51.1773],[0.8791,51.1773],[0.8764,51.1773],[0.8764,51.179],[0.8736,51.179],[0.8764,51.1807],[0.8736,51.1807],[0.8736,51.1824],[0.8709,51.1824],[0.8709,51.1841],[0.8682,51.1841],[0.8682,51.1858],[0.8654,51.1858],[0.8654,51.1876],[0.8627,51.1876],[0.8627,51.1858],[0.8627,51.1841],[0.8599,51.1841],[0.8599,51.1824],[0.8572,51.1824],[0.8572,51.1807],[0.8545,51.1807],[0.8545,51.179],[0.8545,51.1773],[0.8545,51.1755],[0.8545,51.1738],[0.8517,51.1738],[0.8517,51.1721],[0.849,51.1721],[0.8462,51.1721],[0.8462,51.1738],[0.8435,51.1738],[0.8435,51.1755],[0.8408,51.1755],[0.8408,51.1773],[0.838,51.1773],[0.838,51.179],[0.8353,51.179],[0.8353,51.1807],[0.8325,51.1807],[0.8325,51.1824],[0.8298,51.1824],[0.8298,51.1841],[0.8271,51.1841],[0.8271,51.1858],[0.8243,51.1858],[0.8216,51.1876],[0.8188,51.1876],[0.8188,51.1893],[0.8161,51.1893],[0.8161,51.191],[0.8134,51.191],[0.8134,51.1927],[0.8106,51.1927],[0.8106,51.1944],[0.8079,51.1944],[0.8079,51.1961],[0.8051,51.1961],[0.8051,51.1979],[0.8024,51.1996],[0.8024,51.2013],[0.8024,51.203],[0.7997,51.203],[0.7997,51.2047],[0.8024,51.2047],[0.8024,51.2065],[0.8024,51.2082],[0.8024,51.2099],[0.7997,51.2099],[0.8024,51.2133],[0.8024,51.2116],[0.8051,51.2133],[0.8024,51.2133],[0.8024,51.215],[0.7997,51.215],[0.7969,51.2133],[0.7942,51.2133],[0.7914,51.2133],[0.7887,51.2133],[0.786,51.2133],[0.786,51.215],[0.7832,51.215],[0.7832,51.2167],[0.7805,51.2167],[0.7777,51.2167],[0.7777,51.2185],[0.775,51.2185],[0.7723,51.2202],[0.7695,51.2202],[0.7695,51.2219],[0.7668,51.2236],[0.7668,51.2253],[0.764,51.2253],[0.7613,51.2253],[0.7613,51.227],[0.7586,51.227],[0.7558,51.2288],[0.7531,51.2288],[0.7531,51.2305],[0.7503,51.2305],[0.7476,51.2305],[0.7476,51.2322],[0.7449,51.2322],[0.7421,51.2322],[0.7421,51.2339],[0.7394,51.2339],[0.7366,51.2339],[0.7366,51.2356],[0.7339,51.2356],[0.7312,51.2356],[0.7312,51.2373],[0.7284,51.2373],[0.7257,51.2373],[0.7229,51.2373],[0.7229,51.2391],[0.7202,51.2391],[0.7175,51.2391],[0.7147,51.2391],[0.712,51.2391],[0.712,51.2408],[0.7092,51.2408],[0.7092,51.2425],[0.7092,51.2442],[0.712,51.2442],[0.712,51.2459],[0.7092,51.2459],[0.7065,51.2476],[0.7038,51.2476],[0.701,51.2476],[0.6983,51.2476],[0.6955,51.2476],[0.6955,51.2459],[0.6928,51.2459],[0.6928,51.2442],[0.6901,51.2442],[0.6873,51.2442],[0.6846,51.2442],[0.6846,51.2459],[0.6818,51.2459],[0.6791,51.2459],[0.6764,51.2459],[0.6764,51.2442],[0.6736,51.2442],[0.6736,51.2459],[0.6709,51.2459],[0.6681,51.2459],[0.6681,51.2476],[0.6654,51.2476],[0.6627,51.2476],[0.6627,51.2493],[0.6599,51.2493],[0.6572,51.2493],[0.6572,51.2511],[0.6544,51.2511],[0.6544,51.2528],[0.6517,51.2528],[0.6517,51.2545],[0.649,51.2545],[0.649,51.2562],[0.6462,51.2562],[0.6462,51.2579],[0.6435,51.2579],[0.6408,51.2579],[0.6408,51.2596],[0.638,51.2596],[0.638,51.2613],[0.6353,51.2613],[0.6353,51.2631],[0.6325,51.2631],[0.6325,51.2648],[0.6298,51.2648],[0.6271,51.2648],[0.6271,51.2665],[0.6243,51.2665],[0.6216,51.2665],[0.6188,51.2665],[0.6188,51.2682],[0.6161,51.2682],[0.6134,51.2682],[0.6106,51.2682],[0.6079,51.2682],[0.6079,51.2699],[0.6051,51.2699],[0.6024,51.2699],[0.6024,51.2716],[0.5997,51.2716],[0.5997,51.2733],[0.5969,51.2733],[0.5969,51.2751],[0.5942,51.2751],[0.5942,51.2768],[0.5914,51.2768],[0.5914,51.2785],[0.5887,51.2785],[0.5887,51.2802],[0.586,51.2802],[0.586,51.2819],[0.5832,51.2819],[0.5832,51.2836],[0.5805,51.2836],[0.5777,51.2836],[0.5777,51.2853],[0.575,51.2853],[0.5723,51.2871],[0.5695,51.2871],[0.5668,51.2871],[0.564,51.2871],[0.564,51.2888],[0.5613,51.2888],[0.5586,51.2888],[0.5558,51.2888],[0.5531,51.2888],[0.5503,51.2888],[0.5476,51.2888],[0.5449,51.2888],[0.5421,51.2905],[0.5394,51.2905],[0.5366,51.2905],[0.5366,51.2922],[0.5339,51.2922],[0.5339,51.2939],[0.5312,51.2939],[0.5284,51.2939],[0.5284,51.2956],[0.5257,51.2956],[0.5257,51.2973],[0.5229,51.2973],[0.5229,51.2991],[0.5202,51.2991],[0.5202,51.3008],[0.5202,51.3025],[0.5175,51.3025],[0.5175,51.3042],[0.5147,51.3042],[0.5147,51.3059],[0.512,51.3059],[0.512,51.3076],[0.5092,51.3076],[0.5065,51.3076],[0.5065,51.3093],[0.5065,51.311],[0.5065,51.3128],[0.5038,51.3128],[0.5038,51.3145],[0.501,51.3145],[0.501,51.3162],[0.5038,51.3179],[0.501,51.3179],[0.4983,51.3179],[0.4983,51.3196],[0.4955,51.3196],[0.4928,51.3196],[0.4928,51.3213],[0.4901,51.3213],[0.4873,51.3213],[0.4873,51.323],[0.4873,51.3247],[0.4846,51.3247],[0.4846,51.3265],[0.4846,51.3282],[0.4846,51.3299],[0.4818,51.3299],[0.4818,51.3316],[0.4791,51.3316],[0.4791,51.3333],[0.4764,51.3333],[0.4764,51.335],[0.4764,51.3367],[0.4736,51.3367],[0.4736,51.3384],[0.4709,51.3384],[0.4709,51.3401],[0.4709,51.3419],[0.4681,51.3419],[0.4681,51.3436],[0.4681,51.3453],[0.4681,51.347],[0.4681,51.3487],[0.4709,51.3487],[0.4709,51.3504],[0.4709,51.3521],[0.4681,51.3521],[0.4654,51.3521],[0.4627,51.3521],[0.4599,51.3521],[0.4572,51.3538],[0.4572,51.3555],[0.4544,51.3555],[0.4544,51.3573],[0.4517,51.3573],[0.4517,51.359],[0.4517,51.3607],[0.4517,51.3624],[0.449,51.3624],[0.449,51.3641],[0.4517,51.3641],[0.4517,51.3658],[0.4544,51.3675],[0.4572,51.3675],[0.4572,51.3692],[0.4599,51.3692],[0.4627,51.3692],[0.4627,51.3709],[0.4654,51.3709],[0.4654,51.3727],[0.4681,51.3727],[0.4681,51.3744],[0.4709,51.3744],[0.4736,51.3744],[0.4764,51.3744],[0.4791,51.3744],[0.4791,51.3727],[0.4791,51.3709],[0.4818,51.3709],[0.4846,51.3709],[0.4846,51.3692],[0.4873,51.3692],[0.4873,51.3675],[0.4873,51.3658],[0.4901,51.3658],[0.4901,51.3641],[0.4901,51.3624],[0.4901,51.3607],[0.4928,51.3607],[0.4928,51.359],[0.4928,51.3573],[0.4955,51.3573],[0.4955,51.3555],[0.4955,51.3538],[0.4983,51.3538],[0.4983,51.3521],[0.4983,51.3504],[0.501,51.3504],[0.501,51.3487],[0.501,51.347],[0.5038,51.347],[0.5038,51.3453],[0.5038,51.3436],[0.5038,51.3419],[0.5065,51.3419],[0.5065,51.3401],[0.5065,51.3384],[0.5065,51.3367],[0.5092,51.3367],[0.5092,51.335],[0.512,51.335],[0.512,51.3333],[0.512,51.3316],[0.5147,51.3316],[0.5147,51.3299],[0.5175,51.3299],[0.5175,51.3282],[0.5202,51.3282],[0.5202,51.3265],[0.5229,51.3265],[0.5257,51.3265],[0.5284,51.3265],[0.5312,51.3265],[0.5339,51.3265],[0.5366,51.3265],[0.5394,51.3265],[0.5394,51.3247],[0.5421,51.3247],[0.5449,51.3247],[0.5476,51.3247],[0.5503,51.3247],[0.5531,51.3247],[0.5558,51.3247],[0.5586,51.3247],[0.5586,51.3265],[0.5613,51.3265],[0.564,51.3265],[0.564,51.3282],[0.5668,51.3282],[0.5668,51.3299],[0.5695,51.3299],[0.5695,51.3316],[0.5723,51.3316],[0.575,51.3333],[0.5777,51.3333],[0.5777,51.335],[0.5805,51.335],[0.5832,51.335],[0.586,51.335],[0.586,51.3367],[0.5887,51.3367],[0.5914,51.3367],[0.5914,51.3384],[0.5942,51.3384],[0.5969,51.3384],[0.5997,51.3384],[0.5997,51.3401],[0.6024,51.3401],[0.6051,51.3401],[0.6079,51.3401],[0.6079,51.3419],[0.6106,51.3419],[0.6134,51.3419],[0.6161,51.3419],[0.6188,51.3419],[0.6216,51.3419],[0.6243,51.3419],[0.6271,51.3419],[0.6298,51.3419],[0.6298,51.3401],[0.6325,51.3401],[0.6353,51.3401],[0.638,51.3401],[0.638,51.3384],[0.6408,51.3384],[0.6408,51.3367],[0.6435,51.3367],[0.6462,51.3367],[0.6462,51.335],[0.649,51.335],[0.6517,51.335],[0.6517,51.3333],[0.6544,51.3333],[0.6544,51.3316],[0.6572,51.3316],[0.6599,51.3316],[0.6599,51.3299],[0.6627,51.3299],[0.6654,51.3282],[0.6681,51.3282],[0.6709,51.3265],[0.6736,51.3265],[0.6736,51.3247],[0.6764,51.3247],[0.6791,51.323],[0.6818,51.323],[0.6818,51.3213],[0.6846,51.3213],[0.6873,51.3213],[0.6873,51.3196],[0.6901,51.3196],[0.6928,51.3196],[0.6928,51.3179],[0.6955,51.3179],[0.6983,51.3179],[0.6983,51.3162],[0.701,51.3162],[0.701,51.3145],[0.7038,51.3145],[0.7038,51.3128],[0.7065,51.3128],[0.7065,51.311],[0.7092,51.311],[0.7092,51.3093],[0.712,51.3093],[0.712,51.3076],[0.7147,51.3076],[0.7175,51.3076],[0.7175,51.3059],[0.7202,51.3059],[0.7229,51.3042],[0.7257,51.3042],[0.7257,51.3025],[0.7284,51.3025],[0.7312,51.3008],[0.7339,51.3008],[0.7339,51.2991],[0.7366,51.2991],[0.7394,51.2991],[0.7394,51.2973],[0.7421,51.2973],[0.7449,51.2973],[0.7476,51.2973],[0.7503,51.2973],[0.7531,51.2973],[0.7558,51.2973],[0.7586,51.2973],[0.7613,51.2973],[0.764,51.2973],[0.7668,51.2973],[0.7695,51.2973],[0.7723,51.2973],[0.775,51.2973],[0.7777,51.2973],[0.7805,51.2973],[0.7832,51.2973],[0.786,51.2973],[0.7887,51.2973],[0.7914,51.2973],[0.7942,51.2956],[0.7969,51.2956],[0.7997,51.2956],[0.8024,51.2956],[0.8051,51.2956],[0.8079,51.2956],[0.8106,51.2956],[0.8106,51.2939],[0.8134,51.2939],[0.8161,51.2956],[0.8188,51.2956],[0.8216,51.2956],[0.8216,51.2973],[0.8243,51.2973],[0.8271,51.2973],[0.8271,51.2991],[0.8298,51.2991],[0.8325,51.2991],[0.8325,51.3008],[0.8353,51.3008],[0.838,51.3008],[0.838,51.3025],[0.8408,51.3025],[0.8435,51.3025],[0.8462,51.3025],[0.849,51.3025],[0.8517,51.3025],[0.8545,51.3025],[0.8572,51.3025],[0.8599,51.3025],[0.8599,51.3008],[0.8627,51.3008],[0.8654,51.3008],[0.8654,51.3025],[0.8682,51.3025],[0.8682,51.3008],[0.8682,51.2991],[0.8682,51.2973],[0.8709,51.2973],[0.8709,51.2956],[0.8736,51.2956],[0.8764,51.2956],[0.8764,51.2939],[0.8791,51.2939],[0.8764,51.2922],[0.8764,51.2905],[0.8736,51.2888],[0.8736,51.2871],[0.8736,51.2853],[0.8709,51.2853],[0.8709,51.2836],[0.8736,51.2836],[0.8736,51.2819],[0.8764,51.2819],[0.8764,51.2802],[0.8791,51.2802],[0.8791,51.2785],[0.8819,51.2785],[0.8819,51.2768],[0.8846,51.2768],[0.8873,51.2768],[0.8901,51.2768],[0.8928,51.2768],[0.8928,51.2785],[0.8956,51.2785],[0.8983,51.2785],[0.901,51.2785],[0.9038,51.2785],[0.9038,51.2802],[0.9038,51.2819],[0.9065,51.2819],[0.9065,51.2836],[0.9065,51.2853],[0.9093,51.2853],[0.9093,51.2871],[0.9093,51.2888],[0.912,51.2888],[0.912,51.2905],[0.912,51.2922],[0.912,51.2939],[0.9147,51.2939],[0.9147,51.2956],[0.9175,51.2956],[0.9175,51.2939],[0.9202,51.2939],[0.9202,51.2922],[0.9202,51.2905],[0.923,51.2905],[0.923,51.2888],[0.9257,51.2888],[0.9257,51.2871],[0.9284,51.2871],[0.9284,51.2853],[0.9312,51.2853],[0.9312,51.2836],[0.9339,51.2819],[0.9367,51.2819],[0.9367,51.2802],[0.9394,51.2785],[0.9394,51.2768],[0.9421,51.2751],[0.9394,51.2751],[0.9394,51.2733],[0.9394,51.2716],[0.9421,51.2716],[0.9421,51.2699],[0.9449,51.2699],[0.9476,51.2682],[0.9504,51.2682],[0.9504,51.2665],[0.9531,51.2665],[0.9558,51.2665],[0.9586,51.2665],[0.9586,51.2648],[0.9613,51.2648],[0.9641,51.2648],[0.9641,51.2631],[0.9641,51.2613],[0.9641,51.2596],[0.9641,51.2579],[0.9668,51.2579],[0.9668,51.2562],[0.9695,51.2562],[0.9695,51.2545],[0.9695,51.2528],[0.9723,51.2528],[0.9723,51.2511],[0.9723,51.2493],[0.9723,51.2476],[0.9723,51.2459],[0.9723,51.2442],[0.9723,51.2425],[0.975,51.2425],[0.975,51.2442],[0.9778,51.2442],[0.9778,51.2459],[0.9805,51.2459],[0.9832,51.2459],[0.9832,51.2476],[0.986,51.2476],[0.986,51.2459],[0.9887,51.2459],[0.9915,51.2459],[0.9942,51.2459],[0.9969,51.2459],[0.9997,51.2459],[1.0024,51.2459],[1.0052,51.2459],[1.0079,51.2459],[1.0106,51.2459],[1.0134,51.2459],[1.0161,51.2459],[1.0161,51.2476],[1.0189,51.2476],[1.0216,51.2476],[1.0243,51.2476],[1.0243,51.2459],[1.0271,51.2459],[1.0298,51.2459],[1.0298,51.2442],[1.0326,51.2442],[1.0326,51.2425],[1.0353,51.2425],[1.038,51.2425],[1.038,51.2408],[1.0408,51.2408],[1.0408,51.2391],[1.0435,51.2391],[1.0462,51.2391],[1.049,51.2391],[1.0517,51.2391],[1.0545,51.2391],[1.0572,51.2373],[1.0599,51.2373],[1.0627,51.2373],[1.0654,51.2373],[1.0654,51.2391],[1.0682,51.2391],[1.0709,51.2391],[1.0736,51.2391],[1.0736,51.2408],[1.0764,51.2408],[1.0764,51.2425],[1.0791,51.2425],[1.0791,51.2442],[1.0819,51.2442],[1.0846,51.2442],[1.0873,51.2442],[1.0873,51.2425],[1.0901,51.2425],[1.0901,51.2442],[1.0928,51.2442],[1.0956,51.2442],[1.0983,51.2442],[1.101,51.2442],[1.1038,51.2442],[1.1038,51.2459],[1.1065,51.2459],[1.1093,51.2459],[1.112,51.2459],[1.1147,51.2476],[1.1175,51.2476],[1.1175,51.2493],[1.1202,51.2493],[1.1202,51.2511],[1.1202,51.2528],[1.123,51.2528],[1.123,51.2545],[1.1257,51.2545],[1.1257,51.2562],[1.1284,51.2562],[1.1284,51.2579],[1.1312,51.2579],[1.1312,51.2562],[1.1339,51.2562],[1.1367,51.2562],[1.1367,51.2545],[1.1367,51.2528],[1.1394,51.2528],[1.1394,51.2511],[1.1421,51.2511],[1.1421,51.2493],[1.1449,51.2493],[1.1476,51.2493],[1.1476,51.2476],[1.1504,51.2476],[1.1504,51.2459],[1.1531,51.2459],[1.1531,51.2442],[1.1558,51.2442],[1.1558,51.2425],[1.1586,51.2425],[1.1586,51.2408],[1.1586,51.2391],[1.1613,51.2391],[1.1613,51.2373],[1.1641,51.2373],[1.1641,51.2356],[1.1668,51.2356],[1.1668,51.2339],[1.1695,51.2339],[1.1695,51.2322],[1.1723,51.2322],[1.1723,51.2305],[1.175,51.2305],[1.1778,51.2305],[1.1778,51.2288],[1.1805,51.2288],[1.1805,51.227],[1.1805,51.2236],[1.1805,51.2219],[1.1832,51.2219],[1.1832,51.2185],[1.186,51.2185],[1.186,51.2167],[1.1887,51.2167],[1.1887,51.215],[1.1915,51.215],[1.1915,51.2133],[1.1887,51.2133],[1.1887,51.2116],[1.1915,51.2116],[1.1915,51.2099],[1.1942,51.2099],[1.1942,51.2082],[1.1969,51.2082],[1.1969,51.2065],[1.1997,51.2047],[1.1997,51.203],[1.2024,51.203],[1.2024,51.2013],[1.2024,51.1996],[1.1997,51.1996],[1.1997,51.1979],[1.2024,51.1979],[1.2024,51.1961],[1.2052,51.1961],[1.2079,51.1961],[1.2079,51.1944],[1.2106,51.1944],[1.2106,51.1927],[1.2134,51.1927],[1.2134,51.191],[1.2161,51.191],[1.2161,51.1893],[1.2134,51.1893],[1.2134,51.1876],[1.2106,51.1876],[1.2079,51.1876],[1.2052,51.1876],[1.2052,51.1858],[1.2024,51.1858],[1.2024,51.1841],[1.1997,51.1841],[1.1997,51.1824],[1.2024,51.1807],[1.2052,51.1807],[1.2052,51.179],[1.2079,51.179],[1.2106,51.1773],[1.2134,51.1773],[1.2134,51.1755],[1.2161,51.1755],[1.2161,51.1738],[1.2189,51.1721],[1.2189,51.1704],[1.2216,51.1704],[1.2216,51.1687],[1.2243,51.1687],[1.2243,51.167],[1.2271,51.167],[1.2271,51.1652],[1.2298,51.1652],[1.2298,51.1635],[1.2326,51.1635],[1.2353,51.1635],[1.238,51.1635],[1.2408,51.1635],[1.2435,51.1635],[1.2435,51.1618],[1.2463,51.1618],[1.249,51.1618],[1.249,51.1601],[1.2517,51.1601],[1.2517,51.1584],[1.2545,51.1584],[1.2545,51.1566],[1.2572,51.1566],[1.2572,51.1549],[1.26,51.1549],[1.26,51.1532],[1.2627,51.1532],[1.2627,51.1515],[1.2654,51.1515],[1.2654,51.1481],[1.2627,51.1481],[1.2627,51.1463],[1.2627,51.1446],[1.2654,51.1446],[1.2654,51.1429],[1.2682,51.1429],[1.2682,51.1412],[1.2709,51.1412],[1.2709,51.1395],[1.2709,51.1377],[1.2737,51.1377],[1.2764,51.1377],[1.2764,51.136],[1.2791,51.136],[1.2791,51.1377],[1.2819,51.1377],[1.2846,51.136],[1.2846,51.1377],[1.2874,51.1377],[1.2901,51.136],[1.2901,51.1343],[1.2846,51.1326],[1.2819,51.1326],[1.2819,51.1309],[1.2819,51.1274],[1.2791,51.1274],[1.2764,51.1274],[1.2764,51.1257],[1.2791,51.124],[1.2819,51.124],[1.2846,51.124],[1.2846,51.1223],[1.2874,51.1223],[1.2874,51.1205],[1.2874,51.1188],[1.2846,51.1188],[1.2846,51.1171],[1.2874,51.1171],[1.2874,51.1154],[1.2901,51.1154],[1.2901,51.1137],[1.2901,51.1119],[1.2874,51.1119],[1.2846,51.1119],[1.2846,51.1102],[1.2874,51.1102],[1.2901,51.1102],[1.2901,51.1119],[1.2928,51.1119],[1.2928,51.1137],[1.2956,51.1119],[1.2956,51.1102],[1.2928,51.1102],[1.2928,51.1085],[1.2901,51.1085],[1.2874,51.1085],[1.2846,51.1085],[1.2819,51.1085],[1.2819,51.1068],[1.2819,51.1051],[1.2764,51.1051],[1.2764,51.1033],[1.2709,51.1033],[1.2709,51.1016],[1.2682,51.1016],[1.2627,51.1016],[1.2627,51.1033],[1.26,51.1033],[1.26,51.1016],[1.2572,51.1016],[1.2545,51.1016],[1.2517,51.1016],[1.2517,51.0999],[1.249,51.0999],[1.249,51.1016],[1.2463,51.1016],[1.2435,51.1016],[1.2408,51.1016],[1.2408,51.0999],[1.238,51.0999],[1.2353,51.0999],[1.2326,51.0999],[1.2298,51.0999],[1.2271,51.0999],[1.2243,51.0999],[1.2243,51.0982],[1.2216,51.0982],[1.2189,51.0982],[1.2161,51.0982],[1.2161,51.0965],[1.2134,51.0965],[1.2134,51.0947],[1.2106,51.0947],[1.2079,51.093],[1.2052,51.093],[1.2052,51.0913],[1.2024,51.0913],[1.2024,51.0896],[1.2024,51.0879],[1.2024,51.0861],[1.2024,51.0844],[1.1997,51.0844],[1.1997,51.0827],[1.1969,51.0827],[1.1969,51.0844],[1.1969,51.0861],[1.1969,51.0879],[1.1969,51.0896],[1.1969,51.0913],[1.1969,51.093],[1.1942,51.093],[1.1915,51.093],[1.1915,51.0947],[1.1887,51.0947],[1.1887,51.0965],[1.186,51.0965],[1.186,51.0982],[1.1832,51.0982],[1.1805,51.0982],[1.1805,51.0965],[1.1805,51.0947],[1.1778,51.0947],[1.175,51.0947],[1.1723,51.0947],[1.1723,51.0965],[1.1695,51.0965],[1.1668,51.0965],[1.1641,51.0965],[1.1613,51.0965],[1.1586,51.0965],[1.1558,51.0965],[1.1531,51.0965],[1.1504,51.0965],[1.1476,51.0982],[1.1449,51.0982],[1.1421,51.0982],[1.1394,51.0982],[1.1394,51.0999],[1.1367,51.0999],[1.1339,51.0982],[1.1312,51.0982],[1.1284,51.0982],[1.1257,51.0982],[1.1257,51.0965],[1.123,51.0965],[1.123,51.0947],[1.123,51.093],[1.1202,51.093],[1.1202,51.0913],[1.1202,51.0896],[1.1175,51.0896],[1.1175,51.0913],[1.1147,51.0913],[1.1147,51.0896],[1.112,51.0896],[1.112,51.0879],[1.1093,51.0879],[1.1065,51.0879],[1.1038,51.0879],[1.1038,51.0861],[1.1038,51.0844],[1.1038,51.0827],[1.1065,51.0827],[1.1093,51.0827],[1.1093,51.081],[1.1065,51.081],[1.1065,51.0792],[1.1093,51.0792],[1.112,51.0792],[1.112,51.0775],[1.1147,51.0775],[1.1147,51.0758],[1.112,51.0758],[1.112,51.0741],[1.1093,51.0741],[1.1065,51.0741],[1.1038,51.0741],[1.101,51.0741],[1.0983,51.0741],[1.0983,51.0758],[1.0956,51.0758],[1.0956,51.0775],[1.0956,51.0792],[1.0928,51.0792],[1.0928,51.0775],[1.0901,51.0775],[1.0873,51.0775],[1.0846,51.0775],[1.0846,51.0792],[1.0819,51.0792],[1.0819,51.081],[1.0819,51.0827],[1.0791,51.0827],[1.0764,51.0827],[1.0736,51.0827],[1.0709,51.0827],[1.0709,51.081],[1.0736,51.081],[1.0736,51.0792],[1.0736,51.0775],[1.0709,51.0775],[1.0682,51.0775],[1.0654,51.0775],[1.0627,51.0775],[1.0599,51.0775],[1.0599,51.0758],[1.0599,51.0741],[1.0627,51.0741],[1.0654,51.0741],[1.0654,51.0724],[1.0654,51.0706],[1.0654,51.0689],[1.0627,51.0689],[1.0599,51.0689],[1.0599,51.0672],[1.0572,51.0672],[1.0545,51.0655],[1.0517,51.0655],[1.049,51.0655],[1.049,51.0672],[1.0462,51.0672],[1.0435,51.0672],[1.0408,51.0672],[1.038,51.0672],[1.0353,51.0672],[1.0353,51.0689],[1.0326,51.0689],[1.0298,51.0689],[1.0271,51.0689],[1.0271,51.0672],[1.0243,51.0672],[1.0216,51.0672],[1.0216,51.0655],[1.0216,51.0638],[1.0243,51.0638],[1.0243,51.062],[1.0243,51.0603],[1.0216,51.0603],[1.0189,51.0603],[1.0189,51.0586],[1.0161,51.0586],[1.0134,51.0586],[1.0106,51.0586],[1.0106,51.0603],[1.0079,51.0603],[1.0079,51.062],[1.0052,51.062],[1.0052,51.0638],[1.0024,51.0638],[0.9997,51.0638],[0.9969,51.0638],[0.9969,51.0655],[0.9942,51.0655],[0.9915,51.0655],[0.9887,51.0655],[0.9887,51.0638],[0.986,51.0638],[0.986,51.0655],[0.9832,51.0655],[0.9805,51.0655],[0.9805,51.0638],[0.9778,51.0638],[0.9778,51.062],[0.975,51.062],[0.9723,51.062],[0.9723,51.0638],[0.9695,51.0638],[0.9695,51.062],[0.9668,51.062],[0.9641,51.062],[0.9641,51.0603],[0.9613,51.0603],[0.9586,51.0603],[0.9558,51.0603],[0.9558,51.0586],[0.9531,51.0586],[0.9531,51.0569],[0.9504,51.0569],[0.9476,51.0569],[0.9476,51.0551],[0.9449,51.0551]]],[[[1.2052,51.0999],[1.2079,51.0999],[1.2106,51.0999],[1.2134,51.0999],[1.2161,51.0999],[1.2161,51.1016],[1.2189,51.1016],[1.2216,51.1016],[1.2243,51.1016],[1.2271,51.1016],[1.2298,51.1016],[1.2298,51.1033],[1.2271,51.1033],[1.2243,51.1033],[1.2216,51.1033],[1.2189,51.1033],[1.2161,51.1033],[1.2161,51.1051],[1.2134,51.1051],[1.2134,51.1068],[1.2161,51.1068],[1.2161,51.1085],[1.2161,51.1102],[1.2134,51.1102],[1.2106,51.1085],[1.2106,51.1068],[1.2079,51.1068],[1.2079,51.1085],[1.2052,51.1085],[1.2052,51.1068],[1.2052,51.1051],[1.2052,51.1033],[1.2052,51.1016],[1.2024,51.1016],[1.2052,51.0999]]]]},"properties":{"NAME":"Kent Downs","CODE":"18","DESIG_DATE":"Jul-68"}},{"type":"Feature","geometry":{"type":"MultiPolygon","coordinates":[[[[-2.1786,54.9479],[-2.1786,54.9495],[-2.1758,54.9495],[-2.1786,54.9479]]],[[[-2.2909,54.4333],[-2.2936,54.4333],[-2.2964,54.4333],[-2.2991,54.4333],[-2.2991,54.4349],[-2.3019,54.4349],[-2.3046,54.4349],[-2.3046,54.4365],[-2.3046,54.4381],[-2.3073,54.4381],[-2.3073,54.4396],[-2.3101,54.4396],[-2.3128,54.4412],[-2.3156,54.4412],[-2.3183,54.4428],[-2.321,54.4428],[-2.321,54.4444],[-2.3238,54.4444],[-2.3238,54.446],[-2.3265,54.446],[-2.3265,54.4476],[-2.3265,54.4492],[-2.3293,54.4492],[-2.3293,54.4508],[-2.332,54.4508],[-2.332,54.4524],[-2.3347,54.4524],[-2.3375,54.4524],[-2.3402,54.4524],[-2.3402,54.454],[-2.3429,54.454],[-2.3429,54.4556],[-2.3457,54.4556],[-2.3484,54.4556],[-2.3484,54.4572],[-2.3512,54.4572],[-2.3512,54.4588],[-2.3512,54.4604],[-2.3512,54.4619],[-2.3484,54.4619],[-2.3457,54.4619],[-2.3429,54.4619],[-2.3429,54.4635],[-2.3402,54.4635],[-2.3402,54.4651],[-2.3375,54.4651],[-2.3375,54.4667],[-2.3375,54.4683],[-2.3347,54.4683],[-2.3347,54.4699],[-2.3347,54.4715],[-2.332,54.4715],[-2.332,54.4731],[-2.332,54.4747],[-2.3293,54.4747],[-2.3293,54.4763],[-2.3265,54.4763],[-2.3265,54.4779],[-2.3238,54.4779],[-2.3238,54.4795],[-2.321,54.4795],[-2.321,54.4811],[-2.321,54.4826],[-2.321,54.4842],[-2.3183,54.4842],[-2.3183,54.4858],[-2.3156,54.4858],[-2.3128,54.4858],[-2.3128,54.4874],[-2.3156,54.489],[-2.3183,54.489],[-2.3183,54.4906],[-2.3183,54.4922],[-2.3156,54.4922],[-2.3128,54.4922],[-2.3128,54.4938],[-2.3101,54.4938],[-2.3073,54.4938],[-2.3073,54.4954],[-2.3046,54.4954],[-2.3046,54.497],[-2.3019,54.497],[-2.2991,54.497],[-2.2964,54.497],[-2.2936,54.497],[-2.2909,54.4986],[-2.2882,54.4986],[-2.2882,54.5002],[-2.2854,54.5002],[-2.2827,54.5002],[-2.2799,54.5017],[-2.2772,54.5017],[-2.2772,54.5033],[-2.2745,54.5033],[-2.2717,54.5033],[-2.269,54.5033],[-2.269,54.5049],[-2.2662,54.5049],[-2.2662,54.5033],[-2.2635,54.5033],[-2.2635,54.5049],[-2.2608,54.5049],[-2.2608,54.5033],[-2.258,54.5033],[-2.2553,54.5033],[-2.2525,54.5033],[-2.2498,54.5033],[-2.2471,54.5033],[-2.2443,54.5033],[-2.2416,54.5033],[-2.2416,54.5049],[-2.2388,54.5049],[-2.2361,54.5049],[-2.2361,54.5065],[-2.2334,54.5065],[-2.2334,54.5081],[-2.2306,54.5081],[-2.2279,54.5081],[-2.2251,54.5081],[-2.2224,54.5081],[-2.2197,54.5081],[-2.2169,54.5081],[-2.2169,54.5097],[-2.2142,54.5097],[-2.2114,54.5097],[-2.2114,54.5113],[-2.2087,54.5113],[-2.206,54.5113],[-2.206,54.5129],[-2.206,54.5145],[-2.206,54.5161],[-2.2087,54.5161],[-2.2087,54.5176],[-2.2114,54.5176],[-2.2142,54.5176],[-2.2142,54.5192],[-2.2169,54.5192],[-2.2169,54.5208],[-2.2197,54.5208],[-2.2224,54.5208],[-2.2224,54.5224],[-2.2251,54.5224],[-2.2251,54.524],[-2.2279,54.524],[-2.2279,54.5256],[-2.2306,54.5256],[-2.2306,54.5272],[-2.2334,54.5272],[-2.2361,54.5272],[-2.2388,54.5272],[-2.2388,54.5288],[-2.2416,54.5288],[-2.2443,54.5288],[-2.2471,54.5288],[-2.2498,54.5288],[-2.2525,54.5288],[-2.2553,54.5288],[-2.258,54.5288],[-2.2608,54.5288],[-2.2608,54.5304],[-2.2635,54.5304],[-2.2662,54.5304],[-2.269,54.5304],[-2.269,54.5288],[-2.2717,54.5288],[-2.2745,54.5288],[-2.2745,54.5272],[-2.2772,54.5272],[-2.2799,54.5272],[-2.2799,54.5256],[-2.2827,54.5256],[-2.2854,54.5256],[-2.2882,54.5256],[-2.2909,54.5272],[-2.2936,54.5272],[-2.2964,54.5272],[-2.2964,54.5288],[-2.2991,54.5288],[-2.3019,54.5288],[-2.3046,54.5288],[-2.3073,54.5288],[-2.3073,54.5272],[-2.3101,54.5272],[-2.3101,54.5288],[-2.3128,54.5288],[-2.3156,54.5288],[-2.3156,54.5304],[-2.3183,54.5304],[-2.321,54.5304],[-2.321,54.5288],[-2.3238,54.5288],[-2.3265,54.5288],[-2.3293,54.5288],[-2.332,54.5288],[-2.332,54.5304],[-2.3347,54.5304],[-2.3375,54.532],[-2.3402,54.532],[-2.3429,54.532],[-2.3457,54.532],[-2.3484,54.532],[-2.3512,54.532],[-2.3539,54.532],[-2.3566,54.532],[-2.3594,54.532],[-2.3621,54.532],[-2.3649,54.532],[-2.3676,54.532],[-2.3676,54.5336],[-2.3703,54.5336],[-2.3731,54.5336],[-2.3731,54.5351],[-2.3758,54.5351],[-2.3786,54.5351],[-2.3786,54.5367],[-2.3813,54.5367],[-2.3813,54.5383],[-2.384,54.5383],[-2.3868,54.5399],[-2.3895,54.5415],[-2.3895,54.5431],[-2.3923,54.5431],[-2.395,54.5431],[-2.395,54.5447],[-2.3977,54.5447],[-2.3977,54.5463],[-2.3977,54.5479],[-2.4005,54.5494],[-2.4005,54.551],[-2.4005,54.5526],[-2.4005,54.5542],[-2.4032,54.5542],[-2.4032,54.5558],[-2.4032,54.5574],[-2.4032,54.559],[-2.4032,54.5606],[-2.4032,54.5622],[-2.406,54.5622],[-2.406,54.5637],[-2.406,54.5653],[-2.406,54.5669],[-2.4087,54.5685],[-2.4114,54.5701],[-2.4114,54.5717],[-2.4114,54.5733],[-2.4142,54.5749],[-2.4114,54.5749],[-2.4114,54.5765],[-2.4142,54.5765],[-2.4142,54.578],[-2.4142,54.5796],[-2.4142,54.5812],[-2.4142,54.5828],[-2.4169,54.5828],[-2.4169,54.5844],[-2.4197,54.5844],[-2.4197,54.586],[-2.4197,54.5876],[-2.4224,54.5876],[-2.4224,54.5892],[-2.4251,54.5892],[-2.4251,54.5907],[-2.4251,54.5923],[-2.4251,54.5939],[-2.4279,54.5939],[-2.4279,54.5955],[-2.4279,54.5971],[-2.4306,54.5971],[-2.4306,54.5987],[-2.4334,54.5987],[-2.4334,54.6003],[-2.4361,54.6003],[-2.4361,54.6019],[-2.4361,54.6034],[-2.4388,54.6034],[-2.4388,54.605],[-2.4388,54.6066],[-2.4416,54.6066],[-2.4416,54.6082],[-2.4443,54.6082],[-2.4471,54.6082],[-2.4498,54.6082],[-2.4525,54.6082],[-2.4553,54.6082],[-2.4553,54.6098],[-2.458,54.6098],[-2.458,54.6114],[-2.4608,54.6114],[-2.4635,54.6114],[-2.4635,54.613],[-2.4662,54.613],[-2.4662,54.6145],[-2.469,54.6145],[-2.4717,54.6145],[-2.4717,54.6161],[-2.4745,54.6161],[-2.4745,54.6145],[-2.4772,54.6145],[-2.4772,54.6161],[-2.4772,54.6177],[-2.4799,54.6177],[-2.4799,54.6161],[-2.4827,54.6177],[-2.4854,54.6177],[-2.4854,54.6193],[-2.4882,54.6193],[-2.4909,54.6193],[-2.4909,54.6209],[-2.4882,54.6209],[-2.4882,54.6225],[-2.4882,54.6241],[-2.4909,54.6241],[-2.4909,54.6257],[-2.4909,54.6272],[-2.4909,54.6288],[-2.4909,54.6304],[-2.4936,54.6304],[-2.4964,54.632],[-2.4964,54.6336],[-2.4991,54.6336],[-2.4991,54.6352],[-2.5019,54.6352],[-2.5019,54.6368],[-2.4991,54.6368],[-2.4991,54.6383],[-2.5019,54.6383],[-2.5019,54.6399],[-2.5019,54.6415],[-2.5046,54.6415],[-2.5073,54.6431],[-2.5073,54.6447],[-2.5101,54.6447],[-2.5101,54.6463],[-2.5128,54.6463],[-2.5128,54.6447],[-2.5156,54.6447],[-2.5183,54.6447],[-2.521,54.6447],[-2.521,54.6431],[-2.5238,54.6431],[-2.5265,54.6415],[-2.5293,54.6415],[-2.5293,54.6431],[-2.532,54.6431],[-2.532,54.6447],[-2.532,54.6463],[-2.532,54.6479],[-2.5347,54.6479],[-2.5347,54.6494],[-2.5347,54.651],[-2.5347,54.6526],[-2.5375,54.6526],[-2.5375,54.6542],[-2.5375,54.6558],[-2.5375,54.6574],[-2.5402,54.6574],[-2.5402,54.6589],[-2.5402,54.6605],[-2.543,54.6605],[-2.543,54.6621],[-2.543,54.6637],[-2.5457,54.6637],[-2.5457,54.6653],[-2.5484,54.6653],[-2.5484,54.6669],[-2.5512,54.6669],[-2.5512,54.6685],[-2.5539,54.6685],[-2.5539,54.67],[-2.5567,54.67],[-2.5594,54.67],[-2.5594,54.6716],[-2.5594,54.6732],[-2.5621,54.6732],[-2.5621,54.6748],[-2.5649,54.6748],[-2.5676,54.6748],[-2.5676,54.6764],[-2.5649,54.6764],[-2.5621,54.6764],[-2.5621,54.678],[-2.5621,54.6795],[-2.5594,54.6795],[-2.5594,54.6811],[-2.5567,54.6811],[-2.5567,54.6827],[-2.5539,54.6827],[-2.5539,54.6843],[-2.5539,54.6859],[-2.5512,54.6859],[-2.5512,54.6875],[-2.5539,54.6875],[-2.5567,54.6875],[-2.5567,54.689],[-2.5567,54.6906],[-2.5594,54.6906],[-2.5594,54.6922],[-2.5621,54.6922],[-2.5621,54.6938],[-2.5649,54.6938],[-2.5649,54.6954],[-2.5649,54.697],[-2.5676,54.697],[-2.5676,54.6985],[-2.5676,54.7001],[-2.5704,54.7001],[-2.5704,54.7017],[-2.5731,54.7017],[-2.5731,54.7033],[-2.5758,54.7033],[-2.5758,54.7049],[-2.5786,54.7049],[-2.5786,54.7065],[-2.5813,54.7065],[-2.5813,54.708],[-2.5841,54.708],[-2.5841,54.7096],[-2.5868,54.7096],[-2.5868,54.7112],[-2.5895,54.7112],[-2.5895,54.7128],[-2.5923,54.7128],[-2.5923,54.7144],[-2.5923,54.716],[-2.5923,54.7175],[-2.5923,54.7191],[-2.5923,54.7207],[-2.595,54.7207],[-2.595,54.7223],[-2.595,54.7239],[-2.595,54.7255],[-2.5978,54.7255],[-2.6005,54.7255],[-2.6032,54.7255],[-2.6032,54.727],[-2.606,54.7286],[-2.606,54.7302],[-2.6087,54.7302],[-2.6087,54.7318],[-2.606,54.7318],[-2.606,54.7334],[-2.6032,54.7334],[-2.6032,54.7349],[-2.6032,54.7365],[-2.606,54.7365],[-2.606,54.7381],[-2.6032,54.7381],[-2.6032,54.7397],[-2.6032,54.7413],[-2.606,54.7413],[-2.606,54.7429],[-2.6087,54.7429],[-2.6087,54.7444],[-2.6115,54.7444],[-2.6142,54.7444],[-2.6142,54.746],[-2.6142,54.7476],[-2.6115,54.7476],[-2.6115,54.7492],[-2.6115,54.7508],[-2.6087,54.7523],[-2.606,54.7523],[-2.606,54.7539],[-2.6032,54.7539],[-2.6032,54.7555],[-2.606,54.7571],[-2.606,54.7587],[-2.6087,54.7587],[-2.6087,54.7603],[-2.6087,54.7618],[-2.6115,54.7618],[-2.6115,54.7634],[-2.6115,54.765],[-2.6142,54.765],[-2.6142,54.7666],[-2.6142,54.7682],[-2.6142,54.7697],[-2.6169,54.7697],[-2.6169,54.7713],[-2.6169,54.7729],[-2.6169,54.7745],[-2.6197,54.7745],[-2.6197,54.7761],[-2.6197,54.7776],[-2.6197,54.7792],[-2.6197,54.7808],[-2.6224,54.7808],[-2.6252,54.7808],[-2.6279,54.7808],[-2.6279,54.7824],[-2.6306,54.7824],[-2.6306,54.784],[-2.6306,54.7855],[-2.6279,54.7855],[-2.6279,54.7871],[-2.6306,54.7871],[-2.6306,54.7887],[-2.6334,54.7887],[-2.6334,54.7903],[-2.6361,54.7903],[-2.6389,54.7903],[-2.6389,54.7919],[-2.6416,54.7919],[-2.6416,54.7934],[-2.6416,54.795],[-2.6443,54.795],[-2.6443,54.7966],[-2.6471,54.7966],[-2.6471,54.7982],[-2.6498,54.7982],[-2.6498,54.7998],[-2.6498,54.8013],[-2.6498,54.8029],[-2.6526,54.8029],[-2.6526,54.8045],[-2.6553,54.8045],[-2.6553,54.8061],[-2.658,54.8061],[-2.658,54.8076],[-2.658,54.8092],[-2.6608,54.8092],[-2.6608,54.8108],[-2.6608,54.8124],[-2.6608,54.814],[-2.6608,54.8155],[-2.6635,54.8155],[-2.6635,54.8171],[-2.6663,54.8171],[-2.6663,54.8187],[-2.669,54.8187],[-2.669,54.8203],[-2.6717,54.8203],[-2.6745,54.8203],[-2.6745,54.8219],[-2.6772,54.8234],[-2.6772,54.825],[-2.6772,54.8266],[-2.68,54.8266],[-2.68,54.8282],[-2.6827,54.8282],[-2.6827,54.8298],[-2.6854,54.8298],[-2.6854,54.8313],[-2.6882,54.8313],[-2.6882,54.8329],[-2.6882,54.8345],[-2.6909,54.8345],[-2.6909,54.8361],[-2.6909,54.8376],[-2.6937,54.8376],[-2.6937,54.8392],[-2.6964,54.8408],[-2.6964,54.8424],[-2.6991,54.8424],[-2.6991,54.844],[-2.7019,54.844],[-2.7019,54.8455],[-2.7046,54.8455],[-2.7074,54.8455],[-2.7074,54.8471],[-2.7101,54.8471],[-2.7101,54.8487],[-2.7101,54.8503],[-2.7128,54.8503],[-2.7128,54.8518],[-2.7128,54.8534],[-2.7128,54.855],[-2.7156,54.855],[-2.7156,54.8566],[-2.7183,54.8566],[-2.7183,54.8581],[-2.7156,54.8581],[-2.7156,54.8597],[-2.7156,54.8613],[-2.7156,54.8629],[-2.7156,54.8645],[-2.7183,54.8645],[-2.7183,54.866],[-2.7183,54.8676],[-2.7183,54.8692],[-2.7183,54.8708],[-2.7211,54.8708],[-2.7211,54.8723],[-2.7211,54.8739],[-2.7211,54.8755],[-2.7211,54.8771],[-2.7211,54.8786],[-2.7183,54.8786],[-2.7183,54.8802],[-2.7183,54.8818],[-2.7183,54.8834],[-2.7183,54.8849],[-2.7183,54.8865],[-2.7183,54.8881],[-2.7183,54.8897],[-2.7183,54.8913],[-2.7183,54.8928],[-2.7156,54.8928],[-2.7156,54.8944],[-2.7156,54.896],[-2.7156,54.8976],[-2.7156,54.8991],[-2.7183,54.8991],[-2.7183,54.9007],[-2.7183,54.9023],[-2.7183,54.9039],[-2.7156,54.9039],[-2.7156,54.9054],[-2.7128,54.9054],[-2.7128,54.907],[-2.7101,54.907],[-2.7101,54.9086],[-2.7074,54.9086],[-2.7046,54.9086],[-2.7046,54.9102],[-2.7019,54.9102],[-2.7019,54.9117],[-2.6991,54.9117],[-2.6991,54.9133],[-2.6964,54.9133],[-2.6937,54.9133],[-2.6937,54.9149],[-2.6909,54.9149],[-2.6882,54.9149],[-2.6882,54.9165],[-2.6854,54.9165],[-2.6854,54.918],[-2.6827,54.918],[-2.6827,54.9196],[-2.68,54.9196],[-2.68,54.9212],[-2.6772,54.9212],[-2.6772,54.9228],[-2.6745,54.9228],[-2.6717,54.9243],[-2.669,54.9243],[-2.669,54.9259],[-2.6663,54.9259],[-2.6663,54.9275],[-2.6635,54.9275],[-2.6608,54.9275],[-2.6608,54.9291],[-2.658,54.9291],[-2.6553,54.9291],[-2.6526,54.9291],[-2.6498,54.9291],[-2.6498,54.9306],[-2.6471,54.9306],[-2.6443,54.9306],[-2.6443,54.9322],[-2.6416,54.9322],[-2.6389,54.9322],[-2.6361,54.9322],[-2.6361,54.9338],[-2.6334,54.9338],[-2.6306,54.9338],[-2.6279,54.9338],[-2.6252,54.9338],[-2.6224,54.9338],[-2.6197,54.9338],[-2.6169,54.9338],[-2.6142,54.9338],[-2.6142,54.9354],[-2.6115,54.9354],[-2.6115,54.9338],[-2.6087,54.9338],[-2.6087,54.9322],[-2.606,54.9322],[-2.606,54.9306],[-2.6032,54.9306],[-2.6005,54.9306],[-2.5978,54.9306],[-2.595,54.9306],[-2.5923,54.9306],[-2.5923,54.9291],[-2.5923,54.9275],[-2.5895,54.9275],[-2.5868,54.9275],[-2.5841,54.9275],[-2.5813,54.9275],[-2.5786,54.9275],[-2.5758,54.9275],[-2.5758,54.9259],[-2.5731,54.9259],[-2.5704,54.9259],[-2.5704,54.9243],[-2.5676,54.9243],[-2.5649,54.9243],[-2.5621,54.9243],[-2.5621,54.9228],[-2.5594,54.9228],[-2.5594,54.9212],[-2.5567,54.9212],[-2.5539,54.9212],[-2.5512,54.9212],[-2.5484,54.9212],[-2.5457,54.9212],[-2.5457,54.9196],[-2.543,54.9196],[-2.5402,54.9196],[-2.5375,54.9196],[-2.5347,54.9196],[-2.532,54.9196],[-2.532,54.9212],[-2.5293,54.9212],[-2.5265,54.9212],[-2.5238,54.9212],[-2.521,54.9212],[-2.521,54.9196],[-2.5183,54.9196],[-2.5156,54.9196],[-2.5128,54.9196],[-2.5128,54.9212],[-2.5128,54.9228],[-2.5101,54.9228],[-2.5073,54.9228],[-2.5046,54.9228],[-2.5046,54.9212],[-2.5019,54.9212],[-2.5019,54.9196],[-2.4991,54.9196],[-2.4964,54.918],[-2.4936,54.918],[-2.4909,54.918],[-2.4882,54.918],[-2.4854,54.918],[-2.4827,54.918],[-2.4799,54.918],[-2.4772,54.918],[-2.4772,54.9196],[-2.4745,54.9196],[-2.4717,54.9212],[-2.4717,54.9228],[-2.469,54.9228],[-2.469,54.9212],[-2.4662,54.9212],[-2.4635,54.9212],[-2.4635,54.9228],[-2.4608,54.9228],[-2.4608,54.9212],[-2.458,54.9212],[-2.458,54.9228],[-2.4553,54.9228],[-2.4553,54.9243],[-2.4525,54.9243],[-2.4525,54.9228],[-2.4498,54.9228],[-2.4471,54.9228],[-2.4471,54.9212],[-2.4443,54.9212],[-2.4416,54.9212],[-2.4388,54.9212],[-2.4361,54.9212],[-2.4361,54.9228],[-2.4334,54.9228],[-2.4306,54.9228],[-2.4279,54.9228],[-2.4251,54.9228],[-2.4224,54.9228],[-2.4197,54.9228],[-2.4169,54.9228],[-2.4142,54.9228],[-2.4142,54.9243],[-2.4114,54.9243],[-2.4087,54.9243],[-2.4087,54.9259],[-2.4087,54.9275],[-2.4114,54.9275],[-2.4114,54.9291],[-2.4114,54.9306],[-2.4114,54.9322],[-2.4142,54.9322],[-2.4142,54.9338],[-2.4142,54.9354],[-2.4114,54.9369],[-2.4087,54.9385],[-2.406,54.9401],[-2.4032,54.9401],[-2.4005,54.9385],[-2.3977,54.9385],[-2.395,54.9401],[-2.395,54.9385],[-2.3923,54.9385],[-2.3895,54.9385],[-2.3895,54.9401],[-2.3868,54.9401],[-2.3868,54.9416],[-2.3868,54.9432],[-2.3868,54.9448],[-2.3868,54.9464],[-2.384,54.9464],[-2.3813,54.9464],[-2.3786,54.9464],[-2.3758,54.9479],[-2.3731,54.9479],[-2.3731,54.9495],[-2.3703,54.9495],[-2.3676,54.9495],[-2.3649,54.9495],[-2.3649,54.9511],[-2.3621,54.9511],[-2.3621,54.9527],[-2.3594,54.9527],[-2.3566,54.9527],[-2.3539,54.9527],[-2.3539,54.9542],[-2.3512,54.9542],[-2.3484,54.9542],[-2.3457,54.9542],[-2.3429,54.9542],[-2.3429,54.9558],[-2.3402,54.9558],[-2.3375,54.9558],[-2.3347,54.9558],[-2.332,54.9558],[-2.332,54.9574],[-2.3293,54.9574],[-2.3293,54.959],[-2.3293,54.9605],[-2.3293,54.9621],[-2.3265,54.9621],[-2.3265,54.9637],[-2.3265,54.9652],[-2.3238,54.9652],[-2.3238,54.9668],[-2.3238,54.9684],[-2.3238,54.97],[-2.3238,54.9715],[-2.321,54.9715],[-2.321,54.9731],[-2.3183,54.9731],[-2.3156,54.9731],[-2.3128,54.9731],[-2.3101,54.9731],[-2.3073,54.9715],[-2.3046,54.9715],[-2.3046,54.97],[-2.3046,54.9684],[-2.3046,54.9668],[-2.3019,54.9668],[-2.2991,54.9668],[-2.2991,54.9652],[-2.2964,54.9652],[-2.2964,54.9637],[-2.2936,54.9637],[-2.2936,54.9621],[-2.2964,54.9621],[-2.2964,54.9605],[-2.2991,54.9605],[-2.3019,54.9605],[-2.3019,54.959],[-2.3046,54.959],[-2.3046,54.9574],[-2.3046,54.9558],[-2.3046,54.9542],[-2.3019,54.9542],[-2.3019,54.9527],[-2.2991,54.9527],[-2.2964,54.9527],[-2.2964,54.9511],[-2.2936,54.9511],[-2.2909,54.9511],[-2.2909,54.9495],[-2.2882,54.9495],[-2.2854,54.9495],[-2.2854,54.9479],[-2.2827,54.9479],[-2.2799,54.9479],[-2.2799,54.9464],[-2.2772,54.9464],[-2.2745,54.9464],[-2.2717,54.9464],[-2.269,54.9464],[-2.269,54.9448],[-2.269,54.9432],[-2.2662,54.9432],[-2.2662,54.9416],[-2.2635,54.9416],[-2.2608,54.9432],[-2.258,54.9432],[-2.2553,54.9432],[-2.2553,54.9448],[-2.2525,54.9448],[-2.2498,54.9448],[-2.2471,54.9464],[-2.2443,54.9464],[-2.2416,54.9464],[-2.2388,54.9464],[-2.2361,54.9464],[-2.2334,54.9464],[-2.2306,54.9464],[-2.2279,54.9464],[-2.2279,54.9479],[-2.2251,54.9479],[-2.2224,54.9479],[-2.2197,54.9479],[-2.2169,54.9479],[-2.2169,54.9495],[-2.2142,54.9495],[-2.2114,54.9495],[-2.2087,54.9495],[-2.206,54.9495],[-2.2032,54.9495],[-2.2005,54.9495],[-2.1977,54.9495],[-2.195,54.9495],[-2.195,54.9511],[-2.1923,54.9511],[-2.1895,54.9511],[-2.1868,54.9511],[-2.184,54.9511],[-2.1813,54.9511],[-2.1813,54.9495],[-2.1813,54.9479],[-2.1786,54.9479],[-2.1758,54.9479],[-2.1731,54.9479],[-2.1703,54.9479],[-2.1676,54.9479],[-2.1649,54.9479],[-2.1621,54.9479],[-2.1594,54.9479],[-2.1566,54.9479],[-2.1539,54.9479],[-2.1512,54.9479],[-2.1484,54.9479],[-2.1457,54.9479],[-2.1429,54.9464],[-2.1429,54.9479],[-2.1402,54.9479],[-2.1402,54.9464],[-2.1375,54.9464],[-2.1347,54.9464],[-2.1347,54.9448],[-2.132,54.9448],[-2.1292,54.9448],[-2.1292,54.9432],[-2.1292,54.9416],[-2.1265,54.9401],[-2.1265,54.9385],[-2.1265,54.9369],[-2.1265,54.9354],[-2.1238,54.9354],[-2.1238,54.9338],[-2.1238,54.9322],[-2.1238,54.9306],[-2.1265,54.9306],[-2.1265,54.9291],[-2.1238,54.9291],[-2.1238,54.9275],[-2.1265,54.9275],[-2.1265,54.9259],[-2.1238,54.9259],[-2.1238,54.9243],[-2.1265,54.9243],[-2.1265,54.9228],[-2.1265,54.9212],[-2.1265,54.9196],[-2.1265,54.918],[-2.1265,54.9165],[-2.1238,54.9165],[-2.1238,54.9149],[-2.121,54.9149],[-2.1183,54.9149],[-2.1155,54.9149],[-2.1155,54.9133],[-2.1155,54.9117],[-2.1155,54.9102],[-2.1155,54.9086],[-2.1155,54.907],[-2.1155,54.9054],[-2.1155,54.9039],[-2.1183,54.9039],[-2.1183,54.9023],[-2.1183,54.9007],[-2.1155,54.9007],[-2.1155,54.8991],[-2.1128,54.8991],[-2.1101,54.8991],[-2.1101,54.8976],[-2.1073,54.8976],[-2.1046,54.8976],[-2.1046,54.896],[-2.1018,54.896],[-2.1018,54.8944],[-2.1018,54.8928],[-2.0991,54.8928],[-2.0991,54.8913],[-2.0991,54.8897],[-2.0964,54.8897],[-2.0964,54.8881],[-2.0936,54.8865],[-2.0909,54.8849],[-2.0909,54.8834],[-2.0881,54.8818],[-2.0881,54.8802],[-2.0827,54.8818],[-2.0827,54.8834],[-2.0799,54.8834],[-2.0799,54.8849],[-2.0772,54.8849],[-2.0744,54.8865],[-2.0717,54.8865],[-2.069,54.8865],[-2.069,54.8849],[-2.0662,54.8849],[-2.0635,54.8849],[-2.058,54.8849],[-2.0553,54.8849],[-2.0525,54.8849],[-2.0525,54.8834],[-2.0498,54.8834],[-2.0498,54.8818],[-2.047,54.8818],[-2.0443,54.8818],[-2.0416,54.8802],[-2.0388,54.8802],[-2.0388,54.8786],[-2.0361,54.8786],[-2.0333,54.8786],[-2.0333,54.8771],[-2.0306,54.8771],[-2.0306,54.8786],[-2.0279,54.8786],[-2.0279,54.8802],[-2.0279,54.8818],[-2.0251,54.8818],[-2.0251,54.8834],[-2.0224,54.8849],[-2.0224,54.8865],[-2.0196,54.8865],[-2.0169,54.8865],[-2.0169,54.8881],[-2.0142,54.8881],[-2.0114,54.8881],[-2.0087,54.8881],[-2.0059,54.8881],[-2.0032,54.8881],[-2.0032,54.8897],[-2.0005,54.8897],[-1.9977,54.8897],[-1.995,54.8897],[-1.9922,54.8897],[-1.9895,54.8897],[-1.9868,54.8897],[-1.984,54.8897],[-1.9813,54.8897],[-1.9785,54.8897],[-1.9758,54.8897],[-1.9731,54.8897],[-1.9703,54.8897],[-1.9676,54.8897],[-1.9648,54.8897],[-1.9648,54.8881],[-1.9621,54.8881],[-1.9594,54.8881],[-1.9594,54.8865],[-1.9566,54.8834],[-1.9566,54.8818],[-1.9539,54.8818],[-1.9539,54.8802],[-1.9511,54.8802],[-1.9511,54.8786],[-1.9511,54.8771],[-1.9484,54.8771],[-1.9484,54.8755],[-1.9457,54.8755],[-1.9457,54.8739],[-1.9429,54.8739],[-1.9429,54.8723],[-1.9402,54.8723],[-1.9402,54.8708],[-1.9402,54.8692],[-1.9375,54.8692],[-1.9375,54.8676],[-1.9375,54.866],[-1.9347,54.866],[-1.9347,54.8645],[-1.932,54.8645],[-1.932,54.8629],[-1.9292,54.8629],[-1.9292,54.8613],[-1.9265,54.8613],[-1.9265,54.8597],[-1.9238,54.8597],[-1.9238,54.8581],[-1.921,54.8581],[-1.921,54.8566],[-1.9183,54.8566],[-1.9183,54.855],[-1.9183,54.8534],[-1.9155,54.8534],[-1.9155,54.8518],[-1.9155,54.8503],[-1.9128,54.8503],[-1.9128,54.8487],[-1.9101,54.8487],[-1.9101,54.8471],[-1.9128,54.8471],[-1.9128,54.8455],[-1.9101,54.8455],[-1.9073,54.8455],[-1.9073,54.8471],[-1.9073,54.8487],[-1.9046,54.8487],[-1.9018,54.8487],[-1.8991,54.8487],[-1.8991,54.8503],[-1.8964,54.8503],[-1.8936,54.8503],[-1.8909,54.8503],[-1.8881,54.8503],[-1.8881,54.8487],[-1.8854,54.8487],[-1.8827,54.8487],[-1.8827,54.8471],[-1.8827,54.8455],[-1.8827,54.844],[-1.8827,54.8424],[-1.8827,54.8408],[-1.8854,54.8408],[-1.8854,54.8392],[-1.8854,54.8376],[-1.8827,54.8376],[-1.8854,54.8361],[-1.8854,54.8345],[-1.8854,54.8329],[-1.8827,54.8329],[-1.8827,54.8313],[-1.8827,54.8298],[-1.8799,54.8298],[-1.8772,54.8298],[-1.8744,54.8298],[-1.8717,54.8298],[-1.869,54.8298],[-1.869,54.8282],[-1.8662,54.8282],[-1.8662,54.8266],[-1.8662,54.825],[-1.8635,54.825],[-1.8635,54.8234],[-1.8635,54.8219],[-1.8635,54.8203],[-1.8635,54.8187],[-1.8635,54.8171],[-1.8635,54.8155],[-1.8635,54.814],[-1.8635,54.8124],[-1.8635,54.8108],[-1.8607,54.8108],[-1.8607,54.8092],[-1.8607,54.8076],[-1.8607,54.8061],[-1.858,54.8061],[-1.858,54.8045],[-1.858,54.8029],[-1.858,54.8013],[-1.858,54.7998],[-1.858,54.7982],[-1.858,54.7966],[-1.8553,54.7966],[-1.8553,54.795],[-1.8553,54.7934],[-1.8553,54.7919],[-1.8553,54.7903],[-1.8553,54.7887],[-1.8553,54.7871],[-1.8553,54.7855],[-1.8553,54.784],[-1.8553,54.7824],[-1.8553,54.7808],[-1.8553,54.7792],[-1.8553,54.7776],[-1.8525,54.7776],[-1.8525,54.7761],[-1.8525,54.7745],[-1.8525,54.7729],[-1.8525,54.7713],[-1.8525,54.7697],[-1.8498,54.7697],[-1.8498,54.7682],[-1.8498,54.7666],[-1.8498,54.765],[-1.8498,54.7634],[-1.847,54.7634],[-1.847,54.7618],[-1.847,54.7603],[-1.8443,54.7603],[-1.8443,54.7587],[-1.8416,54.7587],[-1.8416,54.7571],[-1.8416,54.7555],[-1.8416,54.7539],[-1.8443,54.7523],[-1.8443,54.7508],[-1.8443,54.7492],[-1.8443,54.7476],[-1.8443,54.746],[-1.847,54.7444],[-1.8443,54.7444],[-1.8443,54.7429],[-1.8443,54.7413],[-1.8416,54.7413],[-1.8416,54.7397],[-1.8443,54.7397],[-1.8443,54.7381],[-1.847,54.7381],[-1.8498,54.7381],[-1.8498,54.7365],[-1.8525,54.7365],[-1.8553,54.7365],[-1.8553,54.7381],[-1.858,54.7381],[-1.8607,54.7381],[-1.8635,54.7381],[-1.8662,54.7381],[-1.869,54.7381],[-1.8717,54.7381],[-1.8744,54.7381],[-1.8772,54.7381],[-1.8772,54.7397],[-1.8772,54.7413],[-1.8799,54.7413],[-1.8799,54.7429],[-1.8827,54.7429],[-1.8854,54.7429],[-1.8854,54.7413],[-1.8881,54.7413],[-1.8909,54.7413],[-1.8909,54.7397],[-1.8909,54.7381],[-1.8909,54.7365],[-1.8909,54.7349],[-1.8936,54.7349],[-1.8964,54.7349],[-1.8991,54.7349],[-1.8991,54.7334],[-1.9018,54.7334],[-1.9046,54.7334],[-1.9073,54.7334],[-1.9101,54.7334],[-1.9101,54.7318],[-1.9128,54.7318],[-1.9128,54.7334],[-1.9155,54.7334],[-1.9155,54.7318],[-1.9183,54.7318],[-1.921,54.7318],[-1.9238,54.7318],[-1.9265,54.7318],[-1.9292,54.7302],[-1.9292,54.7286],[-1.9292,54.727],[-1.932,54.727],[-1.932,54.7286],[-1.9347,54.7286],[-1.9375,54.7286],[-1.9375,54.727],[-1.9402,54.727],[-1.9429,54.727],[-1.9457,54.727],[-1.9484,54.727],[-1.9511,54.727],[-1.9511,54.7286],[-1.9511,54.7302],[-1.9539,54.7302],[-1.9566,54.7302],[-1.9594,54.7302],[-1.9621,54.7302],[-1.9648,54.7302],[-1.9676,54.7302],[-1.9676,54.7318],[-1.9703,54.7318],[-1.9703,54.7334],[-1.9731,54.7334],[-1.9758,54.7349],[-1.9785,54.7349],[-1.9813,54.7365],[-1.984,54.7381],[-1.9868,54.7381],[-1.9868,54.7397],[-1.9868,54.7413],[-1.9868,54.7429],[-1.9895,54.7429],[-1.9895,54.7444],[-1.9922,54.7444],[-1.995,54.7444],[-1.995,54.746],[-1.9977,54.746],[-1.9977,54.7476],[-2.0005,54.7476],[-2.0005,54.7492],[-2.0032,54.7492],[-2.0032,54.7508],[-2.0059,54.7508],[-2.0059,54.7523],[-2.0059,54.7539],[-2.0087,54.7539],[-2.0087,54.7555],[-2.0114,54.7555],[-2.0142,54.7555],[-2.0169,54.7555],[-2.0196,54.7555],[-2.0196,54.7539],[-2.0169,54.7539],[-2.0169,54.7523],[-2.0169,54.7508],[-2.0169,54.7492],[-2.0196,54.7492],[-2.0224,54.7492],[-2.0251,54.7492],[-2.0279,54.7492],[-2.0306,54.7492],[-2.0306,54.7476],[-2.0333,54.7476],[-2.0333,54.746],[-2.0361,54.746],[-2.0388,54.746],[-2.0416,54.746],[-2.0443,54.746],[-2.047,54.746],[-2.0498,54.746],[-2.0525,54.746],[-2.0553,54.746],[-2.058,54.746],[-2.058,54.7444],[-2.0607,54.7444],[-2.0635,54.7444],[-2.0662,54.7444],[-2.069,54.7444],[-2.069,54.7429],[-2.0717,54.7429],[-2.0744,54.7429],[-2.0772,54.7429],[-2.0799,54.7429],[-2.0827,54.7429],[-2.0854,54.7413],[-2.0881,54.7413],[-2.0909,54.7413],[-2.0936,54.7413],[-2.0964,54.7413],[-2.0964,54.7397],[-2.0964,54.7381],[-2.0964,54.7365],[-2.0964,54.7349],[-2.0964,54.7334],[-2.0964,54.7318],[-2.0964,54.7302],[-2.0964,54.7286],[-2.0991,54.727],[-2.0991,54.7255],[-2.0991,54.7239],[-2.1018,54.7223],[-2.1018,54.7207],[-2.1046,54.7207],[-2.1046,54.7191],[-2.1018,54.7191],[-2.1018,54.7175],[-2.0991,54.7175],[-2.0991,54.7191],[-2.0991,54.7207],[-2.0964,54.7223],[-2.0964,54.7239],[-2.0936,54.7239],[-2.0909,54.7239],[-2.0909,54.7255],[-2.0881,54.7255],[-2.0854,54.7255],[-2.0854,54.7239],[-2.0827,54.7239],[-2.0799,54.7239],[-2.0799,54.7255],[-2.0772,54.7255],[-2.0744,54.7255],[-2.0744,54.727],[-2.0744,54.7286],[-2.0717,54.7286],[-2.0717,54.7302],[-2.069,54.7302],[-2.0662,54.7302],[-2.0635,54.7302],[-2.0607,54.7302],[-2.0607,54.7318],[-2.058,54.7318],[-2.058,54.7334],[-2.0553,54.7334],[-2.0525,54.7349],[-2.0498,54.7349],[-2.0498,54.7365],[-2.047,54.7365],[-2.047,54.7381],[-2.0443,54.7381],[-2.0443,54.7397],[-2.0416,54.7397],[-2.0388,54.7397],[-2.0388,54.7381],[-2.0388,54.7365],[-2.0361,54.7349],[-2.0333,54.7349],[-2.0333,54.7334],[-2.0306,54.7334],[-2.0306,54.7318],[-2.0279,54.7318],[-2.0251,54.7318],[-2.0224,54.7318],[-2.0196,54.7318],[-2.0196,54.7334],[-2.0196,54.7349],[-2.0196,54.7365],[-2.0224,54.7365],[-2.0224,54.7381],[-2.0224,54.7397],[-2.0196,54.7397],[-2.0169,54.7397],[-2.0142,54.7397],[-2.0142,54.7381],[-2.0114,54.7381],[-2.0087,54.7365],[-2.0059,54.7365],[-2.0059,54.7349],[-2.0059,54.7334],[-2.0059,54.7318],[-2.0059,54.7302],[-2.0032,54.7302],[-2.0032,54.7286],[-2.0005,54.7286],[-2.0005,54.727],[-2.0005,54.7255],[-1.9977,54.7255],[-1.995,54.7255],[-1.995,54.7239],[-1.9922,54.7239],[-1.9895,54.7239],[-1.9868,54.7239],[-1.9868,54.7255],[-1.9868,54.727],[-1.9868,54.7286],[-1.984,54.7286],[-1.9813,54.7286],[-1.9785,54.7286],[-1.9785,54.727],[-1.9758,54.727],[-1.9731,54.727],[-1.9703,54.727],[-1.9703,54.7255],[-1.9676,54.7255],[-1.9676,54.7239],[-1.9676,54.7223],[-1.9676,54.7207],[-1.9676,54.7191],[-1.9648,54.7191],[-1.9621,54.7191],[-1.9594,54.7191],[-1.9594,54.7207],[-1.9566,54.7207],[-1.9566,54.7191],[-1.9539,54.7191],[-1.9511,54.7191],[-1.9484,54.7191],[-1.9457,54.7191],[-1.9457,54.7207],[-1.9429,54.7207],[-1.9429,54.7223],[-1.9402,54.7223],[-1.9402,54.7207],[-1.9375,54.7207],[-1.9375,54.7223],[-1.9347,54.7223],[-1.9347,54.7207],[-1.9347,54.7191],[-1.9347,54.7175],[-1.932,54.7175],[-1.932,54.7191],[-1.9292,54.7191],[-1.9292,54.7207],[-1.9265,54.7207],[-1.9238,54.7207],[-1.921,54.7207],[-1.921,54.7223],[-1.9183,54.7223],[-1.9155,54.7223],[-1.9155,54.7207],[-1.9155,54.7191],[-1.9128,54.7191],[-1.9101,54.7191],[-1.9101,54.7207],[-1.9073,54.7207],[-1.9073,54.7191],[-1.9046,54.7191],[-1.9018,54.7191],[-1.8991,54.7191],[-1.8964,54.7191],[-1.8964,54.7207],[-1.8964,54.7223],[-1.8936,54.7223],[-1.8909,54.7223],[-1.8909,54.7239],[-1.8881,54.7223],[-1.8881,54.7207],[-1.8909,54.7207],[-1.8909,54.7191],[-1.8909,54.7175],[-1.8909,54.716],[-1.8881,54.716],[-1.8854,54.716],[-1.8827,54.716],[-1.8827,54.7144],[-1.8799,54.7144],[-1.8772,54.7128],[-1.8744,54.7128],[-1.8744,54.7112],[-1.8744,54.7096],[-1.8744,54.708],[-1.8717,54.7065],[-1.8717,54.7049],[-1.8717,54.7033],[-1.869,54.7033],[-1.869,54.7017],[-1.8662,54.7017],[-1.8662,54.7001],[-1.869,54.7001],[-1.8717,54.7001],[-1.8717,54.6985],[-1.8744,54.6985],[-1.8744,54.697],[-1.8717,54.697],[-1.8717,54.6954],[-1.8717,54.6938],[-1.8717,54.6922],[-1.8717,54.6906],[-1.8717,54.689],[-1.8744,54.689],[-1.8717,54.6875],[-1.8717,54.6859],[-1.8717,54.6843],[-1.8744,54.6843],[-1.8772,54.6843],[-1.8799,54.6827],[-1.8827,54.6827],[-1.8827,54.6811],[-1.8827,54.6795],[-1.8799,54.678],[-1.8799,54.6764],[-1.8827,54.6764],[-1.8827,54.678],[-1.8881,54.678],[-1.8909,54.678],[-1.8909,54.6795],[-1.8936,54.6795],[-1.8936,54.6811],[-1.8964,54.6811],[-1.8991,54.6795],[-1.9018,54.6795],[-1.9018,54.678],[-1.9018,54.6764],[-1.9018,54.6748],[-1.8991,54.6748],[-1.8991,54.6716],[-1.8991,54.67],[-1.9018,54.6685],[-1.8991,54.6669],[-1.9018,54.6669],[-1.9046,54.6669],[-1.9073,54.6669],[-1.9101,54.6669],[-1.9128,54.6669],[-1.9155,54.6653],[-1.9183,54.6653],[-1.921,54.6653],[-1.9238,54.6669],[-1.9238,54.6685],[-1.9265,54.6685],[-1.9292,54.6685],[-1.932,54.6669],[-1.9375,54.6685],[-1.9402,54.6685],[-1.9429,54.67],[-1.9457,54.67],[-1.9484,54.67],[-1.9511,54.67],[-1.9511,54.6716],[-1.9539,54.6716],[-1.9566,54.6716],[-1.9594,54.6716],[-1.9621,54.6716],[-1.9648,54.6716],[-1.9648,54.6732],[-1.9676,54.6732],[-1.9703,54.6732],[-1.9731,54.6732],[-1.9758,54.6732],[-1.9785,54.6716],[-1.9785,54.67],[-1.9785,54.6669],[-1.9785,54.6653],[-1.9785,54.6637],[-1.9785,54.6621],[-1.9785,54.6605],[-1.9813,54.6574],[-1.9785,54.6574],[-1.9785,54.6558],[-1.9785,54.6542],[-1.9758,54.6526],[-1.9758,54.651],[-1.9758,54.6494],[-1.9731,54.6479],[-1.9731,54.6463],[-1.9703,54.6463],[-1.9703,54.6447],[-1.9676,54.6447],[-1.9676,54.6431],[-1.9648,54.6431],[-1.9621,54.6431],[-1.9594,54.6431],[-1.9594,54.6415],[-1.9566,54.6415],[-1.9539,54.6415],[-1.9511,54.6415],[-1.9511,54.6399],[-1.9484,54.6399],[-1.9484,54.6383],[-1.9429,54.6368],[-1.9429,54.6352],[-1.9402,54.6352],[-1.9375,54.6352],[-1.9375,54.6368],[-1.9347,54.6368],[-1.932,54.6368],[-1.9292,54.6368],[-1.9265,54.6368],[-1.9265,54.6352],[-1.9238,54.6352],[-1.9238,54.6336],[-1.9238,54.632],[-1.921,54.632],[-1.9183,54.632],[-1.9183,54.6304],[-1.9183,54.6288],[-1.9155,54.6272],[-1.9155,54.6257],[-1.9155,54.6241],[-1.9155,54.6225],[-1.9183,54.6225],[-1.9183,54.6209],[-1.921,54.6193],[-1.9238,54.6193],[-1.9238,54.6177],[-1.921,54.6177],[-1.9183,54.6177],[-1.9155,54.6177],[-1.9128,54.6177],[-1.9128,54.6161],[-1.9101,54.6161],[-1.9101,54.6145],[-1.9073,54.6145],[-1.9073,54.613],[-1.9046,54.613],[-1.9046,54.6114],[-1.9073,54.6114],[-1.9101,54.6114],[-1.9128,54.6114],[-1.9128,54.6098],[-1.9155,54.6098],[-1.9183,54.6098],[-1.9155,54.6082],[-1.9183,54.6082],[-1.921,54.6082],[-1.921,54.6066],[-1.9238,54.6066],[-1.9265,54.6066],[-1.9292,54.6066],[-1.932,54.6066],[-1.9347,54.6066],[-1.9375,54.6066],[-1.9429,54.6066],[-1.9429,54.605],[-1.9457,54.605],[-1.9457,54.6034],[-1.9457,54.6019],[-1.9484,54.6019],[-1.9511,54.6019],[-1.9511,54.6003],[-1.9511,54.5987],[-1.9511,54.5971],[-1.9511,54.5955],[-1.9539,54.5955],[-1.9566,54.5955],[-1.9594,54.5955],[-1.9621,54.5955],[-1.9648,54.5955],[-1.9676,54.5955],[-1.9703,54.5955],[-1.9703,54.5971],[-1.9731,54.5971],[-1.9758,54.5971],[-1.9758,54.5987],[-1.9785,54.5987],[-1.9785,54.6003],[-1.9813,54.6003],[-1.984,54.6003],[-1.984,54.6019],[-1.984,54.6034],[-1.9868,54.6034],[-1.9868,54.605],[-1.9895,54.605],[-1.9922,54.605],[-1.9922,54.6066],[-1.995,54.6066],[-1.995,54.6082],[-1.9977,54.6082],[-1.9977,54.6098],[-2.0005,54.6098],[-2.0032,54.6098],[-2.0032,54.6114],[-2.0032,54.613],[-2.0059,54.613],[-2.0059,54.6145],[-2.0087,54.6145],[-2.0087,54.6161],[-2.0114,54.6161],[-2.0114,54.6177],[-2.0142,54.6177],[-2.0142,54.6161],[-2.0169,54.6161],[-2.0169,54.6145],[-2.0196,54.6145],[-2.0196,54.6161],[-2.0196,54.6177],[-2.0224,54.6177],[-2.0224,54.6161],[-2.0251,54.6161],[-2.0279,54.6161],[-2.0306,54.6161],[-2.0333,54.6161],[-2.0361,54.6161],[-2.0361,54.6177],[-2.0388,54.6193],[-2.0388,54.6209],[-2.0416,54.6209],[-2.0416,54.6225],[-2.0443,54.6225],[-2.0443,54.6241],[-2.047,54.6241],[-2.0498,54.6241],[-2.0525,54.6241],[-2.0525,54.6257],[-2.0553,54.6257],[-2.058,54.6257],[-2.058,54.6241],[-2.0607,54.6241],[-2.0635,54.6241],[-2.0662,54.6241],[-2.069,54.6241],[-2.0717,54.6241],[-2.0744,54.6241],[-2.0772,54.6241],[-2.0772,54.6257],[-2.0799,54.6257],[-2.0799,54.6241],[-2.0827,54.6257],[-2.0827,54.6272],[-2.0854,54.6272],[-2.0881,54.6272],[-2.0909,54.6272],[-2.0909,54.6257],[-2.0881,54.6257],[-2.0854,54.6257],[-2.0854,54.6241],[-2.0854,54.6225],[-2.0854,54.6209],[-2.0854,54.6193],[-2.0854,54.6177],[-2.0827,54.6177],[-2.0827,54.6161],[-2.0799,54.6161],[-2.0772,54.6161],[-2.0744,54.6161],[-2.0744,54.6145],[-2.0717,54.6145],[-2.069,54.6145],[-2.069,54.613],[-2.0662,54.613],[-2.0662,54.6114],[-2.0635,54.6114],[-2.0635,54.6098],[-2.0607,54.6098],[-2.0607,54.6082],[-2.058,54.6082],[-2.0553,54.6066],[-2.0525,54.6066],[-2.0525,54.605],[-2.0498,54.605],[-2.047,54.605],[-2.047,54.6034],[-2.0443,54.6034],[-2.0416,54.6034],[-2.0388,54.6034],[-2.0388,54.6019],[-2.0361,54.6019],[-2.0333,54.6019],[-2.0333,54.6003],[-2.0306,54.6003],[-2.0279,54.6003],[-2.0251,54.6003],[-2.0251,54.5987],[-2.0224,54.5987],[-2.0196,54.5987],[-2.0196,54.5971],[-2.0169,54.5971],[-2.0169,54.5955],[-2.0142,54.5955],[-2.0142,54.5939],[-2.0142,54.5923],[-2.0169,54.5923],[-2.0196,54.5923],[-2.0224,54.5923],[-2.0224,54.5907],[-2.0251,54.5907],[-2.0251,54.5892],[-2.0279,54.5892],[-2.0306,54.5892],[-2.0333,54.5892],[-2.0361,54.5892],[-2.0388,54.5876],[-2.0361,54.5876],[-2.0361,54.586],[-2.0333,54.5844],[-2.0361,54.5844],[-2.0361,54.5828],[-2.0388,54.5828],[-2.0416,54.5828],[-2.0416,54.5812],[-2.0443,54.5812],[-2.0443,54.5796],[-2.047,54.5796],[-2.047,54.578],[-2.0443,54.578],[-2.0416,54.578],[-2.0416,54.5765],[-2.0416,54.5749],[-2.0388,54.5749],[-2.0388,54.5733],[-2.0416,54.5733],[-2.0443,54.5733],[-2.0443,54.5717],[-2.0443,54.5701],[-2.0416,54.5701],[-2.0388,54.5701],[-2.0361,54.5701],[-2.0333,54.5701],[-2.0333,54.5717],[-2.0306,54.5717],[-2.0306,54.5701],[-2.0306,54.5685],[-2.0279,54.5685],[-2.0251,54.5685],[-2.0251,54.5669],[-2.0251,54.5653],[-2.0224,54.5653],[-2.0196,54.5653],[-2.0169,54.5653],[-2.0142,54.5653],[-2.0114,54.5669],[-2.0114,54.5653],[-2.0087,54.5653],[-2.0059,54.5653],[-2.0059,54.5637],[-2.0032,54.5637],[-2.0032,54.5653],[-2.0005,54.5653],[-2.0005,54.5669],[-1.9977,54.5669],[-1.9977,54.5653],[-1.995,54.5653],[-1.9922,54.5653],[-1.9922,54.5637],[-1.9922,54.5622],[-1.995,54.5622],[-1.995,54.5606],[-1.995,54.559],[-1.9977,54.559],[-2.0005,54.559],[-2.0032,54.559],[-2.0032,54.5574],[-2.0059,54.5574],[-2.0059,54.5558],[-2.0059,54.5542],[-2.0087,54.5526],[-2.0059,54.5526],[-2.0059,54.551],[-2.0059,54.5494],[-2.0087,54.5494],[-2.0087,54.5479],[-2.0087,54.5463],[-2.0114,54.5463],[-2.0114,54.5447],[-2.0114,54.5431],[-2.0114,54.5415],[-2.0142,54.5399],[-2.0169,54.5399],[-2.0196,54.5399],[-2.0224,54.5399],[-2.0251,54.5399],[-2.0279,54.5383],[-2.0306,54.5383],[-2.0333,54.5383],[-2.0333,54.5367],[-2.0361,54.5367],[-2.0388,54.5367],[-2.0388,54.5351],[-2.0388,54.5336],[-2.0361,54.5336],[-2.0361,54.532],[-2.0361,54.5304],[-2.0361,54.5288],[-2.0361,54.5272],[-2.0388,54.5272],[-2.0388,54.5288],[-2.0416,54.5272],[-2.0443,54.5272],[-2.0443,54.5256],[-2.0443,54.524],[-2.047,54.5224],[-2.0443,54.5224],[-2.0416,54.5224],[-2.0388,54.5224],[-2.0361,54.5224],[-2.0333,54.5224],[-2.0306,54.5224],[-2.0279,54.5224],[-2.0279,54.5208],[-2.0279,54.5192],[-2.0251,54.5176],[-2.0279,54.5176],[-2.0279,54.5161],[-2.0251,54.5161],[-2.0224,54.5161],[-2.0196,54.5161],[-2.0196,54.5145],[-2.0224,54.5145],[-2.0224,54.5129],[-2.0251,54.5129],[-2.0279,54.5113],[-2.0251,54.5113],[-2.0224,54.5113],[-2.0196,54.5113],[-2.0169,54.5113],[-2.0142,54.5113],[-2.0114,54.5113],[-2.0114,54.5129],[-2.0087,54.5129],[-2.0087,54.5113],[-2.0087,54.5097],[-2.0059,54.5097],[-2.0059,54.5081],[-2.0032,54.5081],[-2.0005,54.5081],[-2.0005,54.5065],[-1.9977,54.5065],[-1.995,54.5065],[-1.995,54.5049],[-1.9922,54.5049],[-1.9895,54.5049],[-1.9868,54.5049],[-1.984,54.5049],[-1.984,54.5065],[-1.9813,54.5065],[-1.9785,54.5065],[-1.9785,54.5049],[-1.9758,54.5049],[-1.9731,54.5049],[-1.9703,54.5049],[-1.9676,54.5049],[-1.9676,54.5033],[-1.9648,54.5033],[-1.9621,54.5033],[-1.9621,54.5017],[-1.9594,54.5017],[-1.9566,54.5017],[-1.9539,54.5017],[-1.9511,54.5017],[-1.9511,54.5002],[-1.9511,54.4986],[-1.9484,54.4986],[-1.9457,54.4986],[-1.9457,54.497],[-1.9484,54.497],[-1.9484,54.4954],[-1.9484,54.4938],[-1.9511,54.4938],[-1.9511,54.4922],[-1.9539,54.4906],[-1.9566,54.489],[-1.9594,54.4874],[-1.9594,54.4858],[-1.9594,54.4842],[-1.9594,54.4826],[-1.9621,54.4826],[-1.9648,54.4826],[-1.9648,54.4811],[-1.9676,54.4811],[-1.9703,54.4811],[-1.9731,54.4811],[-1.9758,54.4811],[-1.9785,54.4811],[-1.9785,54.4795],[-1.9813,54.4795],[-1.984,54.4795],[-1.984,54.4779],[-1.9868,54.4779],[-1.9868,54.4763],[-1.9868,54.4731],[-1.9895,54.4715],[-1.9922,54.4699],[-1.9922,54.4683],[-1.995,54.4683],[-1.995,54.4667],[-1.9977,54.4667],[-2.0005,54.4683],[-2.0032,54.4683],[-2.0087,54.4699],[-2.0114,54.4699],[-2.0142,54.4715],[-2.0169,54.4715],[-2.0196,54.4715],[-2.0251,54.4731],[-2.0306,54.4731],[-2.0333,54.4731],[-2.0361,54.4747],[-2.0388,54.4747],[-2.0416,54.4747],[-2.0443,54.4747],[-2.0443,54.4779],[-2.0443,54.4826],[-2.047,54.4826],[-2.0498,54.4826],[-2.0498,54.4811],[-2.0525,54.4811],[-2.0553,54.4811],[-2.058,54.4811],[-2.0607,54.4811],[-2.0635,54.4795],[-2.0635,54.4779],[-2.0662,54.4779],[-2.069,54.4763],[-2.0717,54.4747],[-2.0744,54.4731],[-2.0772,54.4731],[-2.0772,54.4715],[-2.0799,54.4715],[-2.0827,54.4699],[-2.0854,54.4683],[-2.0909,54.4683],[-2.0936,54.4667],[-2.0964,54.4667],[-2.0991,54.4667],[-2.0991,54.4651],[-2.1018,54.4651],[-2.1073,54.4651],[-2.1101,54.4651],[-2.1101,54.4635],[-2.1155,54.4635],[-2.1155,54.4619],[-2.121,54.4619],[-2.1265,54.4588],[-2.1265,54.4572],[-2.1265,54.4556],[-2.1292,54.4556],[-2.132,54.4556],[-2.132,54.454],[-2.1347,54.4524],[-2.1375,54.4492],[-2.1375,54.4476],[-2.1375,54.446],[-2.1429,54.4444],[-2.1457,54.446],[-2.1484,54.446],[-2.1484,54.4476],[-2.1512,54.4476],[-2.1539,54.4476],[-2.1539,54.4492],[-2.1566,54.4508],[-2.1566,54.4524],[-2.1566,54.454],[-2.1594,54.4556],[-2.1621,54.4556],[-2.1649,54.4572],[-2.1676,54.4572],[-2.1703,54.4588],[-2.1731,54.4588],[-2.1703,54.4604],[-2.1703,54.4619],[-2.1731,54.4619],[-2.1758,54.4619],[-2.1786,54.4619],[-2.1786,54.4604],[-2.1786,54.4588],[-2.1813,54.4572],[-2.184,54.4572],[-2.184,54.4556],[-2.184,54.454],[-2.1868,54.4524],[-2.1868,54.4508],[-2.1895,54.4492],[-2.1923,54.4492],[-2.195,54.4492],[-2.1977,54.4492],[-2.2005,54.4492],[-2.2032,54.4492],[-2.206,54.4492],[-2.2087,54.4492],[-2.2114,54.4492],[-2.2142,54.4492],[-2.2169,54.4492],[-2.2197,54.4492],[-2.2224,54.4476],[-2.2251,54.4476],[-2.2279,54.4476],[-2.2306,54.4476],[-2.2334,54.4476],[-2.2361,54.4476],[-2.2361,54.4492],[-2.2388,54.4492],[-2.2416,54.4492],[-2.2443,54.4492],[-2.2443,54.4508],[-2.2471,54.4524],[-2.2498,54.4524],[-2.2498,54.4508],[-2.2525,54.4508],[-2.2553,54.4508],[-2.258,54.4508],[-2.258,54.4492],[-2.2608,54.4492],[-2.2635,54.4492],[-2.2635,54.4476],[-2.2662,54.4476],[-2.269,54.4476],[-2.2662,54.446],[-2.2662,54.4444],[-2.2662,54.4428],[-2.269,54.4428],[-2.269,54.4412],[-2.2717,54.4412],[-2.2745,54.4412],[-2.2745,54.4396],[-2.2772,54.4396],[-2.2799,54.4396],[-2.2799,54.4381],[-2.2827,54.4381],[-2.2854,54.4381],[-2.2882,54.4381],[-2.2882,54.4396],[-2.2909,54.4396],[-2.2936,54.4396],[-2.2936,54.4381],[-2.2909,54.4365],[-2.2909,54.4349],[-2.2909,54.4333]]],[[[-2.2909,54.4317],[-2.2936,54.4317],[-2.2936,54.4333],[-2.2909,54.4317]]]]},"properties":{"NAME":"North Pennines","CODE":"25","DESIG_DATE":"Jun-88"}},{"type":"Feature","geometry":{"type":"MultiPolygon","coordinates":[[[[-3.4992,50.3891],[-3.5019,50.3891],[-3.5047,50.3891],[-3.5047,50.3908],[-3.5047,50.3926],[-3.5047,50.3943],[-3.5047,50.3961],[-3.5019,50.3961],[-3.5019,50.3978],[-3.4992,50.3978],[-3.4964,50.3978],[-3.4937,50.4013],[-3.491,50.4013],[-3.4882,50.4013],[-3.4855,50.4013],[-3.4827,50.4013],[-3.4827,50.3996],[-3.4827,50.3978],[-3.4855,50.3978],[-3.4882,50.3978],[-3.4882,50.3961],[-3.4882,50.3943],[-3.491,50.3943],[-3.4937,50.3943],[-3.4937,50.3926],[-3.4964,50.3926],[-3.4964,50.3908],[-3.4992,50.3908],[-3.4992,50.3891]]],[[[-4.1239,50.3541],[-4.1266,50.3541],[-4.1239,50.3559],[-4.1239,50.3541]]],[[[-4.1211,50.3506],[-4.1239,50.3506],[-4.1239,50.3524],[-4.1211,50.3524],[-4.1211,50.3506]]],[[[-3.6416,50.2211],[-3.6444,50.2211],[-3.6444,50.2228],[-3.6416,50.2228],[-3.6416,50.2211]]],[[[-3.7184,50.2018],[-3.7211,50.2018],[-3.7238,50.2018],[-3.7238,50.2036],[-3.7238,50.2053],[-3.7266,50.2053],[-3.7266,50.2071],[-3.7266,50.2088],[-3.7293,50.2088],[-3.7293,50.2071],[-3.7321,50.2071],[-3.7321,50.2088],[-3.7321,50.2106],[-3.7348,50.2106],[-3.7348,50.2123],[-3.7375,50.2123],[-3.7375,50.2141],[-3.7403,50.2141],[-3.7403,50.2158],[-3.743,50.2158],[-3.7458,50.2158],[-3.7458,50.2176],[-3.7485,50.2176],[-3.7485,50.2193],[-3.7512,50.2193],[-3.754,50.2193],[-3.7567,50.2193],[-3.7595,50.2193],[-3.7595,50.2211],[-3.7622,50.2211],[-3.7622,50.2193],[-3.7649,50.2193],[-3.7649,50.2211],[-3.7677,50.2211],[-3.7704,50.2211],[-3.7704,50.2228],[-3.7814,50.2228],[-3.7814,50.2211],[-3.7814,50.2193],[-3.7814,50.2176],[-3.7814,50.2158],[-3.7841,50.2158],[-3.7869,50.2158],[-3.7869,50.2141],[-3.7869,50.2123],[-3.7841,50.2123],[-3.7841,50.2106],[-3.7869,50.2106],[-3.7896,50.2106],[-3.7923,50.2106],[-3.7923,50.2123],[-3.7951,50.2123],[-3.7951,50.2106],[-3.7978,50.2106],[-3.7978,50.2123],[-3.7978,50.2141],[-3.8006,50.2141],[-3.8033,50.2141],[-3.806,50.2141],[-3.8088,50.2141],[-3.8115,50.2141],[-3.8143,50.2141],[-3.8143,50.2158],[-3.817,50.2158],[-3.8197,50.2158],[-3.8197,50.2176],[-3.8225,50.2176],[-3.8252,50.2176],[-3.8225,50.2193],[-3.8252,50.2193],[-3.8252,50.2211],[-3.828,50.2211],[-3.828,50.2228],[-3.8307,50.2228],[-3.8307,50.2246],[-3.8334,50.2246],[-3.8334,50.2264],[-3.8362,50.2264],[-3.8362,50.2281],[-3.8389,50.2281],[-3.8389,50.2299],[-3.8417,50.2299],[-3.8444,50.2299],[-3.8471,50.2299],[-3.8471,50.2316],[-3.8499,50.2316],[-3.8526,50.2316],[-3.8526,50.2334],[-3.8526,50.2351],[-3.8554,50.2351],[-3.8554,50.2334],[-3.8581,50.2334],[-3.8581,50.2351],[-3.8608,50.2351],[-3.8608,50.2369],[-3.8636,50.2369],[-3.8663,50.2369],[-3.8663,50.2386],[-3.8691,50.2386],[-3.8691,50.2404],[-3.8718,50.2404],[-3.8718,50.2421],[-3.8691,50.2421],[-3.8663,50.2421],[-3.8636,50.2421],[-3.8608,50.2421],[-3.8581,50.2421],[-3.8581,50.2439],[-3.8581,50.2456],[-3.8581,50.2474],[-3.8608,50.2474],[-3.8608,50.2491],[-3.8608,50.2509],[-3.8608,50.2526],[-3.8608,50.2544],[-3.8608,50.2561],[-3.8581,50.2561],[-3.8581,50.2579],[-3.8581,50.2596],[-3.8581,50.2614],[-3.8581,50.2631],[-3.8608,50.2631],[-3.8608,50.2649],[-3.8636,50.2649],[-3.8663,50.2649],[-3.8663,50.2631],[-3.8691,50.2631],[-3.8691,50.2649],[-3.8691,50.2667],[-3.8691,50.2684],[-3.8718,50.2684],[-3.8745,50.2684],[-3.8745,50.2702],[-3.8773,50.2702],[-3.8773,50.2719],[-3.88,50.2719],[-3.88,50.2737],[-3.88,50.2754],[-3.8828,50.2754],[-3.8828,50.2772],[-3.88,50.2772],[-3.88,50.2789],[-3.88,50.2807],[-3.88,50.2824],[-3.88,50.2842],[-3.8828,50.2842],[-3.8855,50.2842],[-3.8855,50.2824],[-3.8882,50.2824],[-3.891,50.2824],[-3.8937,50.2824],[-3.8965,50.2824],[-3.8965,50.2842],[-3.8992,50.2842],[-3.8992,50.2859],[-3.8965,50.2859],[-3.8965,50.2877],[-3.8992,50.2877],[-3.9019,50.2877],[-3.9019,50.2894],[-3.9047,50.2894],[-3.9047,50.2912],[-3.9074,50.2912],[-3.9074,50.2929],[-3.9102,50.2929],[-3.9102,50.2947],[-3.9129,50.2947],[-3.9156,50.2947],[-3.9156,50.2964],[-3.9184,50.2964],[-3.9211,50.2964],[-3.9239,50.2964],[-3.9266,50.2964],[-3.9293,50.2964],[-3.9321,50.2964],[-3.9321,50.2947],[-3.9348,50.2947],[-3.9348,50.2964],[-3.9375,50.2964],[-3.9375,50.2982],[-3.9403,50.2982],[-3.9403,50.2964],[-3.943,50.2964],[-3.9458,50.2964],[-3.9458,50.2982],[-3.943,50.2982],[-3.943,50.2999],[-3.943,50.3017],[-3.9458,50.3017],[-3.9485,50.3017],[-3.9485,50.3034],[-3.9485,50.3052],[-3.9485,50.3069],[-3.9512,50.3069],[-3.9512,50.3087],[-3.954,50.3087],[-3.954,50.3069],[-3.9567,50.3069],[-3.9567,50.3052],[-3.9595,50.3052],[-3.9622,50.3052],[-3.9622,50.3034],[-3.9649,50.3034],[-3.9649,50.3052],[-3.9677,50.3052],[-3.9704,50.3052],[-3.9732,50.3052],[-3.9732,50.3069],[-3.9759,50.3069],[-3.9786,50.3069],[-3.9814,50.3069],[-3.9841,50.3069],[-3.9869,50.3069],[-3.9896,50.3069],[-3.9923,50.3069],[-3.9951,50.3069],[-3.9951,50.3052],[-3.9978,50.3052],[-3.9978,50.3034],[-4.0006,50.3034],[-4.0033,50.3034],[-4.0033,50.3017],[-4.006,50.3017],[-4.0088,50.3017],[-4.0088,50.3034],[-4.0115,50.3034],[-4.0143,50.3034],[-4.0143,50.3017],[-4.017,50.3017],[-4.017,50.2999],[-4.017,50.2982],[-4.0197,50.2999],[-4.0197,50.2982],[-4.0197,50.2964],[-4.0197,50.2947],[-4.0225,50.2947],[-4.0252,50.2947],[-4.0252,50.2964],[-4.028,50.2964],[-4.028,50.2947],[-4.0307,50.2947],[-4.0334,50.2947],[-4.0334,50.2929],[-4.0362,50.2929],[-4.0389,50.2929],[-4.0417,50.2929],[-4.0444,50.2929],[-4.0444,50.2947],[-4.0471,50.2947],[-4.0499,50.2947],[-4.0499,50.2964],[-4.0526,50.2964],[-4.0526,50.2982],[-4.0554,50.2982],[-4.0581,50.2982],[-4.0581,50.2999],[-4.0608,50.2999],[-4.0636,50.2999],[-4.0636,50.3017],[-4.0663,50.3017],[-4.0691,50.3017],[-4.0691,50.3034],[-4.0718,50.3034],[-4.0745,50.3034],[-4.0745,50.3052],[-4.0745,50.3069],[-4.0718,50.3069],[-4.0718,50.3087],[-4.0718,50.3104],[-4.0691,50.3122],[-4.0691,50.3139],[-4.0718,50.3139],[-4.0718,50.3157],[-4.0745,50.3157],[-4.0773,50.3157],[-4.08,50.3157],[-4.08,50.3174],[-4.0828,50.3174],[-4.0855,50.3174],[-4.0882,50.3174],[-4.0882,50.3157],[-4.091,50.3157],[-4.091,50.3174],[-4.0937,50.3174],[-4.0965,50.3174],[-4.0992,50.3174],[-4.1019,50.3174],[-4.1019,50.3157],[-4.1047,50.3157],[-4.1074,50.3157],[-4.1102,50.3157],[-4.1129,50.3157],[-4.1129,50.3174],[-4.1129,50.3192],[-4.1156,50.3192],[-4.1184,50.3192],[-4.1184,50.3209],[-4.1211,50.3209],[-4.1211,50.3227],[-4.1184,50.3227],[-4.1184,50.3244],[-4.1211,50.3244],[-4.1211,50.3262],[-4.1211,50.3279],[-4.1211,50.3297],[-4.1184,50.3297],[-4.1184,50.3314],[-4.1184,50.3332],[-4.1211,50.3332],[-4.1211,50.3349],[-4.1184,50.3349],[-4.1184,50.3367],[-4.1211,50.3367],[-4.1239,50.3367],[-4.1266,50.3367],[-4.1266,50.3384],[-4.1266,50.3402],[-4.1293,50.3402],[-4.1293,50.3419],[-4.1293,50.3436],[-4.1266,50.3436],[-4.1266,50.3454],[-4.1239,50.3454],[-4.1239,50.3471],[-4.1211,50.3471],[-4.1211,50.3454],[-4.1184,50.3454],[-4.1156,50.3454],[-4.1156,50.3436],[-4.1129,50.3436],[-4.1129,50.3454],[-4.1102,50.3454],[-4.1074,50.3454],[-4.1047,50.3454],[-4.1019,50.3454],[-4.0992,50.3436],[-4.0965,50.3436],[-4.0937,50.3436],[-4.091,50.3436],[-4.091,50.3419],[-4.0882,50.3436],[-4.0855,50.3436],[-4.0828,50.3436],[-4.08,50.3436],[-4.08,50.3454],[-4.0773,50.3454],[-4.0773,50.3436],[-4.0745,50.3436],[-4.0718,50.3436],[-4.0691,50.3436],[-4.0691,50.3454],[-4.0663,50.3454],[-4.0663,50.3471],[-4.0636,50.3471],[-4.0608,50.3471],[-4.0581,50.3471],[-4.0554,50.3471],[-4.0526,50.3471],[-4.0499,50.3471],[-4.0471,50.3471],[-4.0471,50.3489],[-4.0444,50.3489],[-4.0417,50.3489],[-4.0417,50.3506],[-4.0389,50.3506],[-4.0362,50.3506],[-4.0334,50.3506],[-4.0307,50.3506],[-4.028,50.3506],[-4.0252,50.3506],[-4.0225,50.3506],[-4.0225,50.3489],[-4.0197,50.3489],[-4.0197,50.3471],[-4.017,50.3471],[-4.0143,50.3471],[-4.0143,50.3454],[-4.0115,50.3454],[-4.0115,50.3471],[-4.0088,50.3471],[-4.006,50.3471],[-4.0033,50.3471],[-4.0033,50.3489],[-4.0006,50.3489],[-3.9978,50.3489],[-3.9951,50.3489],[-3.9923,50.3506],[-3.9896,50.3506],[-3.9869,50.3506],[-3.9841,50.3506],[-3.9814,50.3506],[-3.9786,50.3506],[-3.9759,50.3506],[-3.9759,50.3524],[-3.9732,50.3524],[-3.9704,50.3524],[-3.9677,50.3524],[-3.9677,50.3506],[-3.9649,50.3506],[-3.9622,50.3506],[-3.9595,50.3506],[-3.9567,50.3506],[-3.954,50.3506],[-3.9512,50.3506],[-3.9485,50.3506],[-3.9458,50.3506],[-3.943,50.3506],[-3.943,50.3524],[-3.9403,50.3524],[-3.9375,50.3524],[-3.9348,50.3524],[-3.9321,50.3524],[-3.9293,50.3524],[-3.9266,50.3524],[-3.9266,50.3506],[-3.9239,50.3506],[-3.9211,50.3506],[-3.9211,50.3489],[-3.9184,50.3489],[-3.9156,50.3489],[-3.9156,50.3506],[-3.9129,50.3506],[-3.9102,50.3506],[-3.9074,50.3506],[-3.9047,50.3506],[-3.9019,50.3506],[-3.9019,50.3489],[-3.8992,50.3489],[-3.8965,50.3489],[-3.8965,50.3506],[-3.8937,50.3506],[-3.8937,50.3489],[-3.891,50.3489],[-3.8882,50.3489],[-3.8855,50.3489],[-3.8855,50.3471],[-3.8882,50.3471],[-3.8882,50.3454],[-3.8855,50.3454],[-3.8828,50.3454],[-3.8828,50.3436],[-3.88,50.3436],[-3.88,50.3419],[-3.8773,50.3419],[-3.8745,50.3419],[-3.8718,50.3419],[-3.8718,50.3402],[-3.8691,50.3402],[-3.8663,50.3402],[-3.8636,50.3402],[-3.8636,50.3384],[-3.8608,50.3384],[-3.8608,50.3402],[-3.8581,50.3402],[-3.8581,50.3384],[-3.8554,50.3384],[-3.8554,50.3367],[-3.8554,50.3349],[-3.8526,50.3349],[-3.8499,50.3349],[-3.8499,50.3332],[-3.8471,50.3332],[-3.8471,50.3314],[-3.8444,50.3314],[-3.8444,50.3297],[-3.8444,50.3279],[-3.8417,50.3279],[-3.8417,50.3262],[-3.8444,50.3262],[-3.8444,50.3244],[-3.8417,50.3227],[-3.8417,50.3209],[-3.8417,50.3192],[-3.8389,50.3174],[-3.8389,50.3157],[-3.8362,50.3157],[-3.8362,50.3139],[-3.8334,50.3139],[-3.8334,50.3122],[-3.8307,50.3122],[-3.828,50.3122],[-3.8252,50.3122],[-3.8225,50.3122],[-3.8225,50.3139],[-3.8197,50.3139],[-3.8197,50.3122],[-3.817,50.3122],[-3.8143,50.3122],[-3.8143,50.3139],[-3.8115,50.3139],[-3.8115,50.3157],[-3.8088,50.3157],[-3.8088,50.3174],[-3.8088,50.3192],[-3.806,50.3192],[-3.806,50.3209],[-3.8033,50.3209],[-3.8033,50.3227],[-3.8033,50.3244],[-3.8033,50.3262],[-3.8006,50.3262],[-3.8006,50.3279],[-3.8006,50.3297],[-3.8006,50.3314],[-3.8006,50.3332],[-3.8006,50.3349],[-3.7978,50.3367],[-3.7978,50.3384],[-3.7978,50.3402],[-3.7978,50.3419],[-3.8006,50.3419],[-3.8006,50.3436],[-3.8033,50.3436],[-3.8033,50.3454],[-3.8033,50.3471],[-3.8033,50.3489],[-3.806,50.3489],[-3.806,50.3506],[-3.8088,50.3506],[-3.8088,50.3524],[-3.8088,50.3541],[-3.8115,50.3541],[-3.8115,50.3559],[-3.8143,50.3559],[-3.8143,50.3576],[-3.8143,50.3594],[-3.8115,50.3594],[-3.8115,50.3611],[-3.8088,50.3611],[-3.8088,50.3629],[-3.806,50.3629],[-3.806,50.3646],[-3.806,50.3664],[-3.8088,50.3664],[-3.8115,50.3664],[-3.8115,50.3681],[-3.8115,50.3699],[-3.8115,50.3716],[-3.8115,50.3734],[-3.8143,50.3734],[-3.8143,50.3751],[-3.817,50.3751],[-3.817,50.3769],[-3.8197,50.3769],[-3.8197,50.3786],[-3.8225,50.3786],[-3.8225,50.3804],[-3.8197,50.3804],[-3.8197,50.3821],[-3.8225,50.3821],[-3.8225,50.3838],[-3.8252,50.3838],[-3.8252,50.3856],[-3.8252,50.3873],[-3.8225,50.3873],[-3.8225,50.3891],[-3.8197,50.3891],[-3.8197,50.3908],[-3.8197,50.3926],[-3.8197,50.3943],[-3.8197,50.3961],[-3.817,50.3961],[-3.817,50.3978],[-3.8197,50.3978],[-3.8197,50.3996],[-3.8225,50.4013],[-3.8225,50.4031],[-3.8225,50.4048],[-3.8225,50.4066],[-3.8197,50.4066],[-3.8197,50.4083],[-3.817,50.4083],[-3.8143,50.4083],[-3.8143,50.41],[-3.8115,50.41],[-3.8088,50.41],[-3.806,50.41],[-3.806,50.4118],[-3.8033,50.4118],[-3.8033,50.4135],[-3.8006,50.4135],[-3.7978,50.4135],[-3.7978,50.4118],[-3.7951,50.4118],[-3.7923,50.41],[-3.7923,50.4118],[-3.7896,50.4118],[-3.7869,50.4118],[-3.7841,50.4135],[-3.7814,50.4135],[-3.7814,50.4118],[-3.7841,50.4118],[-3.7841,50.41],[-3.7841,50.4083],[-3.7841,50.4066],[-3.7841,50.4048],[-3.7841,50.4031],[-3.7814,50.4031],[-3.7814,50.4013],[-3.7814,50.3996],[-3.7814,50.3978],[-3.7786,50.3978],[-3.7786,50.3961],[-3.7786,50.3943],[-3.7759,50.3943],[-3.7759,50.3926],[-3.7732,50.3926],[-3.7732,50.3908],[-3.7704,50.3908],[-3.7704,50.3891],[-3.7704,50.3873],[-3.7677,50.3873],[-3.7677,50.3856],[-3.7677,50.3838],[-3.7677,50.3821],[-3.7649,50.3821],[-3.7649,50.3804],[-3.7622,50.3804],[-3.7622,50.3786],[-3.7595,50.3786],[-3.7595,50.3769],[-3.7622,50.3769],[-3.7622,50.3751],[-3.7649,50.3751],[-3.7622,50.3734],[-3.7649,50.3734],[-3.7649,50.3716],[-3.7649,50.3699],[-3.7649,50.3681],[-3.7649,50.3664],[-3.7649,50.3646],[-3.7649,50.3629],[-3.7622,50.3611],[-3.7649,50.3611],[-3.7677,50.3611],[-3.7677,50.3594],[-3.7704,50.3594],[-3.7704,50.3576],[-3.7677,50.3576],[-3.7649,50.3576],[-3.7649,50.3559],[-3.7649,50.3541],[-3.7649,50.3524],[-3.7677,50.3524],[-3.7677,50.3506],[-3.7677,50.3489],[-3.7677,50.3471],[-3.7677,50.3454],[-3.7677,50.3436],[-3.7649,50.3436],[-3.7649,50.3419],[-3.7649,50.3402],[-3.7677,50.3402],[-3.7677,50.3384],[-3.7677,50.3367],[-3.7704,50.3367],[-3.7704,50.3349],[-3.7677,50.3349],[-3.7677,50.3332],[-3.7677,50.3314],[-3.7704,50.3314],[-3.7704,50.3297],[-3.7732,50.3279],[-3.7732,50.3262],[-3.7732,50.3244],[-3.7704,50.3244],[-3.7704,50.3227],[-3.7732,50.3227],[-3.7732,50.3209],[-3.7732,50.3192],[-3.7704,50.3192],[-3.7704,50.3174],[-3.7677,50.3174],[-3.7649,50.3174],[-3.7622,50.3174],[-3.7622,50.3157],[-3.7649,50.3157],[-3.7649,50.3139],[-3.7677,50.3122],[-3.7677,50.3104],[-3.7677,50.3087],[-3.7704,50.3087],[-3.7704,50.3069],[-3.7704,50.3052],[-3.7732,50.3052],[-3.7732,50.3034],[-3.7759,50.3034],[-3.7759,50.3017],[-3.7759,50.2999],[-3.7786,50.2999],[-3.7786,50.2982],[-3.7759,50.2982],[-3.7759,50.2964],[-3.7759,50.2947],[-3.7759,50.2929],[-3.7786,50.2929],[-3.7786,50.2912],[-3.7786,50.2894],[-3.7814,50.2894],[-3.7814,50.2877],[-3.7841,50.2877],[-3.7841,50.2859],[-3.7841,50.2842],[-3.7841,50.2824],[-3.7814,50.2824],[-3.7786,50.2824],[-3.7786,50.2842],[-3.7759,50.2842],[-3.7759,50.2824],[-3.7759,50.2807],[-3.7732,50.2807],[-3.7704,50.2807],[-3.7704,50.2824],[-3.7677,50.2824],[-3.7677,50.2842],[-3.7677,50.2859],[-3.7649,50.2859],[-3.7649,50.2877],[-3.7622,50.2877],[-3.7622,50.2894],[-3.7595,50.2894],[-3.7595,50.2912],[-3.7567,50.2912],[-3.7567,50.2894],[-3.754,50.2894],[-3.754,50.2877],[-3.754,50.2859],[-3.7567,50.2859],[-3.7567,50.2842],[-3.7567,50.2824],[-3.754,50.2824],[-3.754,50.2807],[-3.7512,50.2807],[-3.7485,50.2807],[-3.7485,50.2789],[-3.7458,50.2789],[-3.743,50.2789],[-3.7403,50.2789],[-3.7403,50.2772],[-3.7375,50.2772],[-3.7348,50.2772],[-3.7348,50.2754],[-3.7321,50.2754],[-3.7321,50.2737],[-3.7293,50.2737],[-3.7293,50.2719],[-3.7266,50.2719],[-3.7238,50.2719],[-3.7238,50.2702],[-3.7211,50.2702],[-3.7184,50.2702],[-3.7184,50.2719],[-3.7156,50.2719],[-3.7129,50.2719],[-3.7101,50.2719],[-3.7074,50.2719],[-3.7074,50.2737],[-3.7047,50.2737],[-3.7019,50.2737],[-3.7019,50.2719],[-3.6992,50.2719],[-3.6992,50.2737],[-3.6964,50.2737],[-3.6937,50.2737],[-3.691,50.2737],[-3.6882,50.2737],[-3.6882,50.2754],[-3.6855,50.2754],[-3.6855,50.2772],[-3.6827,50.2772],[-3.6827,50.2789],[-3.6827,50.2807],[-3.6827,50.2824],[-3.6827,50.2842],[-3.68,50.2842],[-3.6773,50.2842],[-3.6773,50.2859],[-3.6745,50.2859],[-3.6745,50.2877],[-3.6718,50.2877],[-3.669,50.2877],[-3.669,50.2894],[-3.6663,50.2894],[-3.6636,50.2894],[-3.6636,50.2912],[-3.6636,50.2929],[-3.6608,50.2929],[-3.6608,50.2947],[-3.6636,50.2947],[-3.6636,50.2964],[-3.6636,50.2982],[-3.6636,50.2999],[-3.6636,50.3017],[-3.6663,50.3017],[-3.6663,50.3034],[-3.6663,50.3052],[-3.669,50.3052],[-3.669,50.3069],[-3.669,50.3087],[-3.669,50.3104],[-3.6718,50.3104],[-3.6718,50.3122],[-3.6745,50.3122],[-3.6773,50.3122],[-3.6773,50.3139],[-3.68,50.3139],[-3.6827,50.3139],[-3.6827,50.3157],[-3.6855,50.3157],[-3.6855,50.3174],[-3.6882,50.3174],[-3.691,50.3174],[-3.691,50.3192],[-3.6937,50.3192],[-3.6937,50.3209],[-3.6964,50.3209],[-3.6964,50.3227],[-3.6937,50.3227],[-3.691,50.3227],[-3.6882,50.3227],[-3.6882,50.3244],[-3.6855,50.3244],[-3.6827,50.3262],[-3.6827,50.3279],[-3.68,50.3279],[-3.68,50.3297],[-3.6773,50.3297],[-3.6773,50.3314],[-3.6745,50.3314],[-3.6745,50.3332],[-3.6745,50.3349],[-3.6718,50.3349],[-3.6718,50.3367],[-3.669,50.3367],[-3.669,50.3384],[-3.6663,50.3384],[-3.6663,50.3402],[-3.6663,50.3419],[-3.6636,50.3419],[-3.6636,50.3436],[-3.6608,50.3436],[-3.6581,50.3436],[-3.6581,50.3454],[-3.6553,50.3454],[-3.6553,50.3436],[-3.6553,50.3419],[-3.6553,50.3402],[-3.6526,50.3402],[-3.6526,50.3384],[-3.6526,50.3367],[-3.6499,50.3367],[-3.6499,50.3349],[-3.6471,50.3349],[-3.6471,50.3332],[-3.6471,50.3314],[-3.6444,50.3297],[-3.6444,50.3279],[-3.6416,50.3279],[-3.6416,50.3262],[-3.6389,50.3262],[-3.6389,50.3244],[-3.6362,50.3244],[-3.6334,50.3244],[-3.6307,50.3244],[-3.6307,50.3262],[-3.6279,50.3262],[-3.6252,50.3262],[-3.6252,50.3244],[-3.6225,50.3244],[-3.6225,50.3262],[-3.6197,50.3262],[-3.6197,50.3279],[-3.617,50.3279],[-3.617,50.3297],[-3.6142,50.3297],[-3.6142,50.3314],[-3.6115,50.3314],[-3.6088,50.3314],[-3.6088,50.3332],[-3.606,50.3332],[-3.6033,50.3332],[-3.6033,50.3349],[-3.6005,50.3349],[-3.6005,50.3367],[-3.5978,50.3367],[-3.5951,50.3367],[-3.5923,50.3367],[-3.5923,50.3384],[-3.5896,50.3384],[-3.5896,50.3402],[-3.5896,50.3419],[-3.5896,50.3436],[-3.5923,50.3436],[-3.5923,50.3454],[-3.5951,50.3454],[-3.5951,50.3471],[-3.5951,50.3489],[-3.5951,50.3506],[-3.5923,50.3506],[-3.5923,50.3524],[-3.5951,50.3524],[-3.5978,50.3524],[-3.5978,50.3541],[-3.5978,50.3559],[-3.5978,50.3576],[-3.5978,50.3594],[-3.6005,50.3594],[-3.6005,50.3611],[-3.6005,50.3629],[-3.6005,50.3646],[-3.6005,50.3664],[-3.6005,50.3681],[-3.5978,50.3681],[-3.5978,50.3699],[-3.6005,50.3699],[-3.6005,50.3716],[-3.6005,50.3734],[-3.6033,50.3751],[-3.606,50.3751],[-3.606,50.3769],[-3.6088,50.3769],[-3.6115,50.3769],[-3.6115,50.3786],[-3.6142,50.3786],[-3.617,50.3786],[-3.6197,50.3786],[-3.6197,50.3804],[-3.6225,50.3804],[-3.6225,50.3786],[-3.6252,50.3786],[-3.6279,50.3786],[-3.6279,50.3804],[-3.6307,50.3804],[-3.6307,50.3821],[-3.6334,50.3821],[-3.6362,50.3821],[-3.6362,50.3838],[-3.6389,50.3856],[-3.6416,50.3856],[-3.6444,50.3856],[-3.6444,50.3873],[-3.6471,50.3873],[-3.6471,50.3891],[-3.6499,50.3891],[-3.6526,50.3891],[-3.6553,50.3891],[-3.6553,50.3908],[-3.6581,50.3908],[-3.6581,50.3926],[-3.6608,50.3926],[-3.6608,50.3908],[-3.6636,50.3908],[-3.6636,50.3926],[-3.6636,50.3943],[-3.6663,50.3943],[-3.669,50.3943],[-3.669,50.3961],[-3.6718,50.3961],[-3.6718,50.3978],[-3.6745,50.3978],[-3.6745,50.3996],[-3.6745,50.4013],[-3.6745,50.4031],[-3.6745,50.4048],[-3.6745,50.4066],[-3.6745,50.4083],[-3.6718,50.41],[-3.6718,50.4118],[-3.6718,50.4135],[-3.669,50.4135],[-3.669,50.4153],[-3.6663,50.4205],[-3.669,50.4205],[-3.669,50.4223],[-3.6663,50.424],[-3.669,50.424],[-3.669,50.4258],[-3.6663,50.4258],[-3.6663,50.4275],[-3.6636,50.4275],[-3.6636,50.4258],[-3.6608,50.4258],[-3.6581,50.4258],[-3.6581,50.424],[-3.6581,50.4223],[-3.6553,50.4223],[-3.6553,50.4205],[-3.6526,50.4205],[-3.6526,50.4188],[-3.6526,50.417],[-3.6499,50.417],[-3.6471,50.417],[-3.6444,50.417],[-3.6416,50.417],[-3.6416,50.4188],[-3.6389,50.4188],[-3.6362,50.4188],[-3.6362,50.4205],[-3.6334,50.4205],[-3.6334,50.4188],[-3.6307,50.4188],[-3.6279,50.4188],[-3.6279,50.417],[-3.6252,50.417],[-3.6252,50.4153],[-3.6225,50.4153],[-3.6225,50.4135],[-3.6197,50.4135],[-3.6197,50.4118],[-3.617,50.4118],[-3.617,50.41],[-3.6142,50.41],[-3.6115,50.41],[-3.6115,50.4083],[-3.6115,50.4066],[-3.6088,50.4066],[-3.6088,50.4048],[-3.606,50.4048],[-3.606,50.4031],[-3.606,50.4013],[-3.606,50.3996],[-3.6033,50.3996],[-3.6005,50.3996],[-3.5978,50.3996],[-3.5951,50.3996],[-3.5951,50.4013],[-3.5923,50.4013],[-3.5896,50.4013],[-3.5896,50.3996],[-3.5868,50.3996],[-3.5868,50.4013],[-3.5841,50.4013],[-3.5841,50.3996],[-3.5814,50.3996],[-3.5814,50.3978],[-3.5786,50.3978],[-3.5759,50.3978],[-3.5759,50.3961],[-3.5731,50.3961],[-3.5704,50.3961],[-3.5677,50.3961],[-3.5677,50.3943],[-3.5649,50.3943],[-3.5649,50.3926],[-3.5649,50.3908],[-3.5622,50.3908],[-3.5622,50.3891],[-3.5622,50.3873],[-3.5622,50.3856],[-3.5594,50.3856],[-3.5594,50.3838],[-3.5567,50.3838],[-3.5567,50.3856],[-3.554,50.3856],[-3.554,50.3873],[-3.5512,50.3873],[-3.5512,50.3891],[-3.5485,50.3891],[-3.5485,50.3908],[-3.5457,50.3908],[-3.543,50.3908],[-3.543,50.3926],[-3.543,50.3943],[-3.5403,50.3943],[-3.5403,50.3961],[-3.543,50.3961],[-3.543,50.3978],[-3.543,50.3996],[-3.5457,50.4013],[-3.5485,50.4031],[-3.5512,50.4031],[-3.5512,50.4048],[-3.5512,50.4066],[-3.5485,50.4066],[-3.5485,50.4048],[-3.5457,50.4048],[-3.5457,50.4031],[-3.543,50.4031],[-3.5403,50.4031],[-3.5375,50.4031],[-3.5375,50.4048],[-3.5348,50.4048],[-3.532,50.4048],[-3.5293,50.4048],[-3.5266,50.4048],[-3.5266,50.4031],[-3.5238,50.4031],[-3.5211,50.4031],[-3.5211,50.4013],[-3.5211,50.3996],[-3.5211,50.3978],[-3.5238,50.3978],[-3.5293,50.3908],[-3.5266,50.3908],[-3.5266,50.3891],[-3.5238,50.3891],[-3.5238,50.3873],[-3.5266,50.3873],[-3.5266,50.3856],[-3.5293,50.3856],[-3.532,50.3856],[-3.5348,50.3856],[-3.5348,50.3838],[-3.5375,50.3838],[-3.5375,50.3821],[-3.5403,50.3821],[-3.5403,50.3804],[-3.5375,50.3804],[-3.5348,50.3804],[-3.5348,50.3786],[-3.532,50.3786],[-3.5293,50.3786],[-3.5266,50.3786],[-3.5266,50.3769],[-3.5238,50.3769],[-3.5238,50.3786],[-3.5211,50.3786],[-3.5184,50.3786],[-3.5184,50.3804],[-3.5156,50.3804],[-3.5156,50.3821],[-3.5129,50.3821],[-3.5129,50.3838],[-3.5156,50.3838],[-3.5156,50.3856],[-3.5129,50.3856],[-3.5129,50.3873],[-3.5101,50.3873],[-3.5074,50.3873],[-3.5047,50.3873],[-3.5047,50.3856],[-3.5019,50.3856],[-3.5019,50.3838],[-3.4992,50.3838],[-3.4964,50.3838],[-3.4964,50.3821],[-3.4964,50.3804],[-3.4992,50.3804],[-3.5019,50.3804],[-3.5047,50.3804],[-3.5074,50.3804],[-3.5074,50.3786],[-3.5074,50.3769],[-3.5101,50.3769],[-3.5101,50.3751],[-3.5129,50.3751],[-3.5129,50.3734],[-3.5156,50.3734],[-3.5156,50.3716],[-3.5156,50.3699],[-3.5156,50.3681],[-3.5156,50.3664],[-3.5156,50.3646],[-3.5184,50.3646],[-3.5184,50.3629],[-3.5184,50.3611],[-3.5211,50.3611],[-3.5211,50.3594],[-3.5211,50.3576],[-3.5211,50.3559],[-3.5184,50.3559],[-3.5156,50.3559],[-3.5156,50.3541],[-3.5156,50.3524],[-3.5156,50.3506],[-3.5184,50.3506],[-3.5184,50.3489],[-3.5184,50.3471],[-3.5211,50.3471],[-3.5211,50.3454],[-3.5238,50.3454],[-3.5238,50.3436],[-3.5266,50.3436],[-3.5293,50.3436],[-3.532,50.3436],[-3.532,50.3419],[-3.532,50.3402],[-3.532,50.3384],[-3.5348,50.3384],[-3.5348,50.3367],[-3.5375,50.3367],[-3.5403,50.3367],[-3.5403,50.3349],[-3.543,50.3349],[-3.5457,50.3349],[-3.5704,50.3279],[-3.5704,50.3262],[-3.5731,50.3262],[-3.5759,50.3262],[-3.5786,50.3262],[-3.5814,50.3262],[-3.5814,50.3244],[-3.5841,50.3244],[-3.5841,50.3262],[-3.5868,50.3262],[-3.5896,50.3262],[-3.5896,50.3244],[-3.5923,50.3244],[-3.5923,50.3227],[-3.5951,50.3227],[-3.5951,50.3209],[-3.5951,50.3192],[-3.5978,50.3192],[-3.6005,50.3192],[-3.6033,50.3192],[-3.606,50.3192],[-3.606,50.3209],[-3.6088,50.3192],[-3.6115,50.3192],[-3.6115,50.3174],[-3.6115,50.3157],[-3.6142,50.3157],[-3.617,50.3157],[-3.617,50.3139],[-3.617,50.3122],[-3.6197,50.3122],[-3.6197,50.3104],[-3.6225,50.3104],[-3.6225,50.3087],[-3.6252,50.3087],[-3.6252,50.3069],[-3.6279,50.3069],[-3.6279,50.3052],[-3.6307,50.3052],[-3.6307,50.3034],[-3.6334,50.3017],[-3.6334,50.2999],[-3.6362,50.2999],[-3.6362,50.2982],[-3.6362,50.2964],[-3.6389,50.2964],[-3.6389,50.2947],[-3.6389,50.2929],[-3.6416,50.2929],[-3.6416,50.2912],[-3.6416,50.2894],[-3.6444,50.2894],[-3.6444,50.2877],[-3.6444,50.2859],[-3.6444,50.2842],[-3.6471,50.2824],[-3.6471,50.2807],[-3.6471,50.2789],[-3.6471,50.2772],[-3.6499,50.2772],[-3.6499,50.2754],[-3.6499,50.2737],[-3.6499,50.2719],[-3.6499,50.2702],[-3.6526,50.2702],[-3.6526,50.2684],[-3.6526,50.2667],[-3.6526,50.2649],[-3.6526,50.2631],[-3.6526,50.2614],[-3.6526,50.2596],[-3.6553,50.2596],[-3.6553,50.2579],[-3.6553,50.2561],[-3.6553,50.2544],[-3.6553,50.2526],[-3.6553,50.2509],[-3.6581,50.2509],[-3.6581,50.2491],[-3.6581,50.2474],[-3.6581,50.2456],[-3.6581,50.2439],[-3.6581,50.2421],[-3.6581,50.2404],[-3.6581,50.2386],[-3.6581,50.2369],[-3.6581,50.2351],[-3.6581,50.2334],[-3.6581,50.2316],[-3.6553,50.2316],[-3.6553,50.2299],[-3.6553,50.2281],[-3.6526,50.2281],[-3.6526,50.2264],[-3.6499,50.2264],[-3.6499,50.2246],[-3.6471,50.2246],[-3.6444,50.2246],[-3.6444,50.2228],[-3.6471,50.2228],[-3.6471,50.2211],[-3.6499,50.2211],[-3.6526,50.2211],[-3.6526,50.2193],[-3.6553,50.2193],[-3.6553,50.2176],[-3.6581,50.2176],[-3.6581,50.2193],[-3.6581,50.2211],[-3.6608,50.2211],[-3.6636,50.2211],[-3.6663,50.2211],[-3.669,50.2211],[-3.6718,50.2211],[-3.6745,50.2211],[-3.6773,50.2211],[-3.68,50.2211],[-3.68,50.2228],[-3.6827,50.2228],[-3.6827,50.2211],[-3.6855,50.2211],[-3.6855,50.2193],[-3.6882,50.2193],[-3.6882,50.2176],[-3.6882,50.2158],[-3.691,50.2158],[-3.6937,50.2158],[-3.6937,50.2141],[-3.6964,50.2141],[-3.6964,50.2123],[-3.6992,50.2123],[-3.7019,50.2123],[-3.7019,50.2106],[-3.7019,50.2088],[-3.7047,50.2088],[-3.7047,50.2071],[-3.7074,50.2071],[-3.7074,50.2053],[-3.7101,50.2053],[-3.7129,50.2053],[-3.7156,50.2053],[-3.7184,50.2053],[-3.7184,50.2036],[-3.7184,50.2018]]]]},"properties":{"NAME":"South Devon","CODE":"31","DESIG_DATE":"Aug-60"}},{"type":"Feature","geometry":{"type":"Polygon","coordinates":[[[-3.2279,51.1119],[-3.2307,51.1119],[-3.2307,51.1137],[-3.2307,51.1154],[-3.2334,51.1154],[-3.2334,51.1171],[-3.2334,51.1188],[-3.2334,51.1205],[-3.2361,51.1205],[-3.2361,51.1223],[-3.2389,51.124],[-3.2389,51.1257],[-3.2416,51.1257],[-3.2416,51.1274],[-3.2444,51.1274],[-3.2444,51.1291],[-3.2471,51.1291],[-3.2471,51.1309],[-3.2498,51.1309],[-3.2498,51.1326],[-3.2498,51.1343],[-3.2526,51.1343],[-3.2553,51.1343],[-3.2553,51.136],[-3.2581,51.136],[-3.2581,51.1377],[-3.2608,51.1377],[-3.2608,51.1395],[-3.2635,51.1395],[-3.2663,51.1395],[-3.269,51.1395],[-3.269,51.1412],[-3.2718,51.1412],[-3.2718,51.1429],[-3.2745,51.1429],[-3.2745,51.1446],[-3.2772,51.1446],[-3.2772,51.1463],[-3.28,51.1463],[-3.28,51.1481],[-3.28,51.1498],[-3.28,51.1515],[-3.2772,51.1515],[-3.2772,51.1532],[-3.2772,51.1549],[-3.28,51.1549],[-3.28,51.1566],[-3.28,51.1584],[-3.2827,51.1584],[-3.2827,51.1601],[-3.2855,51.1601],[-3.2855,51.1584],[-3.2882,51.1601],[-3.2882,51.1618],[-3.2855,51.1618],[-3.2855,51.1635],[-3.2855,51.1652],[-3.2827,51.1652],[-3.2827,51.167],[-3.2827,51.1687],[-3.28,51.1687],[-3.28,51.1704],[-3.2827,51.1704],[-3.2855,51.1704],[-3.2855,51.1721],[-3.2882,51.1721],[-3.2882,51.1738],[-3.2882,51.1755],[-3.2882,51.1773],[-3.2855,51.1773],[-3.2855,51.179],[-3.2855,51.1807],[-3.2827,51.1807],[-3.2827,51.1824],[-3.2827,51.1841],[-3.28,51.1841],[-3.28,51.1858],[-3.2772,51.1858],[-3.2745,51.1858],[-3.2718,51.1858],[-3.2718,51.1876],[-3.269,51.1876],[-3.2663,51.1876],[-3.2635,51.1876],[-3.2635,51.1893],[-3.2608,51.1893],[-3.2581,51.1893],[-3.2553,51.1893],[-3.2553,51.191],[-3.2526,51.191],[-3.2498,51.191],[-3.2471,51.191],[-3.2444,51.191],[-3.2444,51.1927],[-3.2416,51.1927],[-3.2389,51.1927],[-3.2389,51.1944],[-3.2361,51.1944],[-3.2334,51.1944],[-3.2307,51.1944],[-3.2279,51.1944],[-3.2252,51.1944],[-3.2252,51.1961],[-3.2224,51.1961],[-3.2224,51.1979],[-3.2197,51.1979],[-3.2197,51.1944],[-3.217,51.1927],[-3.217,51.191],[-3.2142,51.191],[-3.2142,51.1893],[-3.2115,51.1893],[-3.2115,51.1876],[-3.2087,51.1876],[-3.2087,51.1858],[-3.206,51.1858],[-3.2033,51.1841],[-3.2005,51.1841],[-3.2005,51.1824],[-3.2005,51.1807],[-3.2005,51.179],[-3.2005,51.1773],[-3.2033,51.1773],[-3.2033,51.1755],[-3.2033,51.1738],[-3.2033,51.1721],[-3.206,51.1721],[-3.206,51.1704],[-3.206,51.1687],[-3.206,51.167],[-3.206,51.1652],[-3.206,51.1635],[-3.206,51.1618],[-3.206,51.1601],[-3.206,51.1584],[-3.2033,51.1584],[-3.2005,51.1584],[-3.2005,51.1566],[-3.1978,51.1566],[-3.195,51.1566],[-3.195,51.1549],[-3.1923,51.1549],[-3.1896,51.1549],[-3.1896,51.1532],[-3.1868,51.1532],[-3.1841,51.1532],[-3.1813,51.1532],[-3.1813,51.1515],[-3.1786,51.1515],[-3.1759,51.1515],[-3.1759,51.1498],[-3.1731,51.1498],[-3.1704,51.1498],[-3.1676,51.1481],[-3.1676,51.1463],[-3.1704,51.1463],[-3.1704,51.1446],[-3.1704,51.1429],[-3.1676,51.1429],[-3.1649,51.1429],[-3.1649,51.1412],[-3.1622,51.1412],[-3.1594,51.1412],[-3.1594,51.1395],[-3.1567,51.1395],[-3.1567,51.1377],[-3.1567,51.136],[-3.1567,51.1343],[-3.1567,51.1326],[-3.1539,51.1326],[-3.1539,51.1309],[-3.1539,51.1291],[-3.1539,51.1274],[-3.1539,51.1257],[-3.1539,51.124],[-3.1512,51.124],[-3.1512,51.1223],[-3.1485,51.1223],[-3.1457,51.1223],[-3.1457,51.1205],[-3.1457,51.1188],[-3.143,51.1188],[-3.1402,51.1188],[-3.1402,51.1171],[-3.1375,51.1171],[-3.1348,51.1171],[-3.1348,51.1188],[-3.132,51.1188],[-3.1293,51.1188],[-3.1266,51.1188],[-3.1238,51.1188],[-3.1211,51.1188],[-3.1183,51.1188],[-3.1156,51.1188],[-3.1156,51.1171],[-3.1156,51.1154],[-3.1129,51.1154],[-3.1101,51.1154],[-3.1101,51.1171],[-3.1074,51.1171],[-3.1046,51.1171],[-3.1019,51.1171],[-3.0992,51.1171],[-3.0992,51.1154],[-3.0992,51.1137],[-3.0992,51.1119],[-3.0992,51.1102],[-3.0992,51.1085],[-3.0992,51.1068],[-3.0964,51.1068],[-3.0937,51.1068],[-3.0909,51.1068],[-3.0909,51.1051],[-3.0909,51.1033],[-3.0909,51.1016],[-3.0909,51.0999],[-3.0882,51.0999],[-3.0882,51.0982],[-3.0882,51.0965],[-3.0882,51.0947],[-3.0909,51.0947],[-3.0909,51.093],[-3.0909,51.0913],[-3.0937,51.0913],[-3.0937,51.0896],[-3.0909,51.0896],[-3.0882,51.0896],[-3.0882,51.0879],[-3.0855,51.0879],[-3.0855,51.0896],[-3.0827,51.0896],[-3.08,51.0896],[-3.0772,51.0896],[-3.0772,51.0879],[-3.0745,51.0879],[-3.0718,51.0879],[-3.069,51.0879],[-3.0663,51.0879],[-3.0663,51.0861],[-3.0635,51.0861],[-3.0608,51.0861],[-3.0581,51.0861],[-3.0581,51.0879],[-3.0553,51.0879],[-3.0553,51.0861],[-3.0526,51.0861],[-3.0526,51.0844],[-3.0498,51.0844],[-3.0498,51.0827],[-3.0498,51.081],[-3.0526,51.081],[-3.0526,51.0792],[-3.0553,51.0792],[-3.0553,51.0775],[-3.0581,51.0775],[-3.0608,51.0775],[-3.0608,51.0758],[-3.0635,51.0758],[-3.0663,51.0758],[-3.069,51.0758],[-3.069,51.0741],[-3.0718,51.0741],[-3.0745,51.0741],[-3.0745,51.0724],[-3.0772,51.0724],[-3.0772,51.0706],[-3.0772,51.0689],[-3.08,51.0689],[-3.0827,51.0689],[-3.0827,51.0672],[-3.0855,51.0672],[-3.0882,51.0672],[-3.0882,51.0655],[-3.0909,51.0655],[-3.0937,51.0655],[-3.0964,51.0655],[-3.0992,51.0655],[-3.0992,51.0638],[-3.1019,51.0638],[-3.1046,51.0638],[-3.1046,51.062],[-3.1074,51.062],[-3.1101,51.062],[-3.1101,51.0603],[-3.1129,51.0603],[-3.1156,51.0603],[-3.1183,51.0603],[-3.1211,51.0603],[-3.1238,51.0603],[-3.1266,51.0603],[-3.1266,51.0586],[-3.1293,51.0586],[-3.132,51.0586],[-3.132,51.0603],[-3.1348,51.0603],[-3.1375,51.0603],[-3.1402,51.0603],[-3.1402,51.062],[-3.143,51.062],[-3.143,51.0638],[-3.1457,51.0638],[-3.1457,51.0655],[-3.1457,51.0672],[-3.1485,51.0672],[-3.1485,51.0689],[-3.1485,51.0706],[-3.1512,51.0706],[-3.1512,51.0724],[-3.1539,51.0724],[-3.1539,51.0741],[-3.1567,51.0741],[-3.1594,51.0741],[-3.1622,51.0741],[-3.1622,51.0758],[-3.1649,51.0758],[-3.1649,51.0775],[-3.1676,51.0775],[-3.1676,51.0792],[-3.1704,51.0792],[-3.1704,51.0775],[-3.1731,51.0775],[-3.1731,51.0758],[-3.1759,51.0758],[-3.1786,51.0758],[-3.1813,51.0758],[-3.1813,51.0775],[-3.1813,51.0792],[-3.1813,51.081],[-3.1786,51.081],[-3.1786,51.0827],[-3.1813,51.0861],[-3.1841,51.0861],[-3.1868,51.0861],[-3.1896,51.0861],[-3.1923,51.0861],[-3.195,51.0861],[-3.195,51.0879],[-3.195,51.0896],[-3.1978,51.0896],[-3.2005,51.0896],[-3.2005,51.0913],[-3.2033,51.0913],[-3.2033,51.093],[-3.206,51.093],[-3.2087,51.093],[-3.2115,51.093],[-3.2115,51.0947],[-3.2142,51.0947],[-3.2142,51.0965],[-3.2142,51.0982],[-3.2142,51.0999],[-3.2142,51.1016],[-3.217,51.1016],[-3.217,51.1033],[-3.2197,51.1033],[-3.2197,51.1051],[-3.2224,51.1051],[-3.2224,51.1068],[-3.2252,51.1068],[-3.2252,51.1085],[-3.2279,51.1102],[-3.2279,51.1119]]]},"properties":{"NAME":"Quantock Hills","CODE":"28","DESIG_DATE":"Jan-57"}},{"type":"Feature","geometry":{"type":"Polygon","coordinates":[[[-0.9703,54.2064],[-0.9675,54.2064],[-0.9648,54.2064],[-0.9621,54.2064],[-0.9593,54.2064],[-0.9566,54.2064],[-0.9538,54.2064],[-0.9511,54.2064],[-0.9511,54.2047],[-0.9484,54.2047],[-0.9456,54.2047],[-0.9456,54.2031],[-0.9456,54.2015],[-0.9429,54.2015],[-0.9401,54.2015],[-0.9374,54.2015],[-0.9374,54.1999],[-0.9374,54.1983],[-0.9374,54.1967],[-0.9374,54.1951],[-0.9347,54.1951],[-0.9374,54.1935],[-0.9401,54.1935],[-0.9429,54.1935],[-0.9429,54.1919],[-0.9456,54.1919],[-0.9484,54.1919],[-0.9511,54.1919],[-0.9538,54.1919],[-0.9538,54.1903],[-0.9538,54.1887],[-0.9566,54.1887],[-0.9593,54.1871],[-0.9621,54.1871],[-0.9648,54.1871],[-0.9675,54.1871],[-0.9675,54.1887],[-0.9703,54.1887],[-0.9703,54.1871],[-0.973,54.1871],[-0.9758,54.1871],[-0.9758,54.1855],[-0.9758,54.1839],[-0.9758,54.1823],[-0.973,54.1807],[-0.973,54.1791],[-0.973,54.1775],[-0.973,54.1759],[-0.9758,54.1759],[-0.9758,54.1743],[-0.9758,54.1727],[-0.9785,54.1727],[-0.9785,54.1711],[-0.9785,54.1695],[-0.9758,54.1695],[-0.973,54.1695],[-0.9703,54.1695],[-0.9703,54.1679],[-0.9675,54.1679],[-0.9675,54.1663],[-0.9648,54.1663],[-0.9621,54.1663],[-0.9593,54.1663],[-0.9566,54.1663],[-0.9566,54.1647],[-0.9538,54.1647],[-0.9511,54.1647],[-0.9484,54.1647],[-0.9484,54.1631],[-0.9456,54.1631],[-0.9429,54.1631],[-0.9401,54.1631],[-0.9401,54.1615],[-0.9374,54.1615],[-0.9347,54.1615],[-0.9319,54.1615],[-0.9292,54.1615],[-0.9264,54.1615],[-0.9237,54.1615],[-0.921,54.1615],[-0.9182,54.1615],[-0.9155,54.1615],[-0.9127,54.1615],[-0.91,54.1599],[-0.9073,54.1599],[-0.9045,54.1599],[-0.9018,54.1599],[-0.9018,54.1582],[-0.899,54.1582],[-0.899,54.1566],[-0.8963,54.1566],[-0.8936,54.1566],[-0.8908,54.1566],[-0.8908,54.155],[-0.8881,54.155],[-0.8853,54.155],[-0.8826,54.155],[-0.8826,54.1534],[-0.8799,54.1534],[-0.8771,54.1534],[-0.8771,54.1518],[-0.8771,54.1502],[-0.8744,54.1502],[-0.8716,54.1502],[-0.8716,54.1518],[-0.8689,54.1518],[-0.8689,54.1502],[-0.8662,54.1502],[-0.8634,54.1502],[-0.8607,54.1502],[-0.8607,54.1486],[-0.8607,54.147],[-0.8579,54.147],[-0.8579,54.1486],[-0.8579,54.1502],[-0.8552,54.1502],[-0.8552,54.1486],[-0.8525,54.1486],[-0.8497,54.1486],[-0.8525,54.147],[-0.8497,54.147],[-0.8497,54.1486],[-0.847,54.1486],[-0.8442,54.1486],[-0.8415,54.1486],[-0.8415,54.147],[-0.8388,54.147],[-0.8388,54.1486],[-0.836,54.1486],[-0.8333,54.1486],[-0.8305,54.1486],[-0.8305,54.147],[-0.8278,54.147],[-0.8251,54.147],[-0.8251,54.1454],[-0.8223,54.1454],[-0.8196,54.1454],[-0.8168,54.1454],[-0.8168,54.1438],[-0.8196,54.1438],[-0.8196,54.1422],[-0.8196,54.1406],[-0.8196,54.139],[-0.8223,54.139],[-0.8223,54.1374],[-0.8223,54.1358],[-0.8223,54.1342],[-0.8223,54.1326],[-0.8223,54.131],[-0.8223,54.1294],[-0.8223,54.1278],[-0.8251,54.1278],[-0.8251,54.1262],[-0.8278,54.1262],[-0.8278,54.1245],[-0.8278,54.1229],[-0.8278,54.1213],[-0.8278,54.1197],[-0.8305,54.1197],[-0.8305,54.1181],[-0.8305,54.1165],[-0.8305,54.1149],[-0.8305,54.1133],[-0.8305,54.1117],[-0.8305,54.1101],[-0.8333,54.1101],[-0.8333,54.1085],[-0.8333,54.1069],[-0.8305,54.1069],[-0.8305,54.1053],[-0.8305,54.1037],[-0.8305,54.1021],[-0.8333,54.1021],[-0.8333,54.1005],[-0.8333,54.0988],[-0.8305,54.0988],[-0.8305,54.0972],[-0.8305,54.0956],[-0.8305,54.094],[-0.8333,54.094],[-0.8333,54.0924],[-0.8305,54.0924],[-0.8278,54.0924],[-0.8278,54.0908],[-0.8305,54.0908],[-0.8333,54.0892],[-0.836,54.0892],[-0.8388,54.0892],[-0.8388,54.0876],[-0.8415,54.0876],[-0.8415,54.086],[-0.8442,54.086],[-0.847,54.086],[-0.847,54.0844],[-0.8497,54.0844],[-0.8497,54.0828],[-0.8497,54.0812],[-0.8497,54.0796],[-0.8525,54.0796],[-0.8525,54.078],[-0.8552,54.078],[-0.8579,54.078],[-0.8579,54.0763],[-0.8579,54.0747],[-0.8579,54.0731],[-0.8579,54.0715],[-0.8579,54.0699],[-0.8579,54.0683],[-0.8579,54.0667],[-0.8579,54.0651],[-0.8579,54.0635],[-0.8552,54.0635],[-0.8552,54.0619],[-0.8579,54.0619],[-0.8607,54.0619],[-0.8607,54.0603],[-0.8634,54.0603],[-0.8662,54.0603],[-0.8662,54.0619],[-0.8689,54.0619],[-0.8689,54.0603],[-0.8716,54.0603],[-0.8716,54.0587],[-0.8744,54.0587],[-0.8771,54.0587],[-0.8771,54.0571],[-0.8744,54.0554],[-0.8744,54.0538],[-0.8771,54.0538],[-0.8799,54.0538],[-0.8826,54.0538],[-0.8853,54.0538],[-0.8881,54.0538],[-0.8908,54.0538],[-0.8936,54.0538],[-0.8963,54.0538],[-0.899,54.0538],[-0.9018,54.0538],[-0.9018,54.0554],[-0.899,54.0554],[-0.8963,54.0554],[-0.8963,54.0571],[-0.8963,54.0587],[-0.8963,54.0603],[-0.899,54.0603],[-0.899,54.0619],[-0.899,54.0635],[-0.9018,54.0635],[-0.9018,54.0651],[-0.9018,54.0667],[-0.9018,54.0683],[-0.9045,54.0683],[-0.9045,54.0699],[-0.9045,54.0715],[-0.9045,54.0731],[-0.9073,54.0731],[-0.9073,54.0747],[-0.9073,54.0763],[-0.9045,54.0763],[-0.9045,54.078],[-0.9018,54.078],[-0.899,54.078],[-0.899,54.0796],[-0.9018,54.0796],[-0.9045,54.0796],[-0.9073,54.0796],[-0.91,54.0796],[-0.9127,54.0796],[-0.9127,54.078],[-0.9155,54.078],[-0.9182,54.078],[-0.9182,54.0796],[-0.921,54.0796],[-0.921,54.078],[-0.9237,54.078],[-0.9237,54.0796],[-0.9237,54.0812],[-0.9237,54.0828],[-0.9237,54.0844],[-0.9264,54.0844],[-0.9264,54.086],[-0.9292,54.086],[-0.9292,54.0876],[-0.9319,54.0876],[-0.9347,54.0876],[-0.9347,54.086],[-0.9374,54.086],[-0.9401,54.086],[-0.9429,54.086],[-0.9456,54.086],[-0.9456,54.0844],[-0.9484,54.0844],[-0.9484,54.086],[-0.9484,54.0876],[-0.9511,54.0876],[-0.9538,54.0876],[-0.9538,54.0892],[-0.9566,54.0892],[-0.9593,54.0892],[-0.9621,54.0892],[-0.9648,54.0892],[-0.9675,54.0892],[-0.9675,54.0908],[-0.9675,54.0924],[-0.9648,54.0924],[-0.9648,54.094],[-0.9675,54.094],[-0.9703,54.094],[-0.9703,54.0956],[-0.9703,54.0972],[-0.9703,54.0988],[-0.9703,54.1005],[-0.9703,54.1021],[-0.9675,54.1021],[-0.9675,54.1037],[-0.9648,54.1037],[-0.9648,54.1053],[-0.9621,54.1053],[-0.9621,54.1069],[-0.9648,54.1069],[-0.9675,54.1069],[-0.9703,54.1069],[-0.973,54.1069],[-0.973,54.1085],[-0.9758,54.1085],[-0.9758,54.1101],[-0.9785,54.1101],[-0.9785,54.1117],[-0.9812,54.1117],[-0.9812,54.1133],[-0.984,54.1133],[-0.984,54.1149],[-0.984,54.1165],[-0.984,54.1181],[-0.9867,54.1181],[-0.9895,54.1181],[-0.9922,54.1181],[-0.9922,54.1197],[-0.9949,54.1197],[-0.9977,54.1197],[-0.9977,54.1213],[-1.0004,54.1213],[-1.0032,54.1213],[-1.0032,54.1229],[-1.0059,54.1229],[-1.0086,54.1229],[-1.0086,54.1245],[-1.0114,54.1245],[-1.0114,54.1262],[-1.0141,54.1262],[-1.0169,54.1262],[-1.0196,54.1262],[-1.0223,54.1262],[-1.0223,54.1245],[-1.0251,54.1245],[-1.0278,54.1245],[-1.0278,54.1262],[-1.0306,54.1262],[-1.0333,54.1262],[-1.0333,54.1278],[-1.036,54.1278],[-1.036,54.1262],[-1.0388,54.1262],[-1.0388,54.1245],[-1.0415,54.1245],[-1.0443,54.1245],[-1.0443,54.1262],[-1.0443,54.1278],[-1.047,54.1278],[-1.0497,54.1278],[-1.0497,54.1294],[-1.0525,54.1294],[-1.0552,54.1294],[-1.0552,54.131],[-1.058,54.131],[-1.0607,54.131],[-1.0607,54.1326],[-1.0634,54.1326],[-1.0662,54.1326],[-1.0662,54.1342],[-1.0689,54.1342],[-1.0717,54.1342],[-1.0744,54.1342],[-1.0744,54.1358],[-1.0771,54.1358],[-1.0771,54.1374],[-1.0799,54.1374],[-1.0826,54.139],[-1.0854,54.139],[-1.0881,54.139],[-1.0881,54.1406],[-1.0908,54.1406],[-1.0908,54.1422],[-1.0936,54.1422],[-1.0936,54.1406],[-1.0963,54.1406],[-1.0963,54.1422],[-1.0991,54.1422],[-1.1018,54.1422],[-1.1045,54.1422],[-1.1073,54.1422],[-1.11,54.1422],[-1.1128,54.1422],[-1.1155,54.1422],[-1.1155,54.1438],[-1.1182,54.1438],[-1.121,54.1438],[-1.121,54.1422],[-1.1237,54.1422],[-1.1237,54.1406],[-1.1265,54.1406],[-1.1265,54.139],[-1.1292,54.139],[-1.1292,54.1374],[-1.1319,54.1374],[-1.1347,54.1374],[-1.1347,54.1358],[-1.1347,54.1342],[-1.1347,54.1326],[-1.1374,54.1326],[-1.1374,54.131],[-1.1402,54.131],[-1.1402,54.1294],[-1.1402,54.1278],[-1.1402,54.1262],[-1.1429,54.1262],[-1.1456,54.1262],[-1.1484,54.1262],[-1.1511,54.1262],[-1.1511,54.1278],[-1.1539,54.1278],[-1.1539,54.1262],[-1.1566,54.1262],[-1.1566,54.1278],[-1.1593,54.1278],[-1.1593,54.1294],[-1.1593,54.131],[-1.1566,54.131],[-1.1566,54.1326],[-1.1593,54.1342],[-1.1593,54.1358],[-1.1593,54.1374],[-1.1566,54.1374],[-1.1566,54.139],[-1.1566,54.1406],[-1.1566,54.1422],[-1.1566,54.1438],[-1.1566,54.1454],[-1.1566,54.147],[-1.1566,54.1486],[-1.1566,54.1502],[-1.1566,54.1518],[-1.1593,54.1518],[-1.1593,54.1534],[-1.1593,54.155],[-1.1621,54.155],[-1.1621,54.1566],[-1.1648,54.1566],[-1.1648,54.155],[-1.1675,54.155],[-1.1703,54.155],[-1.173,54.155],[-1.1758,54.155],[-1.1785,54.155],[-1.1785,54.1534],[-1.1812,54.1534],[-1.184,54.1534],[-1.1867,54.1534],[-1.1895,54.1534],[-1.1895,54.155],[-1.1922,54.155],[-1.1949,54.155],[-1.1977,54.155],[-1.2004,54.155],[-1.2004,54.1566],[-1.2004,54.1582],[-1.2004,54.1599],[-1.2004,54.1615],[-1.2004,54.1631],[-1.2032,54.1631],[-1.2032,54.1647],[-1.2032,54.1663],[-1.2032,54.1679],[-1.2032,54.1695],[-1.2032,54.1711],[-1.2004,54.1711],[-1.2004,54.1727],[-1.1977,54.1727],[-1.1977,54.1743],[-1.1949,54.1743],[-1.1949,54.1759],[-1.1922,54.1759],[-1.1922,54.1775],[-1.1895,54.1775],[-1.1867,54.1775],[-1.1867,54.1791],[-1.1895,54.1807],[-1.1895,54.1823],[-1.1867,54.1823],[-1.184,54.1839],[-1.184,54.1855],[-1.1812,54.1855],[-1.1785,54.1855],[-1.1785,54.1871],[-1.1758,54.1871],[-1.173,54.1871],[-1.173,54.1887],[-1.1703,54.1887],[-1.1675,54.1887],[-1.1648,54.1887],[-1.1621,54.1887],[-1.1621,54.1903],[-1.1621,54.1919],[-1.1593,54.1919],[-1.1593,54.1935],[-1.1566,54.1935],[-1.1566,54.1951],[-1.1566,54.1967],[-1.1539,54.1967],[-1.1484,54.1967],[-1.1456,54.1967],[-1.1429,54.1967],[-1.1402,54.1967],[-1.1402,54.1983],[-1.1374,54.1983],[-1.1374,54.1967],[-1.1347,54.1967],[-1.1319,54.1967],[-1.1292,54.1967],[-1.1265,54.1983],[-1.1237,54.1983],[-1.1237,54.1999],[-1.121,54.1999],[-1.121,54.2015],[-1.1182,54.2015],[-1.1155,54.2015],[-1.1128,54.2015],[-1.11,54.2015],[-1.1073,54.2015],[-1.1045,54.2015],[-1.1018,54.2015],[-1.0991,54.2015],[-1.0991,54.2031],[-1.0963,54.2031],[-1.0936,54.2031],[-1.0908,54.2031],[-1.0881,54.2031],[-1.0854,54.2031],[-1.0826,54.2031],[-1.0799,54.2031],[-1.0771,54.2031],[-1.0744,54.2031],[-1.0717,54.2031],[-1.0689,54.2031],[-1.0662,54.2031],[-1.0634,54.2031],[-1.0607,54.2031],[-1.058,54.2031],[-1.0552,54.2031],[-1.0525,54.2031],[-1.0525,54.2015],[-1.0497,54.2015],[-1.0497,54.2031],[-1.047,54.2031],[-1.0443,54.2031],[-1.0443,54.2047],[-1.0443,54.2064],[-1.047,54.2064],[-1.0497,54.2064],[-1.0497,54.208],[-1.0525,54.208],[-1.0552,54.208],[-1.0552,54.2096],[-1.058,54.2096],[-1.058,54.2112],[-1.0607,54.2112],[-1.0607,54.2128],[-1.0607,54.2144],[-1.0607,54.216],[-1.0607,54.2176],[-1.0634,54.2176],[-1.0634,54.2192],[-1.0634,54.2208],[-1.0607,54.2208],[-1.0607,54.2224],[-1.0607,54.224],[-1.0607,54.2256],[-1.0607,54.2272],[-1.0607,54.2288],[-1.0607,54.2304],[-1.058,54.2304],[-1.058,54.232],[-1.058,54.2336],[-1.058,54.2352],[-1.058,54.2368],[-1.058,54.2384],[-1.058,54.24],[-1.058,54.2416],[-1.058,54.2432],[-1.0552,54.2432],[-1.0552,54.2416],[-1.0552,54.24],[-1.0525,54.24],[-1.0497,54.24],[-1.0497,54.2384],[-1.047,54.2384],[-1.0443,54.2384],[-1.0443,54.2368],[-1.0415,54.2368],[-1.0415,54.2352],[-1.0388,54.2352],[-1.0388,54.2336],[-1.036,54.2336],[-1.036,54.2352],[-1.0333,54.2352],[-1.0333,54.2336],[-1.0333,54.232],[-1.0333,54.2304],[-1.0333,54.2288],[-1.0306,54.2288],[-1.0306,54.2304],[-1.0278,54.2304],[-1.0278,54.2288],[-1.0278,54.2272],[-1.0278,54.2256],[-1.0306,54.2256],[-1.0306,54.224],[-1.0278,54.224],[-1.0278,54.2224],[-1.0278,54.2208],[-1.0251,54.2192],[-1.0251,54.2176],[-1.0223,54.2176],[-1.0223,54.2192],[-1.0196,54.2192],[-1.0169,54.2192],[-1.0169,54.2176],[-1.0196,54.2176],[-1.0196,54.216],[-1.0169,54.216],[-1.0141,54.216],[-1.0141,54.2144],[-1.0141,54.2128],[-1.0141,54.2112],[-1.0114,54.2112],[-1.0114,54.2128],[-1.0086,54.2128],[-1.0059,54.2128],[-1.0032,54.2128],[-1.0032,54.2112],[-1.0004,54.2112],[-1.0004,54.2096],[-0.9977,54.2096],[-0.9977,54.2112],[-0.9949,54.2112],[-0.9949,54.2096],[-0.9949,54.208],[-0.9949,54.2064],[-0.9922,54.2064],[-0.9895,54.2064],[-0.9867,54.2064],[-0.984,54.2064],[-0.9812,54.2064],[-0.9785,54.2064],[-0.9785,54.208],[-0.9758,54.208],[-0.9758,54.2064],[-0.973,54.2064],[-0.9703,54.2064]]]},"properties":{"NAME":"Howardian Hills","CODE":"15","DESIG_DATE":"Oct-87"}},{"type":"Feature","geometry":{"type":"Polygon","coordinates":[[[-2.2334,51.2099],[-2.2306,51.2099],[-2.2306,51.2082],[-2.2279,51.2082],[-2.2251,51.2082],[-2.2251,51.2065],[-2.2224,51.2065],[-2.2224,51.2047],[-2.2197,51.2047],[-2.2197,51.203],[-2.2169,51.203],[-2.2169,51.2013],[-2.2169,51.1996],[-2.2169,51.1979],[-2.2197,51.1979],[-2.2197,51.1961],[-2.2224,51.1961],[-2.2251,51.1961],[-2.2224,51.1944],[-2.2224,51.1927],[-2.2197,51.1927],[-2.2169,51.1927],[-2.2142,51.1927],[-2.2142,51.191],[-2.2114,51.191],[-2.2114,51.1927],[-2.2114,51.1944],[-2.2087,51.1944],[-2.2087,51.1927],[-2.206,51.1927],[-2.206,51.191],[-2.2032,51.191],[-2.2032,51.1893],[-2.2032,51.1876],[-2.206,51.1876],[-2.206,51.1858],[-2.2087,51.1858],[-2.2087,51.1841],[-2.206,51.1841],[-2.2032,51.1841],[-2.2005,51.1841],[-2.2005,51.1824],[-2.1977,51.1824],[-2.195,51.1824],[-2.195,51.1841],[-2.1923,51.1841],[-2.1923,51.1858],[-2.1923,51.1876],[-2.1895,51.1876],[-2.1868,51.1876],[-2.184,51.1876],[-2.1813,51.1876],[-2.1786,51.1876],[-2.1758,51.1876],[-2.1731,51.1876],[-2.1731,51.1893],[-2.1703,51.1893],[-2.1676,51.1893],[-2.1649,51.1893],[-2.1621,51.1893],[-2.1621,51.1876],[-2.1594,51.1876],[-2.1566,51.1876],[-2.1539,51.1876],[-2.1539,51.1858],[-2.1512,51.1858],[-2.1512,51.1841],[-2.1484,51.1841],[-2.1457,51.1824],[-2.1429,51.1824],[-2.1429,51.1807],[-2.1402,51.1807],[-2.1375,51.1807],[-2.1375,51.1824],[-2.1347,51.1824],[-2.132,51.1824],[-2.132,51.1841],[-2.1292,51.1841],[-2.1292,51.1824],[-2.1265,51.1824],[-2.1265,51.1807],[-2.1238,51.1807],[-2.121,51.1807],[-2.1183,51.1807],[-2.1183,51.179],[-2.1155,51.179],[-2.1155,51.1807],[-2.1128,51.1807],[-2.1128,51.1824],[-2.1101,51.1807],[-2.1073,51.1807],[-2.1046,51.1807],[-2.1046,51.179],[-2.1018,51.179],[-2.0991,51.179],[-2.0964,51.179],[-2.0936,51.179],[-2.0936,51.1807],[-2.0909,51.1807],[-2.0909,51.1824],[-2.0881,51.1824],[-2.0854,51.1824],[-2.0854,51.1841],[-2.0827,51.1841],[-2.0799,51.1841],[-2.0772,51.1841],[-2.0772,51.1858],[-2.0744,51.1858],[-2.0717,51.1858],[-2.069,51.1824],[-2.0662,51.179],[-2.0635,51.179],[-2.0635,51.1807],[-2.0607,51.1807],[-2.058,51.1807],[-2.0553,51.1807],[-2.0553,51.179],[-2.0553,51.1773],[-2.0553,51.1755],[-2.0553,51.1738],[-2.0525,51.1738],[-2.0498,51.1738],[-2.047,51.1738],[-2.0443,51.1738],[-2.0443,51.1721],[-2.0416,51.1721],[-2.0388,51.1721],[-2.0388,51.1704],[-2.0361,51.1704],[-2.0333,51.1687],[-2.0306,51.167],[-2.0279,51.167],[-2.0251,51.1635],[-2.0224,51.1635],[-2.0196,51.1618],[-2.0169,51.1618],[-2.0142,51.1618],[-2.0114,51.1601],[-2.0087,51.1601],[-2.0059,51.1584],[-2.0032,51.1584],[-2.0005,51.1584],[-1.9977,51.1584],[-1.995,51.1584],[-1.9922,51.1584],[-1.9895,51.1584],[-1.9868,51.1584],[-1.984,51.1584],[-1.984,51.1566],[-1.9785,51.1566],[-1.9731,51.1549],[-1.9676,51.1549],[-1.9621,51.1532],[-1.9594,51.1532],[-1.9566,51.1532],[-1.9511,51.1498],[-1.9484,51.1498],[-1.9457,51.1481],[-1.9429,51.1463],[-1.9402,51.1463],[-1.9375,51.1463],[-1.9375,51.1446],[-1.9347,51.1446],[-1.932,51.1446],[-1.9292,51.1446],[-1.9265,51.1446],[-1.9238,51.1446],[-1.9238,51.1429],[-1.921,51.1429],[-1.921,51.1412],[-1.9183,51.1412],[-1.9183,51.1395],[-1.9155,51.1395],[-1.9155,51.1377],[-1.9128,51.1377],[-1.9128,51.136],[-1.9101,51.136],[-1.9101,51.1343],[-1.9073,51.1343],[-1.9073,51.1326],[-1.9046,51.1326],[-1.9018,51.1326],[-1.9018,51.1309],[-1.9046,51.1309],[-1.9046,51.1291],[-1.9046,51.1274],[-1.9046,51.1257],[-1.9018,51.1257],[-1.9018,51.124],[-1.8991,51.124],[-1.8991,51.1223],[-1.8964,51.1223],[-1.8964,51.1205],[-1.8936,51.1205],[-1.8936,51.1188],[-1.8909,51.1188],[-1.8909,51.1171],[-1.8881,51.1171],[-1.8881,51.1154],[-1.8881,51.1137],[-1.8854,51.1119],[-1.8854,51.1102],[-1.8854,51.1085],[-1.8827,51.1068],[-1.8827,51.1051],[-1.8827,51.1033],[-1.8799,51.1033],[-1.8799,51.1016],[-1.8772,51.0999],[-1.8799,51.0999],[-1.8799,51.0982],[-1.8827,51.0982],[-1.8854,51.0982],[-1.8854,51.0965],[-1.8827,51.0965],[-1.8827,51.0947],[-1.8827,51.093],[-1.8827,51.0913],[-1.8854,51.0913],[-1.8854,51.0896],[-1.8827,51.0896],[-1.8827,51.0879],[-1.8827,51.0861],[-1.8827,51.0844],[-1.8799,51.0844],[-1.8799,51.0827],[-1.8799,51.081],[-1.8827,51.081],[-1.8827,51.0792],[-1.8827,51.0775],[-1.8827,51.0758],[-1.8799,51.0758],[-1.8799,51.0741],[-1.8799,51.0724],[-1.8799,51.0706],[-1.8827,51.0706],[-1.8827,51.0689],[-1.8827,51.0672],[-1.8854,51.0672],[-1.8854,51.0655],[-1.8854,51.0638],[-1.8827,51.0638],[-1.8799,51.0638],[-1.8799,51.062],[-1.8827,51.062],[-1.8827,51.0603],[-1.8854,51.0586],[-1.8827,51.0586],[-1.8827,51.0569],[-1.8799,51.0569],[-1.8772,51.0569],[-1.8744,51.0569],[-1.8717,51.0569],[-1.8717,51.0551],[-1.869,51.0551],[-1.8662,51.0551],[-1.8635,51.0551],[-1.8607,51.0551],[-1.8607,51.0534],[-1.858,51.0534],[-1.8553,51.0534],[-1.8525,51.0534],[-1.8525,51.0517],[-1.8498,51.0517],[-1.8498,51.05],[-1.847,51.05],[-1.847,51.0483],[-1.847,51.0465],[-1.847,51.0448],[-1.847,51.0431],[-1.847,51.0414],[-1.847,51.0396],[-1.847,51.0379],[-1.847,51.0362],[-1.8443,51.0362],[-1.8416,51.0362],[-1.8416,51.0345],[-1.8388,51.0345],[-1.8361,51.0345],[-1.8333,51.0345],[-1.8306,51.0345],[-1.8279,51.0345],[-1.8251,51.0345],[-1.8224,51.0345],[-1.8224,51.0362],[-1.8196,51.0362],[-1.8196,51.0345],[-1.8169,51.0345],[-1.8169,51.0362],[-1.8142,51.0362],[-1.8114,51.0362],[-1.8087,51.0362],[-1.8059,51.0362],[-1.8059,51.0379],[-1.8032,51.0379],[-1.8032,51.0396],[-1.8005,51.0396],[-1.7977,51.0396],[-1.795,51.0396],[-1.795,51.0379],[-1.795,51.0362],[-1.7922,51.0362],[-1.7922,51.0345],[-1.7895,51.0345],[-1.7868,51.0345],[-1.784,51.0345],[-1.784,51.0362],[-1.7813,51.0362],[-1.7785,51.0362],[-1.7785,51.0345],[-1.7758,51.0345],[-1.7731,51.0345],[-1.7731,51.0362],[-1.7703,51.0362],[-1.7676,51.0345],[-1.7676,51.0328],[-1.7648,51.0328],[-1.7648,51.031],[-1.7648,51.0293],[-1.7648,51.0276],[-1.7648,51.0259],[-1.7648,51.0241],[-1.7648,51.0224],[-1.7621,51.0224],[-1.7621,51.0207],[-1.7621,51.019],[-1.7621,51.0172],[-1.7621,51.0155],[-1.7648,51.0155],[-1.7648,51.0138],[-1.7648,51.0103],[-1.7648,51.0086],[-1.7648,51.0069],[-1.7648,51.0052],[-1.7676,51.0052],[-1.7676,51.0034],[-1.7676,51.0017],[-1.7676,51],[-1.7703,51],[-1.7703,50.9983],[-1.7703,50.9966],[-1.7703,50.9948],[-1.7703,50.9931],[-1.7703,50.9914],[-1.7703,50.9897],[-1.7676,50.9897],[-1.7676,50.9879],[-1.7676,50.9862],[-1.7703,50.9862],[-1.7703,50.9845],[-1.7703,50.9828],[-1.7676,50.9828],[-1.7676,50.981],[-1.7676,50.9793],[-1.7676,50.9776],[-1.7676,50.9759],[-1.7703,50.9759],[-1.7703,50.9741],[-1.7731,50.9741],[-1.7731,50.9724],[-1.7758,50.9724],[-1.7758,50.9707],[-1.7758,50.969],[-1.7785,50.969],[-1.7785,50.9672],[-1.7813,50.9672],[-1.784,50.9655],[-1.7868,50.9655],[-1.7895,50.9638],[-1.7895,50.9621],[-1.7922,50.9621],[-1.7922,50.9603],[-1.795,50.9603],[-1.795,50.9621],[-1.7977,50.9621],[-1.7977,50.9638],[-1.8005,50.9638],[-1.8005,50.9621],[-1.8032,50.9621],[-1.8059,50.9621],[-1.8059,50.9603],[-1.8087,50.9603],[-1.8114,50.9603],[-1.8142,50.9603],[-1.8142,50.9586],[-1.8169,50.9586],[-1.8196,50.9586],[-1.8224,50.9586],[-1.8224,50.9569],[-1.8251,50.9569],[-1.8251,50.9551],[-1.8279,50.9551],[-1.8279,50.9534],[-1.8306,50.9534],[-1.8306,50.9517],[-1.8279,50.9517],[-1.8279,50.95],[-1.8279,50.9482],[-1.8279,50.9465],[-1.8251,50.9465],[-1.8251,50.9448],[-1.8251,50.9431],[-1.8224,50.9431],[-1.8224,50.9413],[-1.8251,50.9413],[-1.8279,50.9396],[-1.8279,50.9379],[-1.8306,50.9379],[-1.8306,50.9362],[-1.8333,50.9344],[-1.8333,50.9327],[-1.8333,50.931],[-1.8333,50.9293],[-1.8361,50.9293],[-1.8361,50.931],[-1.8388,50.931],[-1.8388,50.9327],[-1.8416,50.9327],[-1.8416,50.931],[-1.8443,50.931],[-1.847,50.931],[-1.847,50.9293],[-1.8498,50.9293],[-1.8525,50.9293],[-1.8525,50.9275],[-1.8553,50.9275],[-1.8553,50.9258],[-1.8553,50.9241],[-1.858,50.9241],[-1.858,50.9223],[-1.8607,50.9223],[-1.8607,50.9206],[-1.8635,50.9206],[-1.8635,50.9189],[-1.8662,50.9189],[-1.869,50.9189],[-1.869,50.9172],[-1.8717,50.9172],[-1.8744,50.9172],[-1.8744,50.9189],[-1.8744,50.9206],[-1.8772,50.9206],[-1.8772,50.9223],[-1.8772,50.9241],[-1.8799,50.9241],[-1.8799,50.9258],[-1.8827,50.9258],[-1.8827,50.9275],[-1.8854,50.9275],[-1.8854,50.9293],[-1.8881,50.9293],[-1.8909,50.9293],[-1.8909,50.9275],[-1.8936,50.9275],[-1.8964,50.9275],[-1.8991,50.9275],[-1.8991,50.9258],[-1.9018,50.9258],[-1.9046,50.9258],[-1.9073,50.9258],[-1.9073,50.9241],[-1.9101,50.9241],[-1.9101,50.9223],[-1.9101,50.9206],[-1.9101,50.9189],[-1.9101,50.9172],[-1.9128,50.9172],[-1.9155,50.9172],[-1.9155,50.9154],[-1.9183,50.9154],[-1.9183,50.9137],[-1.9155,50.9137],[-1.9128,50.9137],[-1.9101,50.9137],[-1.9101,50.912],[-1.9073,50.912],[-1.9046,50.912],[-1.9018,50.912],[-1.9018,50.9103],[-1.9046,50.9103],[-1.9046,50.9085],[-1.9046,50.9068],[-1.9046,50.9051],[-1.9073,50.9051],[-1.9073,50.9033],[-1.9073,50.9016],[-1.9101,50.8999],[-1.9101,50.8982],[-1.9101,50.8964],[-1.9128,50.8964],[-1.9128,50.8982],[-1.9155,50.8982],[-1.9183,50.8982],[-1.9183,50.8964],[-1.921,50.8964],[-1.921,50.8947],[-1.9238,50.8947],[-1.9238,50.893],[-1.9265,50.8912],[-1.9292,50.8895],[-1.9292,50.8878],[-1.932,50.8861],[-1.932,50.8843],[-1.932,50.8826],[-1.9347,50.8826],[-1.9375,50.8826],[-1.9375,50.8843],[-1.9402,50.8843],[-1.9429,50.8843],[-1.9457,50.8843],[-1.9484,50.8843],[-1.9511,50.8843],[-1.9539,50.8843],[-1.9539,50.8826],[-1.9539,50.8809],[-1.9539,50.8791],[-1.9566,50.8791],[-1.9566,50.8809],[-1.9594,50.8809],[-1.9621,50.8791],[-1.9621,50.8774],[-1.9621,50.8757],[-1.9648,50.8757],[-1.9676,50.8757],[-1.9676,50.874],[-1.9703,50.874],[-1.9703,50.8722],[-1.9731,50.8705],[-1.9731,50.8688],[-1.9758,50.8688],[-1.9758,50.867],[-1.9731,50.8653],[-1.9731,50.8636],[-1.9758,50.8636],[-1.9758,50.8619],[-1.9731,50.8619],[-1.9731,50.8601],[-1.9731,50.8584],[-1.9703,50.8584],[-1.9703,50.8567],[-1.9731,50.8567],[-1.9758,50.8567],[-1.9758,50.8549],[-1.9785,50.8549],[-1.9785,50.8532],[-1.9813,50.8515],[-1.9813,50.8497],[-1.9785,50.848],[-1.9758,50.8463],[-1.9758,50.8446],[-1.9731,50.8428],[-1.9731,50.8411],[-1.9731,50.8394],[-1.9731,50.8376],[-1.9731,50.8359],[-1.9758,50.8359],[-1.9758,50.8342],[-1.9785,50.8342],[-1.9785,50.8359],[-1.9813,50.8359],[-1.984,50.8359],[-1.984,50.8342],[-1.9868,50.8342],[-1.9868,50.8324],[-1.9895,50.8324],[-1.9922,50.8307],[-1.9922,50.829],[-1.9895,50.829],[-1.9895,50.8273],[-1.9922,50.8273],[-1.9922,50.8255],[-1.9922,50.8238],[-1.9922,50.8221],[-1.9922,50.8203],[-1.995,50.8203],[-1.9977,50.8203],[-1.9977,50.8186],[-2.0005,50.8186],[-2.0005,50.8169],[-2.0032,50.8169],[-2.0032,50.8151],[-2.0032,50.8134],[-2.0005,50.8134],[-2.0005,50.8117],[-1.9977,50.8117],[-1.995,50.8117],[-1.995,50.8099],[-1.995,50.8082],[-1.995,50.8065],[-1.9977,50.8065],[-2.0005,50.8065],[-2.0032,50.8065],[-2.0059,50.8065],[-2.0059,50.8082],[-2.0087,50.8082],[-2.0114,50.8082],[-2.0142,50.8082],[-2.0169,50.8082],[-2.0169,50.8065],[-2.0196,50.8065],[-2.0224,50.8065],[-2.0251,50.8065],[-2.0279,50.8065],[-2.0306,50.8065],[-2.0306,50.8048],[-2.0306,50.803],[-2.0306,50.8013],[-2.0279,50.8013],[-2.0279,50.7996],[-2.0279,50.7978],[-2.0306,50.7978],[-2.0333,50.7978],[-2.0361,50.7978],[-2.0361,50.7961],[-2.0388,50.7961],[-2.0416,50.7961],[-2.0416,50.7978],[-2.0443,50.7978],[-2.047,50.7978],[-2.047,50.7996],[-2.0498,50.7996],[-2.0525,50.7996],[-2.0525,50.8013],[-2.0553,50.8013],[-2.0553,50.803],[-2.058,50.803],[-2.058,50.8048],[-2.0607,50.8048],[-2.0607,50.8065],[-2.0635,50.8065],[-2.0662,50.8065],[-2.0662,50.8082],[-2.069,50.8082],[-2.0717,50.8082],[-2.0744,50.8082],[-2.0744,50.8099],[-2.0772,50.8099],[-2.0799,50.8099],[-2.0799,50.8117],[-2.0827,50.8117],[-2.0827,50.8134],[-2.0827,50.8151],[-2.0854,50.8151],[-2.0854,50.8169],[-2.0827,50.8169],[-2.0827,50.8186],[-2.0854,50.8186],[-2.0881,50.8186],[-2.0909,50.8186],[-2.0936,50.8186],[-2.0964,50.8186],[-2.0964,50.8203],[-2.0991,50.8203],[-2.1018,50.8221],[-2.1046,50.8221],[-2.1073,50.8221],[-2.1073,50.8238],[-2.1101,50.8238],[-2.1128,50.8238],[-2.1128,50.8255],[-2.1155,50.8255],[-2.1155,50.8273],[-2.1183,50.8273],[-2.1183,50.829],[-2.1183,50.8307],[-2.121,50.8307],[-2.121,50.8324],[-2.121,50.8342],[-2.1238,50.8342],[-2.1238,50.8359],[-2.1265,50.8359],[-2.1265,50.8376],[-2.1292,50.8376],[-2.1292,50.8394],[-2.132,50.8394],[-2.132,50.8411],[-2.1347,50.8411],[-2.1347,50.8428],[-2.1375,50.8428],[-2.1402,50.8428],[-2.1402,50.8446],[-2.1429,50.8446],[-2.1429,50.8463],[-2.1429,50.848],[-2.1429,50.8497],[-2.1457,50.8497],[-2.1484,50.8497],[-2.1484,50.8515],[-2.1512,50.8515],[-2.1512,50.8532],[-2.1539,50.8532],[-2.1539,50.8549],[-2.1539,50.8567],[-2.1566,50.8567],[-2.1566,50.8584],[-2.1539,50.8584],[-2.1512,50.8584],[-2.1512,50.8601],[-2.1484,50.8601],[-2.1484,50.8619],[-2.1457,50.8619],[-2.1457,50.8636],[-2.1429,50.8636],[-2.1402,50.8636],[-2.1402,50.8653],[-2.1402,50.867],[-2.1375,50.867],[-2.1375,50.8688],[-2.1375,50.8705],[-2.1375,50.8722],[-2.1402,50.8722],[-2.1402,50.874],[-2.1429,50.874],[-2.1429,50.8722],[-2.1457,50.8722],[-2.1484,50.8722],[-2.1484,50.8705],[-2.1512,50.8705],[-2.1512,50.8688],[-2.1512,50.867],[-2.1539,50.867],[-2.1566,50.867],[-2.1566,50.8688],[-2.1566,50.8705],[-2.1594,50.8705],[-2.1594,50.8722],[-2.1621,50.8705],[-2.1621,50.8688],[-2.1649,50.8688],[-2.1649,50.867],[-2.1676,50.867],[-2.1676,50.8653],[-2.1703,50.8653],[-2.1703,50.867],[-2.1703,50.8688],[-2.1703,50.8705],[-2.1731,50.8705],[-2.1731,50.8722],[-2.1758,50.8722],[-2.1786,50.8722],[-2.1813,50.8722],[-2.1813,50.874],[-2.184,50.874],[-2.1868,50.874],[-2.1895,50.874],[-2.1923,50.874],[-2.1923,50.8757],[-2.195,50.8757],[-2.195,50.8774],[-2.195,50.8791],[-2.195,50.8809],[-2.1977,50.8809],[-2.1977,50.8826],[-2.1977,50.8843],[-2.1977,50.8861],[-2.1977,50.8878],[-2.1977,50.8895],[-2.195,50.8895],[-2.195,50.8912],[-2.195,50.893],[-2.1923,50.893],[-2.1923,50.8947],[-2.1923,50.8964],[-2.1923,50.8982],[-2.195,50.8982],[-2.1977,50.8982],[-2.2005,50.8982],[-2.2005,50.8999],[-2.2005,50.9016],[-2.1977,50.9016],[-2.1977,50.9033],[-2.195,50.9033],[-2.1923,50.9033],[-2.1923,50.9051],[-2.1923,50.9068],[-2.195,50.9068],[-2.195,50.9085],[-2.195,50.9103],[-2.195,50.912],[-2.195,50.9137],[-2.195,50.9154],[-2.195,50.9172],[-2.195,50.9189],[-2.195,50.9206],[-2.195,50.9223],[-2.1923,50.9223],[-2.1923,50.9241],[-2.1923,50.9258],[-2.1923,50.9275],[-2.1923,50.9293],[-2.195,50.9293],[-2.195,50.931],[-2.1923,50.931],[-2.1923,50.9327],[-2.1923,50.9344],[-2.1923,50.9362],[-2.195,50.9362],[-2.195,50.9379],[-2.1923,50.9379],[-2.1923,50.9396],[-2.1923,50.9413],[-2.195,50.9413],[-2.195,50.9431],[-2.195,50.9448],[-2.195,50.9465],[-2.1923,50.9465],[-2.1923,50.9482],[-2.1895,50.9482],[-2.1868,50.9482],[-2.1868,50.95],[-2.184,50.95],[-2.184,50.9517],[-2.1868,50.9517],[-2.1868,50.9534],[-2.1895,50.9534],[-2.1895,50.9551],[-2.1923,50.9551],[-2.1923,50.9569],[-2.1923,50.9586],[-2.1895,50.9586],[-2.1895,50.9603],[-2.1895,50.9621],[-2.1895,50.9638],[-2.1895,50.9655],[-2.1868,50.9655],[-2.1868,50.9672],[-2.1868,50.969],[-2.1868,50.9707],[-2.1868,50.9724],[-2.1868,50.9741],[-2.1868,50.9759],[-2.1895,50.9759],[-2.1895,50.9776],[-2.1895,50.9793],[-2.1868,50.9793],[-2.1868,50.981],[-2.184,50.981],[-2.184,50.9828],[-2.1813,50.9828],[-2.1813,50.9845],[-2.1786,50.9845],[-2.1758,50.9845],[-2.1731,50.9845],[-2.1731,50.9862],[-2.1703,50.9862],[-2.1703,50.9879],[-2.1703,50.9897],[-2.1703,50.9914],[-2.1731,50.9914],[-2.1731,50.9931],[-2.1703,50.9931],[-2.1703,50.9948],[-2.1676,50.9948],[-2.1649,50.9948],[-2.1649,50.9966],[-2.1649,50.9983],[-2.1676,50.9983],[-2.1676,51],[-2.1703,51],[-2.1703,51.0017],[-2.1703,51.0034],[-2.1731,51.0052],[-2.1731,51.0069],[-2.1731,51.0086],[-2.1703,51.0086],[-2.1676,51.0086],[-2.1649,51.0086],[-2.1621,51.0086],[-2.1621,51.0103],[-2.1621,51.0121],[-2.1621,51.0138],[-2.1649,51.0138],[-2.1676,51.0138],[-2.1703,51.0138],[-2.1731,51.0138],[-2.1758,51.0138],[-2.1786,51.0138],[-2.1786,51.0155],[-2.1786,51.0172],[-2.1786,51.019],[-2.1786,51.0207],[-2.1758,51.0207],[-2.1786,51.0224],[-2.1813,51.0224],[-2.184,51.0224],[-2.1868,51.0224],[-2.1868,51.0207],[-2.1895,51.0207],[-2.1895,51.019],[-2.1895,51.0172],[-2.1895,51.0155],[-2.1895,51.0138],[-2.1923,51.0138],[-2.1923,51.0121],[-2.195,51.0121],[-2.195,51.0138],[-2.1977,51.0138],[-2.1977,51.0155],[-2.1977,51.0172],[-2.1977,51.019],[-2.195,51.019],[-2.195,51.0207],[-2.195,51.0224],[-2.1923,51.0224],[-2.1923,51.0241],[-2.1923,51.0259],[-2.1923,51.0276],[-2.195,51.0276],[-2.195,51.0293],[-2.1977,51.0293],[-2.1977,51.031],[-2.195,51.031],[-2.1923,51.031],[-2.1895,51.031],[-2.1895,51.0328],[-2.1868,51.0328],[-2.1868,51.0345],[-2.1868,51.0362],[-2.184,51.0362],[-2.184,51.0379],[-2.184,51.0396],[-2.1868,51.0396],[-2.1868,51.0414],[-2.184,51.0414],[-2.184,51.0431],[-2.184,51.0448],[-2.184,51.0465],[-2.184,51.0483],[-2.184,51.05],[-2.184,51.0517],[-2.184,51.0534],[-2.1813,51.0534],[-2.1813,51.0551],[-2.1786,51.0551],[-2.1786,51.0569],[-2.1758,51.0569],[-2.1758,51.0586],[-2.1758,51.0603],[-2.1758,51.062],[-2.1758,51.0638],[-2.1758,51.0655],[-2.1786,51.0655],[-2.1813,51.0655],[-2.184,51.0655],[-2.1868,51.0655],[-2.1895,51.0655],[-2.1895,51.0672],[-2.1895,51.0689],[-2.1895,51.0706],[-2.1923,51.0706],[-2.1923,51.0724],[-2.195,51.0724],[-2.195,51.0741],[-2.1977,51.0741],[-2.2005,51.0741],[-2.2032,51.0741],[-2.206,51.0741],[-2.2087,51.0741],[-2.2114,51.0741],[-2.2114,51.0758],[-2.2142,51.0758],[-2.2169,51.0758],[-2.2169,51.0775],[-2.2169,51.0792],[-2.2169,51.081],[-2.2169,51.0827],[-2.2142,51.0827],[-2.2142,51.0844],[-2.2169,51.0844],[-2.2169,51.0861],[-2.2197,51.0861],[-2.2224,51.0861],[-2.2251,51.0861],[-2.2251,51.0879],[-2.2279,51.0879],[-2.2279,51.0896],[-2.2279,51.0913],[-2.2279,51.093],[-2.2279,51.0947],[-2.2279,51.0965],[-2.2306,51.0965],[-2.2306,51.0947],[-2.2334,51.0947],[-2.2334,51.093],[-2.2361,51.093],[-2.2388,51.093],[-2.2388,51.0947],[-2.2416,51.0947],[-2.2443,51.0947],[-2.2471,51.0947],[-2.2498,51.0947],[-2.2525,51.0947],[-2.2553,51.0947],[-2.258,51.0947],[-2.2608,51.0947],[-2.2635,51.0947],[-2.2662,51.0947],[-2.269,51.0947],[-2.2717,51.0947],[-2.2745,51.0947],[-2.2772,51.0947],[-2.2799,51.0947],[-2.2799,51.093],[-2.2827,51.093],[-2.2854,51.093],[-2.2882,51.093],[-2.2882,51.0913],[-2.2909,51.0913],[-2.2936,51.0913],[-2.2964,51.0896],[-2.2991,51.0896],[-2.3019,51.0896],[-2.3019,51.0879],[-2.3046,51.0879],[-2.3073,51.0879],[-2.3101,51.0879],[-2.3101,51.0861],[-2.3128,51.0861],[-2.3128,51.0844],[-2.3156,51.0844],[-2.3156,51.0827],[-2.3183,51.0827],[-2.3183,51.081],[-2.321,51.081],[-2.3238,51.081],[-2.3265,51.081],[-2.3293,51.081],[-2.332,51.081],[-2.3347,51.081],[-2.3347,51.0792],[-2.3375,51.0792],[-2.3375,51.0775],[-2.3402,51.0775],[-2.3402,51.0758],[-2.3429,51.0758],[-2.3429,51.0741],[-2.3457,51.0741],[-2.3457,51.0724],[-2.3484,51.0724],[-2.3484,51.0706],[-2.3512,51.0706],[-2.3539,51.0706],[-2.3566,51.0706],[-2.3594,51.0706],[-2.3594,51.0724],[-2.3594,51.0741],[-2.3621,51.0741],[-2.3649,51.0741],[-2.3676,51.0741],[-2.3676,51.0758],[-2.3649,51.0758],[-2.3649,51.0775],[-2.3621,51.0775],[-2.3621,51.0792],[-2.3621,51.081],[-2.3649,51.081],[-2.3649,51.0827],[-2.3676,51.0827],[-2.3676,51.081],[-2.3703,51.081],[-2.3703,51.0827],[-2.3703,51.0844],[-2.3676,51.0844],[-2.3676,51.0861],[-2.3676,51.0879],[-2.3703,51.0879],[-2.3703,51.0896],[-2.3703,51.0913],[-2.3703,51.093],[-2.3676,51.093],[-2.3676,51.0947],[-2.3703,51.0947],[-2.3731,51.0947],[-2.3758,51.0965],[-2.3786,51.0965],[-2.3786,51.0982],[-2.3813,51.0982],[-2.3813,51.0999],[-2.3813,51.1016],[-2.3813,51.1033],[-2.3786,51.1051],[-2.3786,51.1068],[-2.3786,51.1085],[-2.3786,51.1102],[-2.3813,51.1102],[-2.3813,51.1119],[-2.3813,51.1137],[-2.3786,51.1137],[-2.3758,51.1137],[-2.3731,51.1137],[-2.3703,51.1137],[-2.3703,51.1154],[-2.3703,51.1171],[-2.3703,51.1188],[-2.3731,51.1188],[-2.3731,51.1205],[-2.3703,51.1205],[-2.3703,51.1223],[-2.3703,51.124],[-2.3676,51.124],[-2.3649,51.1257],[-2.3649,51.124],[-2.3621,51.124],[-2.3621,51.1257],[-2.3594,51.1257],[-2.3566,51.1274],[-2.3539,51.1274],[-2.3512,51.1274],[-2.3512,51.1291],[-2.3512,51.1309],[-2.3512,51.1326],[-2.3539,51.1326],[-2.3566,51.1343],[-2.3594,51.1343],[-2.3594,51.136],[-2.3621,51.136],[-2.3621,51.1377],[-2.3649,51.1377],[-2.3649,51.1395],[-2.3676,51.1395],[-2.3676,51.1412],[-2.3703,51.1412],[-2.3703,51.1429],[-2.3731,51.1429],[-2.3758,51.1429],[-2.3758,51.1446],[-2.3731,51.1446],[-2.3731,51.1463],[-2.3731,51.1481],[-2.3731,51.1498],[-2.3703,51.1498],[-2.3676,51.1498],[-2.3676,51.1515],[-2.3703,51.1532],[-2.3703,51.1549],[-2.3676,51.1549],[-2.3676,51.1532],[-2.3649,51.1532],[-2.3649,51.1549],[-2.3621,51.1549],[-2.3621,51.1566],[-2.3594,51.1566],[-2.3594,51.1584],[-2.3566,51.1584],[-2.3566,51.1601],[-2.3539,51.1601],[-2.3539,51.1618],[-2.3512,51.1618],[-2.3512,51.1601],[-2.3512,51.1584],[-2.3484,51.1601],[-2.3457,51.1601],[-2.3429,51.1601],[-2.3402,51.1601],[-2.3402,51.1618],[-2.3375,51.1618],[-2.3347,51.1618],[-2.3347,51.1635],[-2.3347,51.1652],[-2.332,51.1652],[-2.332,51.167],[-2.3293,51.167],[-2.3265,51.167],[-2.3265,51.1652],[-2.3238,51.1652],[-2.321,51.1652],[-2.321,51.167],[-2.3183,51.167],[-2.3156,51.167],[-2.3156,51.1687],[-2.3128,51.1687],[-2.3128,51.1704],[-2.3128,51.1721],[-2.3156,51.1721],[-2.3156,51.1738],[-2.3156,51.1755],[-2.3156,51.1773],[-2.3156,51.179],[-2.3156,51.1807],[-2.3183,51.1807],[-2.3183,51.1824],[-2.3156,51.1841],[-2.3156,51.1858],[-2.3128,51.1858],[-2.3128,51.1876],[-2.3101,51.1876],[-2.3101,51.1893],[-2.3101,51.191],[-2.3073,51.191],[-2.3073,51.1927],[-2.3073,51.1944],[-2.3046,51.1944],[-2.3046,51.1961],[-2.3046,51.1979],[-2.3019,51.1979],[-2.3019,51.1961],[-2.2991,51.1961],[-2.2964,51.1979],[-2.2936,51.1979],[-2.2909,51.1979],[-2.2909,51.1996],[-2.2882,51.1996],[-2.2882,51.2013],[-2.2854,51.2013],[-2.2854,51.203],[-2.2827,51.203],[-2.2827,51.2047],[-2.2799,51.2047],[-2.2772,51.2047],[-2.2772,51.2065],[-2.2745,51.2065],[-2.2745,51.2082],[-2.2717,51.2082],[-2.2717,51.2099],[-2.2717,51.2116],[-2.269,51.2116],[-2.269,51.2099],[-2.2662,51.2099],[-2.2635,51.2099],[-2.2635,51.2082],[-2.2608,51.2082],[-2.258,51.2082],[-2.258,51.2065],[-2.2553,51.2065],[-2.2525,51.2065],[-2.2498,51.2065],[-2.2498,51.2082],[-2.2471,51.2082],[-2.2471,51.2099],[-2.2443,51.2099],[-2.2443,51.2116],[-2.2416,51.2116],[-2.2388,51.2116],[-2.2361,51.2116],[-2.2361,51.2099],[-2.2334,51.2099]]]},"properties":{"NAME":"Cranborne Chase & West Wiltshire Downs","CODE":"8","DESIG_DATE":"Oct-83"}},{"type":"Feature","geometry":{"type":"Polygon","coordinates":[[[-2.2936,52.0635],[-2.2936,52.0618],[-2.2964,52.0618],[-2.2964,52.0601],[-2.2964,52.0584],[-2.2991,52.0584],[-2.2991,52.0568],[-2.3019,52.0568],[-2.3019,52.0551],[-2.3046,52.0551],[-2.3046,52.0534],[-2.3019,52.0534],[-2.2991,52.0534],[-2.2964,52.0534],[-2.2964,52.0517],[-2.2991,52.0517],[-2.3019,52.0517],[-2.3019,52.05],[-2.3046,52.05],[-2.3073,52.05],[-2.3101,52.05],[-2.3101,52.0483],[-2.3128,52.0483],[-2.3128,52.0466],[-2.3128,52.045],[-2.3128,52.0433],[-2.3128,52.0416],[-2.3128,52.0399],[-2.3128,52.0382],[-2.3128,52.0365],[-2.3128,52.0348],[-2.3156,52.0348],[-2.3156,52.0332],[-2.3183,52.0332],[-2.321,52.0332],[-2.321,52.0315],[-2.321,52.0298],[-2.321,52.0281],[-2.3238,52.0281],[-2.3238,52.0264],[-2.3238,52.0247],[-2.3238,52.023],[-2.3238,52.0214],[-2.3238,52.0197],[-2.3265,52.0197],[-2.3265,52.018],[-2.3265,52.0163],[-2.3265,52.0146],[-2.3293,52.0146],[-2.3293,52.0129],[-2.3293,52.0112],[-2.332,52.0112],[-2.332,52.0096],[-2.332,52.0079],[-2.3347,52.0079],[-2.3347,52.0062],[-2.3375,52.0062],[-2.3375,52.0045],[-2.3375,52.0028],[-2.3402,52.0028],[-2.3402,52.0011],[-2.3429,52.0011],[-2.3429,51.9994],[-2.3457,51.9994],[-2.3457,51.9978],[-2.3457,51.9961],[-2.3594,51.9978],[-2.3621,51.9978],[-2.3649,51.9978],[-2.3676,51.9978],[-2.3703,51.9978],[-2.3731,51.9978],[-2.3758,51.9978],[-2.3786,51.9978],[-2.3813,51.9978],[-2.3813,51.9994],[-2.384,51.9994],[-2.384,52.0011],[-2.3868,52.0011],[-2.3868,52.0028],[-2.3895,52.0028],[-2.3895,52.0045],[-2.3923,52.0045],[-2.395,52.0045],[-2.3977,52.0045],[-2.4005,52.0045],[-2.4032,52.0045],[-2.406,52.0045],[-2.406,52.0062],[-2.4087,52.0062],[-2.4087,52.0079],[-2.4114,52.0079],[-2.4114,52.0096],[-2.4114,52.0112],[-2.4114,52.0129],[-2.4114,52.0146],[-2.4114,52.0163],[-2.4114,52.018],[-2.4114,52.0197],[-2.4114,52.0214],[-2.4114,52.023],[-2.4114,52.0247],[-2.4142,52.0247],[-2.4142,52.0264],[-2.4169,52.0281],[-2.4169,52.0298],[-2.4197,52.0298],[-2.4197,52.0315],[-2.4197,52.0332],[-2.4224,52.0332],[-2.4224,52.0348],[-2.4224,52.0365],[-2.4197,52.0365],[-2.4169,52.0365],[-2.4169,52.0382],[-2.4169,52.0399],[-2.4169,52.0416],[-2.4169,52.0433],[-2.4142,52.0433],[-2.4142,52.045],[-2.4169,52.045],[-2.4197,52.045],[-2.4197,52.0433],[-2.4224,52.0433],[-2.4224,52.045],[-2.4251,52.045],[-2.4279,52.045],[-2.4279,52.0466],[-2.4279,52.0483],[-2.4279,52.05],[-2.4251,52.05],[-2.4251,52.0517],[-2.4251,52.0534],[-2.4251,52.0551],[-2.4251,52.0568],[-2.4251,52.0584],[-2.4251,52.0601],[-2.4251,52.0618],[-2.4251,52.0635],[-2.4251,52.0652],[-2.4224,52.0652],[-2.4224,52.0635],[-2.4197,52.0635],[-2.4197,52.0652],[-2.4169,52.0652],[-2.4142,52.0652],[-2.4142,52.0669],[-2.4142,52.0685],[-2.4114,52.0702],[-2.4114,52.0719],[-2.4114,52.0736],[-2.4114,52.0753],[-2.4142,52.077],[-2.4142,52.0787],[-2.4114,52.0787],[-2.4114,52.0803],[-2.4087,52.0803],[-2.4087,52.082],[-2.406,52.082],[-2.406,52.0837],[-2.4032,52.0837],[-2.4032,52.0854],[-2.4032,52.0871],[-2.4032,52.0888],[-2.4032,52.0904],[-2.4032,52.0921],[-2.4032,52.0938],[-2.4005,52.0938],[-2.4005,52.0955],[-2.4005,52.0972],[-2.4005,52.0989],[-2.4005,52.1005],[-2.4005,52.1022],[-2.3977,52.1022],[-2.3977,52.1039],[-2.3977,52.1056],[-2.3977,52.1073],[-2.3977,52.1089],[-2.3977,52.1106],[-2.395,52.1106],[-2.395,52.1123],[-2.395,52.114],[-2.3923,52.114],[-2.3923,52.1157],[-2.3923,52.1174],[-2.395,52.1174],[-2.395,52.119],[-2.3923,52.119],[-2.3923,52.1207],[-2.3895,52.1207],[-2.3868,52.1207],[-2.3868,52.1224],[-2.3868,52.1241],[-2.384,52.1241],[-2.384,52.1258],[-2.384,52.1275],[-2.3813,52.1275],[-2.3813,52.1291],[-2.3813,52.1308],[-2.384,52.1308],[-2.384,52.1325],[-2.3868,52.1325],[-2.3868,52.1342],[-2.3868,52.1359],[-2.3868,52.1375],[-2.3895,52.1375],[-2.3895,52.1392],[-2.3923,52.1392],[-2.395,52.1392],[-2.395,52.1409],[-2.395,52.1426],[-2.3977,52.1426],[-2.4005,52.1426],[-2.4005,52.1443],[-2.4005,52.146],[-2.4032,52.146],[-2.4032,52.1476],[-2.4032,52.1493],[-2.4005,52.1493],[-2.4005,52.151],[-2.3977,52.151],[-2.3977,52.1527],[-2.4005,52.1527],[-2.4005,52.1544],[-2.4005,52.156],[-2.4032,52.156],[-2.406,52.156],[-2.406,52.1577],[-2.406,52.1594],[-2.406,52.1611],[-2.406,52.1628],[-2.4087,52.1628],[-2.4087,52.1644],[-2.406,52.1644],[-2.406,52.1661],[-2.406,52.1678],[-2.406,52.1695],[-2.4087,52.1695],[-2.4087,52.1712],[-2.4087,52.1728],[-2.406,52.1728],[-2.406,52.1745],[-2.4032,52.1745],[-2.4005,52.1745],[-2.4005,52.1762],[-2.4005,52.1779],[-2.4005,52.1796],[-2.4005,52.1812],[-2.4005,52.1829],[-2.4005,52.1846],[-2.4032,52.1846],[-2.4032,52.1863],[-2.4005,52.1863],[-2.3977,52.1863],[-2.3977,52.188],[-2.395,52.188],[-2.395,52.1896],[-2.3923,52.1896],[-2.3923,52.1913],[-2.3923,52.193],[-2.3895,52.193],[-2.3895,52.1947],[-2.3868,52.1947],[-2.384,52.1947],[-2.384,52.193],[-2.384,52.1913],[-2.384,52.1896],[-2.384,52.188],[-2.3813,52.188],[-2.3813,52.1863],[-2.3813,52.1846],[-2.3813,52.1829],[-2.3786,52.1829],[-2.3786,52.1812],[-2.3758,52.1812],[-2.3758,52.1796],[-2.3758,52.1779],[-2.3731,52.1762],[-2.3731,52.1745],[-2.3758,52.1745],[-2.3786,52.1745],[-2.3813,52.1745],[-2.3813,52.1728],[-2.3813,52.1712],[-2.3813,52.1695],[-2.3786,52.1695],[-2.3758,52.1695],[-2.3758,52.1678],[-2.3731,52.1678],[-2.3731,52.1661],[-2.3703,52.1661],[-2.3703,52.1678],[-2.3676,52.1678],[-2.3649,52.1678],[-2.3649,52.1661],[-2.3621,52.1661],[-2.3594,52.1661],[-2.3594,52.1644],[-2.3566,52.1644],[-2.3566,52.1628],[-2.3566,52.1611],[-2.3539,52.1594],[-2.3539,52.1577],[-2.3539,52.156],[-2.3566,52.156],[-2.3566,52.1544],[-2.3566,52.1527],[-2.3594,52.1527],[-2.3594,52.151],[-2.3566,52.151],[-2.3566,52.1493],[-2.3566,52.1476],[-2.3539,52.1476],[-2.3539,52.146],[-2.3512,52.146],[-2.3512,52.1443],[-2.3512,52.1426],[-2.3512,52.1409],[-2.3484,52.1409],[-2.3484,52.1392],[-2.3484,52.1375],[-2.3484,52.1359],[-2.3457,52.1359],[-2.3457,52.1342],[-2.3457,52.1325],[-2.3457,52.1308],[-2.3457,52.1291],[-2.3457,52.1275],[-2.3429,52.1275],[-2.3429,52.1258],[-2.3402,52.1258],[-2.3402,52.1241],[-2.3402,52.1224],[-2.3375,52.1224],[-2.3375,52.1207],[-2.3347,52.1207],[-2.332,52.1207],[-2.332,52.119],[-2.3293,52.119],[-2.3293,52.1174],[-2.3293,52.1157],[-2.3293,52.114],[-2.332,52.114],[-2.332,52.1123],[-2.332,52.1106],[-2.332,52.1089],[-2.332,52.1073],[-2.3293,52.1073],[-2.3293,52.1056],[-2.3293,52.1039],[-2.3293,52.1022],[-2.3293,52.1005],[-2.3293,52.0989],[-2.3265,52.0989],[-2.3238,52.0989],[-2.3238,52.1005],[-2.3238,52.1022],[-2.321,52.1022],[-2.321,52.1005],[-2.321,52.0989],[-2.321,52.0972],[-2.3238,52.0972],[-2.3238,52.0955],[-2.321,52.0955],[-2.3183,52.0955],[-2.3183,52.0972],[-2.3156,52.0972],[-2.3128,52.0972],[-2.3128,52.0989],[-2.3101,52.0989],[-2.3101,52.0972],[-2.3101,52.0955],[-2.3128,52.0955],[-2.3128,52.0938],[-2.3128,52.0921],[-2.3101,52.0921],[-2.3101,52.0904],[-2.3101,52.0888],[-2.3101,52.0871],[-2.3101,52.0854],[-2.3101,52.0837],[-2.3073,52.082],[-2.3073,52.0803],[-2.3073,52.0787],[-2.3046,52.077],[-2.3046,52.0753],[-2.3019,52.0753],[-2.3019,52.0736],[-2.3019,52.0719],[-2.2991,52.0719],[-2.2991,52.0702],[-2.2991,52.0685],[-2.2964,52.0685],[-2.2936,52.0685],[-2.2936,52.0669],[-2.2909,52.0669],[-2.2909,52.0652],[-2.2936,52.0652],[-2.2936,52.0635]]]},"properties":{"NAME":"Malvern Hills","CODE":"20","DESIG_DATE":"Oct-59"}},{"type":"Feature","geometry":{"type":"MultiPolygon","coordinates":[[[[1.4353,52.8482],[1.4298,52.8531],[1.4271,52.8531],[1.4271,52.8548],[1.4244,52.8548],[1.4216,52.8548],[1.4189,52.8548],[1.4189,52.8564],[1.4161,52.8564],[1.4134,52.8564],[1.4134,52.8581],[1.4107,52.8581],[1.4107,52.8598],[1.4079,52.8598],[1.4052,52.8598],[1.4024,52.8598],[1.4024,52.8614],[1.4024,52.8631],[1.4024,52.8647],[1.4024,52.8664],[1.3997,52.8664],[1.3997,52.8647],[1.397,52.8647],[1.3942,52.8647],[1.3942,52.8631],[1.3915,52.8631],[1.3887,52.8631],[1.386,52.8631],[1.386,52.8647],[1.3833,52.8647],[1.3805,52.8647],[1.3805,52.8664],[1.3778,52.8664],[1.375,52.8664],[1.3723,52.8664],[1.3696,52.8664],[1.3696,52.868],[1.3668,52.868],[1.3641,52.868],[1.3613,52.868],[1.3586,52.868],[1.3586,52.8697],[1.3613,52.8697],[1.3613,52.8713],[1.3586,52.8713],[1.3586,52.873],[1.3559,52.873],[1.3531,52.873],[1.3531,52.8713],[1.3504,52.8713],[1.3476,52.873],[1.3449,52.873],[1.3449,52.8746],[1.3449,52.8763],[1.3422,52.8763],[1.3422,52.878],[1.3422,52.8796],[1.3394,52.8796],[1.3367,52.8796],[1.3339,52.8796],[1.3312,52.8796],[1.3312,52.878],[1.3285,52.878],[1.3257,52.878],[1.323,52.878],[1.3202,52.878],[1.3202,52.8796],[1.3175,52.8796],[1.3148,52.8796],[1.3148,52.8813],[1.312,52.8813],[1.3093,52.8813],[1.3093,52.8829],[1.3065,52.8829],[1.3038,52.8829],[1.3011,52.8829],[1.2983,52.8829],[1.2983,52.8846],[1.2956,52.8846],[1.2956,52.8862],[1.2928,52.8862],[1.2928,52.8879],[1.2928,52.8895],[1.2901,52.8895],[1.2901,52.8912],[1.2874,52.8912],[1.2846,52.8912],[1.2846,52.8928],[1.2819,52.8928],[1.2791,52.8928],[1.2791,52.8912],[1.2764,52.8912],[1.2737,52.8912],[1.2709,52.8912],[1.2709,52.8895],[1.2682,52.8895],[1.2654,52.8895],[1.2627,52.8879],[1.2627,52.8895],[1.26,52.8895],[1.26,52.8912],[1.2572,52.8912],[1.2572,52.8928],[1.2545,52.8928],[1.2545,52.8945],[1.2545,52.8961],[1.2517,52.8961],[1.2517,52.8978],[1.2517,52.8994],[1.249,52.8994],[1.249,52.9011],[1.2463,52.9011],[1.2435,52.9011],[1.2435,52.9027],[1.2408,52.9027],[1.238,52.9027],[1.2353,52.9027],[1.2353,52.9044],[1.2326,52.9044],[1.2326,52.9061],[1.2298,52.9061],[1.2298,52.9077],[1.2271,52.9077],[1.2271,52.9094],[1.2243,52.9094],[1.2216,52.9094],[1.2216,52.911],[1.2189,52.911],[1.2161,52.911],[1.2161,52.9127],[1.2134,52.9127],[1.2106,52.9127],[1.2106,52.9143],[1.2106,52.916],[1.2079,52.916],[1.2079,52.9176],[1.2079,52.9193],[1.2079,52.9209],[1.2079,52.9226],[1.2052,52.9226],[1.2024,52.9226],[1.2024,52.9242],[1.1997,52.9242],[1.1969,52.9242],[1.1942,52.9242],[1.1915,52.9242],[1.1887,52.9242],[1.186,52.9242],[1.1832,52.9242],[1.1805,52.9242],[1.1805,52.9226],[1.1778,52.9226],[1.1778,52.9209],[1.175,52.9209],[1.1723,52.9209],[1.1723,52.9193],[1.1695,52.9193],[1.1668,52.9193],[1.1668,52.9176],[1.1641,52.9176],[1.1613,52.9176],[1.1613,52.916],[1.1586,52.916],[1.1558,52.916],[1.1531,52.916],[1.1504,52.916],[1.1476,52.916],[1.1449,52.916],[1.1421,52.916],[1.1394,52.916],[1.1367,52.916],[1.1339,52.916],[1.1312,52.916],[1.1312,52.9143],[1.1284,52.9143],[1.1257,52.9143],[1.123,52.9143],[1.1202,52.9143],[1.1202,52.9127],[1.1175,52.9127],[1.1147,52.9127],[1.112,52.9127],[1.112,52.911],[1.1093,52.911],[1.1065,52.9127],[1.1038,52.9127],[1.101,52.9127],[1.0983,52.911],[1.0956,52.911],[1.0928,52.9094],[1.0901,52.9094],[1.0873,52.9094],[1.0873,52.911],[1.0846,52.911],[1.0846,52.9094],[1.0846,52.9077],[1.0846,52.9061],[1.0819,52.9061],[1.0791,52.9061],[1.0764,52.9061],[1.0736,52.9061],[1.0709,52.9061],[1.0682,52.9061],[1.0682,52.9077],[1.0654,52.9061],[1.0654,52.9044],[1.0627,52.9044],[1.0627,52.9027],[1.0599,52.9027],[1.0599,52.9044],[1.0572,52.9044],[1.0545,52.9044],[1.0517,52.9044],[1.0517,52.9061],[1.049,52.9061],[1.049,52.9077],[1.0462,52.9077],[1.0435,52.9077],[1.0435,52.9094],[1.0408,52.9094],[1.038,52.911],[1.038,52.9127],[1.0353,52.9127],[1.0353,52.9143],[1.0326,52.9143],[1.0298,52.9143],[1.0298,52.916],[1.0298,52.9176],[1.0271,52.9176],[1.0271,52.9193],[1.0271,52.9209],[1.0243,52.9209],[1.0216,52.9226],[1.0189,52.9226],[1.0189,52.9242],[1.0161,52.9242],[1.0134,52.9242],[1.0134,52.9259],[1.0106,52.9259],[1.0106,52.9275],[1.0079,52.9275],[1.0052,52.9275],[1.0024,52.9275],[1.0024,52.9292],[0.9997,52.9292],[0.9969,52.9292],[0.9942,52.9292],[0.9942,52.9308],[0.9915,52.9308],[0.9887,52.9308],[0.986,52.9308],[0.9832,52.9308],[0.9832,52.9325],[0.9805,52.9325],[0.9778,52.9325],[0.975,52.9325],[0.975,52.9308],[0.9723,52.9308],[0.9695,52.9308],[0.9695,52.9292],[0.9668,52.9292],[0.9668,52.9275],[0.9641,52.9275],[0.9641,52.9259],[0.9613,52.9259],[0.9613,52.9242],[0.9586,52.9242],[0.9586,52.9226],[0.9558,52.9226],[0.9558,52.9209],[0.9531,52.9209],[0.9531,52.9193],[0.9504,52.9193],[0.9476,52.9193],[0.9449,52.9193],[0.9449,52.9209],[0.9421,52.9209],[0.9421,52.9226],[0.9394,52.9226],[0.9367,52.9226],[0.9339,52.9226],[0.9312,52.9226],[0.9284,52.9226],[0.9284,52.9209],[0.9257,52.9209],[0.9257,52.9193],[0.923,52.9193],[0.9202,52.9193],[0.9175,52.9193],[0.9147,52.9193],[0.912,52.9193],[0.9093,52.9193],[0.9065,52.9193],[0.9038,52.9193],[0.901,52.9193],[0.901,52.9176],[0.8983,52.9176],[0.8956,52.9176],[0.8928,52.9176],[0.8901,52.9176],[0.8873,52.9176],[0.8873,52.9193],[0.8846,52.9193],[0.8819,52.9193],[0.8819,52.9209],[0.8819,52.9226],[0.8791,52.9226],[0.8764,52.9226],[0.8736,52.9226],[0.8709,52.9226],[0.8682,52.9226],[0.8682,52.9209],[0.8654,52.9209],[0.8627,52.9209],[0.8599,52.9209],[0.8572,52.9209],[0.8545,52.9209],[0.8517,52.9209],[0.849,52.9193],[0.8462,52.9193],[0.8435,52.9193],[0.8408,52.9193],[0.838,52.9193],[0.8353,52.9193],[0.8325,52.9193],[0.8298,52.9193],[0.8271,52.9193],[0.8243,52.9193],[0.8216,52.9193],[0.8188,52.9193],[0.8161,52.9193],[0.8134,52.9176],[0.8134,52.9193],[0.8106,52.9193],[0.8106,52.9209],[0.8079,52.9209],[0.8051,52.9209],[0.8051,52.9226],[0.8024,52.9226],[0.7997,52.9226],[0.7969,52.9226],[0.7942,52.9226],[0.7914,52.9226],[0.7914,52.9242],[0.7887,52.9242],[0.786,52.9242],[0.7832,52.9242],[0.7832,52.9259],[0.7805,52.9275],[0.7777,52.9275],[0.775,52.9292],[0.7723,52.9308],[0.7695,52.9325],[0.7668,52.9325],[0.764,52.9325],[0.764,52.9308],[0.7613,52.9308],[0.7613,52.9292],[0.7586,52.9292],[0.7558,52.9275],[0.7531,52.9275],[0.7531,52.9259],[0.7503,52.9259],[0.7476,52.9259],[0.7476,52.9242],[0.7449,52.9242],[0.7421,52.9242],[0.7421,52.9226],[0.7394,52.9226],[0.7366,52.9226],[0.7366,52.9242],[0.7339,52.9242],[0.7312,52.9242],[0.7284,52.9242],[0.7257,52.9242],[0.7257,52.9259],[0.7229,52.9259],[0.7229,52.9275],[0.7229,52.9292],[0.7229,52.9308],[0.7202,52.9308],[0.7175,52.9308],[0.7147,52.9308],[0.712,52.9308],[0.7092,52.9308],[0.7038,52.9308],[0.701,52.9308],[0.701,52.9325],[0.701,52.9341],[0.6983,52.9341],[0.6983,52.9325],[0.6955,52.9325],[0.6955,52.9341],[0.6928,52.9358],[0.6928,52.9374],[0.6928,52.9391],[0.6901,52.9391],[0.6873,52.9391],[0.6846,52.9391],[0.6818,52.9391],[0.6791,52.9391],[0.6764,52.9391],[0.6764,52.9374],[0.6736,52.9374],[0.6709,52.9374],[0.6681,52.9374],[0.6654,52.9374],[0.6627,52.9374],[0.6599,52.9374],[0.6599,52.9358],[0.6572,52.9358],[0.6544,52.9358],[0.6517,52.9358],[0.649,52.9358],[0.6462,52.9358],[0.6435,52.9358],[0.6408,52.9358],[0.638,52.9358],[0.6353,52.9358],[0.6325,52.9374],[0.6325,52.9358],[0.6298,52.9358],[0.6271,52.9358],[0.6243,52.9358],[0.6216,52.9358],[0.6188,52.9358],[0.6161,52.9358],[0.6134,52.9358],[0.6106,52.9358],[0.6079,52.9358],[0.6051,52.9358],[0.6024,52.9358],[0.5997,52.9358],[0.5969,52.9358],[0.5942,52.9358],[0.5914,52.9358],[0.5887,52.9358],[0.586,52.9358],[0.5832,52.9358],[0.5805,52.9358],[0.5777,52.9358],[0.5777,52.9341],[0.5777,52.9325],[0.5777,52.9308],[0.575,52.9308],[0.575,52.9292],[0.5723,52.9275],[0.5723,52.9259],[0.5695,52.9259],[0.5695,52.9242],[0.5695,52.9226],[0.5668,52.9226],[0.5668,52.9209],[0.5668,52.9193],[0.564,52.9193],[0.564,52.9176],[0.5613,52.9176],[0.5586,52.9176],[0.5558,52.9176],[0.5531,52.9176],[0.5503,52.9176],[0.5503,52.9193],[0.5476,52.9193],[0.5476,52.9176],[0.5449,52.9176],[0.5421,52.9176],[0.5421,52.916],[0.5421,52.9143],[0.5421,52.9127],[0.5421,52.911],[0.5421,52.9094],[0.5421,52.9077],[0.5421,52.9061],[0.5421,52.9044],[0.5449,52.9044],[0.5449,52.9027],[0.5449,52.9011],[0.5449,52.8994],[0.5449,52.8978],[0.5476,52.8978],[0.5503,52.8978],[0.5503,52.8961],[0.5503,52.8945],[0.5531,52.8945],[0.5531,52.8928],[0.5531,52.8912],[0.5503,52.8912],[0.5476,52.8912],[0.5476,52.8895],[0.5449,52.8895],[0.5449,52.8912],[0.5421,52.8912],[0.5394,52.8912],[0.5366,52.8912],[0.5366,52.8895],[0.5366,52.8879],[0.5339,52.8879],[0.5312,52.8895],[0.5284,52.8895],[0.5257,52.8895],[0.5257,52.8879],[0.5229,52.8879],[0.5202,52.8879],[0.5175,52.8879],[0.5147,52.8879],[0.512,52.8879],[0.512,52.8862],[0.5092,52.8862],[0.5092,52.8879],[0.5065,52.8879],[0.5065,52.8862],[0.5065,52.8846],[0.5065,52.8829],[0.5038,52.8829],[0.501,52.8829],[0.4983,52.8829],[0.4983,52.8813],[0.4983,52.8796],[0.4955,52.8796],[0.4955,52.878],[0.4928,52.878],[0.4901,52.878],[0.4901,52.8763],[0.4873,52.8763],[0.4873,52.8746],[0.4846,52.8746],[0.4846,52.873],[0.4818,52.873],[0.4791,52.873],[0.4791,52.8746],[0.4764,52.8746],[0.4736,52.8746],[0.4736,52.8763],[0.4709,52.8763],[0.4709,52.878],[0.4709,52.8796],[0.4681,52.8796],[0.4681,52.8813],[0.4709,52.8813],[0.4709,52.8829],[0.4709,52.8846],[0.4709,52.8862],[0.4709,52.8879],[0.4736,52.8879],[0.4736,52.8895],[0.4736,52.8912],[0.4736,52.8928],[0.4736,52.8945],[0.4764,52.8945],[0.4791,52.8945],[0.4818,52.8945],[0.4846,52.8945],[0.4846,52.8928],[0.4873,52.8928],[0.4901,52.8928],[0.4983,52.8912],[0.4983,52.8928],[0.501,52.8928],[0.501,52.8945],[0.501,52.8961],[0.501,52.8978],[0.501,52.8994],[0.5038,52.8994],[0.5038,52.9011],[0.5038,52.9027],[0.5038,52.9044],[0.5038,52.9061],[0.5038,52.9077],[0.5038,52.9094],[0.5038,52.911],[0.5038,52.9127],[0.5038,52.9143],[0.5038,52.916],[0.5065,52.916],[0.5065,52.9176],[0.5065,52.9193],[0.5065,52.9209],[0.5065,52.9226],[0.5065,52.9242],[0.5065,52.9259],[0.5065,52.9275],[0.5065,52.9292],[0.5065,52.9308],[0.5065,52.9325],[0.5065,52.9341],[0.5065,52.9358],[0.5092,52.9358],[0.5092,52.9374],[0.5092,52.9391],[0.5092,52.9407],[0.5092,52.9424],[0.5092,52.944],[0.5065,52.944],[0.5065,52.9457],[0.5092,52.9473],[0.5092,52.949],[0.512,52.949],[0.512,52.9506],[0.5092,52.9506],[0.5092,52.9523],[0.5092,52.9539],[0.5092,52.9556],[0.5092,52.9572],[0.5092,52.9589],[0.5038,52.9605],[0.5038,52.9622],[0.5065,52.9622],[0.5065,52.9639],[0.5092,52.9639],[0.5092,52.9655],[0.512,52.9655],[0.512,52.9672],[0.5147,52.9688],[0.5175,52.9688],[0.5175,52.9705],[0.5175,52.9721],[0.5202,52.9721],[0.5229,52.9721],[0.5229,52.9738],[0.5257,52.9738],[0.5257,52.9754],[0.5284,52.9754],[0.5284,52.9771],[0.5312,52.9771],[0.5339,52.9771],[0.5339,52.9787],[0.5366,52.9787],[0.5394,52.9787],[0.5421,52.9787],[0.5449,52.9787],[0.5476,52.9787],[0.5503,52.9787],[0.5531,52.9787],[0.5531,52.9803],[0.5558,52.9803],[0.5586,52.9803],[0.5613,52.9803],[0.564,52.9803],[0.564,52.982],[0.5668,52.982],[0.5695,52.982],[0.5695,52.9836],[0.5723,52.9836],[0.575,52.9836],[0.575,52.982],[0.5777,52.982],[0.5805,52.982],[0.5805,52.9803],[0.5832,52.9803],[0.586,52.9803],[0.586,52.9787],[0.5887,52.9787],[0.5914,52.9787],[0.5942,52.9787],[0.5942,52.9771],[0.5969,52.9771],[0.5997,52.9771],[0.6024,52.9771],[0.6051,52.9771],[0.6079,52.9771],[0.6106,52.9771],[0.6134,52.9771],[0.6161,52.9771],[0.6188,52.9771],[0.6216,52.9771],[0.6243,52.9771],[0.6271,52.9771],[0.6298,52.9771],[0.6298,52.9787],[0.6325,52.9787],[0.6353,52.9787],[0.6353,52.9803],[0.638,52.9803],[0.638,52.982],[0.638,52.9836],[0.6408,52.9836],[0.6408,52.9853],[0.6435,52.9853],[0.6435,52.9836],[0.6462,52.9853],[0.6462,52.9869],[0.649,52.9869],[0.6517,52.9869],[0.6517,52.9886],[0.6544,52.9886],[0.6572,52.9886],[0.6599,52.9886],[0.6627,52.9886],[0.6627,52.9902],[0.6654,52.9902],[0.6681,52.9902],[0.6709,52.9902],[0.6736,52.9902],[0.6764,52.9902],[0.6791,52.9902],[0.6818,52.9902],[0.6846,52.9902],[0.6873,52.9902],[0.6901,52.9902],[0.6901,52.9886],[0.6928,52.9886],[0.6955,52.9886],[0.6983,52.9886],[0.701,52.9886],[0.7038,52.9886],[0.7038,52.9869],[0.7065,52.9869],[0.7092,52.9869],[0.712,52.9869],[0.7147,52.9869],[0.7147,52.9853],[0.7175,52.9853],[0.7202,52.9853],[0.7229,52.9853],[0.7257,52.9853],[0.7284,52.9853],[0.7312,52.9853],[0.7312,52.9836],[0.7339,52.9836],[0.7366,52.9836],[0.7394,52.9836],[0.7421,52.9836],[0.7449,52.9836],[0.7449,52.982],[0.7476,52.982],[0.7503,52.982],[0.7531,52.982],[0.7558,52.982],[0.7586,52.982],[0.7613,52.982],[0.764,52.982],[0.764,52.9803],[0.7668,52.9803],[0.7668,52.982],[0.7695,52.982],[0.7723,52.982],[0.775,52.982],[0.7777,52.982],[0.7777,52.9803],[0.7805,52.9803],[0.7832,52.9803],[0.786,52.9803],[0.786,52.9787],[0.7887,52.9787],[0.7914,52.9787],[0.7942,52.9787],[0.7969,52.9787],[0.7997,52.9787],[0.7997,52.9803],[0.8024,52.9787],[0.8024,52.9803],[0.8051,52.9803],[0.8079,52.9803],[0.8106,52.9803],[0.8134,52.9803],[0.8161,52.9803],[0.8188,52.9803],[0.8216,52.9803],[0.8243,52.9803],[0.8271,52.9803],[0.8271,52.982],[0.8298,52.982],[0.8325,52.982],[0.8353,52.982],[0.8353,52.9836],[0.838,52.9836],[0.838,52.9853],[0.838,52.9869],[0.8408,52.9869],[0.8408,52.9886],[0.838,52.9886],[0.8408,52.9902],[0.8408,52.9919],[0.8435,52.9919],[0.8462,52.9919],[0.849,52.9919],[0.8517,52.9919],[0.8545,52.9919],[0.8572,52.9919],[0.8599,52.9919],[0.8599,52.9902],[0.8627,52.9902],[0.8654,52.9902],[0.8654,52.9886],[0.8682,52.9886],[0.8709,52.9886],[0.8736,52.9886],[0.8736,52.9869],[0.8764,52.9869],[0.8791,52.9869],[0.8819,52.9869],[0.8846,52.9869],[0.8901,52.9869],[0.8901,52.9853],[0.8928,52.9853],[0.8956,52.9836],[0.8956,52.9853],[0.8983,52.9853],[0.8983,52.9836],[0.901,52.9836],[0.9038,52.9836],[0.9038,52.982],[0.9065,52.982],[0.9093,52.982],[0.912,52.982],[0.912,52.9803],[0.9147,52.9803],[0.9175,52.9803],[0.9202,52.9803],[0.923,52.9803],[0.9257,52.9803],[0.9284,52.9803],[0.9284,52.9787],[0.9312,52.9787],[0.9339,52.9787],[0.9367,52.9787],[0.9394,52.9787],[0.9394,52.9803],[0.9421,52.9803],[0.9449,52.9803],[0.9476,52.9803],[0.9504,52.9803],[0.9531,52.9803],[0.9558,52.9803],[0.9558,52.982],[0.9586,52.982],[0.9586,52.9836],[0.9613,52.9836],[0.9613,52.982],[0.9613,52.9803],[0.9641,52.982],[0.9668,52.982],[0.9695,52.982],[0.9723,52.982],[0.9723,52.9836],[0.975,52.9836],[0.975,52.982],[0.9778,52.982],[0.9805,52.982],[0.9805,52.9803],[0.9832,52.9803],[0.986,52.9803],[0.9887,52.9803],[0.9887,52.9787],[0.9915,52.9787],[0.9942,52.9787],[0.9969,52.9787],[0.9969,52.9771],[0.9997,52.9771],[1.0024,52.9771],[1.0052,52.9771],[1.0052,52.9754],[1.0079,52.9754],[1.0106,52.9754],[1.0134,52.9738],[1.0161,52.9738],[1.0189,52.9738],[1.0216,52.9721],[1.0243,52.9721],[1.0271,52.9721],[1.0271,52.9705],[1.0298,52.9705],[1.0326,52.9705],[1.0353,52.9705],[1.0353,52.9688],[1.038,52.9688],[1.0408,52.9688],[1.0408,52.9672],[1.0435,52.9672],[1.0462,52.9672],[1.049,52.9672],[1.049,52.9655],[1.0517,52.9655],[1.0545,52.9655],[1.0572,52.9655],[1.0572,52.9639],[1.0599,52.9639],[1.0627,52.9639],[1.0654,52.9639],[1.0654,52.9622],[1.0682,52.9622],[1.0709,52.9622],[1.0736,52.9622],[1.0736,52.9605],[1.0764,52.9605],[1.0791,52.9605],[1.0819,52.9605],[1.0819,52.9589],[1.0846,52.9589],[1.0873,52.9589],[1.0901,52.9589],[1.0901,52.9572],[1.0928,52.9572],[1.0956,52.9572],[1.0983,52.9572],[1.0983,52.9556],[1.101,52.9556],[1.1038,52.9556],[1.1065,52.9556],[1.1093,52.9556],[1.1093,52.9539],[1.112,52.9539],[1.1147,52.9539],[1.1175,52.9539],[1.1175,52.9523],[1.1202,52.9523],[1.123,52.9523],[1.1257,52.9523],[1.1284,52.9523],[1.1284,52.9506],[1.1312,52.9506],[1.1339,52.9506],[1.1367,52.9506],[1.1394,52.9506],[1.1394,52.949],[1.1421,52.949],[1.1449,52.949],[1.1476,52.949],[1.1504,52.949],[1.1531,52.949],[1.1558,52.949],[1.1586,52.949],[1.1613,52.949],[1.1641,52.949],[1.1668,52.949],[1.1668,52.9473],[1.1695,52.9473],[1.1723,52.9473],[1.175,52.9473],[1.1778,52.9473],[1.1805,52.9473],[1.1832,52.9473],[1.186,52.9473],[1.1887,52.9473],[1.1915,52.9473],[1.1942,52.9473],[1.1969,52.9473],[1.1997,52.9473],[1.2024,52.9473],[1.2052,52.9473],[1.2052,52.9457],[1.2024,52.9457],[1.2024,52.944],[1.2024,52.9424],[1.1997,52.9424],[1.1969,52.9424],[1.1942,52.9424],[1.1942,52.944],[1.1915,52.944],[1.1887,52.944],[1.1887,52.9424],[1.1887,52.9407],[1.1887,52.9391],[1.1887,52.9374],[1.1915,52.9374],[1.1915,52.9358],[1.1915,52.9341],[1.1915,52.9325],[1.1942,52.9325],[1.1969,52.9325],[1.1997,52.9325],[1.2024,52.9325],[1.2052,52.9325],[1.2052,52.9341],[1.2052,52.9358],[1.2079,52.9358],[1.2079,52.9374],[1.2106,52.9374],[1.2134,52.9374],[1.2134,52.9358],[1.2134,52.9341],[1.2161,52.9341],[1.2161,52.9325],[1.2161,52.9308],[1.2189,52.9308],[1.2216,52.9308],[1.2243,52.9308],[1.2243,52.9292],[1.2271,52.9308],[1.2271,52.9325],[1.2271,52.9341],[1.2271,52.9358],[1.2271,52.9374],[1.2298,52.9374],[1.2326,52.9374],[1.2326,52.9391],[1.2353,52.9391],[1.238,52.9391],[1.238,52.9374],[1.2408,52.9374],[1.2408,52.9358],[1.2435,52.9358],[1.2463,52.9358],[1.249,52.9358],[1.2517,52.9358],[1.2545,52.9358],[1.2572,52.9358],[1.26,52.9358],[1.2627,52.9358],[1.2627,52.9341],[1.2654,52.9341],[1.2682,52.9341],[1.2682,52.9325],[1.2709,52.9325],[1.2737,52.9325],[1.2764,52.9325],[1.2764,52.9308],[1.2791,52.9308],[1.2819,52.9308],[1.2819,52.9292],[1.2846,52.9292],[1.2846,52.9275],[1.2874,52.9275],[1.2901,52.9275],[1.2956,52.9275],[1.2956,52.9259],[1.2956,52.9242],[1.2956,52.9226],[1.2928,52.9226],[1.2928,52.9209],[1.2928,52.9193],[1.2928,52.9176],[1.2956,52.9176],[1.2983,52.9176],[1.3011,52.9176],[1.3038,52.9176],[1.3038,52.916],[1.3065,52.916],[1.3065,52.9143],[1.3093,52.9143],[1.3093,52.916],[1.3093,52.9176],[1.312,52.9176],[1.312,52.9193],[1.3148,52.9193],[1.3148,52.9209],[1.3148,52.9226],[1.3175,52.9226],[1.3148,52.9242],[1.312,52.9226],[1.312,52.9242],[1.312,52.9259],[1.3093,52.9259],[1.3093,52.9275],[1.312,52.9275],[1.312,52.9292],[1.312,52.9308],[1.3148,52.9308],[1.3148,52.9292],[1.3175,52.9292],[1.3175,52.9275],[1.3202,52.9275],[1.323,52.9275],[1.323,52.9259],[1.3257,52.9259],[1.3285,52.9259],[1.3285,52.9242],[1.3312,52.9242],[1.3339,52.9242],[1.3367,52.9226],[1.3367,52.9209],[1.3367,52.9193],[1.3339,52.9193],[1.3312,52.9193],[1.3312,52.9176],[1.3312,52.916],[1.3312,52.9143],[1.3339,52.9143],[1.3367,52.9143],[1.3394,52.9143],[1.3422,52.9143],[1.3449,52.9143],[1.3449,52.9127],[1.3476,52.9127],[1.3476,52.911],[1.3504,52.911],[1.3504,52.9127],[1.3531,52.9127],[1.3531,52.9143],[1.3531,52.916],[1.3559,52.916],[1.3559,52.9143],[1.3586,52.9143],[1.3586,52.9127],[1.3613,52.9127],[1.3641,52.9127],[1.3641,52.911],[1.3668,52.911],[1.3668,52.9094],[1.3696,52.9094],[1.3723,52.9094],[1.3723,52.9077],[1.375,52.9077],[1.375,52.9061],[1.3778,52.9061],[1.3805,52.9061],[1.3805,52.9044],[1.3833,52.9044],[1.3833,52.9027],[1.386,52.9027],[1.386,52.9011],[1.3887,52.9011],[1.3915,52.9011],[1.3915,52.8994],[1.3942,52.8994],[1.3942,52.8978],[1.397,52.8978],[1.3997,52.8978],[1.3997,52.8961],[1.4024,52.8961],[1.4052,52.8961],[1.4052,52.8945],[1.4079,52.8945],[1.4079,52.8928],[1.4107,52.8928],[1.4134,52.8912],[1.4134,52.8895],[1.4134,52.8879],[1.4134,52.8862],[1.4134,52.8846],[1.4134,52.8829],[1.4107,52.8846],[1.4107,52.8829],[1.4134,52.8829],[1.4134,52.8813],[1.4161,52.8813],[1.4161,52.8796],[1.4134,52.878],[1.4161,52.878],[1.4161,52.8763],[1.4161,52.8746],[1.4189,52.8746],[1.4216,52.8746],[1.4216,52.873],[1.4216,52.8713],[1.4244,52.8713],[1.4271,52.8713],[1.4298,52.8713],[1.4326,52.8713],[1.4353,52.8713],[1.4381,52.8713],[1.4408,52.8713],[1.4408,52.873],[1.4435,52.873],[1.4435,52.8746],[1.4463,52.8746],[1.449,52.8746],[1.449,52.873],[1.449,52.8713],[1.4517,52.8713],[1.4517,52.8697],[1.4545,52.8697],[1.4545,52.868],[1.4572,52.868],[1.4572,52.8664],[1.4572,52.8647],[1.4572,52.8631],[1.4572,52.8614],[1.4545,52.8614],[1.4545,52.8598],[1.4545,52.8581],[1.4545,52.8564],[1.4545,52.8531],[1.4517,52.8531],[1.449,52.8531],[1.449,52.8515],[1.4463,52.8515],[1.4463,52.8498],[1.4463,52.8482],[1.4435,52.8482],[1.4408,52.8482],[1.4353,52.8482]]],[[[0.3777,52.8548],[0.3777,52.8564],[0.3777,52.8581],[0.3777,52.8598],[0.3777,52.8614],[0.3805,52.8614],[0.3805,52.8598],[0.3805,52.8581],[0.3805,52.8564],[0.3805,52.8548],[0.3777,52.8548]]],[[[0.3531,52.8316],[0.3531,52.8333],[0.3531,52.8349],[0.3531,52.8366],[0.3531,52.8382],[0.3531,52.8399],[0.3531,52.8416],[0.3558,52.8416],[0.3558,52.8432],[0.3585,52.8432],[0.3585,52.8416],[0.3558,52.8399],[0.3558,52.8382],[0.3558,52.8366],[0.3585,52.8366],[0.3585,52.8349],[0.3558,52.8349],[0.3558,52.8333],[0.3558,52.8316],[0.3531,52.8316]]],[[[0.4462,52.7753],[0.4462,52.777],[0.4435,52.777],[0.4435,52.7786],[0.4435,52.7803],[0.4407,52.7803],[0.4407,52.7819],[0.4407,52.7836],[0.4407,52.7853],[0.4407,52.7869],[0.4407,52.7886],[0.4435,52.7886],[0.4435,52.7902],[0.4435,52.7919],[0.4462,52.7919],[0.4462,52.7935],[0.4435,52.7935],[0.4407,52.7935],[0.438,52.7935],[0.4353,52.7935],[0.4353,52.7919],[0.4325,52.7919],[0.4298,52.7919],[0.427,52.7919],[0.427,52.7902],[0.4243,52.7902],[0.4243,52.7886],[0.4243,52.7869],[0.4216,52.7869],[0.4188,52.7869],[0.4188,52.7886],[0.4161,52.7886],[0.4161,52.7902],[0.4133,52.7902],[0.4133,52.7919],[0.4106,52.7919],[0.4079,52.7935],[0.4079,52.7952],[0.4079,52.7969],[0.4079,52.7985],[0.4079,52.8002],[0.4051,52.8002],[0.4024,52.8002],[0.3996,52.8002],[0.3996,52.7985],[0.3969,52.7985],[0.3942,52.7985],[0.3942,52.8002],[0.3914,52.8002],[0.3887,52.8002],[0.3859,52.8002],[0.3859,52.7985],[0.3832,52.7985],[0.3805,52.7969],[0.3777,52.7969],[0.3777,52.7952],[0.375,52.7952],[0.3722,52.7952],[0.3695,52.7952],[0.3668,52.7952],[0.3668,52.7969],[0.364,52.7969],[0.364,52.7985],[0.364,52.8002],[0.3613,52.8002],[0.3613,52.8018],[0.3613,52.8035],[0.3613,52.8051],[0.3585,52.8051],[0.3585,52.8068],[0.3585,52.8084],[0.3558,52.8084],[0.3558,52.8101],[0.3558,52.8118],[0.3531,52.8118],[0.3531,52.8134],[0.3531,52.8151],[0.3558,52.8151],[0.3558,52.8167],[0.3585,52.8167],[0.3585,52.8184],[0.3558,52.82],[0.3558,52.8217],[0.3558,52.8233],[0.3558,52.825],[0.3558,52.8267],[0.3558,52.8283],[0.3558,52.83],[0.3585,52.83],[0.3585,52.8316],[0.3585,52.8333],[0.3585,52.8349],[0.3613,52.8349],[0.3613,52.8366],[0.364,52.8382],[0.364,52.8399],[0.3668,52.8399],[0.3695,52.8416],[0.3722,52.8416],[0.3722,52.8432],[0.375,52.8432],[0.375,52.8449],[0.375,52.8465],[0.375,52.8482],[0.375,52.8498],[0.3722,52.8498],[0.3722,52.8515],[0.375,52.8515],[0.375,52.8531],[0.375,52.8548],[0.3777,52.8548],[0.3777,52.8531],[0.3805,52.8531],[0.3805,52.8548],[0.3832,52.8548],[0.3832,52.8564],[0.3832,52.8581],[0.3859,52.8581],[0.3859,52.8598],[0.3859,52.8614],[0.3887,52.8631],[0.3887,52.8647],[0.3887,52.8664],[0.3887,52.868],[0.3914,52.8697],[0.3914,52.8713],[0.3914,52.873],[0.3942,52.8746],[0.3942,52.8763],[0.3969,52.8763],[0.3969,52.878],[0.3969,52.8796],[0.3996,52.8796],[0.3996,52.8813],[0.4024,52.8813],[0.4024,52.8829],[0.4051,52.8829],[0.4079,52.8829],[0.4079,52.8846],[0.4106,52.8846],[0.4133,52.8846],[0.4161,52.8846],[0.4188,52.8846],[0.4216,52.8846],[0.4243,52.8846],[0.427,52.8846],[0.4298,52.8829],[0.4298,52.8813],[0.4298,52.8796],[0.4298,52.878],[0.4325,52.878],[0.4325,52.8763],[0.4353,52.8746],[0.4353,52.873],[0.4353,52.8713],[0.4353,52.8697],[0.438,52.8697],[0.4407,52.8697],[0.4407,52.868],[0.4407,52.8664],[0.4407,52.8647],[0.4435,52.8647],[0.4435,52.8631],[0.4435,52.8614],[0.4407,52.8614],[0.4407,52.8598],[0.4407,52.8581],[0.4435,52.8581],[0.4462,52.8581],[0.4462,52.8564],[0.4462,52.8548],[0.4462,52.8531],[0.4435,52.8531],[0.4435,52.8515],[0.4517,52.8531],[0.4544,52.8531],[0.4517,52.8548],[0.4517,52.8564],[0.4544,52.8564],[0.4572,52.8564],[0.4599,52.8564],[0.4627,52.8564],[0.4627,52.8548],[0.4627,52.8531],[0.4654,52.8531],[0.4681,52.8531],[0.4681,52.8515],[0.4681,52.8498],[0.4681,52.8482],[0.4681,52.8465],[0.4681,52.8449],[0.4709,52.8449],[0.4736,52.8449],[0.4736,52.8432],[0.4736,52.8416],[0.4764,52.8416],[0.4764,52.8399],[0.4791,52.8399],[0.4791,52.8382],[0.4791,52.8366],[0.4818,52.8382],[0.4818,52.8416],[0.4846,52.8416],[0.4873,52.8416],[0.4901,52.8416],[0.4928,52.8416],[0.4955,52.8416],[0.4983,52.8416],[0.501,52.8416],[0.5038,52.8416],[0.5038,52.8399],[0.5038,52.8382],[0.5065,52.8382],[0.5092,52.8382],[0.5092,52.8366],[0.512,52.8366],[0.512,52.8349],[0.512,52.8333],[0.5147,52.8333],[0.5147,52.8316],[0.5175,52.8316],[0.5175,52.83],[0.5175,52.8283],[0.5175,52.8267],[0.5202,52.8267],[0.5202,52.825],[0.5202,52.8233],[0.5202,52.8217],[0.5229,52.8217],[0.5229,52.82],[0.5202,52.82],[0.5175,52.82],[0.5175,52.8184],[0.5147,52.8184],[0.5147,52.8167],[0.5147,52.8151],[0.5147,52.8134],[0.5147,52.8118],[0.5175,52.8101],[0.5175,52.8084],[0.5175,52.8068],[0.5147,52.8068],[0.5147,52.8051],[0.512,52.8051],[0.512,52.8035],[0.512,52.8018],[0.512,52.8002],[0.5147,52.8002],[0.5147,52.7985],[0.5175,52.7985],[0.5175,52.7969],[0.5175,52.7952],[0.5175,52.7935],[0.5175,52.7919],[0.5147,52.7919],[0.512,52.7902],[0.5092,52.7902],[0.5065,52.7902],[0.5038,52.7886],[0.501,52.7886],[0.501,52.7869],[0.4983,52.7869],[0.4955,52.7869],[0.4928,52.7869],[0.4928,52.7853],[0.4901,52.7853],[0.4873,52.7853],[0.4873,52.7836],[0.4846,52.7836],[0.4818,52.7819],[0.4791,52.7819],[0.4764,52.7819],[0.4736,52.7819],[0.4736,52.7803],[0.4709,52.7803],[0.4709,52.7786],[0.4681,52.7786],[0.4654,52.7786],[0.4654,52.777],[0.4627,52.777],[0.4599,52.777],[0.4572,52.777],[0.4544,52.777],[0.4544,52.7753],[0.4517,52.7753],[0.449,52.7753],[0.4462,52.7753]]],[[[1.6737,52.7173],[1.6737,52.7189],[1.6709,52.7189],[1.6682,52.7189],[1.6655,52.7189],[1.6627,52.7189],[1.66,52.7189],[1.6572,52.7189],[1.6572,52.7206],[1.6545,52.7206],[1.6545,52.7222],[1.6545,52.7239],[1.6518,52.7239],[1.6518,52.7256],[1.6518,52.7272],[1.649,52.7272],[1.649,52.7289],[1.649,52.7305],[1.6463,52.7305],[1.6463,52.7322],[1.6435,52.7322],[1.6435,52.7339],[1.6435,52.7355],[1.6408,52.7355],[1.6408,52.7372],[1.6408,52.7388],[1.6408,52.7405],[1.6381,52.7405],[1.6381,52.7421],[1.6381,52.7438],[1.6353,52.7438],[1.6353,52.7455],[1.6326,52.7455],[1.6271,52.7471],[1.6271,52.7488],[1.6271,52.7504],[1.6271,52.7521],[1.6271,52.7538],[1.6271,52.7554],[1.6271,52.7571],[1.6271,52.7587],[1.6244,52.7604],[1.6244,52.762],[1.6244,52.7637],[1.6216,52.7637],[1.6216,52.7654],[1.6189,52.7654],[1.6161,52.7654],[1.6134,52.7654],[1.6107,52.7654],[1.6107,52.767],[1.6079,52.7687],[1.6079,52.7703],[1.6052,52.7703],[1.6024,52.7703],[1.597,52.772],[1.5942,52.772],[1.597,52.7737],[1.597,52.7753],[1.5997,52.7753],[1.5997,52.777],[1.6024,52.777],[1.6024,52.7786],[1.6052,52.7786],[1.6052,52.7803],[1.6079,52.7803],[1.6079,52.7819],[1.6107,52.7819],[1.6107,52.7836],[1.6079,52.7836],[1.6079,52.7853],[1.6052,52.7853],[1.6024,52.7853],[1.6024,52.7869],[1.6052,52.7869],[1.6079,52.7869],[1.6107,52.7869],[1.6107,52.7853],[1.6134,52.7853],[1.6134,52.7836],[1.6161,52.7836],[1.6161,52.7819],[1.6189,52.7819],[1.6189,52.7803],[1.6216,52.7803],[1.6216,52.7786],[1.6244,52.7786],[1.6244,52.777],[1.6271,52.777],[1.6271,52.7753],[1.6298,52.7753],[1.6298,52.7737],[1.6326,52.7737],[1.6326,52.772],[1.6353,52.772],[1.6381,52.7703],[1.6381,52.7687],[1.6408,52.7687],[1.6408,52.767],[1.6435,52.767],[1.6435,52.7654],[1.6463,52.7654],[1.6463,52.7637],[1.649,52.7637],[1.649,52.762],[1.6518,52.762],[1.6518,52.7604],[1.6545,52.7604],[1.6545,52.7587],[1.6572,52.7587],[1.6572,52.7571],[1.6572,52.7554],[1.66,52.7554],[1.66,52.7538],[1.6627,52.7538],[1.6627,52.7521],[1.6655,52.7521],[1.6655,52.7504],[1.6682,52.7504],[1.6682,52.7488],[1.6682,52.7471],[1.6709,52.7471],[1.6709,52.7455],[1.6737,52.7455],[1.6737,52.7438],[1.6737,52.7421],[1.6764,52.7421],[1.6764,52.7405],[1.6792,52.7405],[1.6792,52.7388],[1.6819,52.7388],[1.6819,52.7372],[1.6846,52.7355],[1.6846,52.7339],[1.6874,52.7339],[1.6874,52.7322],[1.6874,52.7305],[1.6901,52.7305],[1.6901,52.7289],[1.6929,52.7272],[1.6929,52.7256],[1.6956,52.7256],[1.6956,52.7239],[1.6956,52.7222],[1.6983,52.7222],[1.6983,52.7206],[1.6983,52.7189],[1.7011,52.7189],[1.6983,52.7173],[1.6956,52.7173],[1.6929,52.7173],[1.6929,52.7189],[1.6901,52.7189],[1.6901,52.7173],[1.6874,52.7173],[1.6846,52.7173],[1.6819,52.7173],[1.6792,52.7173],[1.6764,52.7173],[1.6737,52.7173]]]]},"properties":{"NAME":"Norfolk Coast","CODE":"23","DESIG_DATE":"Apr-68"}},{"type":"Feature","geometry":{"type":"Polygon","coordinates":[[[-2.6361,51.7779],[-2.6361,51.7762],[-2.6334,51.7762],[-2.6334,51.7745],[-2.6306,51.7745],[-2.6306,51.7728],[-2.6279,51.7728],[-2.6279,51.7711],[-2.6306,51.7711],[-2.6306,51.7694],[-2.6306,51.7677],[-2.6334,51.7677],[-2.6334,51.766],[-2.6334,51.7644],[-2.6334,51.7627],[-2.6334,51.761],[-2.6334,51.7593],[-2.6334,51.7576],[-2.6334,51.7559],[-2.6334,51.7542],[-2.6306,51.7542],[-2.6306,51.7525],[-2.6306,51.7508],[-2.6279,51.7508],[-2.6279,51.7491],[-2.6252,51.7491],[-2.6224,51.7491],[-2.6197,51.7491],[-2.6197,51.7474],[-2.6224,51.7457],[-2.6197,51.7457],[-2.6197,51.744],[-2.6224,51.744],[-2.6224,51.7423],[-2.6252,51.7423],[-2.6252,51.7406],[-2.6279,51.7406],[-2.6306,51.7406],[-2.6306,51.7389],[-2.6334,51.7389],[-2.6361,51.7389],[-2.6361,51.7372],[-2.6389,51.7372],[-2.6416,51.7372],[-2.6416,51.7355],[-2.6416,51.7338],[-2.6416,51.7321],[-2.6416,51.7304],[-2.6416,51.7287],[-2.6389,51.7287],[-2.6389,51.727],[-2.6361,51.727],[-2.6361,51.7253],[-2.6361,51.7236],[-2.6361,51.7219],[-2.6361,51.7202],[-2.6361,51.7185],[-2.6334,51.7185],[-2.6334,51.7168],[-2.6334,51.7152],[-2.6334,51.7135],[-2.6306,51.7135],[-2.6306,51.7118],[-2.6306,51.7101],[-2.6306,51.7084],[-2.6306,51.7067],[-2.6334,51.7067],[-2.6334,51.705],[-2.6334,51.7033],[-2.6361,51.7033],[-2.6361,51.7016],[-2.6389,51.7016],[-2.6389,51.6999],[-2.6389,51.6982],[-2.6416,51.6982],[-2.6416,51.6965],[-2.6389,51.6965],[-2.6389,51.6948],[-2.6389,51.6931],[-2.6389,51.6914],[-2.6389,51.6897],[-2.6416,51.6897],[-2.6416,51.688],[-2.6416,51.6863],[-2.6443,51.6863],[-2.6443,51.6846],[-2.6471,51.6846],[-2.6471,51.6829],[-2.6471,51.6812],[-2.6471,51.6795],[-2.6498,51.6795],[-2.6498,51.6778],[-2.6498,51.6761],[-2.6498,51.6744],[-2.6526,51.6727],[-2.6553,51.6727],[-2.6553,51.671],[-2.658,51.671],[-2.658,51.6693],[-2.6608,51.6693],[-2.6608,51.6676],[-2.6608,51.6659],[-2.6608,51.6642],[-2.6635,51.6642],[-2.6635,51.6625],[-2.6635,51.6608],[-2.6635,51.6591],[-2.6608,51.6591],[-2.6608,51.6574],[-2.6635,51.6574],[-2.6635,51.6557],[-2.6663,51.6557],[-2.6663,51.654],[-2.6663,51.6523],[-2.6663,51.6506],[-2.669,51.6506],[-2.6663,51.6489],[-2.669,51.6489],[-2.6717,51.6489],[-2.6745,51.6489],[-2.6745,51.6472],[-2.6717,51.6472],[-2.6717,51.6455],[-2.6717,51.6438],[-2.6745,51.6438],[-2.6772,51.6438],[-2.68,51.6438],[-2.68,51.6455],[-2.6827,51.6455],[-2.6827,51.6472],[-2.6827,51.6489],[-2.6854,51.6506],[-2.6854,51.6489],[-2.6882,51.6489],[-2.6882,51.6472],[-2.6909,51.6472],[-2.6909,51.6455],[-2.6937,51.6455],[-2.6937,51.6438],[-2.6964,51.6421],[-2.6964,51.6404],[-2.6964,51.6387],[-2.6964,51.637],[-2.6991,51.637],[-2.6991,51.6353],[-2.6991,51.6336],[-2.6991,51.6319],[-2.7019,51.6336],[-2.7019,51.6319],[-2.7046,51.6319],[-2.7046,51.6302],[-2.7074,51.6302],[-2.7074,51.6319],[-2.7101,51.6319],[-2.7101,51.6336],[-2.7128,51.6336],[-2.7128,51.6319],[-2.7128,51.6302],[-2.7128,51.6285],[-2.7156,51.6285],[-2.7156,51.6268],[-2.7183,51.6268],[-2.7211,51.6268],[-2.7211,51.6251],[-2.7238,51.6251],[-2.7265,51.6251],[-2.7265,51.6234],[-2.7293,51.6234],[-2.7293,51.6251],[-2.7293,51.6268],[-2.7293,51.6285],[-2.7293,51.6302],[-2.732,51.6302],[-2.732,51.6319],[-2.7293,51.6319],[-2.7293,51.6336],[-2.7265,51.6336],[-2.7238,51.6336],[-2.7211,51.6336],[-2.7211,51.6353],[-2.7183,51.6353],[-2.7183,51.637],[-2.7183,51.6387],[-2.7211,51.6387],[-2.7238,51.6387],[-2.7238,51.6404],[-2.7238,51.6421],[-2.7265,51.6421],[-2.7265,51.6438],[-2.7293,51.6438],[-2.732,51.6438],[-2.732,51.6455],[-2.7348,51.6455],[-2.7348,51.6438],[-2.7375,51.6455],[-2.7402,51.6455],[-2.743,51.6455],[-2.743,51.6438],[-2.7457,51.6438],[-2.7457,51.6455],[-2.7484,51.6455],[-2.7484,51.6472],[-2.7512,51.6472],[-2.7512,51.6455],[-2.7539,51.6455],[-2.7539,51.6438],[-2.7567,51.6438],[-2.7567,51.6455],[-2.7567,51.6472],[-2.7539,51.6489],[-2.7539,51.6506],[-2.7567,51.6506],[-2.7567,51.6523],[-2.7539,51.6523],[-2.7539,51.654],[-2.7539,51.6557],[-2.7567,51.6557],[-2.7567,51.6574],[-2.7539,51.6591],[-2.7539,51.6608],[-2.7567,51.6608],[-2.7567,51.6625],[-2.7567,51.6642],[-2.7567,51.6659],[-2.7567,51.6676],[-2.7567,51.6693],[-2.7567,51.671],[-2.7567,51.6727],[-2.7567,51.6744],[-2.7567,51.6761],[-2.7539,51.6761],[-2.7539,51.6778],[-2.7539,51.6795],[-2.7512,51.6795],[-2.7512,51.6812],[-2.7512,51.6829],[-2.7512,51.6846],[-2.7484,51.6846],[-2.7484,51.6863],[-2.7512,51.6863],[-2.7539,51.6863],[-2.7539,51.688],[-2.7539,51.6897],[-2.7512,51.6897],[-2.7512,51.6914],[-2.7484,51.6914],[-2.7484,51.6931],[-2.7484,51.6948],[-2.7484,51.6965],[-2.7512,51.6965],[-2.7512,51.6982],[-2.7539,51.6982],[-2.7539,51.6999],[-2.7539,51.7016],[-2.7539,51.7033],[-2.7567,51.7033],[-2.7567,51.705],[-2.7594,51.705],[-2.7594,51.7067],[-2.7594,51.7084],[-2.7594,51.7101],[-2.7621,51.7101],[-2.7621,51.7118],[-2.7649,51.7118],[-2.7649,51.7135],[-2.7676,51.7135],[-2.7704,51.7135],[-2.7704,51.7152],[-2.7704,51.7168],[-2.7676,51.7168],[-2.7676,51.7185],[-2.7676,51.7202],[-2.7649,51.7219],[-2.7621,51.7219],[-2.7621,51.7236],[-2.7621,51.7253],[-2.7649,51.7253],[-2.7649,51.727],[-2.7676,51.727],[-2.7676,51.7287],[-2.7704,51.7287],[-2.7704,51.7304],[-2.7704,51.7321],[-2.7704,51.7338],[-2.7731,51.7338],[-2.7758,51.7338],[-2.7786,51.7338],[-2.7786,51.7355],[-2.7758,51.7355],[-2.7758,51.7372],[-2.7786,51.7372],[-2.7786,51.7389],[-2.7786,51.7406],[-2.7813,51.7423],[-2.7841,51.7423],[-2.7841,51.744],[-2.7868,51.744],[-2.7868,51.7457],[-2.7841,51.7457],[-2.7841,51.7474],[-2.7841,51.7491],[-2.7841,51.7508],[-2.7841,51.7525],[-2.7813,51.7542],[-2.7841,51.7559],[-2.7841,51.7576],[-2.7813,51.7576],[-2.7786,51.7576],[-2.7758,51.7576],[-2.7731,51.7576],[-2.7731,51.7593],[-2.7704,51.7593],[-2.7704,51.761],[-2.7704,51.7627],[-2.7676,51.7627],[-2.7676,51.7644],[-2.7676,51.766],[-2.7676,51.7677],[-2.7676,51.7694],[-2.7676,51.7711],[-2.7676,51.7728],[-2.7676,51.7745],[-2.7649,51.7745],[-2.7649,51.7762],[-2.7676,51.7762],[-2.7676,51.7779],[-2.7676,51.7796],[-2.7676,51.7813],[-2.7676,51.783],[-2.7676,51.7847],[-2.7676,51.7864],[-2.7676,51.7881],[-2.7649,51.7881],[-2.7649,51.7898],[-2.7621,51.7898],[-2.7594,51.7898],[-2.7567,51.7898],[-2.7539,51.7898],[-2.7512,51.7898],[-2.7484,51.7898],[-2.7457,51.7898],[-2.743,51.7898],[-2.7402,51.7898],[-2.7402,51.7915],[-2.7375,51.7915],[-2.7348,51.7915],[-2.7348,51.7932],[-2.732,51.7932],[-2.732,51.7949],[-2.7293,51.7949],[-2.7265,51.7966],[-2.7238,51.7966],[-2.7238,51.7983],[-2.7211,51.7983],[-2.7183,51.7983],[-2.7183,51.7999],[-2.7156,51.7999],[-2.7156,51.8016],[-2.7128,51.8016],[-2.7128,51.8033],[-2.7101,51.8033],[-2.7101,51.805],[-2.7074,51.805],[-2.7046,51.805],[-2.7019,51.805],[-2.6991,51.805],[-2.6991,51.8033],[-2.6964,51.8033],[-2.6964,51.805],[-2.6937,51.805],[-2.6937,51.8067],[-2.6937,51.8084],[-2.6991,51.8101],[-2.6991,51.8118],[-2.6991,51.8135],[-2.6991,51.8152],[-2.7019,51.8152],[-2.7046,51.8152],[-2.7046,51.8169],[-2.7019,51.8169],[-2.7019,51.8186],[-2.6991,51.8186],[-2.6991,51.8203],[-2.6964,51.8203],[-2.6937,51.8203],[-2.6937,51.822],[-2.6909,51.822],[-2.6909,51.8237],[-2.6882,51.8237],[-2.6882,51.8254],[-2.6882,51.827],[-2.6882,51.8287],[-2.6882,51.8304],[-2.6882,51.8321],[-2.6882,51.8338],[-2.6882,51.8355],[-2.6882,51.8372],[-2.6854,51.8372],[-2.6854,51.8389],[-2.6854,51.8406],[-2.6827,51.8406],[-2.6827,51.8423],[-2.68,51.8423],[-2.68,51.844],[-2.68,51.8457],[-2.6827,51.8457],[-2.6827,51.8474],[-2.6827,51.8491],[-2.68,51.8491],[-2.68,51.8508],[-2.6772,51.8508],[-2.6772,51.8524],[-2.6745,51.8524],[-2.6745,51.8541],[-2.6717,51.8541],[-2.669,51.8541],[-2.669,51.8558],[-2.669,51.8575],[-2.669,51.8592],[-2.669,51.8609],[-2.669,51.8626],[-2.669,51.8643],[-2.669,51.866],[-2.669,51.8677],[-2.669,51.8694],[-2.6663,51.8694],[-2.6635,51.8694],[-2.6608,51.8694],[-2.658,51.8694],[-2.6553,51.8694],[-2.6553,51.8677],[-2.6526,51.8677],[-2.6526,51.8694],[-2.6526,51.8711],[-2.6498,51.8727],[-2.6498,51.8744],[-2.6498,51.8761],[-2.6526,51.8761],[-2.6526,51.8778],[-2.6526,51.8795],[-2.6526,51.8812],[-2.6526,51.8829],[-2.6553,51.8829],[-2.6553,51.8846],[-2.6553,51.8863],[-2.6553,51.888],[-2.6553,51.8897],[-2.6553,51.8914],[-2.6553,51.893],[-2.6526,51.893],[-2.6526,51.8947],[-2.6498,51.8947],[-2.6471,51.8947],[-2.6443,51.8947],[-2.6443,51.8964],[-2.6416,51.8964],[-2.6416,51.8981],[-2.6416,51.8998],[-2.6416,51.9015],[-2.6443,51.9015],[-2.6443,51.9032],[-2.6443,51.9049],[-2.6443,51.9066],[-2.6443,51.9083],[-2.6443,51.9099],[-2.6443,51.9116],[-2.6471,51.9116],[-2.6471,51.9133],[-2.6471,51.915],[-2.6471,51.9167],[-2.6471,51.9184],[-2.6471,51.9201],[-2.6471,51.9218],[-2.6498,51.9218],[-2.6526,51.9218],[-2.6553,51.9218],[-2.6553,51.9235],[-2.658,51.9235],[-2.6608,51.9235],[-2.6608,51.9252],[-2.6635,51.9252],[-2.6663,51.9252],[-2.6663,51.9268],[-2.669,51.9268],[-2.6717,51.9268],[-2.6717,51.9285],[-2.6745,51.9285],[-2.6745,51.9302],[-2.6772,51.9302],[-2.6772,51.9319],[-2.68,51.9319],[-2.68,51.9336],[-2.6827,51.9353],[-2.6827,51.937],[-2.6854,51.937],[-2.6854,51.9387],[-2.6882,51.9387],[-2.6882,51.9404],[-2.6909,51.9404],[-2.6909,51.942],[-2.6909,51.9437],[-2.6937,51.9437],[-2.6937,51.9454],[-2.6937,51.9471],[-2.6964,51.9471],[-2.6964,51.9488],[-2.6991,51.9488],[-2.6991,51.9505],[-2.7019,51.9505],[-2.7019,51.9522],[-2.7046,51.9522],[-2.7046,51.9539],[-2.7046,51.9556],[-2.7074,51.9556],[-2.7074,51.9572],[-2.7074,51.9589],[-2.7046,51.9589],[-2.7046,51.9606],[-2.7019,51.9606],[-2.6991,51.9606],[-2.6991,51.9623],[-2.6964,51.9623],[-2.6937,51.9623],[-2.6909,51.9623],[-2.6882,51.9623],[-2.6882,51.964],[-2.6854,51.964],[-2.6854,51.9657],[-2.6827,51.9657],[-2.68,51.9657],[-2.68,51.9674],[-2.6772,51.9674],[-2.6745,51.9674],[-2.6745,51.9691],[-2.6745,51.9708],[-2.6745,51.9724],[-2.6717,51.9724],[-2.6717,51.9741],[-2.6717,51.9758],[-2.669,51.9758],[-2.669,51.9775],[-2.6717,51.9775],[-2.6717,51.9792],[-2.669,51.9792],[-2.6663,51.9792],[-2.6663,51.9775],[-2.6635,51.9775],[-2.6635,51.9792],[-2.6635,51.9809],[-2.6608,51.9809],[-2.6608,51.9826],[-2.658,51.9826],[-2.658,51.9843],[-2.6553,51.9843],[-2.6526,51.9843],[-2.6526,51.9859],[-2.6526,51.9876],[-2.6553,51.9876],[-2.6553,51.9893],[-2.6553,51.991],[-2.6553,51.9927],[-2.6526,51.9927],[-2.6498,51.9927],[-2.6498,51.9944],[-2.6471,51.9944],[-2.6443,51.9944],[-2.6443,51.9961],[-2.6416,51.9961],[-2.6389,51.9961],[-2.6389,51.9978],[-2.6389,51.9994],[-2.6389,52.0011],[-2.6389,52.0028],[-2.6389,52.0045],[-2.6389,52.0062],[-2.6416,52.0062],[-2.6416,52.0079],[-2.6443,52.0079],[-2.6443,52.0096],[-2.6443,52.0112],[-2.6443,52.0129],[-2.6471,52.0129],[-2.6471,52.0146],[-2.6498,52.0146],[-2.6526,52.0146],[-2.6526,52.0163],[-2.6526,52.018],[-2.6498,52.018],[-2.6471,52.018],[-2.6471,52.0197],[-2.6443,52.0197],[-2.6443,52.0214],[-2.6416,52.0214],[-2.6416,52.023],[-2.6389,52.023],[-2.6389,52.0247],[-2.6361,52.0247],[-2.6334,52.0247],[-2.6306,52.0247],[-2.6306,52.0264],[-2.6306,52.0281],[-2.6279,52.0281],[-2.6279,52.0298],[-2.6279,52.0315],[-2.6252,52.0315],[-2.6252,52.0332],[-2.6252,52.0348],[-2.6252,52.0365],[-2.6252,52.0382],[-2.6252,52.0399],[-2.6252,52.0416],[-2.6252,52.0433],[-2.6252,52.045],[-2.6224,52.0466],[-2.6197,52.0466],[-2.6197,52.045],[-2.6169,52.045],[-2.6169,52.0433],[-2.6142,52.0433],[-2.6115,52.0433],[-2.6087,52.0433],[-2.606,52.0433],[-2.6032,52.0433],[-2.6005,52.0433],[-2.5978,52.0433],[-2.595,52.0433],[-2.5923,52.0433],[-2.5923,52.045],[-2.5895,52.045],[-2.5868,52.045],[-2.5868,52.0433],[-2.5841,52.0433],[-2.5813,52.0433],[-2.5813,52.0416],[-2.5786,52.0416],[-2.5786,52.0399],[-2.5758,52.0399],[-2.5731,52.0399],[-2.5731,52.0382],[-2.5704,52.0382],[-2.5676,52.0382],[-2.5676,52.0365],[-2.5704,52.0365],[-2.5704,52.0348],[-2.5676,52.0348],[-2.5676,52.0332],[-2.5676,52.0315],[-2.5676,52.0298],[-2.5676,52.0281],[-2.5676,52.0264],[-2.5649,52.0264],[-2.5649,52.0247],[-2.5649,52.023],[-2.5676,52.023],[-2.5649,52.0214],[-2.5649,52.0197],[-2.5649,52.018],[-2.5676,52.018],[-2.5676,52.0163],[-2.5676,52.0146],[-2.5649,52.0146],[-2.5649,52.0129],[-2.5649,52.0112],[-2.5621,52.0112],[-2.5621,52.0096],[-2.5621,52.0079],[-2.5621,52.0062],[-2.5594,52.0062],[-2.5594,52.0045],[-2.5567,52.0045],[-2.5567,52.0028],[-2.5539,52.0028],[-2.5539,52.0011],[-2.5567,52.0011],[-2.5567,51.9994],[-2.5594,51.9994],[-2.5594,51.9978],[-2.5594,51.9961],[-2.5567,51.9961],[-2.5567,51.9944],[-2.5567,51.9927],[-2.5594,51.9927],[-2.5594,51.991],[-2.5594,51.9893],[-2.5567,51.9893],[-2.5539,51.9893],[-2.5512,51.9893],[-2.5512,51.9876],[-2.5484,51.9876],[-2.5457,51.9876],[-2.543,51.9876],[-2.543,51.9859],[-2.543,51.9843],[-2.5402,51.9843],[-2.5402,51.9826],[-2.543,51.9826],[-2.543,51.9809],[-2.5457,51.9809],[-2.5457,51.9792],[-2.5457,51.9775],[-2.5484,51.9775],[-2.5484,51.9758],[-2.5457,51.9758],[-2.5457,51.9741],[-2.543,51.9741],[-2.5402,51.9741],[-2.5375,51.9741],[-2.5347,51.9741],[-2.5347,51.9724],[-2.5347,51.9708],[-2.532,51.9708],[-2.5293,51.9708],[-2.5293,51.9691],[-2.5293,51.9674],[-2.5293,51.9657],[-2.5293,51.964],[-2.532,51.964],[-2.532,51.9623],[-2.5293,51.9623],[-2.5293,51.9606],[-2.532,51.9606],[-2.5347,51.9606],[-2.5347,51.9589],[-2.5375,51.9589],[-2.5375,51.9572],[-2.5402,51.9572],[-2.5402,51.9556],[-2.5402,51.9539],[-2.5402,51.9522],[-2.5402,51.9505],[-2.543,51.9505],[-2.5457,51.9488],[-2.5457,51.9471],[-2.5484,51.9471],[-2.5484,51.9454],[-2.5512,51.9454],[-2.5512,51.9437],[-2.5512,51.942],[-2.5539,51.942],[-2.5539,51.9404],[-2.5567,51.9404],[-2.5567,51.9387],[-2.5594,51.9387],[-2.5594,51.937],[-2.5594,51.9353],[-2.5594,51.9336],[-2.5621,51.9336],[-2.5621,51.9319],[-2.5621,51.9302],[-2.5649,51.9302],[-2.5649,51.9285],[-2.5676,51.9285],[-2.5704,51.9285],[-2.5704,51.9268],[-2.5731,51.9268],[-2.5731,51.9252],[-2.5758,51.9252],[-2.5758,51.9235],[-2.5758,51.9218],[-2.5786,51.9218],[-2.5786,51.9201],[-2.5786,51.9184],[-2.5813,51.9184],[-2.5813,51.9167],[-2.5786,51.9167],[-2.5758,51.9167],[-2.5731,51.9167],[-2.5731,51.915],[-2.5704,51.915],[-2.5704,51.9133],[-2.5704,51.9116],[-2.5731,51.9116],[-2.5731,51.9099],[-2.5758,51.9099],[-2.5758,51.9083],[-2.5786,51.9083],[-2.5786,51.9066],[-2.5813,51.9066],[-2.5841,51.9066],[-2.5841,51.9049],[-2.5841,51.9032],[-2.5813,51.9032],[-2.5786,51.9032],[-2.5758,51.9032],[-2.5758,51.9015],[-2.5731,51.9015],[-2.5731,51.8998],[-2.5704,51.8981],[-2.5704,51.8964],[-2.5676,51.8964],[-2.5676,51.8947],[-2.5676,51.893],[-2.5676,51.8914],[-2.5676,51.8897],[-2.5704,51.8897],[-2.5704,51.888],[-2.5731,51.888],[-2.5758,51.888],[-2.5758,51.8863],[-2.5731,51.8863],[-2.5731,51.8846],[-2.5704,51.8846],[-2.5704,51.8829],[-2.5731,51.8829],[-2.5731,51.8812],[-2.5758,51.8812],[-2.5758,51.8795],[-2.5758,51.8778],[-2.5786,51.8778],[-2.5813,51.8761],[-2.5813,51.8744],[-2.5813,51.8727],[-2.5786,51.8727],[-2.5758,51.8711],[-2.5786,51.8711],[-2.5786,51.8694],[-2.5813,51.8694],[-2.5813,51.8677],[-2.5813,51.866],[-2.5813,51.8643],[-2.5786,51.8643],[-2.5758,51.8643],[-2.5731,51.8643],[-2.5731,51.866],[-2.5704,51.866],[-2.5704,51.8643],[-2.5676,51.8643],[-2.5676,51.8626],[-2.5649,51.8626],[-2.5649,51.8609],[-2.5621,51.8609],[-2.5621,51.8592],[-2.5649,51.8592],[-2.5676,51.8592],[-2.5676,51.8575],[-2.5649,51.8575],[-2.5649,51.8558],[-2.5621,51.8558],[-2.5594,51.8558],[-2.5594,51.8541],[-2.5594,51.8524],[-2.5621,51.8524],[-2.5621,51.8508],[-2.5649,51.8491],[-2.5676,51.8491],[-2.5704,51.8508],[-2.5704,51.8491],[-2.5731,51.8491],[-2.5758,51.8491],[-2.5758,51.8474],[-2.5786,51.8474],[-2.5813,51.8474],[-2.5841,51.8474],[-2.5868,51.8474],[-2.5868,51.8457],[-2.5895,51.8457],[-2.5895,51.844],[-2.5868,51.844],[-2.5841,51.844],[-2.5841,51.8423],[-2.5868,51.8423],[-2.5868,51.8406],[-2.5841,51.8406],[-2.5841,51.8389],[-2.5813,51.8389],[-2.5813,51.8372],[-2.5813,51.8355],[-2.5841,51.8355],[-2.5841,51.8338],[-2.5841,51.8321],[-2.5868,51.8321],[-2.5868,51.8304],[-2.5868,51.8287],[-2.5895,51.8287],[-2.5895,51.827],[-2.5895,51.8254],[-2.5923,51.8254],[-2.5923,51.8237],[-2.5923,51.822],[-2.5895,51.822],[-2.5895,51.8203],[-2.5868,51.8203],[-2.5895,51.8186],[-2.5923,51.8186],[-2.5923,51.8169],[-2.595,51.8169],[-2.5978,51.8169],[-2.6005,51.8169],[-2.6032,51.8169],[-2.606,51.8169],[-2.6087,51.8169],[-2.6115,51.8169],[-2.6115,51.8186],[-2.6142,51.8186],[-2.6142,51.8169],[-2.6169,51.8169],[-2.6197,51.8169],[-2.6224,51.8169],[-2.6224,51.8186],[-2.6252,51.8186],[-2.6279,51.8186],[-2.6279,51.8169],[-2.6279,51.8152],[-2.6279,51.8135],[-2.6252,51.8135],[-2.6252,51.8118],[-2.6252,51.8101],[-2.6252,51.8084],[-2.6224,51.8084],[-2.6224,51.8067],[-2.6224,51.805],[-2.6224,51.8033],[-2.6252,51.8033],[-2.6252,51.8016],[-2.6279,51.8016],[-2.6279,51.7999],[-2.6306,51.7983],[-2.6334,51.7983],[-2.6334,51.7966],[-2.6361,51.7966],[-2.6361,51.7949],[-2.6389,51.7949],[-2.6416,51.7949],[-2.6416,51.7932],[-2.6416,51.7915],[-2.6389,51.7915],[-2.6389,51.7898],[-2.6361,51.7898],[-2.6361,51.7881],[-2.6334,51.7881],[-2.6334,51.7864],[-2.6306,51.7864],[-2.6306,51.7847],[-2.6306,51.783],[-2.6306,51.7813],[-2.6334,51.7813],[-2.6334,51.7796],[-2.6334,51.7779],[-2.6361,51.7779]]]},"properties":{"NAME":"Wye Valley","CODE":"37","DESIG_DATE":"Dec-71"}},{"type":"Feature","geometry":{"type":"Polygon","coordinates":[[[-2.8745,54.1935],[-2.8717,54.1935],[-2.8717,54.1919],[-2.869,54.1919],[-2.8663,54.1919],[-2.8663,54.1935],[-2.8635,54.1935],[-2.8635,54.1951],[-2.8608,54.1951],[-2.858,54.1951],[-2.858,54.1967],[-2.8553,54.1967],[-2.8526,54.1967],[-2.8526,54.1983],[-2.8498,54.1983],[-2.8471,54.1999],[-2.8443,54.1999],[-2.8416,54.1999],[-2.8416,54.2015],[-2.8416,54.2064],[-2.8416,54.208],[-2.8416,54.2096],[-2.8389,54.2096],[-2.8389,54.2112],[-2.8389,54.2128],[-2.8361,54.2144],[-2.8361,54.216],[-2.8334,54.216],[-2.8334,54.2176],[-2.8334,54.2192],[-2.8306,54.2192],[-2.8279,54.2192],[-2.8252,54.2192],[-2.8252,54.2208],[-2.8224,54.2208],[-2.8197,54.2208],[-2.8197,54.2224],[-2.8169,54.2224],[-2.8169,54.2208],[-2.8142,54.2208],[-2.8115,54.2208],[-2.8087,54.2208],[-2.8087,54.2224],[-2.806,54.224],[-2.806,54.2256],[-2.806,54.2272],[-2.8032,54.2272],[-2.8005,54.2272],[-2.7978,54.2272],[-2.795,54.2272],[-2.7923,54.2272],[-2.7895,54.2272],[-2.7868,54.2272],[-2.7868,54.2256],[-2.7841,54.2256],[-2.7841,54.224],[-2.7813,54.224],[-2.7813,54.2256],[-2.7786,54.2256],[-2.7758,54.2256],[-2.7758,54.224],[-2.7758,54.2224],[-2.7731,54.2224],[-2.7731,54.2208],[-2.7731,54.2192],[-2.7731,54.2176],[-2.7731,54.216],[-2.7731,54.2144],[-2.7704,54.2144],[-2.7704,54.2128],[-2.7704,54.2112],[-2.7731,54.2112],[-2.7731,54.2096],[-2.7731,54.208],[-2.7704,54.208],[-2.7704,54.2064],[-2.7676,54.2064],[-2.7676,54.2047],[-2.7649,54.2047],[-2.7649,54.2031],[-2.7621,54.2031],[-2.7621,54.2015],[-2.7621,54.1999],[-2.7594,54.1999],[-2.7594,54.1983],[-2.7567,54.1983],[-2.7567,54.1967],[-2.7539,54.1967],[-2.7539,54.1951],[-2.7539,54.1935],[-2.7539,54.1919],[-2.7539,54.1903],[-2.7539,54.1887],[-2.7539,54.1871],[-2.7539,54.1855],[-2.7539,54.1839],[-2.7539,54.1823],[-2.7539,54.1807],[-2.7512,54.1807],[-2.7512,54.1791],[-2.7512,54.1775],[-2.7484,54.1775],[-2.7484,54.1759],[-2.7484,54.1743],[-2.7484,54.1727],[-2.7484,54.1711],[-2.7512,54.1711],[-2.7512,54.1695],[-2.7512,54.1679],[-2.7512,54.1663],[-2.7512,54.1647],[-2.7512,54.1631],[-2.7484,54.1631],[-2.7484,54.1615],[-2.7484,54.1599],[-2.7484,54.1582],[-2.7484,54.1566],[-2.7484,54.155],[-2.7484,54.1534],[-2.7484,54.1518],[-2.7457,54.1518],[-2.7457,54.1502],[-2.7457,54.1486],[-2.7484,54.1486],[-2.7512,54.1486],[-2.7512,54.147],[-2.7512,54.1454],[-2.7539,54.1454],[-2.7539,54.1438],[-2.7539,54.1422],[-2.7567,54.1422],[-2.7567,54.1406],[-2.7567,54.139],[-2.7594,54.139],[-2.7594,54.1374],[-2.7621,54.1374],[-2.7649,54.1374],[-2.7649,54.1358],[-2.7676,54.1374],[-2.7704,54.1374],[-2.7731,54.1374],[-2.7758,54.1374],[-2.7786,54.1358],[-2.7813,54.1358],[-2.7841,54.1358],[-2.7841,54.1342],[-2.7868,54.1342],[-2.7868,54.1326],[-2.7895,54.1326],[-2.7923,54.1326],[-2.7923,54.131],[-2.7923,54.1294],[-2.7923,54.1278],[-2.7923,54.1262],[-2.795,54.1262],[-2.795,54.1245],[-2.795,54.1229],[-2.7978,54.1229],[-2.8005,54.1229],[-2.806,54.1229],[-2.8115,54.1229],[-2.8169,54.1229],[-2.8197,54.1229],[-2.8224,54.1229],[-2.8252,54.1229],[-2.8279,54.1229],[-2.8306,54.1229],[-2.8334,54.1229],[-2.8361,54.1229],[-2.8389,54.1229],[-2.8416,54.1229],[-2.8443,54.1229],[-2.8471,54.1229],[-2.8498,54.1229],[-2.8526,54.1245],[-2.8553,54.1245],[-2.858,54.1245],[-2.8608,54.1245],[-2.8635,54.1245],[-2.8663,54.1245],[-2.869,54.1245],[-2.8717,54.1245],[-2.8745,54.1245],[-2.8745,54.1262],[-2.8745,54.1278],[-2.8772,54.1294],[-2.8772,54.131],[-2.8772,54.1326],[-2.8772,54.1342],[-2.8772,54.1374],[-2.8745,54.139],[-2.8745,54.1406],[-2.8745,54.1422],[-2.8717,54.1438],[-2.8717,54.1454],[-2.8717,54.147],[-2.8717,54.1486],[-2.8717,54.1502],[-2.869,54.1518],[-2.869,54.1534],[-2.869,54.1566],[-2.8717,54.1582],[-2.8717,54.1599],[-2.8717,54.1615],[-2.8717,54.1631],[-2.8745,54.1647],[-2.8772,54.1663],[-2.8772,54.1679],[-2.8772,54.1695],[-2.8772,54.1711],[-2.8772,54.1727],[-2.8772,54.1759],[-2.8772,54.1775],[-2.8772,54.1791],[-2.8772,54.1807],[-2.8772,54.1823],[-2.8772,54.1839],[-2.8772,54.1871],[-2.8772,54.1887],[-2.8772,54.1903],[-2.8772,54.1919],[-2.8772,54.1935],[-2.8745,54.1935]]]},"properties":{"NAME":"Arnside & Silverdale","CODE":"1","DESIG_DATE":"Dec-72"}},{"type":"Feature","geometry":{"type":"MultiPolygon","coordinates":[[[[-0.3292,51.2888],[-0.3292,51.2905],[-0.3264,51.2905],[-0.3264,51.2888],[-0.3292,51.2888]]],[[[-0.2798,51.2751],[-0.2798,51.2768],[-0.2771,51.2768],[-0.2771,51.2751],[-0.2798,51.2751]]],[[[-0.2963,51.2322],[-0.2963,51.2339],[-0.2935,51.2339],[-0.2935,51.2322],[-0.2963,51.2322]]],[[[-0.4881,51.1515],[-0.4881,51.1532],[-0.4908,51.1532],[-0.4908,51.1549],[-0.4908,51.1566],[-0.4935,51.1584],[-0.4935,51.1601],[-0.4963,51.1601],[-0.499,51.1601],[-0.499,51.1618],[-0.5018,51.1618],[-0.5018,51.1635],[-0.5045,51.1635],[-0.5072,51.1635],[-0.51,51.1635],[-0.51,51.1652],[-0.51,51.167],[-0.51,51.1687],[-0.51,51.1704],[-0.5127,51.1704],[-0.5127,51.1721],[-0.5127,51.1738],[-0.5155,51.1738],[-0.5155,51.1755],[-0.5182,51.1755],[-0.5182,51.1773],[-0.5209,51.1773],[-0.5209,51.179],[-0.5237,51.179],[-0.5237,51.1807],[-0.5237,51.1824],[-0.5237,51.1841],[-0.5264,51.1841],[-0.5264,51.1858],[-0.5292,51.1876],[-0.5292,51.1893],[-0.5292,51.191],[-0.5319,51.191],[-0.5319,51.1927],[-0.5319,51.1944],[-0.5319,51.1961],[-0.5292,51.1961],[-0.5292,51.1979],[-0.5292,51.1996],[-0.5292,51.2013],[-0.5292,51.203],[-0.5319,51.2047],[-0.5319,51.2065],[-0.5319,51.2082],[-0.5292,51.2099],[-0.5292,51.2116],[-0.5264,51.2116],[-0.5237,51.2116],[-0.5237,51.2133],[-0.5237,51.215],[-0.5209,51.215],[-0.5182,51.215],[-0.5182,51.2167],[-0.5209,51.2167],[-0.5209,51.2185],[-0.5237,51.2185],[-0.5264,51.2185],[-0.5292,51.2185],[-0.5319,51.2185],[-0.5346,51.2185],[-0.5346,51.2167],[-0.5374,51.2167],[-0.5374,51.215],[-0.5401,51.215],[-0.5429,51.215],[-0.5456,51.215],[-0.5483,51.215],[-0.5511,51.215],[-0.5538,51.215],[-0.5566,51.215],[-0.5593,51.215],[-0.562,51.215],[-0.562,51.2167],[-0.5648,51.2167],[-0.5648,51.2185],[-0.5675,51.2185],[-0.5675,51.2202],[-0.5648,51.2202],[-0.5648,51.2219],[-0.5648,51.2236],[-0.5648,51.2253],[-0.5648,51.227],[-0.562,51.227],[-0.562,51.2288],[-0.5593,51.2288],[-0.5593,51.2305],[-0.562,51.2305],[-0.562,51.2322],[-0.5593,51.2322],[-0.5566,51.2322],[-0.5566,51.2339],[-0.5538,51.2339],[-0.5511,51.2339],[-0.5511,51.2356],[-0.5483,51.2356],[-0.5456,51.2339],[-0.5429,51.2339],[-0.5429,51.2356],[-0.5401,51.2356],[-0.5374,51.2356],[-0.5374,51.2373],[-0.5401,51.2373],[-0.5429,51.2373],[-0.5456,51.2373],[-0.5456,51.2391],[-0.5429,51.2391],[-0.5401,51.2391],[-0.5401,51.2408],[-0.5374,51.2408],[-0.5346,51.2408],[-0.5319,51.2408],[-0.5292,51.2408],[-0.5292,51.2425],[-0.5264,51.2425],[-0.5237,51.2425],[-0.5237,51.2408],[-0.5209,51.2408],[-0.5182,51.2408],[-0.5155,51.2408],[-0.5155,51.2425],[-0.5127,51.2425],[-0.51,51.2425],[-0.5072,51.2425],[-0.5072,51.2442],[-0.5045,51.2442],[-0.5045,51.2425],[-0.5018,51.2425],[-0.5018,51.2442],[-0.499,51.2442],[-0.499,51.2459],[-0.4963,51.2459],[-0.4935,51.2459],[-0.4908,51.2459],[-0.4908,51.2476],[-0.4881,51.2476],[-0.4853,51.2476],[-0.4826,51.2476],[-0.4826,51.2493],[-0.4798,51.2493],[-0.4771,51.2493],[-0.4744,51.2493],[-0.4716,51.2493],[-0.4716,51.2511],[-0.4689,51.2511],[-0.4661,51.2511],[-0.4661,51.2528],[-0.4634,51.2528],[-0.4607,51.2528],[-0.4579,51.2545],[-0.4552,51.2545],[-0.4524,51.2545],[-0.4524,51.2562],[-0.4497,51.2562],[-0.447,51.2562],[-0.447,51.2579],[-0.447,51.2596],[-0.4442,51.2596],[-0.4415,51.2596],[-0.4415,51.2613],[-0.4387,51.2613],[-0.4387,51.2631],[-0.436,51.2631],[-0.436,51.2613],[-0.436,51.2596],[-0.436,51.2579],[-0.436,51.2562],[-0.436,51.2545],[-0.436,51.2528],[-0.4333,51.2528],[-0.4305,51.2528],[-0.4278,51.2528],[-0.425,51.2528],[-0.425,51.2545],[-0.4223,51.2545],[-0.4223,51.2562],[-0.4223,51.2579],[-0.4196,51.2579],[-0.4196,51.2596],[-0.4168,51.2596],[-0.4168,51.2579],[-0.4141,51.2579],[-0.4141,51.2562],[-0.4141,51.2545],[-0.4113,51.2545],[-0.4113,51.2562],[-0.4086,51.2562],[-0.4086,51.2545],[-0.4059,51.2545],[-0.4059,51.2562],[-0.4031,51.2562],[-0.4004,51.2562],[-0.4004,51.2579],[-0.3976,51.2579],[-0.3976,51.2562],[-0.3949,51.2562],[-0.3922,51.2562],[-0.3894,51.2562],[-0.3894,51.2579],[-0.3867,51.2579],[-0.3867,51.2596],[-0.3839,51.2596],[-0.3812,51.2596],[-0.3812,51.2613],[-0.3812,51.2631],[-0.3812,51.2648],[-0.3812,51.2665],[-0.3839,51.2665],[-0.3839,51.2682],[-0.3839,51.2699],[-0.3839,51.2716],[-0.3812,51.2716],[-0.3812,51.2733],[-0.3785,51.2733],[-0.3785,51.2716],[-0.3757,51.2716],[-0.3757,51.2699],[-0.373,51.2699],[-0.373,51.2716],[-0.3702,51.2716],[-0.3675,51.2716],[-0.3675,51.2699],[-0.3675,51.2682],[-0.3675,51.2665],[-0.3648,51.2665],[-0.3648,51.2682],[-0.362,51.2682],[-0.362,51.2699],[-0.362,51.2716],[-0.3593,51.2716],[-0.3593,51.2733],[-0.3593,51.2751],[-0.3593,51.2768],[-0.3593,51.2785],[-0.362,51.2785],[-0.3593,51.2802],[-0.3566,51.2802],[-0.3566,51.2819],[-0.3538,51.2819],[-0.3511,51.2819],[-0.3511,51.2836],[-0.3483,51.2836],[-0.3456,51.2836],[-0.3456,51.2819],[-0.3429,51.2819],[-0.3429,51.2836],[-0.3401,51.2836],[-0.3374,51.2836],[-0.3346,51.2819],[-0.3346,51.2836],[-0.3319,51.2836],[-0.3319,51.2853],[-0.3319,51.2871],[-0.3292,51.2871],[-0.3292,51.2853],[-0.3292,51.2836],[-0.3264,51.2836],[-0.3264,51.2819],[-0.3264,51.2802],[-0.3264,51.2785],[-0.3264,51.2768],[-0.3237,51.2768],[-0.3209,51.2768],[-0.3209,51.2751],[-0.3182,51.2751],[-0.3155,51.2751],[-0.3127,51.2751],[-0.31,51.2751],[-0.3072,51.2751],[-0.3045,51.2751],[-0.3018,51.2751],[-0.3018,51.2733],[-0.299,51.2733],[-0.299,51.2716],[-0.299,51.2699],[-0.2963,51.2699],[-0.2935,51.2699],[-0.2935,51.2716],[-0.2908,51.2716],[-0.2908,51.2699],[-0.2908,51.2682],[-0.2881,51.2682],[-0.2881,51.2699],[-0.2853,51.2699],[-0.2853,51.2716],[-0.2826,51.2733],[-0.2798,51.2733],[-0.2798,51.2716],[-0.2771,51.2716],[-0.2771,51.2733],[-0.2771,51.2751],[-0.2744,51.2751],[-0.2716,51.2751],[-0.2716,51.2733],[-0.2689,51.2733],[-0.2689,51.2716],[-0.2716,51.2699],[-0.2744,51.2699],[-0.2744,51.2682],[-0.2716,51.2682],[-0.2689,51.2682],[-0.2661,51.2682],[-0.2607,51.2665],[-0.2607,51.2648],[-0.2579,51.2648],[-0.2552,51.2648],[-0.2524,51.2648],[-0.2524,51.2665],[-0.2524,51.2682],[-0.2497,51.2682],[-0.2497,51.2665],[-0.247,51.2665],[-0.247,51.2648],[-0.2442,51.2648],[-0.2415,51.2648],[-0.2387,51.2648],[-0.2387,51.2631],[-0.236,51.2631],[-0.236,51.2613],[-0.236,51.2596],[-0.2333,51.2596],[-0.2333,51.2579],[-0.2305,51.2579],[-0.2305,51.2562],[-0.2278,51.2562],[-0.225,51.2562],[-0.225,51.2579],[-0.225,51.2596],[-0.2278,51.2596],[-0.2278,51.2613],[-0.225,51.2613],[-0.225,51.2631],[-0.2223,51.2631],[-0.2196,51.2631],[-0.2168,51.2648],[-0.2141,51.2648],[-0.2113,51.2648],[-0.2086,51.2648],[-0.2086,51.2665],[-0.2059,51.2665],[-0.2031,51.2665],[-0.2031,51.2648],[-0.2004,51.2631],[-0.2004,51.2613],[-0.2004,51.2596],[-0.1976,51.2579],[-0.1976,51.2596],[-0.1976,51.2613],[-0.1949,51.2613],[-0.1949,51.2631],[-0.1949,51.2648],[-0.1922,51.2648],[-0.1922,51.2665],[-0.1894,51.2665],[-0.1894,51.2682],[-0.1894,51.2699],[-0.1867,51.2699],[-0.1839,51.2699],[-0.1839,51.2716],[-0.1839,51.2733],[-0.1839,51.2751],[-0.1839,51.2768],[-0.1839,51.2785],[-0.1839,51.2802],[-0.1839,51.2819],[-0.1839,51.2836],[-0.1812,51.2836],[-0.1785,51.2836],[-0.1785,51.2819],[-0.173,51.2819],[-0.1702,51.2819],[-0.1702,51.2836],[-0.1702,51.2853],[-0.1702,51.2871],[-0.1702,51.2888],[-0.1675,51.2888],[-0.1675,51.2905],[-0.1648,51.2905],[-0.1648,51.2922],[-0.162,51.2922],[-0.1593,51.2922],[-0.1593,51.2905],[-0.1565,51.2905],[-0.1565,51.2888],[-0.1538,51.2871],[-0.1511,51.2871],[-0.1511,51.2853],[-0.1483,51.2853],[-0.1456,51.2853],[-0.1456,51.2836],[-0.1456,51.2819],[-0.1428,51.2819],[-0.1428,51.2802],[-0.1401,51.2802],[-0.1374,51.2802],[-0.1346,51.2785],[-0.1319,51.2785],[-0.1291,51.2768],[-0.1264,51.2768],[-0.1237,51.2751],[-0.1209,51.2751],[-0.1209,51.2733],[-0.1182,51.2733],[-0.1154,51.2733],[-0.1127,51.2733],[-0.11,51.2733],[-0.11,51.2716],[-0.1072,51.2716],[-0.1045,51.2716],[-0.1045,51.2699],[-0.1017,51.2699],[-0.1017,51.2682],[-0.1017,51.2665],[-0.099,51.2665],[-0.099,51.2648],[-0.099,51.2631],[-0.0963,51.2631],[-0.0935,51.2631],[-0.0908,51.2631],[-0.088,51.2631],[-0.0853,51.2631],[-0.0826,51.2631],[-0.0798,51.2631],[-0.0771,51.2631],[-0.0743,51.2631],[-0.0743,51.2648],[-0.0716,51.2648],[-0.0716,51.2665],[-0.0716,51.2682],[-0.0716,51.2699],[-0.0716,51.2716],[-0.0716,51.2733],[-0.0716,51.2751],[-0.0716,51.2768],[-0.0716,51.2785],[-0.0716,51.2802],[-0.0716,51.2819],[-0.0743,51.2819],[-0.0743,51.2836],[-0.0743,51.2853],[-0.0771,51.2853],[-0.0743,51.2871],[-0.0743,51.2888],[-0.0716,51.2888],[-0.0716,51.2905],[-0.0716,51.2922],[-0.0689,51.2922],[-0.0689,51.2939],[-0.0661,51.2939],[-0.0661,51.2956],[-0.0634,51.2956],[-0.0606,51.2956],[-0.0579,51.2956],[-0.0579,51.2939],[-0.0552,51.2939],[-0.0552,51.2922],[-0.0524,51.2922],[-0.0524,51.2905],[-0.0524,51.2888],[-0.0497,51.2888],[-0.0497,51.2871],[-0.0497,51.2853],[-0.0469,51.2853],[-0.0469,51.2836],[-0.0442,51.2836],[-0.0442,51.2819],[-0.0442,51.2802],[-0.0442,51.2785],[-0.0415,51.2785],[-0.0415,51.2768],[-0.0415,51.2751],[-0.0387,51.2733],[-0.036,51.2733],[-0.0332,51.2733],[-0.0332,51.2716],[-0.0305,51.2716],[-0.0278,51.2716],[-0.025,51.2716],[-0.025,51.2733],[-0.0223,51.2733],[-0.0223,51.2751],[-0.0195,51.2751],[-0.0168,51.2768],[-0.0141,51.2751],[-0.0141,51.2768],[-0.0113,51.2768],[-0.0086,51.2768],[-0.0058,51.2785],[-0.0031,51.2802],[-0.0004,51.2802],[-0.0004,51.2819],[0.0024,51.2836],[0.0051,51.2836],[0.0078,51.2836],[0.0078,51.2853],[0.0106,51.2853],[0.0133,51.2853],[0.0161,51.2853],[0.0188,51.2853],[0.0215,51.2853],[0.0215,51.2871],[0.0243,51.2871],[0.0298,51.2871],[0.0325,51.2871],[0.0352,51.2871],[0.038,51.2871],[0.0407,51.2871],[0.0435,51.2871],[0.0462,51.2871],[0.0489,51.2871],[0.0489,51.2853],[0.0489,51.2836],[0.0462,51.2836],[0.0462,51.2819],[0.0462,51.2802],[0.0462,51.2785],[0.0462,51.2768],[0.0462,51.2751],[0.0462,51.2733],[0.0462,51.2716],[0.0489,51.2716],[0.0489,51.2699],[0.0489,51.2682],[0.0489,51.2665],[0.0489,51.2648],[0.0517,51.2648],[0.0517,51.2631],[0.0517,51.2613],[0.0517,51.2596],[0.0517,51.2579],[0.0544,51.2579],[0.0544,51.2562],[0.0544,51.2545],[0.0544,51.2528],[0.0572,51.2528],[0.0572,51.2511],[0.0572,51.2493],[0.0572,51.2476],[0.0572,51.2459],[0.0572,51.2442],[0.0572,51.2425],[0.0544,51.2425],[0.0517,51.2425],[0.0517,51.2442],[0.0489,51.2442],[0.0489,51.2425],[0.0462,51.2425],[0.0462,51.2442],[0.0462,51.2459],[0.0435,51.2459],[0.0435,51.2476],[0.0435,51.2493],[0.0435,51.2511],[0.0407,51.2511],[0.038,51.2511],[0.0352,51.2511],[0.0325,51.2511],[0.0325,51.2528],[0.0298,51.2528],[0.0298,51.2545],[0.027,51.2545],[0.027,51.2562],[0.027,51.2579],[0.0298,51.2579],[0.0298,51.2596],[0.027,51.2596],[0.027,51.2579],[0.0243,51.2579],[0.0243,51.2562],[0.0215,51.2562],[0.0215,51.2579],[0.0215,51.2596],[0.0188,51.2579],[0.0161,51.2579],[0.0161,51.2596],[0.0161,51.2613],[0.0133,51.2613],[0.0133,51.2631],[0.0106,51.2631],[0.0078,51.2631],[0.0078,51.2648],[0.0078,51.2665],[0.0051,51.2648],[0.0024,51.2631],[-0.0004,51.2631],[-0.0004,51.2648],[-0.0031,51.2648],[-0.0058,51.2648],[-0.0058,51.2665],[-0.0086,51.2665],[-0.0086,51.2682],[-0.0113,51.2682],[-0.0141,51.2682],[-0.0168,51.2682],[-0.0195,51.2682],[-0.0223,51.2682],[-0.0223,51.2665],[-0.025,51.2665],[-0.025,51.2648],[-0.0278,51.2648],[-0.0305,51.2631],[-0.0278,51.2631],[-0.0278,51.2613],[-0.0305,51.2613],[-0.0332,51.2613],[-0.036,51.2596],[-0.036,51.2613],[-0.0387,51.2613],[-0.0387,51.2596],[-0.0387,51.2579],[-0.0415,51.2579],[-0.0442,51.2579],[-0.0469,51.2579],[-0.0497,51.2579],[-0.0524,51.2579],[-0.0552,51.2579],[-0.0579,51.2579],[-0.0606,51.2579],[-0.0634,51.2579],[-0.0661,51.2579],[-0.0689,51.2579],[-0.0689,51.2562],[-0.0689,51.2545],[-0.0716,51.2545],[-0.0743,51.2545],[-0.0771,51.2545],[-0.0798,51.2545],[-0.0798,51.2528],[-0.0826,51.2528],[-0.0853,51.2528],[-0.088,51.2528],[-0.0908,51.2528],[-0.0935,51.2528],[-0.0963,51.2528],[-0.099,51.2528],[-0.1017,51.2528],[-0.1045,51.2528],[-0.1045,51.2545],[-0.1072,51.2545],[-0.11,51.2545],[-0.1127,51.2545],[-0.1154,51.2545],[-0.1182,51.2545],[-0.1209,51.2545],[-0.1237,51.2545],[-0.1264,51.2528],[-0.1291,51.2528],[-0.1291,51.2545],[-0.1319,51.2545],[-0.1319,51.2562],[-0.1319,51.2579],[-0.1291,51.2579],[-0.1291,51.2596],[-0.1291,51.2613],[-0.1291,51.2648],[-0.1319,51.2648],[-0.1319,51.2665],[-0.1346,51.2665],[-0.1374,51.2665],[-0.1401,51.2665],[-0.1401,51.2682],[-0.1401,51.2699],[-0.1401,51.2716],[-0.1428,51.2716],[-0.1428,51.2733],[-0.1456,51.2733],[-0.1456,51.2751],[-0.1483,51.2751],[-0.1511,51.2751],[-0.1538,51.2751],[-0.1565,51.2751],[-0.1565,51.2733],[-0.1565,51.2716],[-0.1538,51.2716],[-0.1538,51.2699],[-0.1565,51.2699],[-0.1593,51.2699],[-0.1593,51.2682],[-0.1565,51.2682],[-0.1565,51.2648],[-0.1565,51.2631],[-0.1565,51.2613],[-0.1565,51.2596],[-0.1593,51.2596],[-0.1593,51.2579],[-0.1593,51.2562],[-0.162,51.2562],[-0.162,51.2545],[-0.1648,51.2545],[-0.1675,51.2545],[-0.1675,51.2528],[-0.1702,51.2528],[-0.173,51.2528],[-0.1757,51.2528],[-0.1757,51.2511],[-0.1785,51.2511],[-0.1812,51.2511],[-0.1812,51.2493],[-0.1839,51.2493],[-0.1867,51.2493],[-0.1867,51.2511],[-0.1894,51.2511],[-0.1922,51.2511],[-0.1949,51.2511],[-0.1976,51.2511],[-0.2004,51.2511],[-0.2031,51.2511],[-0.2059,51.2511],[-0.2086,51.2511],[-0.2113,51.2511],[-0.2141,51.2511],[-0.2141,51.2528],[-0.2168,51.2528],[-0.2196,51.2528],[-0.2223,51.2528],[-0.2223,51.2511],[-0.225,51.2511],[-0.225,51.2493],[-0.2278,51.2476],[-0.2278,51.2459],[-0.2305,51.2459],[-0.2305,51.2476],[-0.2333,51.2476],[-0.236,51.2476],[-0.2387,51.2476],[-0.2415,51.2493],[-0.2442,51.2493],[-0.247,51.2493],[-0.2497,51.2493],[-0.2497,51.2511],[-0.2524,51.2511],[-0.2552,51.2511],[-0.2579,51.2511],[-0.2607,51.2493],[-0.2634,51.2493],[-0.2661,51.2493],[-0.2661,51.2476],[-0.2689,51.2476],[-0.2716,51.2476],[-0.2716,51.2459],[-0.2744,51.2459],[-0.2744,51.2442],[-0.2771,51.2442],[-0.2771,51.2425],[-0.2798,51.2425],[-0.2826,51.2425],[-0.2853,51.2425],[-0.2881,51.2425],[-0.2908,51.2425],[-0.2935,51.2425],[-0.2963,51.2425],[-0.2963,51.2408],[-0.2935,51.2408],[-0.2935,51.2391],[-0.2935,51.2373],[-0.2935,51.2356],[-0.2963,51.2356],[-0.2963,51.2339],[-0.299,51.2339],[-0.3018,51.2339],[-0.3045,51.2339],[-0.3072,51.2339],[-0.31,51.2339],[-0.31,51.2322],[-0.31,51.2305],[-0.31,51.2288],[-0.3127,51.2288],[-0.3127,51.227],[-0.3127,51.2253],[-0.3127,51.2236],[-0.3155,51.2236],[-0.3182,51.2236],[-0.3182,51.2253],[-0.3209,51.2253],[-0.3209,51.227],[-0.3237,51.227],[-0.3237,51.2288],[-0.3237,51.2305],[-0.3237,51.2322],[-0.3209,51.2322],[-0.3182,51.2322],[-0.3155,51.2322],[-0.3155,51.2339],[-0.3155,51.2356],[-0.3127,51.2356],[-0.3127,51.2373],[-0.3127,51.2391],[-0.3155,51.2391],[-0.3155,51.2408],[-0.3182,51.2408],[-0.3182,51.2425],[-0.3209,51.2425],[-0.3209,51.2442],[-0.3237,51.2442],[-0.3264,51.2442],[-0.3264,51.2425],[-0.3292,51.2425],[-0.3319,51.2425],[-0.3319,51.2408],[-0.3346,51.2408],[-0.3346,51.2391],[-0.3374,51.2391],[-0.3401,51.2391],[-0.3429,51.2391],[-0.3429,51.2373],[-0.3429,51.2356],[-0.3456,51.2356],[-0.3456,51.2373],[-0.3483,51.2373],[-0.3511,51.2373],[-0.3538,51.2373],[-0.3566,51.2373],[-0.3593,51.2373],[-0.3593,51.2356],[-0.3593,51.2339],[-0.3566,51.2339],[-0.3566,51.2322],[-0.3566,51.2305],[-0.3538,51.2305],[-0.3538,51.2288],[-0.3538,51.227],[-0.3511,51.227],[-0.3483,51.227],[-0.3483,51.2253],[-0.3456,51.2253],[-0.3429,51.2253],[-0.3401,51.2253],[-0.3374,51.2253],[-0.3374,51.2236],[-0.3374,51.2219],[-0.3374,51.2202],[-0.3346,51.2202],[-0.3346,51.2185],[-0.3319,51.2185],[-0.3292,51.2185],[-0.3292,51.2167],[-0.3319,51.2167],[-0.3292,51.215],[-0.3319,51.215],[-0.3319,51.2133],[-0.3319,51.2116],[-0.3292,51.2116],[-0.3292,51.2133],[-0.3264,51.2133],[-0.3264,51.2116],[-0.3264,51.2099],[-0.3264,51.2082],[-0.3264,51.2065],[-0.3237,51.2065],[-0.3209,51.2065],[-0.3209,51.2047],[-0.3182,51.2047],[-0.3182,51.203],[-0.3155,51.203],[-0.3155,51.2047],[-0.3127,51.2047],[-0.31,51.2047],[-0.31,51.2065],[-0.3072,51.2065],[-0.3072,51.2047],[-0.3072,51.203],[-0.3072,51.2013],[-0.3072,51.1996],[-0.3072,51.1979],[-0.3072,51.1961],[-0.3072,51.1944],[-0.3072,51.1927],[-0.31,51.1927],[-0.3127,51.1927],[-0.3155,51.1927],[-0.3182,51.1927],[-0.3209,51.1927],[-0.3209,51.191],[-0.3182,51.191],[-0.3182,51.1893],[-0.3182,51.1876],[-0.3209,51.1876],[-0.3209,51.1858],[-0.3237,51.1841],[-0.3237,51.1824],[-0.3209,51.1824],[-0.3209,51.1807],[-0.3237,51.1807],[-0.3237,51.179],[-0.3237,51.1773],[-0.3264,51.1773],[-0.3264,51.1755],[-0.3264,51.1738],[-0.3292,51.1738],[-0.3292,51.1721],[-0.3292,51.1704],[-0.3292,51.1687],[-0.3319,51.1687],[-0.3346,51.1687],[-0.3346,51.167],[-0.3346,51.1652],[-0.3374,51.1652],[-0.3374,51.1635],[-0.3401,51.1635],[-0.3429,51.1635],[-0.3456,51.1618],[-0.3483,51.1618],[-0.3511,51.1618],[-0.3511,51.1601],[-0.3538,51.1601],[-0.3538,51.1584],[-0.3538,51.1566],[-0.3566,51.1566],[-0.3566,51.1549],[-0.3566,51.1532],[-0.3593,51.1532],[-0.362,51.1532],[-0.362,51.1549],[-0.3648,51.1549],[-0.3648,51.1566],[-0.3648,51.1584],[-0.3675,51.1584],[-0.3702,51.1584],[-0.373,51.1584],[-0.3757,51.1584],[-0.3785,51.1584],[-0.3785,51.1601],[-0.3812,51.1601],[-0.3812,51.1618],[-0.3839,51.1618],[-0.3867,51.1618],[-0.3894,51.1618],[-0.3922,51.1618],[-0.3949,51.1618],[-0.3949,51.1601],[-0.3976,51.1601],[-0.4004,51.1601],[-0.4031,51.1601],[-0.4031,51.1618],[-0.4059,51.1618],[-0.4086,51.1618],[-0.4086,51.1601],[-0.4113,51.1601],[-0.4141,51.1601],[-0.4141,51.1584],[-0.4168,51.1584],[-0.4196,51.1584],[-0.4223,51.1584],[-0.4223,51.1566],[-0.425,51.1566],[-0.4278,51.1566],[-0.4305,51.1566],[-0.4333,51.1566],[-0.436,51.1566],[-0.4387,51.1566],[-0.4415,51.1566],[-0.4442,51.1566],[-0.447,51.1566],[-0.447,51.1549],[-0.4497,51.1549],[-0.4524,51.1549],[-0.4552,51.1532],[-0.4579,51.1532],[-0.4607,51.1532],[-0.4607,51.1515],[-0.4634,51.1515],[-0.4634,51.1532],[-0.4661,51.1532],[-0.4689,51.1532],[-0.4716,51.1532],[-0.4716,51.1515],[-0.4744,51.1515],[-0.4771,51.1515],[-0.4798,51.1515],[-0.4798,51.1532],[-0.4826,51.1532],[-0.4853,51.1532],[-0.4853,51.1515],[-0.4881,51.1515]]],[[[-0.699,51.0724],[-0.699,51.0741],[-0.7018,51.0741],[-0.7018,51.0758],[-0.7045,51.0758],[-0.7045,51.0775],[-0.7073,51.0775],[-0.7073,51.0792],[-0.71,51.0792],[-0.71,51.0775],[-0.7127,51.0775],[-0.7155,51.0775],[-0.7182,51.0775],[-0.721,51.0775],[-0.721,51.0792],[-0.7237,51.0792],[-0.7237,51.0775],[-0.7264,51.0775],[-0.7264,51.0792],[-0.7292,51.0792],[-0.7292,51.081],[-0.7292,51.0827],[-0.7292,51.0844],[-0.7264,51.0861],[-0.7237,51.0861],[-0.7237,51.0844],[-0.7237,51.0827],[-0.721,51.0827],[-0.7182,51.0827],[-0.7182,51.081],[-0.7155,51.081],[-0.7127,51.081],[-0.71,51.081],[-0.7073,51.081],[-0.7045,51.081],[-0.7045,51.0792],[-0.7018,51.0792],[-0.699,51.0792],[-0.699,51.081],[-0.7018,51.081],[-0.7045,51.081],[-0.7045,51.0827],[-0.7045,51.0844],[-0.7018,51.0844],[-0.7018,51.0861],[-0.7018,51.0879],[-0.7045,51.0879],[-0.7073,51.0879],[-0.7073,51.0896],[-0.7045,51.0896],[-0.7018,51.0896],[-0.699,51.0896],[-0.699,51.0913],[-0.699,51.093],[-0.6963,51.093],[-0.6963,51.0947],[-0.6936,51.0947],[-0.6936,51.0965],[-0.6936,51.0982],[-0.6963,51.0982],[-0.699,51.0982],[-0.699,51.0965],[-0.7018,51.0965],[-0.7045,51.0965],[-0.7045,51.0982],[-0.7073,51.0982],[-0.71,51.0982],[-0.71,51.0999],[-0.7127,51.0999],[-0.7127,51.0982],[-0.7155,51.0982],[-0.7155,51.0965],[-0.7182,51.0965],[-0.721,51.0965],[-0.7237,51.0965],[-0.7237,51.0982],[-0.7264,51.0982],[-0.7292,51.0982],[-0.7319,51.0982],[-0.7319,51.0965],[-0.7319,51.0947],[-0.7347,51.0947],[-0.7374,51.0947],[-0.7401,51.0947],[-0.7401,51.093],[-0.7401,51.0913],[-0.7429,51.0913],[-0.7456,51.0913],[-0.7456,51.093],[-0.7484,51.093],[-0.7484,51.0913],[-0.7511,51.0913],[-0.7511,51.0896],[-0.7538,51.0896],[-0.7538,51.0879],[-0.7511,51.0879],[-0.7511,51.0861],[-0.7538,51.0861],[-0.7566,51.0861],[-0.7566,51.0879],[-0.7566,51.0896],[-0.7593,51.0896],[-0.7593,51.0913],[-0.7593,51.093],[-0.7566,51.093],[-0.7566,51.0947],[-0.7538,51.0947],[-0.7538,51.0965],[-0.7538,51.0982],[-0.7566,51.0982],[-0.7566,51.0999],[-0.7593,51.0999],[-0.7593,51.1016],[-0.7593,51.1033],[-0.762,51.1033],[-0.762,51.1051],[-0.7593,51.1051],[-0.7566,51.1051],[-0.7538,51.1051],[-0.7538,51.1033],[-0.7511,51.1033],[-0.7484,51.1033],[-0.7484,51.1051],[-0.7484,51.1068],[-0.7484,51.1085],[-0.7456,51.1085],[-0.7429,51.1085],[-0.7401,51.1085],[-0.7401,51.1102],[-0.7374,51.1102],[-0.7347,51.1102],[-0.7347,51.1119],[-0.7319,51.1119],[-0.7319,51.1102],[-0.7292,51.1102],[-0.7292,51.1119],[-0.7292,51.1137],[-0.7292,51.1154],[-0.7319,51.1154],[-0.7319,51.1171],[-0.7319,51.1188],[-0.7347,51.1188],[-0.7347,51.1205],[-0.7374,51.1205],[-0.7401,51.1205],[-0.7401,51.1223],[-0.7374,51.1223],[-0.7401,51.124],[-0.7429,51.1223],[-0.7429,51.124],[-0.7456,51.1257],[-0.7484,51.1257],[-0.7484,51.1274],[-0.7511,51.1274],[-0.7538,51.1274],[-0.7538,51.1291],[-0.7566,51.1291],[-0.7593,51.1274],[-0.762,51.1274],[-0.762,51.1257],[-0.7593,51.1257],[-0.7593,51.124],[-0.762,51.124],[-0.762,51.1223],[-0.7593,51.1223],[-0.7593,51.1205],[-0.7566,51.1205],[-0.7566,51.1223],[-0.7538,51.1223],[-0.7511,51.1223],[-0.7511,51.1205],[-0.7484,51.1205],[-0.7456,51.1205],[-0.7456,51.1188],[-0.7429,51.1188],[-0.7401,51.1188],[-0.7374,51.1188],[-0.7374,51.1171],[-0.7401,51.1171],[-0.7401,51.1154],[-0.7429,51.1154],[-0.7429,51.1137],[-0.7401,51.1137],[-0.7401,51.1119],[-0.7429,51.1119],[-0.7456,51.1119],[-0.7484,51.1119],[-0.7484,51.1137],[-0.7511,51.1137],[-0.7538,51.1137],[-0.7566,51.1137],[-0.7566,51.1154],[-0.7593,51.1154],[-0.762,51.1154],[-0.7648,51.1154],[-0.7675,51.1154],[-0.7675,51.1171],[-0.7703,51.1171],[-0.7703,51.1188],[-0.7703,51.1205],[-0.773,51.1223],[-0.773,51.124],[-0.7757,51.124],[-0.7757,51.1257],[-0.7785,51.1257],[-0.7785,51.1274],[-0.7812,51.1274],[-0.7812,51.1291],[-0.784,51.1291],[-0.784,51.1309],[-0.7812,51.1309],[-0.7812,51.1326],[-0.7812,51.1343],[-0.7812,51.136],[-0.784,51.136],[-0.7867,51.136],[-0.7867,51.1377],[-0.7894,51.1377],[-0.7894,51.1395],[-0.7922,51.1395],[-0.7922,51.1412],[-0.7922,51.1429],[-0.7922,51.1446],[-0.7949,51.1463],[-0.7949,51.1481],[-0.7949,51.1498],[-0.7949,51.1515],[-0.7949,51.1532],[-0.7977,51.1532],[-0.8004,51.1532],[-0.8031,51.1532],[-0.8031,51.1549],[-0.8059,51.1549],[-0.8059,51.1532],[-0.8086,51.1532],[-0.8086,51.1549],[-0.8114,51.1549],[-0.8114,51.1566],[-0.8114,51.1584],[-0.8086,51.1584],[-0.8086,51.1601],[-0.8086,51.1618],[-0.8059,51.1618],[-0.8059,51.1635],[-0.8031,51.1652],[-0.8031,51.167],[-0.8004,51.1687],[-0.8004,51.1704],[-0.8004,51.1721],[-0.7977,51.1721],[-0.7949,51.1721],[-0.7949,51.1738],[-0.7922,51.1738],[-0.7894,51.1738],[-0.7894,51.1755],[-0.7894,51.1773],[-0.7922,51.1773],[-0.7922,51.179],[-0.7922,51.1807],[-0.7922,51.1824],[-0.7922,51.1841],[-0.7894,51.1841],[-0.7894,51.1858],[-0.7894,51.1876],[-0.7867,51.1876],[-0.784,51.1876],[-0.784,51.1893],[-0.784,51.191],[-0.784,51.1927],[-0.784,51.1944],[-0.7812,51.1944],[-0.7812,51.1961],[-0.7785,51.1961],[-0.7757,51.1961],[-0.7757,51.1979],[-0.773,51.1979],[-0.773,51.1996],[-0.7757,51.1996],[-0.7757,51.2013],[-0.773,51.2013],[-0.773,51.203],[-0.773,51.2047],[-0.7703,51.2047],[-0.7703,51.2065],[-0.7703,51.2082],[-0.7675,51.2082],[-0.7675,51.2065],[-0.7648,51.2065],[-0.762,51.2047],[-0.7593,51.2047],[-0.7593,51.203],[-0.7566,51.203],[-0.7538,51.203],[-0.7511,51.203],[-0.7511,51.2047],[-0.7511,51.2065],[-0.7484,51.2065],[-0.7484,51.2082],[-0.7484,51.2099],[-0.7511,51.2099],[-0.7511,51.2116],[-0.7511,51.2133],[-0.7511,51.215],[-0.7511,51.2167],[-0.7538,51.2167],[-0.7538,51.2185],[-0.7566,51.2185],[-0.7566,51.2202],[-0.7538,51.2202],[-0.7511,51.2202],[-0.7484,51.2202],[-0.7456,51.2202],[-0.7456,51.2219],[-0.7429,51.2219],[-0.7429,51.2236],[-0.7401,51.2236],[-0.7374,51.2236],[-0.7374,51.2253],[-0.7347,51.2253],[-0.7347,51.2236],[-0.7319,51.2236],[-0.7319,51.2253],[-0.7319,51.227],[-0.7292,51.227],[-0.7264,51.2288],[-0.7237,51.2288],[-0.721,51.2288],[-0.7182,51.2288],[-0.7182,51.2305],[-0.7155,51.2305],[-0.7127,51.2305],[-0.7073,51.2305],[-0.7045,51.2305],[-0.7018,51.2305],[-0.699,51.2305],[-0.6963,51.2305],[-0.6936,51.2305],[-0.6908,51.2305],[-0.6881,51.2305],[-0.6853,51.2305],[-0.6826,51.2305],[-0.6799,51.2305],[-0.6771,51.2305],[-0.6744,51.2305],[-0.6716,51.2305],[-0.6689,51.2305],[-0.6662,51.2305],[-0.6662,51.2322],[-0.6634,51.2322],[-0.6607,51.2322],[-0.6579,51.2322],[-0.6552,51.2322],[-0.6525,51.2322],[-0.6525,51.2305],[-0.6497,51.2305],[-0.6497,51.2288],[-0.647,51.2288],[-0.6442,51.2288],[-0.6415,51.2288],[-0.6388,51.2288],[-0.636,51.2288],[-0.6333,51.2288],[-0.6333,51.2305],[-0.6305,51.2305],[-0.6278,51.2305],[-0.6251,51.2305],[-0.6223,51.2305],[-0.6196,51.2305],[-0.6196,51.2288],[-0.6168,51.2288],[-0.6141,51.2288],[-0.6114,51.2288],[-0.6114,51.2305],[-0.6086,51.2305],[-0.6059,51.2305],[-0.6031,51.2305],[-0.6004,51.2305],[-0.5977,51.2305],[-0.5977,51.2322],[-0.5949,51.2322],[-0.5922,51.2322],[-0.5922,51.2305],[-0.5894,51.2305],[-0.5894,51.2288],[-0.5894,51.227],[-0.5894,51.2253],[-0.5867,51.2253],[-0.584,51.2253],[-0.5812,51.2253],[-0.5785,51.2253],[-0.5785,51.2236],[-0.5785,51.2219],[-0.5785,51.2202],[-0.5812,51.2202],[-0.5812,51.2185],[-0.5812,51.2167],[-0.5812,51.215],[-0.5812,51.2133],[-0.584,51.2133],[-0.584,51.2116],[-0.584,51.2099],[-0.5867,51.2099],[-0.5867,51.2082],[-0.5894,51.2082],[-0.5894,51.2065],[-0.5894,51.2047],[-0.5922,51.2047],[-0.5949,51.2047],[-0.5949,51.203],[-0.5977,51.203],[-0.5977,51.2047],[-0.6004,51.2047],[-0.6031,51.2047],[-0.6059,51.2047],[-0.6059,51.2065],[-0.6086,51.2065],[-0.6114,51.2065],[-0.6114,51.2082],[-0.6141,51.2082],[-0.6168,51.2082],[-0.6168,51.2099],[-0.6196,51.2099],[-0.6223,51.2099],[-0.6223,51.2116],[-0.6251,51.2116],[-0.6251,51.2099],[-0.6251,51.2082],[-0.6251,51.2065],[-0.6251,51.2047],[-0.6278,51.2047],[-0.6305,51.2047],[-0.6305,51.2065],[-0.6333,51.2065],[-0.6333,51.2082],[-0.6333,51.2099],[-0.636,51.2099],[-0.636,51.2116],[-0.6388,51.2116],[-0.6415,51.2116],[-0.6415,51.2133],[-0.6415,51.215],[-0.6442,51.215],[-0.647,51.215],[-0.647,51.2133],[-0.6497,51.2133],[-0.6497,51.2116],[-0.6497,51.2099],[-0.6497,51.2082],[-0.6497,51.2065],[-0.6497,51.2047],[-0.6497,51.203],[-0.6497,51.2013],[-0.647,51.2013],[-0.647,51.1996],[-0.647,51.1979],[-0.647,51.1961],[-0.647,51.1944],[-0.6497,51.1944],[-0.6497,51.1927],[-0.6497,51.191],[-0.6525,51.191],[-0.6525,51.1893],[-0.6525,51.1876],[-0.6525,51.1858],[-0.6525,51.1841],[-0.6525,51.1824],[-0.6497,51.1824],[-0.6497,51.1807],[-0.6497,51.179],[-0.6497,51.1773],[-0.6497,51.1755],[-0.6497,51.1738],[-0.6497,51.1721],[-0.6525,51.1721],[-0.6525,51.1704],[-0.6552,51.1704],[-0.6552,51.1687],[-0.6579,51.1687],[-0.6579,51.167],[-0.6579,51.1652],[-0.6579,51.1635],[-0.6579,51.1618],[-0.6552,51.1618],[-0.6552,51.1601],[-0.6579,51.1601],[-0.6579,51.1584],[-0.6607,51.1584],[-0.6607,51.1566],[-0.6579,51.1566],[-0.6552,51.1566],[-0.6552,51.1549],[-0.6552,51.1532],[-0.6552,51.1515],[-0.6552,51.1498],[-0.6525,51.1498],[-0.6525,51.1481],[-0.6497,51.1481],[-0.647,51.1481],[-0.647,51.1463],[-0.647,51.1446],[-0.647,51.1429],[-0.6442,51.1429],[-0.6415,51.1429],[-0.6388,51.1429],[-0.636,51.1429],[-0.636,51.1412],[-0.6333,51.1412],[-0.6305,51.1412],[-0.6305,51.1395],[-0.6278,51.1395],[-0.6251,51.1395],[-0.6251,51.1412],[-0.6223,51.1412],[-0.6196,51.1412],[-0.6196,51.1429],[-0.6196,51.1446],[-0.6196,51.1463],[-0.6168,51.1463],[-0.6168,51.1481],[-0.6168,51.1498],[-0.6196,51.1498],[-0.6196,51.1515],[-0.6196,51.1532],[-0.6168,51.1532],[-0.6168,51.1549],[-0.6168,51.1566],[-0.6141,51.1584],[-0.6141,51.1601],[-0.6114,51.1601],[-0.6114,51.1618],[-0.6086,51.1618],[-0.6059,51.1618],[-0.6059,51.1635],[-0.6031,51.1635],[-0.6031,51.1652],[-0.6031,51.167],[-0.6004,51.167],[-0.6004,51.1687],[-0.6004,51.1704],[-0.5977,51.1704],[-0.5977,51.1721],[-0.5977,51.1738],[-0.5949,51.1738],[-0.5922,51.1738],[-0.5922,51.1755],[-0.5949,51.1755],[-0.5977,51.1755],[-0.5977,51.1773],[-0.5949,51.1773],[-0.5949,51.179],[-0.5949,51.1807],[-0.5977,51.1824],[-0.5977,51.1841],[-0.5977,51.1858],[-0.5977,51.1876],[-0.5949,51.1876],[-0.5922,51.1876],[-0.5922,51.1893],[-0.5894,51.1893],[-0.5867,51.1893],[-0.5867,51.191],[-0.5867,51.1927],[-0.5894,51.1927],[-0.5894,51.1944],[-0.5867,51.1944],[-0.5867,51.1961],[-0.584,51.1961],[-0.5812,51.1961],[-0.5812,51.1979],[-0.5785,51.1979],[-0.5785,51.1961],[-0.5757,51.1961],[-0.5757,51.1979],[-0.573,51.1979],[-0.573,51.1996],[-0.5703,51.1996],[-0.5675,51.1979],[-0.5675,51.1961],[-0.5648,51.1961],[-0.5648,51.1944],[-0.562,51.1944],[-0.562,51.1927],[-0.5593,51.1927],[-0.5593,51.191],[-0.5566,51.1893],[-0.5538,51.1893],[-0.5511,51.1893],[-0.5511,51.1876],[-0.5483,51.1876],[-0.5483,51.1858],[-0.5483,51.1841],[-0.5456,51.1841],[-0.5456,51.1824],[-0.5456,51.1807],[-0.5456,51.179],[-0.5456,51.1773],[-0.5429,51.1773],[-0.5429,51.1755],[-0.5429,51.1738],[-0.5401,51.1738],[-0.5401,51.1721],[-0.5401,51.1704],[-0.5374,51.1704],[-0.5374,51.1687],[-0.5374,51.167],[-0.5374,51.1652],[-0.5401,51.1652],[-0.5401,51.1635],[-0.5374,51.1635],[-0.5374,51.1618],[-0.5346,51.1618],[-0.5346,51.1601],[-0.5346,51.1584],[-0.5346,51.1566],[-0.5346,51.1549],[-0.5346,51.1532],[-0.5346,51.1515],[-0.5346,51.1498],[-0.5346,51.1481],[-0.5346,51.1463],[-0.5346,51.1446],[-0.5346,51.1429],[-0.5346,51.1412],[-0.5374,51.1412],[-0.5374,51.1395],[-0.5374,51.1377],[-0.5374,51.136],[-0.5374,51.1343],[-0.5401,51.1343],[-0.5429,51.1343],[-0.5429,51.1326],[-0.5456,51.1326],[-0.5456,51.1309],[-0.5483,51.1309],[-0.5511,51.1309],[-0.5511,51.1291],[-0.5538,51.1291],[-0.5566,51.1291],[-0.5566,51.1309],[-0.5593,51.1309],[-0.562,51.1309],[-0.562,51.1326],[-0.5648,51.1326],[-0.5675,51.1326],[-0.5703,51.1326],[-0.573,51.1326],[-0.5757,51.1326],[-0.5757,51.1309],[-0.5785,51.1309],[-0.5812,51.1309],[-0.584,51.1309],[-0.584,51.1326],[-0.5867,51.1326],[-0.5894,51.1326],[-0.5922,51.1326],[-0.5922,51.1309],[-0.5949,51.1309],[-0.5977,51.1309],[-0.5977,51.1291],[-0.5977,51.1274],[-0.5977,51.1257],[-0.5977,51.124],[-0.5977,51.1223],[-0.6004,51.1223],[-0.6004,51.1205],[-0.6004,51.1188],[-0.6004,51.1171],[-0.6004,51.1154],[-0.5977,51.1154],[-0.5977,51.1137],[-0.5977,51.1119],[-0.5949,51.1119],[-0.5949,51.1102],[-0.5949,51.1085],[-0.5977,51.1085],[-0.5977,51.1068],[-0.6004,51.1068],[-0.6004,51.1051],[-0.6031,51.1051],[-0.6031,51.1033],[-0.6059,51.1033],[-0.6086,51.1016],[-0.6114,51.1016],[-0.6114,51.0999],[-0.6141,51.0999],[-0.6141,51.0982],[-0.6168,51.0982],[-0.6168,51.0965],[-0.6196,51.0965],[-0.6223,51.0965],[-0.6223,51.0947],[-0.6196,51.0947],[-0.6196,51.093],[-0.6196,51.0913],[-0.6196,51.0896],[-0.6196,51.0879],[-0.6223,51.0879],[-0.6251,51.0879],[-0.6278,51.0879],[-0.6278,51.0896],[-0.6305,51.0896],[-0.6305,51.0879],[-0.6333,51.0879],[-0.6333,51.0861],[-0.636,51.0861],[-0.6388,51.0861],[-0.6388,51.0844],[-0.6415,51.0844],[-0.6442,51.0844],[-0.647,51.0844],[-0.647,51.0827],[-0.6497,51.0827],[-0.6497,51.0844],[-0.6525,51.0844],[-0.6525,51.0827],[-0.6552,51.0827],[-0.6579,51.0827],[-0.6607,51.0827],[-0.6634,51.0827],[-0.6634,51.081],[-0.6662,51.081],[-0.6662,51.0792],[-0.6689,51.0792],[-0.6689,51.0775],[-0.6716,51.0775],[-0.6744,51.0775],[-0.6744,51.0758],[-0.6771,51.0758],[-0.6799,51.0758],[-0.6826,51.0758],[-0.6853,51.0758],[-0.6881,51.0758],[-0.6881,51.0741],[-0.6908,51.0741],[-0.6936,51.0741],[-0.6936,51.0724],[-0.6963,51.0724],[-0.699,51.0724]]]]},"properties":{"NAME":"Surrey Hills","CODE":"34","DESIG_DATE":"May-58"}},{"type":"Feature","geometry":{"type":"MultiPolygon","coordinates":[[[[-4.1841,50.4205],[-4.1869,50.4205],[-4.1869,50.4223],[-4.1869,50.424],[-4.1896,50.424],[-4.1924,50.424],[-4.1978,50.424],[-4.2061,50.4258],[-4.2088,50.4258],[-4.2115,50.4258],[-4.2143,50.4258],[-4.217,50.4258],[-4.217,50.424],[-4.2198,50.424],[-4.2198,50.4258],[-4.2225,50.4258],[-4.2225,50.424],[-4.2225,50.4223],[-4.2252,50.4223],[-4.2252,50.4205],[-4.228,50.4205],[-4.2307,50.4205],[-4.2307,50.4223],[-4.2307,50.424],[-4.2335,50.424],[-4.2362,50.4258],[-4.2389,50.4258],[-4.2389,50.424],[-4.2417,50.424],[-4.2444,50.424],[-4.2472,50.424],[-4.2472,50.4258],[-4.2499,50.4258],[-4.2526,50.4258],[-4.2526,50.4275],[-4.2554,50.4275],[-4.2554,50.4293],[-4.2554,50.431],[-4.2554,50.4327],[-4.2526,50.4327],[-4.2499,50.4327],[-4.2472,50.4327],[-4.2444,50.4327],[-4.2444,50.4345],[-4.2417,50.4345],[-4.2417,50.4362],[-4.2417,50.438],[-4.2389,50.438],[-4.2389,50.4397],[-4.2362,50.4397],[-4.2362,50.4415],[-4.2335,50.4415],[-4.2307,50.4415],[-4.2307,50.4432],[-4.228,50.445],[-4.2252,50.445],[-4.2252,50.4467],[-4.228,50.4467],[-4.228,50.4484],[-4.2307,50.4484],[-4.2307,50.4502],[-4.2335,50.4502],[-4.2362,50.4502],[-4.2389,50.4502],[-4.2417,50.4502],[-4.2417,50.4519],[-4.2444,50.4519],[-4.2444,50.4537],[-4.2472,50.4537],[-4.2499,50.4537],[-4.2526,50.4537],[-4.2554,50.4537],[-4.2554,50.4554],[-4.2581,50.4554],[-4.2581,50.4572],[-4.2609,50.4589],[-4.2609,50.4607],[-4.2636,50.4607],[-4.2636,50.4624],[-4.2663,50.4624],[-4.2663,50.4641],[-4.2691,50.4641],[-4.2691,50.4659],[-4.2691,50.4676],[-4.2691,50.4694],[-4.2718,50.4694],[-4.2718,50.4711],[-4.2718,50.4729],[-4.2746,50.4729],[-4.2746,50.4746],[-4.2746,50.4764],[-4.2746,50.4781],[-4.2718,50.4781],[-4.2718,50.4798],[-4.2691,50.4798],[-4.2691,50.4816],[-4.2663,50.4816],[-4.2636,50.4816],[-4.2636,50.4833],[-4.2609,50.4833],[-4.2581,50.4833],[-4.2554,50.4833],[-4.2554,50.4851],[-4.2526,50.4851],[-4.2526,50.4868],[-4.2499,50.4868],[-4.2499,50.4886],[-4.2526,50.4886],[-4.2526,50.4903],[-4.2554,50.4903],[-4.2581,50.4903],[-4.2609,50.4903],[-4.2609,50.492],[-4.2609,50.4938],[-4.2581,50.4938],[-4.2581,50.4955],[-4.2581,50.4973],[-4.2554,50.4973],[-4.2526,50.4973],[-4.2499,50.4973],[-4.2472,50.4973],[-4.2472,50.499],[-4.2444,50.499],[-4.2417,50.499],[-4.2389,50.499],[-4.2362,50.499],[-4.2362,50.5008],[-4.2362,50.5025],[-4.2362,50.5042],[-4.2362,50.506],[-4.2362,50.5077],[-4.2362,50.5095],[-4.2335,50.5095],[-4.2307,50.5112],[-4.228,50.5112],[-4.228,50.5095],[-4.2252,50.5095],[-4.2252,50.5112],[-4.2225,50.5112],[-4.2225,50.513],[-4.2225,50.5147],[-4.2198,50.5147],[-4.2198,50.5164],[-4.2198,50.5182],[-4.2225,50.5199],[-4.2252,50.5217],[-4.2252,50.5234],[-4.228,50.5234],[-4.228,50.5251],[-4.2307,50.5251],[-4.2335,50.5251],[-4.2362,50.5251],[-4.2389,50.5251],[-4.2417,50.5251],[-4.2417,50.5269],[-4.2444,50.5269],[-4.2472,50.5269],[-4.2499,50.5269],[-4.2499,50.5251],[-4.2526,50.5251],[-4.2554,50.5251],[-4.2554,50.5234],[-4.2581,50.5234],[-4.2581,50.5217],[-4.2609,50.5217],[-4.2636,50.5217],[-4.2663,50.5217],[-4.2691,50.5217],[-4.2691,50.5199],[-4.2718,50.5199],[-4.2718,50.5182],[-4.2691,50.5182],[-4.2691,50.5164],[-4.2718,50.5164],[-4.2746,50.5164],[-4.2746,50.5147],[-4.2773,50.5147],[-4.28,50.5147],[-4.28,50.513],[-4.2828,50.513],[-4.2855,50.513],[-4.2855,50.5112],[-4.2883,50.5112],[-4.291,50.5095],[-4.2937,50.5095],[-4.2965,50.5095],[-4.2992,50.5095],[-4.302,50.5095],[-4.302,50.5112],[-4.3047,50.5112],[-4.3074,50.5112],[-4.3074,50.513],[-4.3102,50.513],[-4.3102,50.5147],[-4.3129,50.5147],[-4.3129,50.5164],[-4.3102,50.5164],[-4.3102,50.5182],[-4.3102,50.5199],[-4.3102,50.5217],[-4.3102,50.5234],[-4.3074,50.5234],[-4.3074,50.5251],[-4.3047,50.5251],[-4.302,50.5251],[-4.302,50.5269],[-4.2992,50.5269],[-4.2992,50.5286],[-4.2965,50.5286],[-4.2965,50.5304],[-4.2992,50.5304],[-4.2992,50.5321],[-4.2965,50.5321],[-4.2965,50.5339],[-4.2992,50.5339],[-4.2992,50.5356],[-4.2992,50.5373],[-4.302,50.5373],[-4.302,50.5391],[-4.302,50.5408],[-4.302,50.5426],[-4.2992,50.5426],[-4.2992,50.5443],[-4.2965,50.546],[-4.2937,50.546],[-4.2937,50.5478],[-4.2965,50.5478],[-4.2965,50.5495],[-4.2965,50.5513],[-4.2992,50.5513],[-4.2992,50.553],[-4.2992,50.5548],[-4.302,50.5548],[-4.302,50.5565],[-4.302,50.5582],[-4.2992,50.5582],[-4.2992,50.56],[-4.2992,50.5617],[-4.2992,50.5635],[-4.302,50.5635],[-4.3047,50.5635],[-4.3074,50.5635],[-4.3074,50.5652],[-4.3102,50.5652],[-4.3129,50.5652],[-4.3157,50.5652],[-4.3157,50.5669],[-4.3184,50.5669],[-4.3184,50.5687],[-4.3184,50.5704],[-4.3184,50.5722],[-4.3184,50.5739],[-4.3184,50.5756],[-4.3157,50.5756],[-4.3157,50.5774],[-4.3157,50.5791],[-4.3184,50.5791],[-4.3184,50.5809],[-4.3184,50.5826],[-4.3184,50.5843],[-4.3184,50.5861],[-4.3211,50.5861],[-4.3211,50.5878],[-4.3211,50.5896],[-4.3211,50.5913],[-4.3184,50.5913],[-4.3184,50.593],[-4.3184,50.5948],[-4.3157,50.5948],[-4.3157,50.5965],[-4.3157,50.5982],[-4.3157,50.6],[-4.3129,50.6],[-4.3129,50.5982],[-4.3102,50.5982],[-4.3074,50.5982],[-4.3074,50.6],[-4.3047,50.6],[-4.302,50.6],[-4.2992,50.6],[-4.2992,50.5982],[-4.2965,50.5982],[-4.2937,50.5982],[-4.291,50.5982],[-4.291,50.5965],[-4.2883,50.5965],[-4.2855,50.5965],[-4.2828,50.5965],[-4.28,50.5948],[-4.2773,50.5948],[-4.2746,50.5948],[-4.2718,50.5948],[-4.2691,50.5948],[-4.2663,50.593],[-4.2636,50.593],[-4.2609,50.593],[-4.2581,50.593],[-4.2581,50.5913],[-4.2609,50.5913],[-4.2609,50.5896],[-4.2581,50.5896],[-4.2554,50.5896],[-4.2526,50.5896],[-4.2499,50.5896],[-4.2472,50.5896],[-4.2472,50.5878],[-4.2444,50.5878],[-4.2444,50.5861],[-4.2417,50.5861],[-4.2417,50.5843],[-4.2389,50.5843],[-4.2362,50.5843],[-4.2335,50.5843],[-4.2335,50.5826],[-4.2307,50.5826],[-4.228,50.5809],[-4.2252,50.5809],[-4.2252,50.5791],[-4.2225,50.5791],[-4.2225,50.5774],[-4.2198,50.5774],[-4.217,50.5774],[-4.217,50.5791],[-4.2143,50.5791],[-4.2143,50.5774],[-4.2115,50.5756],[-4.2115,50.5739],[-4.2115,50.5722],[-4.2115,50.5704],[-4.2088,50.5704],[-4.2115,50.5687],[-4.2115,50.5669],[-4.2115,50.5652],[-4.2115,50.5635],[-4.2115,50.5617],[-4.2115,50.56],[-4.2115,50.5582],[-4.2088,50.5582],[-4.2088,50.5565],[-4.2088,50.5548],[-4.2061,50.5548],[-4.2061,50.553],[-4.2061,50.5513],[-4.2033,50.5513],[-4.2033,50.5495],[-4.2033,50.5478],[-4.2006,50.5478],[-4.2006,50.546],[-4.2006,50.5443],[-4.2006,50.5426],[-4.1978,50.5426],[-4.1978,50.5408],[-4.1978,50.5391],[-4.1951,50.5391],[-4.1951,50.5373],[-4.1951,50.5356],[-4.1924,50.5356],[-4.1924,50.5339],[-4.1896,50.5339],[-4.1896,50.5321],[-4.1869,50.5321],[-4.1841,50.5321],[-4.1841,50.5339],[-4.1814,50.5339],[-4.1814,50.5356],[-4.1787,50.5356],[-4.1759,50.5356],[-4.1759,50.5373],[-4.1732,50.5373],[-4.1704,50.5373],[-4.1704,50.5356],[-4.1677,50.5356],[-4.1677,50.5339],[-4.165,50.5339],[-4.1622,50.5339],[-4.1622,50.5321],[-4.1595,50.5321],[-4.1567,50.5321],[-4.154,50.5321],[-4.154,50.5339],[-4.1513,50.5339],[-4.1485,50.5339],[-4.1458,50.5339],[-4.1458,50.5321],[-4.1458,50.5304],[-4.1458,50.5286],[-4.143,50.5286],[-4.143,50.5269],[-4.1403,50.5269],[-4.1403,50.5251],[-4.1376,50.5251],[-4.1348,50.5234],[-4.1321,50.5234],[-4.1293,50.5234],[-4.1293,50.5217],[-4.1293,50.5199],[-4.1321,50.5199],[-4.1321,50.5182],[-4.1348,50.5182],[-4.1348,50.5164],[-4.1321,50.5164],[-4.1321,50.5147],[-4.1348,50.5147],[-4.1348,50.513],[-4.1376,50.513],[-4.1376,50.5112],[-4.1403,50.5112],[-4.143,50.5112],[-4.1458,50.5112],[-4.1458,50.5095],[-4.1485,50.5095],[-4.1485,50.5077],[-4.1513,50.5077],[-4.1513,50.5095],[-4.154,50.5095],[-4.154,50.5077],[-4.1567,50.5077],[-4.1567,50.506],[-4.154,50.506],[-4.1513,50.506],[-4.1513,50.5042],[-4.1485,50.5042],[-4.1485,50.5025],[-4.1513,50.5025],[-4.1513,50.5008],[-4.1485,50.5008],[-4.1458,50.5008],[-4.1458,50.5025],[-4.1458,50.5042],[-4.143,50.5042],[-4.143,50.506],[-4.1403,50.506],[-4.1403,50.5077],[-4.1376,50.5077],[-4.1348,50.5077],[-4.1321,50.5077],[-4.1293,50.5077],[-4.1266,50.5077],[-4.1239,50.5077],[-4.1211,50.5077],[-4.1184,50.5077],[-4.1184,50.506],[-4.1211,50.506],[-4.1211,50.5042],[-4.1184,50.5042],[-4.1156,50.5042],[-4.1129,50.5042],[-4.1129,50.5025],[-4.1129,50.5008],[-4.1102,50.5008],[-4.1074,50.5008],[-4.1074,50.499],[-4.1074,50.4973],[-4.1074,50.4955],[-4.1047,50.4955],[-4.1047,50.4938],[-4.1074,50.4938],[-4.1074,50.492],[-4.1102,50.492],[-4.1102,50.4903],[-4.1074,50.4903],[-4.1074,50.492],[-4.1047,50.492],[-4.1019,50.492],[-4.0992,50.492],[-4.0992,50.4903],[-4.0965,50.4903],[-4.0965,50.4886],[-4.0965,50.4868],[-4.0965,50.4851],[-4.0965,50.4833],[-4.0937,50.4833],[-4.0937,50.4816],[-4.0937,50.4798],[-4.0937,50.4781],[-4.0965,50.4781],[-4.0965,50.4764],[-4.0965,50.4746],[-4.0992,50.4746],[-4.0992,50.4729],[-4.1019,50.4711],[-4.1019,50.4694],[-4.1047,50.4694],[-4.1074,50.4694],[-4.1074,50.4711],[-4.1102,50.4711],[-4.1129,50.4711],[-4.1129,50.4694],[-4.1129,50.4676],[-4.1102,50.4676],[-4.1102,50.4659],[-4.1102,50.4641],[-4.1074,50.4641],[-4.1074,50.4624],[-4.1102,50.4624],[-4.1102,50.4607],[-4.1102,50.4589],[-4.1102,50.4572],[-4.1102,50.4554],[-4.1102,50.4537],[-4.1074,50.4537],[-4.1074,50.4519],[-4.1074,50.4502],[-4.1102,50.4502],[-4.1129,50.4502],[-4.1156,50.4502],[-4.1156,50.4484],[-4.1184,50.4484],[-4.1211,50.4484],[-4.1211,50.4467],[-4.1239,50.445],[-4.1239,50.4432],[-4.1266,50.4432],[-4.1293,50.4432],[-4.1293,50.4415],[-4.1321,50.4415],[-4.1348,50.4415],[-4.1376,50.4415],[-4.1403,50.4397],[-4.143,50.4397],[-4.143,50.438],[-4.143,50.4362],[-4.1458,50.4362],[-4.1458,50.438],[-4.1485,50.438],[-4.1513,50.438],[-4.1513,50.4362],[-4.154,50.4362],[-4.154,50.4345],[-4.1567,50.4345],[-4.1567,50.4327],[-4.1595,50.4327],[-4.1595,50.431],[-4.1622,50.431],[-4.165,50.431],[-4.165,50.4293],[-4.165,50.4275],[-4.165,50.4258],[-4.165,50.424],[-4.1677,50.424],[-4.1677,50.4223],[-4.1704,50.4223],[-4.1732,50.4223],[-4.1759,50.4223],[-4.1787,50.4223],[-4.1814,50.4223],[-4.1814,50.424],[-4.1841,50.424],[-4.1841,50.4223],[-4.1841,50.4205]]],[[[-4.3293,50.4118],[-4.3321,50.4118],[-4.3321,50.4135],[-4.3293,50.4135],[-4.3293,50.4118]]],[[[-4.2609,50.3646],[-4.2636,50.3646],[-4.2636,50.3664],[-4.2663,50.3664],[-4.2663,50.3646],[-4.2691,50.3646],[-4.2718,50.3646],[-4.2746,50.3646],[-4.2773,50.3646],[-4.28,50.3646],[-4.2828,50.3646],[-4.2828,50.3664],[-4.2855,50.3664],[-4.2855,50.3681],[-4.2855,50.3699],[-4.2883,50.3699],[-4.2883,50.3716],[-4.291,50.3716],[-4.2937,50.3716],[-4.2937,50.3734],[-4.2965,50.3734],[-4.2992,50.3734],[-4.302,50.3734],[-4.3047,50.3734],[-4.3047,50.3751],[-4.3074,50.3751],[-4.3102,50.3751],[-4.3102,50.3769],[-4.3129,50.3769],[-4.3129,50.3786],[-4.3129,50.3804],[-4.3129,50.3821],[-4.3157,50.3821],[-4.3157,50.3838],[-4.3157,50.3856],[-4.3184,50.3856],[-4.3184,50.3873],[-4.3211,50.3873],[-4.3211,50.3891],[-4.3239,50.3891],[-4.3266,50.3891],[-4.3266,50.3908],[-4.3266,50.3926],[-4.3266,50.3943],[-4.3266,50.3961],[-4.3293,50.3961],[-4.3293,50.3978],[-4.3293,50.3996],[-4.3266,50.3996],[-4.3266,50.4013],[-4.3293,50.4013],[-4.3293,50.4031],[-4.3321,50.4031],[-4.3293,50.4048],[-4.3293,50.4066],[-4.3321,50.4066],[-4.3321,50.4083],[-4.3321,50.41],[-4.3293,50.41],[-4.3293,50.4118],[-4.3266,50.4118],[-4.3266,50.4135],[-4.3239,50.4135],[-4.3239,50.4153],[-4.3211,50.4153],[-4.3211,50.417],[-4.3184,50.417],[-4.3184,50.4153],[-4.3157,50.4153],[-4.3157,50.417],[-4.3129,50.417],[-4.3102,50.417],[-4.3102,50.4153],[-4.3074,50.4153],[-4.3074,50.4135],[-4.3047,50.4135],[-4.302,50.4135],[-4.2992,50.4135],[-4.2992,50.4118],[-4.2965,50.4118],[-4.2937,50.4118],[-4.2937,50.4135],[-4.2937,50.4153],[-4.291,50.4153],[-4.2883,50.4153],[-4.2855,50.4153],[-4.2855,50.417],[-4.2883,50.417],[-4.2883,50.4188],[-4.2855,50.4188],[-4.2855,50.4205],[-4.2828,50.4205],[-4.2828,50.4223],[-4.2855,50.4223],[-4.2855,50.424],[-4.2828,50.424],[-4.28,50.424],[-4.2773,50.424],[-4.2746,50.424],[-4.2718,50.424],[-4.2691,50.424],[-4.2663,50.424],[-4.2663,50.4223],[-4.2636,50.4223],[-4.2636,50.4205],[-4.2636,50.4188],[-4.2636,50.417],[-4.2636,50.4153],[-4.2636,50.4135],[-4.2609,50.4135],[-4.2609,50.4118],[-4.2609,50.41],[-4.2609,50.4083],[-4.2581,50.4083],[-4.2581,50.4066],[-4.2554,50.4066],[-4.2526,50.4048],[-4.2499,50.4048],[-4.2499,50.4031],[-4.2472,50.4031],[-4.2444,50.4031],[-4.2444,50.4048],[-4.2417,50.4048],[-4.2389,50.4048],[-4.2389,50.4031],[-4.2362,50.4031],[-4.2335,50.4031],[-4.2307,50.4031],[-4.2307,50.4013],[-4.228,50.4031],[-4.228,50.4013],[-4.2252,50.4013],[-4.2225,50.4031],[-4.2225,50.4013],[-4.2198,50.4013],[-4.217,50.4013],[-4.2143,50.4013],[-4.2115,50.4013],[-4.2088,50.4013],[-4.2088,50.3996],[-4.2088,50.3978],[-4.2088,50.3961],[-4.2088,50.3943],[-4.2088,50.3926],[-4.2088,50.3908],[-4.2088,50.3891],[-4.2088,50.3873],[-4.2115,50.3873],[-4.2143,50.3873],[-4.2143,50.3856],[-4.2143,50.3838],[-4.2143,50.3821],[-4.217,50.3821],[-4.2198,50.3821],[-4.2198,50.3804],[-4.2225,50.3804],[-4.2252,50.3804],[-4.2252,50.3786],[-4.228,50.3786],[-4.2307,50.3786],[-4.2307,50.3769],[-4.2335,50.3769],[-4.2362,50.3769],[-4.2362,50.3751],[-4.2389,50.3751],[-4.2389,50.3734],[-4.2417,50.3734],[-4.2417,50.3716],[-4.2444,50.3716],[-4.2472,50.3716],[-4.2499,50.3699],[-4.2499,50.3681],[-4.2526,50.3681],[-4.2554,50.3681],[-4.2581,50.3681],[-4.2581,50.3664],[-4.2609,50.3664],[-4.2609,50.3646]]]]},"properties":{"NAME":"Tamar Valley","CODE":"36","DESIG_DATE":"Aug-95"}},{"type":"Feature","geometry":{"type":"MultiPolygon","coordinates":[[[[-2.7128,52.3841],[-2.7156,52.3841],[-2.7156,52.3857],[-2.7128,52.3857],[-2.7128,52.3841]]],[[[-3.0361,52.3439],[-3.0389,52.3439],[-3.0416,52.3439],[-3.0444,52.3439],[-3.0444,52.3456],[-3.0471,52.3456],[-3.0471,52.3473],[-3.0498,52.3473],[-3.0526,52.3473],[-3.0553,52.3473],[-3.0581,52.3473],[-3.0608,52.3473],[-3.0608,52.3489],[-3.0635,52.3489],[-3.0635,52.3506],[-3.0663,52.3506],[-3.0663,52.3523],[-3.0663,52.354],[-3.069,52.354],[-3.069,52.3556],[-3.0718,52.3556],[-3.0718,52.3573],[-3.0745,52.3573],[-3.0772,52.3573],[-3.0772,52.359],[-3.08,52.359],[-3.0827,52.359],[-3.0827,52.3606],[-3.0855,52.3606],[-3.0882,52.3606],[-3.0882,52.3623],[-3.0909,52.3623],[-3.0937,52.3623],[-3.0937,52.364],[-3.0937,52.3657],[-3.0964,52.3657],[-3.0964,52.3673],[-3.0992,52.3673],[-3.1019,52.3673],[-3.1019,52.369],[-3.1019,52.3707],[-3.1019,52.3724],[-3.1046,52.3724],[-3.1046,52.374],[-3.1074,52.374],[-3.1074,52.3757],[-3.1101,52.3757],[-3.1101,52.3774],[-3.1129,52.3774],[-3.1156,52.3774],[-3.1183,52.3774],[-3.1211,52.3774],[-3.1211,52.379],[-3.1238,52.379],[-3.1238,52.3807],[-3.1266,52.3807],[-3.1266,52.3824],[-3.1266,52.3841],[-3.1293,52.3841],[-3.132,52.3841],[-3.132,52.3857],[-3.1348,52.3857],[-3.1375,52.3857],[-3.1402,52.3857],[-3.1402,52.3874],[-3.143,52.3874],[-3.1457,52.3874],[-3.1485,52.3874],[-3.1512,52.3874],[-3.1539,52.3874],[-3.1539,52.3891],[-3.1567,52.3891],[-3.1567,52.3908],[-3.1594,52.3908],[-3.1622,52.3908],[-3.1622,52.3924],[-3.1622,52.3941],[-3.1594,52.3941],[-3.1594,52.3958],[-3.1594,52.3974],[-3.1594,52.3991],[-3.1594,52.4008],[-3.1622,52.4008],[-3.1649,52.4008],[-3.1649,52.4025],[-3.1676,52.4025],[-3.1704,52.4025],[-3.1704,52.4041],[-3.1704,52.4058],[-3.1731,52.4058],[-3.1731,52.4075],[-3.1759,52.4075],[-3.1786,52.4091],[-3.1813,52.4091],[-3.1813,52.4108],[-3.1841,52.4108],[-3.1868,52.4108],[-3.1868,52.4125],[-3.1896,52.4125],[-3.1896,52.4142],[-3.1923,52.4142],[-3.195,52.4142],[-3.195,52.4158],[-3.1978,52.4158],[-3.1978,52.4175],[-3.2005,52.4175],[-3.2033,52.4175],[-3.206,52.4175],[-3.206,52.4192],[-3.2087,52.4192],[-3.2115,52.4192],[-3.2142,52.4192],[-3.2142,52.4208],[-3.217,52.4208],[-3.2197,52.4208],[-3.2197,52.4225],[-3.2197,52.4242],[-3.2197,52.4259],[-3.2224,52.4259],[-3.2224,52.4275],[-3.2252,52.4275],[-3.2252,52.4292],[-3.2279,52.4292],[-3.2307,52.4292],[-3.2307,52.4309],[-3.2307,52.4325],[-3.2307,52.4342],[-3.2307,52.4359],[-3.2279,52.4359],[-3.2279,52.4375],[-3.2307,52.4375],[-3.2307,52.4392],[-3.2334,52.4392],[-3.2334,52.4409],[-3.2361,52.4409],[-3.2361,52.4426],[-3.2361,52.4442],[-3.2334,52.4442],[-3.2334,52.4459],[-3.2334,52.4476],[-3.2334,52.4492],[-3.2334,52.4509],[-3.2334,52.4526],[-3.2307,52.4526],[-3.2307,52.4542],[-3.2279,52.4542],[-3.2279,52.4559],[-3.2252,52.4559],[-3.2252,52.4576],[-3.2224,52.4576],[-3.2224,52.4593],[-3.2197,52.4593],[-3.2197,52.4609],[-3.217,52.4609],[-3.217,52.4626],[-3.217,52.4643],[-3.217,52.4659],[-3.2142,52.4659],[-3.2142,52.4676],[-3.2115,52.4676],[-3.2115,52.4693],[-3.2087,52.4693],[-3.206,52.4693],[-3.206,52.4709],[-3.2033,52.4709],[-3.2033,52.4726],[-3.2005,52.4726],[-3.2005,52.4743],[-3.1978,52.4743],[-3.1978,52.4759],[-3.195,52.4759],[-3.1923,52.4759],[-3.1896,52.4759],[-3.1868,52.4743],[-3.1841,52.4743],[-3.1813,52.4743],[-3.1786,52.4743],[-3.1786,52.4759],[-3.1759,52.4759],[-3.1731,52.4776],[-3.1704,52.4793],[-3.1676,52.4793],[-3.1676,52.481],[-3.1649,52.481],[-3.1649,52.4826],[-3.1622,52.4826],[-3.1594,52.4843],[-3.1567,52.4843],[-3.1567,52.486],[-3.1539,52.486],[-3.1512,52.486],[-3.1512,52.4876],[-3.1485,52.4876],[-3.1457,52.4876],[-3.1457,52.4893],[-3.143,52.4893],[-3.143,52.491],[-3.1402,52.491],[-3.1402,52.4926],[-3.1375,52.4926],[-3.1375,52.491],[-3.1348,52.491],[-3.1348,52.4926],[-3.132,52.4926],[-3.1293,52.4926],[-3.1266,52.4926],[-3.1238,52.4926],[-3.1238,52.4943],[-3.1211,52.4943],[-3.1183,52.4943],[-3.1183,52.496],[-3.1156,52.496],[-3.1156,52.4976],[-3.1129,52.4976],[-3.1129,52.4993],[-3.1101,52.4993],[-3.1074,52.4993],[-3.1046,52.4993],[-3.1019,52.4993],[-3.0992,52.4993],[-3.0964,52.4993],[-3.0937,52.4993],[-3.0909,52.4993],[-3.0882,52.4993],[-3.0855,52.4993],[-3.0827,52.4993],[-3.08,52.4993],[-3.0772,52.4993],[-3.0745,52.4993],[-3.0718,52.4993],[-3.069,52.4993],[-3.0663,52.4993],[-3.0635,52.4993],[-3.0608,52.4993],[-3.0581,52.4993],[-3.0553,52.4993],[-3.0526,52.4993],[-3.0498,52.4993],[-3.0471,52.4993],[-3.0471,52.4976],[-3.0444,52.4976],[-3.0444,52.496],[-3.0416,52.496],[-3.0416,52.4943],[-3.0389,52.4943],[-3.0361,52.4943],[-3.0361,52.4926],[-3.0334,52.4926],[-3.0334,52.491],[-3.0307,52.491],[-3.0307,52.4893],[-3.0279,52.4893],[-3.0252,52.4893],[-3.0252,52.4876],[-3.0224,52.4876],[-3.0224,52.486],[-3.0197,52.486],[-3.0197,52.4843],[-3.017,52.4843],[-3.0142,52.4843],[-3.0142,52.4826],[-3.0142,52.481],[-3.0115,52.481],[-3.0115,52.4793],[-3.0115,52.4776],[-3.0087,52.4776],[-3.006,52.4776],[-3.0033,52.4776],[-3.0033,52.4793],[-3.0005,52.4793],[-2.9978,52.4793],[-2.995,52.4793],[-2.995,52.481],[-2.995,52.4826],[-2.9923,52.4826],[-2.9896,52.4826],[-2.9896,52.4843],[-2.9868,52.4843],[-2.9868,52.486],[-2.9841,52.486],[-2.9813,52.486],[-2.9813,52.4876],[-2.9786,52.4876],[-2.9786,52.4893],[-2.9759,52.491],[-2.9759,52.4926],[-2.9731,52.4926],[-2.9704,52.4943],[-2.9676,52.4943],[-2.9649,52.4943],[-2.9622,52.4943],[-2.9594,52.4943],[-2.9567,52.4943],[-2.9567,52.4926],[-2.9539,52.4926],[-2.9539,52.491],[-2.9512,52.491],[-2.9512,52.4893],[-2.9485,52.4893],[-2.9485,52.4876],[-2.9457,52.4876],[-2.9457,52.486],[-2.943,52.486],[-2.943,52.4843],[-2.9402,52.4826],[-2.9375,52.4826],[-2.9348,52.4826],[-2.932,52.4826],[-2.9293,52.4826],[-2.9265,52.4826],[-2.9238,52.4826],[-2.9211,52.4826],[-2.9183,52.4826],[-2.9183,52.4843],[-2.9156,52.4843],[-2.9156,52.4826],[-2.9128,52.4826],[-2.9128,52.481],[-2.9101,52.481],[-2.9101,52.4826],[-2.9101,52.4843],[-2.9074,52.4843],[-2.9074,52.486],[-2.9074,52.4876],[-2.9046,52.4876],[-2.9046,52.4893],[-2.9019,52.4893],[-2.9019,52.491],[-2.9019,52.4926],[-2.9019,52.4943],[-2.8991,52.4943],[-2.8991,52.496],[-2.8991,52.4976],[-2.8964,52.4976],[-2.8964,52.4993],[-2.8964,52.501],[-2.8964,52.5026],[-2.8937,52.5026],[-2.8937,52.5043],[-2.8937,52.506],[-2.8909,52.506],[-2.8909,52.5076],[-2.8909,52.5093],[-2.8909,52.511],[-2.8882,52.511],[-2.8882,52.5126],[-2.8882,52.5143],[-2.8882,52.516],[-2.8909,52.516],[-2.8909,52.5176],[-2.8909,52.5193],[-2.8909,52.521],[-2.8909,52.5226],[-2.8937,52.5226],[-2.8937,52.5243],[-2.8937,52.526],[-2.8937,52.5276],[-2.8937,52.5293],[-2.8937,52.531],[-2.8964,52.531],[-2.8964,52.5293],[-2.8991,52.5293],[-2.9019,52.5293],[-2.9046,52.5293],[-2.9046,52.531],[-2.9074,52.531],[-2.9101,52.531],[-2.9074,52.5293],[-2.9101,52.5293],[-2.9128,52.5293],[-2.9156,52.5293],[-2.9183,52.5293],[-2.9183,52.5276],[-2.9211,52.5276],[-2.9238,52.5276],[-2.9265,52.5276],[-2.9293,52.5276],[-2.932,52.5276],[-2.9348,52.5276],[-2.9375,52.5276],[-2.9375,52.5293],[-2.9402,52.5293],[-2.943,52.5293],[-2.9457,52.5293],[-2.9485,52.5293],[-2.9512,52.5293],[-2.9512,52.531],[-2.9539,52.531],[-2.9539,52.5293],[-2.9567,52.5293],[-2.9594,52.5293],[-2.9622,52.5293],[-2.9622,52.5276],[-2.9649,52.5276],[-2.9676,52.5276],[-2.9704,52.5276],[-2.9704,52.526],[-2.9731,52.526],[-2.9759,52.526],[-2.9759,52.5243],[-2.9786,52.5243],[-2.9813,52.5243],[-2.9813,52.526],[-2.9841,52.526],[-2.9841,52.5276],[-2.9868,52.5276],[-2.9896,52.5276],[-2.9896,52.526],[-2.9896,52.5243],[-2.9896,52.5226],[-2.9896,52.521],[-2.9923,52.521],[-2.995,52.521],[-2.9978,52.521],[-3.0005,52.521],[-3.0033,52.521],[-3.0033,52.5226],[-3.0005,52.5226],[-3.0005,52.5243],[-3.0033,52.5243],[-3.0033,52.526],[-3.0033,52.5276],[-3.0033,52.5293],[-3.0033,52.531],[-3.0033,52.5326],[-3.0033,52.5343],[-3.0033,52.536],[-3.0033,52.5376],[-3.0005,52.5376],[-3.0005,52.5393],[-3.0005,52.541],[-3.0005,52.5426],[-2.9978,52.5426],[-2.9978,52.5443],[-2.9978,52.546],[-2.9978,52.5476],[-2.9978,52.5493],[-2.995,52.5493],[-2.995,52.551],[-2.995,52.5526],[-2.9978,52.5526],[-2.9978,52.5543],[-3.0005,52.5543],[-3.0005,52.556],[-2.9978,52.556],[-2.9978,52.5576],[-2.9978,52.5593],[-3.0005,52.5593],[-2.9978,52.561],[-2.9978,52.5626],[-2.9978,52.5643],[-2.9978,52.566],[-3.0005,52.566],[-3.0005,52.5676],[-3.0005,52.5693],[-3.0033,52.5693],[-3.0033,52.571],[-3.0033,52.5726],[-3.006,52.5726],[-3.006,52.5743],[-3.0087,52.5743],[-3.0115,52.5743],[-3.0115,52.576],[-3.0142,52.576],[-3.017,52.576],[-3.017,52.5743],[-3.0197,52.5743],[-3.0224,52.5743],[-3.0252,52.5743],[-3.0252,52.5726],[-3.0279,52.5726],[-3.0307,52.5726],[-3.0334,52.5726],[-3.0361,52.5726],[-3.0361,52.571],[-3.0389,52.571],[-3.0389,52.5693],[-3.0416,52.5693],[-3.0416,52.5676],[-3.0444,52.5676],[-3.0444,52.566],[-3.0444,52.5643],[-3.0471,52.5643],[-3.0471,52.5626],[-3.0498,52.5626],[-3.0498,52.5643],[-3.0498,52.566],[-3.0471,52.566],[-3.0471,52.5676],[-3.0471,52.5693],[-3.0471,52.571],[-3.0498,52.571],[-3.0498,52.5726],[-3.0498,52.5743],[-3.0498,52.576],[-3.0471,52.576],[-3.0471,52.5776],[-3.0444,52.5776],[-3.0444,52.5793],[-3.0444,52.581],[-3.0416,52.581],[-3.0416,52.5826],[-3.0416,52.5843],[-3.0389,52.5843],[-3.0389,52.5859],[-3.0389,52.5876],[-3.0361,52.5876],[-3.0361,52.5893],[-3.0361,52.5909],[-3.0361,52.5926],[-3.0361,52.5943],[-3.0361,52.5959],[-3.0334,52.5959],[-3.0334,52.5976],[-3.0334,52.5993],[-3.0361,52.5993],[-3.0361,52.6009],[-3.0389,52.6009],[-3.0389,52.6026],[-3.0389,52.6043],[-3.0361,52.6043],[-3.0361,52.6059],[-3.0361,52.6076],[-3.0389,52.6076],[-3.0389,52.6092],[-3.0389,52.6109],[-3.0361,52.6109],[-3.0361,52.6126],[-3.0334,52.6126],[-3.0334,52.6142],[-3.0307,52.6142],[-3.0279,52.6142],[-3.0252,52.6142],[-3.0252,52.6159],[-3.0224,52.6159],[-3.0197,52.6159],[-3.017,52.6159],[-3.017,52.6176],[-3.0142,52.6176],[-3.0115,52.6176],[-3.0087,52.6176],[-3.006,52.6176],[-3.0033,52.6176],[-3.0033,52.6192],[-3.0005,52.6192],[-3.0005,52.6209],[-3.0005,52.6226],[-3.0005,52.6242],[-2.9978,52.6242],[-2.995,52.6242],[-2.9923,52.6242],[-2.9896,52.6242],[-2.9868,52.6242],[-2.9841,52.6259],[-2.9813,52.6259],[-2.9786,52.6259],[-2.9786,52.6275],[-2.9759,52.6275],[-2.9759,52.6259],[-2.9731,52.6259],[-2.9731,52.6275],[-2.9704,52.6275],[-2.9676,52.6275],[-2.9649,52.6275],[-2.9622,52.6275],[-2.9594,52.6275],[-2.9594,52.6292],[-2.9567,52.6292],[-2.9539,52.6292],[-2.9512,52.6292],[-2.9512,52.6275],[-2.9485,52.6259],[-2.9457,52.6259],[-2.9457,52.6242],[-2.9457,52.6226],[-2.9485,52.6226],[-2.9485,52.6209],[-2.9485,52.6192],[-2.9512,52.6192],[-2.9512,52.6176],[-2.9512,52.6159],[-2.9539,52.6159],[-2.9539,52.6142],[-2.9567,52.6142],[-2.9567,52.6126],[-2.9539,52.6126],[-2.9539,52.6142],[-2.9512,52.6142],[-2.9485,52.6142],[-2.9457,52.6142],[-2.9457,52.6126],[-2.943,52.6142],[-2.9402,52.6142],[-2.9402,52.6126],[-2.9375,52.6126],[-2.9375,52.6109],[-2.9402,52.6109],[-2.9402,52.6092],[-2.9402,52.6076],[-2.9375,52.6076],[-2.9348,52.6076],[-2.932,52.6076],[-2.932,52.6092],[-2.932,52.6109],[-2.9293,52.6109],[-2.9293,52.6126],[-2.9293,52.6142],[-2.9265,52.6142],[-2.9265,52.6159],[-2.9265,52.6176],[-2.9265,52.6192],[-2.9238,52.6192],[-2.9238,52.6209],[-2.9238,52.6226],[-2.9211,52.6226],[-2.9211,52.6242],[-2.9211,52.6259],[-2.9183,52.6259],[-2.9183,52.6275],[-2.9183,52.6292],[-2.9156,52.6309],[-2.9156,52.6325],[-2.9128,52.6325],[-2.9101,52.6325],[-2.9101,52.6309],[-2.9074,52.6309],[-2.9046,52.6309],[-2.9046,52.6292],[-2.9019,52.6292],[-2.8991,52.6292],[-2.8991,52.6275],[-2.8964,52.6275],[-2.8937,52.6275],[-2.8909,52.6275],[-2.8909,52.6292],[-2.8882,52.6292],[-2.8882,52.6309],[-2.8882,52.6325],[-2.8882,52.6342],[-2.8882,52.6359],[-2.8882,52.6375],[-2.8882,52.6392],[-2.8882,52.6408],[-2.8882,52.6425],[-2.8854,52.6425],[-2.8827,52.6425],[-2.8827,52.6408],[-2.88,52.6408],[-2.88,52.6425],[-2.88,52.6442],[-2.8772,52.6442],[-2.8772,52.6458],[-2.8745,52.6458],[-2.8745,52.6475],[-2.8745,52.6492],[-2.8745,52.6508],[-2.8745,52.6525],[-2.8717,52.6525],[-2.8717,52.6541],[-2.869,52.6541],[-2.8663,52.6541],[-2.8635,52.6541],[-2.8608,52.6541],[-2.858,52.6541],[-2.858,52.6558],[-2.8553,52.6558],[-2.8553,52.6541],[-2.8553,52.6525],[-2.8553,52.6508],[-2.8553,52.6492],[-2.8553,52.6475],[-2.858,52.6475],[-2.858,52.6458],[-2.8553,52.6458],[-2.8553,52.6442],[-2.8553,52.6425],[-2.8526,52.6425],[-2.8526,52.6408],[-2.8526,52.6392],[-2.8526,52.6375],[-2.8526,52.6359],[-2.8526,52.6342],[-2.8498,52.6342],[-2.8498,52.6325],[-2.8498,52.6309],[-2.8498,52.6292],[-2.8498,52.6275],[-2.8471,52.6275],[-2.8443,52.6275],[-2.8443,52.6259],[-2.8443,52.6242],[-2.8443,52.6226],[-2.8443,52.6209],[-2.8443,52.6192],[-2.8443,52.6176],[-2.8443,52.6159],[-2.8416,52.6159],[-2.8416,52.6142],[-2.8389,52.6142],[-2.8389,52.6126],[-2.8389,52.6109],[-2.8361,52.6109],[-2.8361,52.6092],[-2.8334,52.6092],[-2.8334,52.6076],[-2.8306,52.6076],[-2.8306,52.6059],[-2.8279,52.6076],[-2.8252,52.6076],[-2.8252,52.6059],[-2.8224,52.6059],[-2.8197,52.6059],[-2.8197,52.6043],[-2.8169,52.6043],[-2.8142,52.6043],[-2.8142,52.6026],[-2.8115,52.6026],[-2.8115,52.6009],[-2.8142,52.6009],[-2.8142,52.5993],[-2.8169,52.5993],[-2.8169,52.5976],[-2.8142,52.5959],[-2.8142,52.5943],[-2.8115,52.5943],[-2.8115,52.5926],[-2.8087,52.5926],[-2.8087,52.5909],[-2.8087,52.5893],[-2.806,52.5893],[-2.806,52.5876],[-2.8087,52.5876],[-2.8087,52.5859],[-2.8087,52.5843],[-2.8087,52.5826],[-2.8087,52.581],[-2.8087,52.5793],[-2.8087,52.5776],[-2.8087,52.576],[-2.8087,52.5743],[-2.806,52.5743],[-2.806,52.5726],[-2.806,52.571],[-2.806,52.5693],[-2.8032,52.5693],[-2.8005,52.5693],[-2.8005,52.571],[-2.7978,52.5693],[-2.7978,52.571],[-2.795,52.571],[-2.7923,52.571],[-2.7923,52.5726],[-2.7895,52.5726],[-2.7868,52.5726],[-2.7868,52.571],[-2.7868,52.5693],[-2.7868,52.5676],[-2.7868,52.566],[-2.7895,52.566],[-2.7895,52.5643],[-2.7868,52.5643],[-2.7868,52.5626],[-2.7868,52.561],[-2.7841,52.561],[-2.7841,52.5593],[-2.7813,52.5593],[-2.7786,52.5593],[-2.7758,52.5593],[-2.7758,52.561],[-2.7731,52.561],[-2.7731,52.5626],[-2.7704,52.5626],[-2.7676,52.5626],[-2.7649,52.5626],[-2.7621,52.5626],[-2.7621,52.5643],[-2.7594,52.5643],[-2.7594,52.566],[-2.7621,52.566],[-2.7621,52.5676],[-2.7594,52.5676],[-2.7567,52.5676],[-2.7567,52.5693],[-2.7567,52.571],[-2.7539,52.571],[-2.7539,52.5726],[-2.7512,52.5726],[-2.7512,52.5743],[-2.7512,52.576],[-2.7484,52.576],[-2.7484,52.5776],[-2.7457,52.5776],[-2.7457,52.5793],[-2.743,52.5793],[-2.743,52.581],[-2.7402,52.581],[-2.7402,52.5826],[-2.7402,52.5843],[-2.7375,52.5843],[-2.7375,52.5859],[-2.7348,52.5859],[-2.732,52.5859],[-2.732,52.5876],[-2.732,52.5893],[-2.7293,52.5893],[-2.7293,52.5876],[-2.7265,52.5876],[-2.7265,52.5893],[-2.7265,52.5909],[-2.7238,52.5909],[-2.7156,52.5943],[-2.7128,52.5943],[-2.7128,52.5926],[-2.7101,52.5926],[-2.7101,52.5943],[-2.7074,52.5943],[-2.7046,52.5926],[-2.7019,52.5926],[-2.7019,52.5943],[-2.6991,52.5943],[-2.6964,52.5943],[-2.6937,52.5943],[-2.6937,52.5926],[-2.6964,52.5926],[-2.6964,52.5909],[-2.6964,52.5893],[-2.6991,52.5893],[-2.6991,52.5876],[-2.7019,52.5876],[-2.7019,52.5859],[-2.7019,52.5843],[-2.7019,52.5826],[-2.7046,52.5826],[-2.7046,52.581],[-2.7019,52.581],[-2.6991,52.5826],[-2.6964,52.5843],[-2.6937,52.5843],[-2.6937,52.5859],[-2.6909,52.5859],[-2.6882,52.5859],[-2.6882,52.5876],[-2.6854,52.5876],[-2.6827,52.5876],[-2.68,52.5876],[-2.6772,52.5876],[-2.6745,52.5893],[-2.6717,52.5893],[-2.669,52.5893],[-2.669,52.5909],[-2.669,52.5926],[-2.6663,52.5926],[-2.6663,52.5943],[-2.6635,52.5943],[-2.6608,52.5943],[-2.6608,52.5926],[-2.6608,52.5909],[-2.6635,52.5909],[-2.6635,52.5893],[-2.6663,52.5893],[-2.6663,52.5876],[-2.669,52.5876],[-2.669,52.5859],[-2.6717,52.5859],[-2.6717,52.5843],[-2.6745,52.5843],[-2.6745,52.5826],[-2.6772,52.5826],[-2.6772,52.581],[-2.6772,52.5793],[-2.6772,52.5776],[-2.6772,52.576],[-2.68,52.576],[-2.68,52.5743],[-2.68,52.5726],[-2.6827,52.5726],[-2.6827,52.571],[-2.6827,52.5693],[-2.6827,52.5676],[-2.6827,52.566],[-2.6854,52.566],[-2.6854,52.5643],[-2.6854,52.5626],[-2.6827,52.5626],[-2.6827,52.561],[-2.68,52.561],[-2.6772,52.561],[-2.6745,52.561],[-2.6745,52.5593],[-2.6717,52.5593],[-2.6717,52.5576],[-2.669,52.5576],[-2.6663,52.5576],[-2.6663,52.556],[-2.6635,52.556],[-2.6608,52.556],[-2.6608,52.5543],[-2.6608,52.5526],[-2.658,52.5526],[-2.6553,52.5526],[-2.6553,52.5543],[-2.6526,52.5543],[-2.6526,52.556],[-2.6526,52.5576],[-2.6498,52.5576],[-2.6498,52.5593],[-2.6471,52.5593],[-2.6443,52.5593],[-2.6443,52.561],[-2.6471,52.561],[-2.6471,52.5626],[-2.6498,52.5643],[-2.6498,52.566],[-2.6526,52.566],[-2.6553,52.566],[-2.6553,52.5676],[-2.658,52.5676],[-2.658,52.5693],[-2.658,52.571],[-2.658,52.5726],[-2.658,52.5743],[-2.6553,52.5743],[-2.6526,52.5743],[-2.6526,52.576],[-2.6498,52.576],[-2.6471,52.576],[-2.6471,52.5776],[-2.6443,52.5776],[-2.6443,52.5793],[-2.6443,52.581],[-2.6416,52.581],[-2.6389,52.581],[-2.6361,52.581],[-2.6334,52.581],[-2.6334,52.5826],[-2.6334,52.5843],[-2.6306,52.5843],[-2.6306,52.5859],[-2.6279,52.5859],[-2.6279,52.5876],[-2.6252,52.5876],[-2.6224,52.5876],[-2.6224,52.5893],[-2.6197,52.5893],[-2.6197,52.5909],[-2.6169,52.5909],[-2.6169,52.5926],[-2.6142,52.5926],[-2.6115,52.5926],[-2.6115,52.5943],[-2.6115,52.5959],[-2.6087,52.5959],[-2.6087,52.5976],[-2.606,52.5976],[-2.6032,52.5976],[-2.6032,52.5993],[-2.6032,52.6009],[-2.6032,52.6026],[-2.6005,52.6026],[-2.5978,52.6026],[-2.5978,52.6043],[-2.595,52.6043],[-2.5923,52.6043],[-2.5923,52.6059],[-2.5923,52.6076],[-2.5895,52.6076],[-2.5868,52.6076],[-2.5841,52.6076],[-2.5813,52.6076],[-2.5813,52.6092],[-2.5841,52.6092],[-2.5841,52.6109],[-2.5813,52.6109],[-2.5813,52.6126],[-2.5786,52.6126],[-2.5786,52.6142],[-2.5758,52.6142],[-2.5731,52.6142],[-2.5731,52.6159],[-2.5704,52.6159],[-2.5704,52.6176],[-2.5731,52.6176],[-2.5758,52.6176],[-2.5758,52.6192],[-2.5786,52.6192],[-2.5786,52.6209],[-2.5813,52.6209],[-2.5813,52.6226],[-2.5841,52.6226],[-2.5841,52.6242],[-2.5813,52.6242],[-2.5786,52.6242],[-2.5786,52.6259],[-2.5786,52.6275],[-2.5813,52.6275],[-2.5813,52.6292],[-2.5813,52.6309],[-2.5813,52.6325],[-2.5813,52.6342],[-2.5813,52.6359],[-2.5813,52.6375],[-2.5813,52.6392],[-2.5813,52.6408],[-2.5813,52.6425],[-2.5786,52.6425],[-2.5758,52.6425],[-2.5758,52.6442],[-2.5758,52.6458],[-2.5786,52.6458],[-2.5786,52.6475],[-2.5786,52.6492],[-2.5813,52.6492],[-2.5813,52.6508],[-2.5841,52.6508],[-2.5813,52.6525],[-2.5813,52.6541],[-2.5813,52.6558],[-2.5786,52.6558],[-2.5786,52.6575],[-2.5813,52.6575],[-2.5813,52.6591],[-2.5813,52.6608],[-2.5786,52.6608],[-2.5758,52.6608],[-2.5758,52.6625],[-2.5731,52.6625],[-2.5731,52.6641],[-2.5704,52.6658],[-2.5676,52.6658],[-2.5676,52.6674],[-2.5649,52.6674],[-2.5649,52.6691],[-2.5676,52.6691],[-2.5704,52.6691],[-2.5731,52.6691],[-2.5758,52.6691],[-2.5758,52.6708],[-2.5731,52.6708],[-2.5731,52.6724],[-2.5704,52.6708],[-2.5676,52.6708],[-2.5649,52.6708],[-2.5621,52.6708],[-2.5621,52.6724],[-2.5594,52.6724],[-2.5567,52.6724],[-2.5567,52.6741],[-2.5567,52.6757],[-2.5539,52.6757],[-2.5539,52.6774],[-2.5512,52.6774],[-2.5484,52.6774],[-2.5457,52.6774],[-2.5457,52.6791],[-2.543,52.6791],[-2.543,52.6807],[-2.5402,52.6807],[-2.5402,52.6791],[-2.5375,52.6791],[-2.5375,52.6807],[-2.5347,52.6807],[-2.5347,52.6824],[-2.5347,52.6841],[-2.532,52.6841],[-2.532,52.6857],[-2.5293,52.6857],[-2.5293,52.6874],[-2.5265,52.6874],[-2.5265,52.689],[-2.5238,52.689],[-2.521,52.689],[-2.5183,52.6874],[-2.5156,52.6874],[-2.5128,52.6874],[-2.5128,52.6857],[-2.5128,52.6841],[-2.5128,52.6824],[-2.5128,52.6807],[-2.5101,52.6807],[-2.5101,52.6791],[-2.5101,52.6774],[-2.5073,52.6774],[-2.5073,52.6757],[-2.5046,52.6757],[-2.5046,52.6741],[-2.5019,52.6724],[-2.5046,52.6724],[-2.5073,52.6724],[-2.5073,52.6741],[-2.5101,52.6741],[-2.5128,52.6741],[-2.5156,52.6741],[-2.5156,52.6757],[-2.5183,52.6757],[-2.5183,52.6741],[-2.521,52.6741],[-2.521,52.6757],[-2.521,52.6774],[-2.5238,52.6774],[-2.5265,52.6757],[-2.5293,52.6757],[-2.532,52.6757],[-2.532,52.6741],[-2.532,52.6724],[-2.532,52.6708],[-2.532,52.6691],[-2.5347,52.6691],[-2.5347,52.6674],[-2.5375,52.6674],[-2.5375,52.6658],[-2.5375,52.6641],[-2.5375,52.6625],[-2.5402,52.6625],[-2.5402,52.6641],[-2.543,52.6641],[-2.543,52.6625],[-2.543,52.6608],[-2.543,52.6591],[-2.5457,52.6591],[-2.5457,52.6575],[-2.5457,52.6558],[-2.5484,52.6558],[-2.5484,52.6541],[-2.5457,52.6541],[-2.5457,52.6525],[-2.5457,52.6508],[-2.5484,52.6508],[-2.5484,52.6492],[-2.5484,52.6475],[-2.5484,52.6458],[-2.5512,52.6458],[-2.5512,52.6442],[-2.5484,52.6442],[-2.5484,52.6425],[-2.5484,52.6408],[-2.5457,52.6408],[-2.543,52.6408],[-2.5402,52.6408],[-2.5402,52.6392],[-2.5375,52.6392],[-2.5347,52.6392],[-2.5347,52.6375],[-2.532,52.6375],[-2.5293,52.6375],[-2.5265,52.6375],[-2.5265,52.6359],[-2.5265,52.6342],[-2.5265,52.6325],[-2.5293,52.6325],[-2.532,52.6325],[-2.532,52.6309],[-2.5347,52.6309],[-2.5347,52.6292],[-2.5375,52.6275],[-2.5375,52.6259],[-2.5375,52.6242],[-2.5375,52.6226],[-2.5375,52.6209],[-2.5375,52.6192],[-2.5402,52.6192],[-2.5402,52.6176],[-2.543,52.6176],[-2.543,52.6159],[-2.5457,52.6159],[-2.5457,52.6142],[-2.5457,52.6126],[-2.5457,52.6109],[-2.5457,52.6092],[-2.5484,52.6092],[-2.5484,52.6076],[-2.5512,52.6076],[-2.5539,52.6059],[-2.5567,52.6059],[-2.5594,52.6059],[-2.5594,52.6076],[-2.5621,52.6076],[-2.5649,52.6076],[-2.5649,52.6059],[-2.5676,52.6059],[-2.5676,52.6043],[-2.5704,52.6043],[-2.5704,52.6026],[-2.5731,52.6026],[-2.5731,52.6009],[-2.5758,52.6009],[-2.5758,52.5993],[-2.5786,52.5993],[-2.5786,52.5976],[-2.5813,52.5976],[-2.5813,52.5959],[-2.5841,52.5959],[-2.5841,52.5943],[-2.5868,52.5943],[-2.5868,52.5926],[-2.5868,52.5909],[-2.5895,52.5909],[-2.5895,52.5893],[-2.5923,52.5893],[-2.5923,52.5876],[-2.595,52.5876],[-2.595,52.5859],[-2.595,52.5843],[-2.5978,52.5843],[-2.6005,52.5843],[-2.6032,52.5826],[-2.6005,52.5826],[-2.6005,52.581],[-2.6005,52.5793],[-2.6032,52.5793],[-2.6032,52.5776],[-2.606,52.5776],[-2.606,52.576],[-2.6087,52.576],[-2.6115,52.576],[-2.6115,52.5743],[-2.6142,52.5743],[-2.6169,52.5743],[-2.6169,52.5726],[-2.6197,52.5726],[-2.6224,52.5726],[-2.6224,52.571],[-2.6252,52.571],[-2.6252,52.5693],[-2.6279,52.5693],[-2.6279,52.5676],[-2.6306,52.5676],[-2.6306,52.566],[-2.6334,52.566],[-2.6334,52.5643],[-2.6361,52.5643],[-2.6361,52.5626],[-2.6361,52.561],[-2.6361,52.5593],[-2.6389,52.5593],[-2.6389,52.5576],[-2.6389,52.556],[-2.6389,52.5543],[-2.6416,52.5543],[-2.6416,52.5526],[-2.6389,52.5526],[-2.6361,52.5526],[-2.6361,52.551],[-2.6361,52.5493],[-2.6361,52.5476],[-2.6361,52.546],[-2.6334,52.546],[-2.6334,52.5443],[-2.6306,52.5443],[-2.6279,52.5443],[-2.6279,52.5426],[-2.6252,52.5426],[-2.6252,52.541],[-2.6224,52.541],[-2.6224,52.5393],[-2.6197,52.5393],[-2.6169,52.5393],[-2.6142,52.5393],[-2.6142,52.5376],[-2.6115,52.5376],[-2.6087,52.5376],[-2.606,52.5376],[-2.606,52.536],[-2.6032,52.536],[-2.6005,52.536],[-2.5978,52.536],[-2.5978,52.5343],[-2.595,52.5343],[-2.595,52.5326],[-2.5923,52.5326],[-2.5895,52.5326],[-2.5895,52.531],[-2.5868,52.531],[-2.5841,52.531],[-2.5813,52.531],[-2.5813,52.5293],[-2.5786,52.5293],[-2.5786,52.5276],[-2.5786,52.526],[-2.5758,52.526],[-2.5758,52.5243],[-2.5758,52.5226],[-2.5758,52.521],[-2.5758,52.5193],[-2.5758,52.5176],[-2.5758,52.516],[-2.5758,52.5143],[-2.5786,52.5143],[-2.5786,52.5126],[-2.5758,52.5126],[-2.5758,52.511],[-2.5758,52.5093],[-2.5758,52.5076],[-2.5758,52.506],[-2.5786,52.506],[-2.5786,52.5043],[-2.5786,52.5026],[-2.5786,52.501],[-2.5786,52.4993],[-2.5758,52.4993],[-2.5731,52.4993],[-2.5731,52.4976],[-2.5731,52.496],[-2.5758,52.496],[-2.5758,52.4943],[-2.5758,52.4926],[-2.5786,52.4926],[-2.5786,52.491],[-2.5758,52.491],[-2.5758,52.4893],[-2.5758,52.4876],[-2.5731,52.4876],[-2.5731,52.486],[-2.5704,52.486],[-2.5704,52.4843],[-2.5676,52.4843],[-2.5649,52.4843],[-2.5649,52.4826],[-2.5621,52.4826],[-2.5621,52.481],[-2.5594,52.481],[-2.5594,52.4793],[-2.5594,52.4776],[-2.5567,52.4759],[-2.5567,52.4743],[-2.5594,52.4743],[-2.5594,52.4726],[-2.5594,52.4709],[-2.5594,52.4693],[-2.5594,52.4676],[-2.5621,52.4676],[-2.5621,52.4659],[-2.5621,52.4643],[-2.5621,52.4626],[-2.5649,52.4626],[-2.5649,52.4609],[-2.5649,52.4593],[-2.5676,52.4593],[-2.5676,52.4576],[-2.5704,52.4559],[-2.5704,52.4542],[-2.5731,52.4542],[-2.5731,52.4526],[-2.5731,52.4509],[-2.5731,52.4492],[-2.5731,52.4476],[-2.5704,52.4476],[-2.5704,52.4459],[-2.5676,52.4459],[-2.5676,52.4442],[-2.5649,52.4442],[-2.5649,52.4426],[-2.5621,52.4426],[-2.5594,52.4426],[-2.5567,52.4426],[-2.5539,52.4426],[-2.5512,52.4426],[-2.5484,52.4426],[-2.5484,52.4409],[-2.5457,52.4409],[-2.5457,52.4392],[-2.543,52.4392],[-2.543,52.4375],[-2.543,52.4359],[-2.5402,52.4359],[-2.5402,52.4342],[-2.5375,52.4342],[-2.5347,52.4342],[-2.5347,52.4325],[-2.5347,52.4309],[-2.532,52.4309],[-2.532,52.4292],[-2.5293,52.4292],[-2.5293,52.4275],[-2.5293,52.4259],[-2.5293,52.4242],[-2.532,52.4242],[-2.532,52.4225],[-2.532,52.4208],[-2.5347,52.4208],[-2.5347,52.4192],[-2.5375,52.4175],[-2.5375,52.4158],[-2.5375,52.4142],[-2.5375,52.4125],[-2.5375,52.4108],[-2.5375,52.4091],[-2.5375,52.4075],[-2.5375,52.4058],[-2.5402,52.4058],[-2.543,52.4058],[-2.543,52.4041],[-2.5457,52.4041],[-2.5457,52.4025],[-2.5484,52.4025],[-2.5484,52.4008],[-2.5484,52.3991],[-2.5512,52.3991],[-2.5512,52.3974],[-2.5512,52.3958],[-2.5512,52.3941],[-2.5512,52.3924],[-2.5539,52.3924],[-2.5539,52.3908],[-2.5539,52.3891],[-2.5567,52.3891],[-2.5567,52.3874],[-2.5594,52.3874],[-2.5594,52.3857],[-2.5621,52.3857],[-2.5621,52.3841],[-2.5649,52.3841],[-2.5649,52.3824],[-2.5676,52.3824],[-2.5676,52.3807],[-2.5676,52.379],[-2.5649,52.379],[-2.5649,52.3774],[-2.5676,52.3774],[-2.5704,52.3774],[-2.5704,52.3757],[-2.5731,52.3757],[-2.5731,52.374],[-2.5731,52.3724],[-2.5731,52.3707],[-2.5731,52.369],[-2.5758,52.369],[-2.5758,52.3673],[-2.5786,52.3673],[-2.5786,52.3657],[-2.5786,52.364],[-2.5813,52.364],[-2.5841,52.364],[-2.5841,52.3623],[-2.5841,52.3606],[-2.5868,52.3606],[-2.5868,52.359],[-2.5895,52.359],[-2.5895,52.3573],[-2.5923,52.3573],[-2.595,52.3573],[-2.5978,52.3573],[-2.5978,52.359],[-2.6005,52.359],[-2.6032,52.359],[-2.606,52.359],[-2.6087,52.359],[-2.6087,52.3573],[-2.6115,52.3573],[-2.6142,52.3573],[-2.6142,52.3556],[-2.6169,52.3556],[-2.6197,52.3556],[-2.6224,52.3556],[-2.6224,52.354],[-2.6252,52.3556],[-2.6279,52.3556],[-2.6279,52.3573],[-2.6279,52.359],[-2.6279,52.3606],[-2.6252,52.3606],[-2.6252,52.3623],[-2.6252,52.364],[-2.6252,52.3657],[-2.6252,52.3673],[-2.6252,52.369],[-2.6252,52.3707],[-2.6279,52.3707],[-2.6279,52.3724],[-2.6306,52.3724],[-2.6306,52.374],[-2.6306,52.3757],[-2.6279,52.3757],[-2.6279,52.3774],[-2.6252,52.3774],[-2.6252,52.379],[-2.6279,52.379],[-2.6279,52.3807],[-2.6306,52.3807],[-2.6306,52.3824],[-2.6306,52.3841],[-2.6306,52.3857],[-2.6306,52.3874],[-2.6306,52.3891],[-2.6334,52.3891],[-2.6361,52.3891],[-2.6361,52.3908],[-2.6389,52.3908],[-2.6389,52.3924],[-2.6416,52.3924],[-2.6443,52.3924],[-2.6471,52.3924],[-2.6471,52.3941],[-2.6471,52.3958],[-2.6443,52.3958],[-2.6443,52.3974],[-2.6471,52.3974],[-2.6471,52.3991],[-2.6498,52.3991],[-2.6526,52.3991],[-2.6526,52.4008],[-2.6526,52.4025],[-2.6553,52.4025],[-2.6553,52.4041],[-2.6553,52.4058],[-2.658,52.4058],[-2.658,52.4041],[-2.6608,52.4041],[-2.6608,52.4025],[-2.6635,52.4025],[-2.6635,52.4008],[-2.6635,52.3991],[-2.6635,52.3974],[-2.6663,52.3974],[-2.6663,52.3958],[-2.669,52.3958],[-2.669,52.3941],[-2.6717,52.3941],[-2.6717,52.3924],[-2.6717,52.3908],[-2.6745,52.3908],[-2.6745,52.3891],[-2.6772,52.3891],[-2.68,52.3891],[-2.68,52.3874],[-2.6827,52.3874],[-2.6854,52.3874],[-2.6854,52.3857],[-2.6882,52.3857],[-2.6909,52.3841],[-2.6909,52.3857],[-2.6909,52.3874],[-2.6937,52.3874],[-2.6964,52.3874],[-2.6964,52.3891],[-2.6991,52.3891],[-2.6991,52.3874],[-2.7019,52.3874],[-2.7046,52.3874],[-2.7046,52.3857],[-2.7074,52.3857],[-2.7101,52.3857],[-2.7128,52.3857],[-2.7128,52.3874],[-2.7128,52.3891],[-2.7156,52.3891],[-2.7156,52.3908],[-2.7156,52.3924],[-2.7183,52.3924],[-2.7183,52.3941],[-2.7211,52.3941],[-2.7211,52.3958],[-2.7238,52.3958],[-2.7238,52.3974],[-2.7238,52.3991],[-2.7265,52.3991],[-2.7265,52.4008],[-2.7293,52.4008],[-2.7293,52.4025],[-2.7293,52.4041],[-2.7293,52.4058],[-2.7293,52.4075],[-2.732,52.4075],[-2.732,52.4091],[-2.732,52.4108],[-2.732,52.4125],[-2.732,52.4142],[-2.732,52.4158],[-2.732,52.4175],[-2.732,52.4192],[-2.732,52.4208],[-2.732,52.4225],[-2.732,52.4242],[-2.732,52.4259],[-2.732,52.4275],[-2.7293,52.4292],[-2.7293,52.4309],[-2.7293,52.4325],[-2.7293,52.4342],[-2.7293,52.4359],[-2.7265,52.4359],[-2.7265,52.4375],[-2.7238,52.4375],[-2.7238,52.4392],[-2.7238,52.4409],[-2.7211,52.4409],[-2.7183,52.4409],[-2.7183,52.4426],[-2.7156,52.4426],[-2.7156,52.4442],[-2.7128,52.4442],[-2.7101,52.4442],[-2.7101,52.4459],[-2.7101,52.4476],[-2.7074,52.4492],[-2.7074,52.4509],[-2.7046,52.4509],[-2.7019,52.4526],[-2.6991,52.4542],[-2.6964,52.4542],[-2.6964,52.4559],[-2.6964,52.4576],[-2.6937,52.4576],[-2.6937,52.4593],[-2.6909,52.4593],[-2.6882,52.4593],[-2.6854,52.4593],[-2.6827,52.4593],[-2.68,52.4593],[-2.6772,52.4593],[-2.6772,52.4609],[-2.6745,52.4609],[-2.6717,52.4609],[-2.6717,52.4626],[-2.669,52.4626],[-2.669,52.4643],[-2.6717,52.4643],[-2.6717,52.4659],[-2.6717,52.4676],[-2.6717,52.4693],[-2.6717,52.4709],[-2.6717,52.4726],[-2.669,52.4726],[-2.6663,52.4726],[-2.6635,52.4726],[-2.6608,52.4743],[-2.658,52.4759],[-2.658,52.4776],[-2.6553,52.4776],[-2.6553,52.4793],[-2.6553,52.481],[-2.6553,52.4826],[-2.658,52.4826],[-2.658,52.4843],[-2.6608,52.4843],[-2.6608,52.486],[-2.6635,52.486],[-2.6635,52.4876],[-2.6635,52.4893],[-2.6635,52.491],[-2.6663,52.491],[-2.6663,52.4926],[-2.669,52.4926],[-2.669,52.4943],[-2.669,52.496],[-2.6717,52.496],[-2.6717,52.4976],[-2.6717,52.4993],[-2.6717,52.501],[-2.6745,52.5026],[-2.6745,52.5043],[-2.6772,52.5043],[-2.6772,52.5026],[-2.68,52.5026],[-2.68,52.501],[-2.6827,52.501],[-2.6827,52.4993],[-2.6854,52.4993],[-2.6854,52.4976],[-2.6854,52.496],[-2.6882,52.496],[-2.6882,52.4943],[-2.6882,52.4926],[-2.6909,52.4926],[-2.6909,52.491],[-2.6909,52.4893],[-2.6937,52.4876],[-2.6964,52.4876],[-2.6964,52.486],[-2.6991,52.486],[-2.6991,52.4843],[-2.7019,52.4843],[-2.7046,52.4843],[-2.7046,52.4826],[-2.7074,52.4826],[-2.7074,52.481],[-2.7101,52.481],[-2.7101,52.4793],[-2.7128,52.4793],[-2.7156,52.4793],[-2.7156,52.4776],[-2.7183,52.4776],[-2.7183,52.4759],[-2.7183,52.4743],[-2.7211,52.4743],[-2.7211,52.4726],[-2.7238,52.4726],[-2.7238,52.4709],[-2.7265,52.4709],[-2.7293,52.4693],[-2.732,52.4693],[-2.732,52.4676],[-2.732,52.4659],[-2.7348,52.4659],[-2.7348,52.4643],[-2.7375,52.4643],[-2.7375,52.4626],[-2.7402,52.4626],[-2.743,52.4626],[-2.743,52.4609],[-2.7457,52.4609],[-2.7457,52.4593],[-2.7484,52.4593],[-2.7484,52.4576],[-2.7512,52.4576],[-2.7539,52.4576],[-2.7539,52.4559],[-2.7567,52.4559],[-2.7567,52.4542],[-2.7594,52.4542],[-2.7594,52.4526],[-2.7621,52.4526],[-2.7621,52.4509],[-2.7649,52.4509],[-2.7649,52.4492],[-2.7649,52.4476],[-2.7676,52.4476],[-2.7676,52.4459],[-2.7704,52.4459],[-2.7731,52.4459],[-2.7731,52.4442],[-2.7758,52.4442],[-2.7786,52.4442],[-2.7813,52.4442],[-2.7841,52.4442],[-2.7841,52.4426],[-2.7868,52.4426],[-2.7895,52.4426],[-2.7923,52.4426],[-2.7923,52.4409],[-2.795,52.4409],[-2.795,52.4392],[-2.795,52.4375],[-2.795,52.4359],[-2.795,52.4342],[-2.795,52.4325],[-2.795,52.4309],[-2.795,52.4292],[-2.7978,52.4292],[-2.7978,52.4275],[-2.7978,52.4259],[-2.7978,52.4242],[-2.7978,52.4225],[-2.7978,52.4208],[-2.7978,52.4192],[-2.7978,52.4175],[-2.7978,52.4158],[-2.7978,52.4142],[-2.8005,52.4142],[-2.8005,52.4125],[-2.8005,52.4108],[-2.8032,52.4108],[-2.8032,52.4091],[-2.8032,52.4075],[-2.806,52.4075],[-2.806,52.4091],[-2.8087,52.4091],[-2.8087,52.4108],[-2.8115,52.4108],[-2.8115,52.4125],[-2.8142,52.4125],[-2.8142,52.4142],[-2.8169,52.4142],[-2.8169,52.4158],[-2.8197,52.4158],[-2.8197,52.4175],[-2.8224,52.4175],[-2.8224,52.4192],[-2.8252,52.4192],[-2.8252,52.4208],[-2.8279,52.4208],[-2.8279,52.4225],[-2.8306,52.4225],[-2.8306,52.4242],[-2.8306,52.4259],[-2.8334,52.4259],[-2.8334,52.4275],[-2.8334,52.4292],[-2.8334,52.4309],[-2.8306,52.4309],[-2.8279,52.4309],[-2.8252,52.4309],[-2.8252,52.4325],[-2.8224,52.4325],[-2.8224,52.4342],[-2.8224,52.4359],[-2.8252,52.4359],[-2.8252,52.4375],[-2.8252,52.4392],[-2.8252,52.4409],[-2.8279,52.4409],[-2.8279,52.4426],[-2.8279,52.4442],[-2.8306,52.4442],[-2.8306,52.4459],[-2.8306,52.4476],[-2.8334,52.4476],[-2.8334,52.4492],[-2.8334,52.4509],[-2.8334,52.4526],[-2.8306,52.4526],[-2.8306,52.4542],[-2.8279,52.4542],[-2.8279,52.4559],[-2.8306,52.4559],[-2.8306,52.4576],[-2.8306,52.4593],[-2.8279,52.4593],[-2.8279,52.4609],[-2.8306,52.4626],[-2.8334,52.4626],[-2.8334,52.4643],[-2.8361,52.4643],[-2.8361,52.4626],[-2.8389,52.4626],[-2.8389,52.4609],[-2.8416,52.4609],[-2.8443,52.4609],[-2.8471,52.4609],[-2.8471,52.4593],[-2.8471,52.4576],[-2.8498,52.4576],[-2.8498,52.4559],[-2.8498,52.4542],[-2.8526,52.4542],[-2.8526,52.4526],[-2.8526,52.4509],[-2.8526,52.4492],[-2.8553,52.4492],[-2.8553,52.4476],[-2.8553,52.4459],[-2.858,52.4459],[-2.858,52.4442],[-2.858,52.4426],[-2.8608,52.4426],[-2.8608,52.4409],[-2.8635,52.4409],[-2.8635,52.4392],[-2.8663,52.4392],[-2.8663,52.4375],[-2.869,52.4375],[-2.869,52.4359],[-2.869,52.4342],[-2.8717,52.4342],[-2.8717,52.4325],[-2.8745,52.4325],[-2.8772,52.4325],[-2.88,52.4325],[-2.88,52.4309],[-2.8827,52.4309],[-2.8827,52.4292],[-2.8854,52.4292],[-2.8882,52.4292],[-2.8909,52.4292],[-2.8937,52.4292],[-2.8937,52.4309],[-2.8964,52.4309],[-2.8964,52.4292],[-2.8964,52.4275],[-2.8964,52.4259],[-2.8964,52.4242],[-2.8937,52.4242],[-2.8937,52.4225],[-2.8937,52.4208],[-2.8937,52.4192],[-2.8937,52.4175],[-2.8937,52.4158],[-2.8937,52.4142],[-2.8937,52.4125],[-2.8964,52.4125],[-2.8964,52.4108],[-2.8964,52.4091],[-2.8964,52.4075],[-2.8964,52.4058],[-2.8991,52.4058],[-2.8991,52.4041],[-2.8991,52.4025],[-2.9019,52.4025],[-2.9019,52.4041],[-2.9046,52.4041],[-2.9074,52.4041],[-2.9101,52.4041],[-2.9128,52.4041],[-2.9156,52.4041],[-2.9183,52.4041],[-2.9211,52.4041],[-2.9238,52.4041],[-2.9238,52.4025],[-2.9265,52.4025],[-2.9265,52.4008],[-2.9265,52.3991],[-2.9293,52.3991],[-2.932,52.3991],[-2.932,52.3974],[-2.932,52.3958],[-2.932,52.3941],[-2.9293,52.3941],[-2.9293,52.3924],[-2.9293,52.3908],[-2.9293,52.3891],[-2.9293,52.3874],[-2.9293,52.3857],[-2.9293,52.3841],[-2.9293,52.3824],[-2.9293,52.3807],[-2.9293,52.379],[-2.9293,52.3774],[-2.9293,52.3757],[-2.9265,52.374],[-2.9265,52.3724],[-2.9265,52.3707],[-2.9293,52.3707],[-2.9293,52.369],[-2.9293,52.3673],[-2.932,52.3673],[-2.932,52.3657],[-2.9348,52.3657],[-2.9348,52.364],[-2.9375,52.364],[-2.9402,52.364],[-2.9402,52.3623],[-2.943,52.3623],[-2.9457,52.3623],[-2.9485,52.3623],[-2.9485,52.3606],[-2.9512,52.3606],[-2.9539,52.3606],[-2.9567,52.3606],[-2.9567,52.359],[-2.9594,52.359],[-2.9594,52.3573],[-2.9622,52.3573],[-2.9649,52.3573],[-2.9649,52.3556],[-2.9676,52.3556],[-2.9704,52.3556],[-2.9731,52.3556],[-2.9759,52.3556],[-2.9759,52.354],[-2.9786,52.354],[-2.9786,52.3523],[-2.9813,52.3523],[-2.9841,52.3523],[-2.9841,52.3506],[-2.9868,52.3506],[-2.9896,52.3506],[-2.9896,52.3523],[-2.9923,52.3523],[-2.9923,52.3506],[-2.995,52.3506],[-2.995,52.3523],[-2.9978,52.3523],[-3.0005,52.3523],[-3.0005,52.3506],[-3.0033,52.3506],[-3.0033,52.3489],[-3.006,52.3489],[-3.0087,52.3489],[-3.0115,52.3489],[-3.0142,52.3489],[-3.0142,52.3473],[-3.017,52.3473],[-3.0197,52.3473],[-3.0224,52.3473],[-3.0252,52.3473],[-3.0279,52.3473],[-3.0279,52.3456],[-3.0307,52.3456],[-3.0334,52.3456],[-3.0361,52.3456],[-3.0361,52.3439]]]]},"properties":{"NAME":"Shropshire Hills","CODE":"29","DESIG_DATE":"Mar-59"}},{"type":"Feature","geometry":{"type":"MultiPolygon","coordinates":[[[[1.3833,51.9758],[1.3805,51.9775],[1.3778,51.9775],[1.375,51.9775],[1.3723,51.9775],[1.3723,51.9792],[1.3696,51.9792],[1.3696,51.9809],[1.3696,51.9826],[1.3668,51.9826],[1.3641,51.9826],[1.3613,51.9826],[1.3586,51.9809],[1.3559,51.9809],[1.3531,51.9809],[1.3504,51.9809],[1.3504,51.9826],[1.3476,51.9826],[1.3449,51.9826],[1.3449,51.9843],[1.3449,51.9859],[1.3476,51.9876],[1.3476,51.9893],[1.3476,51.991],[1.3531,51.9944],[1.3504,51.9944],[1.3476,51.9944],[1.3476,51.9961],[1.3449,51.9961],[1.3449,51.9978],[1.3449,51.9994],[1.3449,52.0011],[1.3449,52.0028],[1.3422,52.0028],[1.3394,52.0028],[1.3394,52.0045],[1.3394,52.0062],[1.3394,52.0079],[1.3394,52.0096],[1.3367,52.0096],[1.3367,52.0112],[1.3339,52.0146],[1.3312,52.0146],[1.3285,52.0146],[1.3285,52.0163],[1.3257,52.0163],[1.3257,52.018],[1.3257,52.0197],[1.3285,52.0197],[1.3312,52.0197],[1.3312,52.0214],[1.3339,52.0214],[1.3367,52.0214],[1.3367,52.023],[1.3367,52.0247],[1.3367,52.0264],[1.3339,52.0264],[1.3339,52.0281],[1.3312,52.0281],[1.3312,52.0298],[1.3312,52.0315],[1.3312,52.0332],[1.3285,52.0332],[1.3257,52.0348],[1.3257,52.0365],[1.323,52.0365],[1.323,52.0382],[1.323,52.0399],[1.3202,52.0399],[1.3175,52.0399],[1.3175,52.0416],[1.3148,52.0416],[1.3148,52.0433],[1.3148,52.045],[1.312,52.045],[1.312,52.0466],[1.312,52.0483],[1.312,52.05],[1.3093,52.05],[1.3093,52.0517],[1.3093,52.0534],[1.3065,52.0534],[1.3065,52.0551],[1.3038,52.0551],[1.3038,52.0568],[1.3038,52.0584],[1.3011,52.0584],[1.3011,52.0601],[1.3011,52.0618],[1.3011,52.0635],[1.2983,52.0635],[1.2983,52.0652],[1.2983,52.0669],[1.2956,52.0669],[1.2956,52.0685],[1.2956,52.0702],[1.2928,52.0702],[1.2928,52.0719],[1.2901,52.0702],[1.2901,52.0719],[1.2901,52.0736],[1.2901,52.0753],[1.2874,52.0753],[1.2874,52.077],[1.2846,52.077],[1.2846,52.0787],[1.2874,52.0787],[1.2874,52.0803],[1.2901,52.0803],[1.2928,52.0803],[1.2956,52.0803],[1.2983,52.0803],[1.3011,52.0803],[1.3038,52.0803],[1.3038,52.082],[1.3065,52.082],[1.3093,52.082],[1.3093,52.0837],[1.312,52.0837],[1.312,52.0854],[1.3148,52.0854],[1.3148,52.0871],[1.3148,52.0888],[1.3175,52.0888],[1.3175,52.0904],[1.3202,52.0904],[1.3202,52.0921],[1.323,52.0921],[1.323,52.0938],[1.3257,52.0955],[1.3257,52.0972],[1.3257,52.0989],[1.3285,52.0989],[1.3285,52.1005],[1.3312,52.1005],[1.3312,52.1022],[1.3339,52.1022],[1.3339,52.1039],[1.3367,52.1039],[1.3394,52.1039],[1.3422,52.1039],[1.3422,52.1022],[1.3449,52.1022],[1.3449,52.1005],[1.3476,52.1005],[1.3476,52.1022],[1.3504,52.1022],[1.3531,52.1022],[1.3559,52.1022],[1.3586,52.1022],[1.3613,52.1022],[1.3641,52.1022],[1.3668,52.1022],[1.3668,52.1039],[1.3668,52.1056],[1.3696,52.1056],[1.3696,52.1073],[1.3723,52.1073],[1.3723,52.1089],[1.3723,52.1106],[1.375,52.1106],[1.375,52.1123],[1.3778,52.1123],[1.3778,52.114],[1.3805,52.114],[1.3805,52.1157],[1.3833,52.1157],[1.3833,52.1174],[1.386,52.1174],[1.386,52.119],[1.3887,52.119],[1.3887,52.1207],[1.3915,52.1207],[1.3915,52.1224],[1.3942,52.1224],[1.397,52.1224],[1.3997,52.1224],[1.3997,52.1241],[1.4024,52.1241],[1.4052,52.1241],[1.4079,52.1241],[1.4107,52.1241],[1.4107,52.1258],[1.4134,52.1258],[1.4161,52.1258],[1.4161,52.1275],[1.4189,52.1275],[1.4189,52.1291],[1.4216,52.1291],[1.4244,52.1291],[1.4244,52.1308],[1.4271,52.1308],[1.4271,52.1325],[1.4298,52.1342],[1.4326,52.1342],[1.4326,52.1359],[1.4353,52.1359],[1.4353,52.1375],[1.4381,52.1375],[1.4381,52.1392],[1.4408,52.1392],[1.4408,52.1409],[1.4435,52.1409],[1.4435,52.1426],[1.4463,52.1426],[1.4463,52.1443],[1.449,52.1443],[1.4517,52.1443],[1.4517,52.146],[1.4545,52.146],[1.4545,52.1476],[1.4572,52.1476],[1.4572,52.1493],[1.46,52.1493],[1.4627,52.1493],[1.4654,52.1493],[1.4654,52.151],[1.4682,52.151],[1.4709,52.151],[1.4709,52.1527],[1.4737,52.1527],[1.4737,52.1544],[1.4764,52.1544],[1.4791,52.1544],[1.4819,52.156],[1.4846,52.156],[1.4846,52.1577],[1.4874,52.1577],[1.4874,52.1594],[1.4874,52.1611],[1.4901,52.1611],[1.4901,52.1628],[1.4928,52.1628],[1.4956,52.1628],[1.4956,52.1644],[1.4956,52.1661],[1.4983,52.1661],[1.4983,52.1678],[1.4983,52.1695],[1.5011,52.1695],[1.5011,52.1712],[1.5011,52.1728],[1.5011,52.1745],[1.5011,52.1762],[1.5011,52.1779],[1.5038,52.1779],[1.5038,52.1796],[1.5065,52.1796],[1.5093,52.1796],[1.512,52.1796],[1.5148,52.1796],[1.5175,52.1796],[1.5202,52.1796],[1.523,52.1796],[1.5257,52.1796],[1.5285,52.1796],[1.5312,52.1796],[1.5312,52.1812],[1.5339,52.1812],[1.5339,52.1796],[1.5367,52.1796],[1.5367,52.1779],[1.5394,52.1779],[1.5422,52.1779],[1.5449,52.1779],[1.5476,52.1779],[1.5476,52.1762],[1.5504,52.1762],[1.5531,52.1762],[1.5531,52.1745],[1.5559,52.1745],[1.5586,52.1745],[1.5586,52.1728],[1.5613,52.1728],[1.5641,52.1712],[1.5668,52.1712],[1.5668,52.1728],[1.5668,52.1745],[1.5668,52.1762],[1.5696,52.1779],[1.5696,52.1796],[1.5696,52.1812],[1.5723,52.1812],[1.575,52.1812],[1.5778,52.1812],[1.5805,52.1812],[1.5805,52.1829],[1.5805,52.1846],[1.5833,52.1846],[1.5833,52.1863],[1.586,52.1863],[1.586,52.188],[1.5887,52.188],[1.5887,52.1896],[1.5887,52.1913],[1.5915,52.1896],[1.5915,52.1913],[1.5915,52.193],[1.5942,52.193],[1.5942,52.1947],[1.5942,52.1964],[1.597,52.1964],[1.597,52.198],[1.5997,52.198],[1.5997,52.1997],[1.5997,52.2014],[1.597,52.2014],[1.597,52.2031],[1.597,52.2048],[1.597,52.2064],[1.597,52.2081],[1.597,52.2098],[1.5942,52.2098],[1.5942,52.2115],[1.5942,52.2132],[1.5915,52.2132],[1.5915,52.2148],[1.5915,52.2165],[1.5915,52.2182],[1.5887,52.2182],[1.5887,52.2199],[1.5915,52.2199],[1.5915,52.2215],[1.5915,52.2232],[1.5915,52.2249],[1.5915,52.2266],[1.5915,52.2283],[1.5915,52.2299],[1.5915,52.2316],[1.5915,52.2333],[1.5915,52.235],[1.5915,52.2367],[1.5915,52.2383],[1.5915,52.24],[1.5887,52.24],[1.5887,52.2417],[1.586,52.2417],[1.586,52.2434],[1.5833,52.2434],[1.5833,52.245],[1.5805,52.245],[1.5805,52.2467],[1.5805,52.2484],[1.5805,52.2501],[1.5778,52.2501],[1.5778,52.2518],[1.575,52.2518],[1.5723,52.2518],[1.5723,52.2534],[1.575,52.2534],[1.575,52.2551],[1.575,52.2568],[1.5778,52.2568],[1.5778,52.2585],[1.5805,52.2585],[1.5805,52.2601],[1.5833,52.2601],[1.5833,52.2618],[1.586,52.2618],[1.5887,52.2618],[1.5887,52.2635],[1.5887,52.2652],[1.5887,52.2668],[1.586,52.2668],[1.586,52.2685],[1.5833,52.2702],[1.586,52.2702],[1.586,52.2719],[1.5887,52.2719],[1.5887,52.2736],[1.5887,52.2752],[1.5887,52.2769],[1.5887,52.2786],[1.5887,52.2803],[1.5915,52.2803],[1.5915,52.2819],[1.5915,52.2836],[1.5915,52.2853],[1.5915,52.287],[1.5915,52.2886],[1.5915,52.2903],[1.5915,52.292],[1.5915,52.2937],[1.5915,52.2953],[1.5915,52.297],[1.5887,52.297],[1.5887,52.2987],[1.586,52.2987],[1.5833,52.2987],[1.5833,52.3004],[1.5833,52.302],[1.5805,52.302],[1.5805,52.3037],[1.5778,52.3037],[1.5778,52.3054],[1.5778,52.3071],[1.575,52.3071],[1.575,52.3087],[1.5723,52.3087],[1.5723,52.3104],[1.5696,52.3104],[1.5696,52.3121],[1.5696,52.3138],[1.5696,52.3154],[1.5668,52.3154],[1.5641,52.3154],[1.5641,52.3171],[1.5641,52.3188],[1.5613,52.3188],[1.5613,52.3205],[1.5586,52.3205],[1.5586,52.3221],[1.5586,52.3238],[1.5559,52.3238],[1.5559,52.3255],[1.5559,52.3272],[1.5559,52.3288],[1.5586,52.3288],[1.5586,52.3305],[1.5586,52.3322],[1.5586,52.3339],[1.5586,52.3355],[1.5613,52.3355],[1.5641,52.3355],[1.5668,52.3355],[1.5668,52.3339],[1.5696,52.3339],[1.5723,52.3339],[1.5723,52.3322],[1.575,52.3322],[1.5778,52.3322],[1.5805,52.3322],[1.5833,52.3322],[1.586,52.3322],[1.5887,52.3322],[1.5915,52.3322],[1.5915,52.3305],[1.5942,52.3305],[1.5915,52.3322],[1.5915,52.3339],[1.5887,52.3355],[1.5887,52.3372],[1.5887,52.3389],[1.5887,52.3406],[1.5887,52.3422],[1.5887,52.3439],[1.5887,52.3456],[1.5887,52.3473],[1.5887,52.3489],[1.5887,52.3506],[1.5887,52.3523],[1.5887,52.354],[1.5887,52.3556],[1.5887,52.3573],[1.5887,52.359],[1.5887,52.3606],[1.5887,52.3623],[1.5915,52.3623],[1.5942,52.3623],[1.5942,52.364],[1.597,52.364],[1.5997,52.364],[1.5997,52.3623],[1.6024,52.3623],[1.6052,52.3623],[1.6079,52.3606],[1.6107,52.3606],[1.6134,52.3606],[1.6161,52.3606],[1.6161,52.359],[1.6189,52.359],[1.6189,52.3573],[1.6189,52.3556],[1.6216,52.3556],[1.6216,52.3573],[1.6244,52.3573],[1.6244,52.359],[1.6271,52.359],[1.6271,52.3606],[1.6298,52.3606],[1.6326,52.3606],[1.6326,52.3623],[1.6353,52.3623],[1.6381,52.364],[1.6408,52.364],[1.6435,52.364],[1.6463,52.364],[1.6463,52.3657],[1.649,52.3657],[1.6518,52.3657],[1.6545,52.3657],[1.6545,52.3673],[1.6545,52.369],[1.6572,52.369],[1.6572,52.3707],[1.66,52.3707],[1.6627,52.3707],[1.6655,52.3707],[1.6655,52.369],[1.6682,52.369],[1.6709,52.369],[1.6709,52.3707],[1.6709,52.3724],[1.6737,52.3724],[1.6764,52.3724],[1.6792,52.3724],[1.6792,52.374],[1.6792,52.3757],[1.6792,52.3774],[1.6819,52.3774],[1.6819,52.379],[1.6819,52.3807],[1.6819,52.3824],[1.6819,52.3841],[1.6792,52.3841],[1.6792,52.3857],[1.6792,52.3874],[1.6764,52.3874],[1.6764,52.3891],[1.6737,52.3891],[1.6709,52.3891],[1.6709,52.3908],[1.6709,52.3924],[1.6709,52.3941],[1.6709,52.3958],[1.6709,52.3974],[1.6709,52.3991],[1.6737,52.3991],[1.6737,52.4008],[1.6737,52.4025],[1.6737,52.4041],[1.6764,52.4041],[1.6764,52.4058],[1.6792,52.4058],[1.6792,52.4075],[1.6764,52.4075],[1.6764,52.4091],[1.6737,52.4091],[1.6737,52.4108],[1.6709,52.4125],[1.6682,52.4142],[1.6682,52.4158],[1.6655,52.4158],[1.6627,52.4158],[1.66,52.4158],[1.6572,52.4158],[1.6572,52.4175],[1.6545,52.4175],[1.6545,52.4192],[1.6518,52.4192],[1.6518,52.4208],[1.649,52.4208],[1.649,52.4225],[1.6463,52.4225],[1.6435,52.4225],[1.6408,52.4225],[1.6381,52.4225],[1.6353,52.4225],[1.6326,52.4225],[1.6326,52.4242],[1.6298,52.4242],[1.6298,52.4259],[1.6271,52.4259],[1.6271,52.4275],[1.6271,52.4292],[1.6271,52.4309],[1.6298,52.4309],[1.6326,52.4309],[1.6353,52.4309],[1.6381,52.4309],[1.6381,52.4325],[1.6408,52.4325],[1.6435,52.4342],[1.6463,52.4342],[1.6463,52.4359],[1.649,52.4359],[1.6518,52.4359],[1.6518,52.4375],[1.6545,52.4375],[1.6545,52.4392],[1.6572,52.4392],[1.66,52.4375],[1.6627,52.4359],[1.6655,52.4359],[1.6682,52.4342],[1.6682,52.4325],[1.6682,52.4309],[1.6709,52.4309],[1.6709,52.4292],[1.6709,52.4275],[1.6737,52.4275],[1.6737,52.4259],[1.6737,52.4242],[1.6764,52.4242],[1.6764,52.4259],[1.6792,52.4259],[1.6792,52.4242],[1.6819,52.4242],[1.6819,52.4225],[1.6819,52.4208],[1.6846,52.4208],[1.6846,52.4225],[1.6874,52.4225],[1.6874,52.4208],[1.6901,52.4208],[1.6901,52.4192],[1.6901,52.4175],[1.6929,52.4175],[1.6929,52.4158],[1.6956,52.4158],[1.6956,52.4142],[1.6983,52.4142],[1.6983,52.4125],[1.6983,52.4108],[1.7011,52.4108],[1.7038,52.4108],[1.7038,52.4091],[1.7066,52.4091],[1.7066,52.4075],[1.7093,52.4075],[1.712,52.4075],[1.7148,52.4075],[1.7175,52.4075],[1.7175,52.4058],[1.7175,52.4041],[1.7203,52.4041],[1.7203,52.4025],[1.723,52.4025],[1.723,52.4041],[1.7257,52.4041],[1.7285,52.4041],[1.7285,52.4025],[1.7285,52.4008],[1.7285,52.3991],[1.7285,52.3974],[1.7257,52.3974],[1.7257,52.3958],[1.7257,52.3941],[1.723,52.3941],[1.723,52.3924],[1.723,52.3908],[1.7203,52.3891],[1.7203,52.3874],[1.7203,52.3857],[1.7175,52.3857],[1.7175,52.3841],[1.7175,52.3824],[1.7148,52.3824],[1.7148,52.3807],[1.7148,52.379],[1.712,52.379],[1.712,52.3774],[1.712,52.3757],[1.7093,52.3757],[1.7093,52.374],[1.7093,52.3724],[1.7093,52.3707],[1.7066,52.3707],[1.7066,52.369],[1.7066,52.3673],[1.7038,52.3673],[1.7038,52.3657],[1.7038,52.364],[1.7011,52.364],[1.7011,52.3623],[1.7011,52.3606],[1.6983,52.3606],[1.6983,52.359],[1.6983,52.3573],[1.6983,52.3556],[1.6956,52.3556],[1.6956,52.354],[1.6956,52.3523],[1.6929,52.3523],[1.6929,52.3506],[1.6929,52.3489],[1.6929,52.3473],[1.6901,52.3473],[1.6901,52.3456],[1.6901,52.3439],[1.6901,52.3422],[1.6874,52.3406],[1.6874,52.3389],[1.6874,52.3372],[1.6874,52.3355],[1.6874,52.3339],[1.6874,52.3322],[1.6846,52.3322],[1.6846,52.3305],[1.6846,52.3288],[1.6846,52.3272],[1.6819,52.3272],[1.6819,52.3255],[1.6819,52.3238],[1.6819,52.3221],[1.6792,52.3221],[1.6792,52.3205],[1.6792,52.3188],[1.6792,52.3171],[1.6764,52.3154],[1.6764,52.3138],[1.6737,52.3138],[1.6709,52.3138],[1.6709,52.3121],[1.6682,52.3121],[1.6682,52.3104],[1.6655,52.3104],[1.6627,52.3104],[1.6627,52.3087],[1.66,52.3087],[1.66,52.3071],[1.6572,52.3071],[1.6572,52.3054],[1.6545,52.3037],[1.6545,52.302],[1.6518,52.302],[1.6518,52.3004],[1.649,52.3004],[1.649,52.2987],[1.6463,52.2987],[1.6463,52.297],[1.6463,52.2953],[1.6435,52.2953],[1.6435,52.2937],[1.6435,52.292],[1.6408,52.292],[1.6408,52.2903],[1.6408,52.2886],[1.6408,52.287],[1.6381,52.287],[1.6381,52.2853],[1.6381,52.2836],[1.6353,52.2836],[1.6353,52.2819],[1.6353,52.2803],[1.6353,52.2786],[1.6326,52.2786],[1.6326,52.2769],[1.6326,52.2752],[1.6326,52.2736],[1.6326,52.2719],[1.6326,52.2702],[1.6298,52.2702],[1.6298,52.2685],[1.6298,52.2668],[1.6298,52.2652],[1.6298,52.2635],[1.6298,52.2618],[1.6298,52.2601],[1.6298,52.2585],[1.6298,52.2568],[1.6298,52.2551],[1.6298,52.2534],[1.6298,52.2518],[1.6298,52.2501],[1.6298,52.2484],[1.6298,52.2467],[1.6298,52.245],[1.6298,52.2434],[1.6298,52.2417],[1.6298,52.24],[1.6298,52.2383],[1.6298,52.2367],[1.6271,52.2367],[1.6271,52.235],[1.6271,52.2333],[1.6271,52.2316],[1.6271,52.2299],[1.6271,52.2283],[1.6244,52.2283],[1.6244,52.2266],[1.6244,52.2249],[1.6244,52.2232],[1.6244,52.2215],[1.6244,52.2199],[1.6244,52.2182],[1.6244,52.2165],[1.6244,52.2148],[1.6244,52.2132],[1.6244,52.2115],[1.6244,52.2098],[1.6244,52.2081],[1.6244,52.2064],[1.6216,52.2064],[1.6216,52.2048],[1.6216,52.2031],[1.6216,52.2014],[1.6216,52.1997],[1.6216,52.198],[1.6216,52.1964],[1.6216,52.1947],[1.6216,52.193],[1.6216,52.1913],[1.6244,52.1896],[1.6216,52.188],[1.6216,52.1863],[1.6216,52.1846],[1.6216,52.1829],[1.6189,52.1829],[1.6189,52.1812],[1.6189,52.1796],[1.6189,52.1779],[1.6161,52.1779],[1.6161,52.1762],[1.6161,52.1745],[1.6134,52.1745],[1.6134,52.1728],[1.6134,52.1712],[1.6107,52.1712],[1.6107,52.1695],[1.6107,52.1678],[1.6107,52.1661],[1.6079,52.1661],[1.6079,52.1644],[1.6079,52.1628],[1.6079,52.1611],[1.6052,52.1594],[1.6052,52.1577],[1.6052,52.156],[1.6052,52.1544],[1.6052,52.1527],[1.6024,52.1527],[1.6024,52.151],[1.6024,52.1493],[1.6024,52.1476],[1.6024,52.146],[1.6024,52.1443],[1.5997,52.1443],[1.5997,52.1426],[1.5997,52.1409],[1.5997,52.1392],[1.5997,52.1375],[1.597,52.1375],[1.597,52.1359],[1.597,52.1342],[1.597,52.1325],[1.597,52.1308],[1.5942,52.1308],[1.5942,52.1291],[1.5942,52.1275],[1.5942,52.1258],[1.5942,52.1241],[1.5942,52.1224],[1.5915,52.1224],[1.5915,52.1207],[1.5915,52.119],[1.5915,52.1174],[1.5915,52.1157],[1.5915,52.114],[1.5887,52.1123],[1.5887,52.1106],[1.5887,52.1089],[1.5887,52.1073],[1.5887,52.1056],[1.5887,52.1039],[1.586,52.1039],[1.586,52.1022],[1.586,52.1005],[1.586,52.0989],[1.586,52.0972],[1.586,52.0955],[1.5833,52.0955],[1.5833,52.0938],[1.5833,52.0921],[1.5833,52.0904],[1.5833,52.0888],[1.5805,52.0888],[1.5805,52.0871],[1.5805,52.0854],[1.5778,52.0854],[1.5778,52.0837],[1.575,52.0837],[1.5723,52.082],[1.5696,52.082],[1.5696,52.0803],[1.5668,52.0803],[1.5613,52.0787],[1.5586,52.0787],[1.5586,52.077],[1.5559,52.077],[1.5531,52.077],[1.5531,52.0753],[1.5504,52.0753],[1.5476,52.0753],[1.5476,52.0736],[1.5449,52.0736],[1.5422,52.0736],[1.5394,52.0736],[1.5394,52.0719],[1.5367,52.0719],[1.5339,52.0719],[1.5339,52.0702],[1.5312,52.0702],[1.5285,52.0702],[1.5285,52.0685],[1.5257,52.0685],[1.523,52.0685],[1.523,52.0669],[1.5202,52.0669],[1.5175,52.0669],[1.5175,52.0652],[1.5148,52.0652],[1.512,52.0652],[1.512,52.0635],[1.5093,52.0635],[1.5065,52.0635],[1.5065,52.0618],[1.5038,52.0618],[1.5011,52.0618],[1.5011,52.0601],[1.4983,52.0601],[1.4956,52.0601],[1.4956,52.0584],[1.4928,52.0584],[1.4901,52.0584],[1.4901,52.0568],[1.4874,52.0568],[1.4846,52.0568],[1.4846,52.0551],[1.4819,52.0551],[1.4819,52.0534],[1.4791,52.0534],[1.4791,52.0517],[1.4764,52.0517],[1.4737,52.05],[1.4737,52.0483],[1.4709,52.0483],[1.4709,52.0466],[1.4682,52.0466],[1.4682,52.045],[1.4654,52.045],[1.4654,52.0433],[1.4654,52.0416],[1.4627,52.0416],[1.4627,52.0399],[1.4572,52.0382],[1.4572,52.0365],[1.4572,52.0348],[1.4545,52.0348],[1.4545,52.0332],[1.4517,52.0332],[1.4517,52.0315],[1.449,52.0315],[1.449,52.0298],[1.4463,52.0298],[1.4463,52.0281],[1.4463,52.0264],[1.4435,52.0264],[1.4435,52.0247],[1.4435,52.023],[1.4408,52.023],[1.4408,52.0214],[1.4408,52.0197],[1.4408,52.018],[1.4381,52.018],[1.4381,52.0163],[1.4381,52.0146],[1.4353,52.0129],[1.4353,52.0112],[1.4353,52.0096],[1.4353,52.0079],[1.4326,52.0079],[1.4326,52.0062],[1.4326,52.0045],[1.4298,52.0045],[1.4298,52.0028],[1.4271,52.0028],[1.4271,52.0011],[1.4244,52.0011],[1.4244,51.9994],[1.4216,51.9994],[1.4216,51.9978],[1.4189,51.9978],[1.4189,51.9961],[1.4161,51.9961],[1.4161,51.9944],[1.4134,51.9944],[1.4134,51.9927],[1.4107,51.9927],[1.4079,51.9927],[1.4079,51.991],[1.4052,51.991],[1.4052,51.9893],[1.4024,51.9893],[1.3997,51.9893],[1.3997,51.9876],[1.397,51.9876],[1.3942,51.9876],[1.3942,51.9859],[1.3942,51.9843],[1.3942,51.9826],[1.3915,51.9826],[1.3887,51.9826],[1.3887,51.9809],[1.3887,51.9792],[1.386,51.9775],[1.3833,51.9775],[1.3833,51.9758]]],[[[1.0654,51.9657],[1.0654,51.9674],[1.0682,51.9674],[1.0709,51.9674],[1.0709,51.9657],[1.0682,51.9657],[1.0654,51.9657]]],[[[1.1339,51.9302],[1.1339,51.9319],[1.1312,51.9319],[1.1284,51.9319],[1.1284,51.9336],[1.1257,51.9336],[1.123,51.9336],[1.123,51.9353],[1.1202,51.9353],[1.1175,51.9353],[1.1175,51.937],[1.1147,51.937],[1.1147,51.9353],[1.1147,51.9336],[1.112,51.9336],[1.1093,51.9336],[1.1065,51.9336],[1.1038,51.9336],[1.1038,51.9353],[1.101,51.9353],[1.0983,51.9353],[1.0983,51.937],[1.0956,51.937],[1.0956,51.9387],[1.0956,51.9404],[1.0956,51.942],[1.0956,51.9437],[1.0928,51.9437],[1.0901,51.9437],[1.0873,51.9437],[1.0873,51.9454],[1.0846,51.9454],[1.0846,51.9437],[1.0819,51.9437],[1.0819,51.9454],[1.0791,51.9454],[1.0791,51.9471],[1.0764,51.9471],[1.0736,51.9471],[1.0709,51.9471],[1.0709,51.9454],[1.0682,51.9454],[1.0654,51.9454],[1.0654,51.9471],[1.0654,51.9488],[1.0682,51.9488],[1.0682,51.9505],[1.0682,51.9522],[1.0682,51.9539],[1.0682,51.9556],[1.0709,51.9556],[1.0709,51.9572],[1.0736,51.9572],[1.0736,51.9589],[1.0709,51.9589],[1.0709,51.9572],[1.0682,51.9572],[1.0682,51.9589],[1.0682,51.9606],[1.0709,51.9606],[1.0709,51.9623],[1.0682,51.9623],[1.0682,51.964],[1.0709,51.964],[1.0709,51.9657],[1.0736,51.9657],[1.0736,51.9674],[1.0764,51.9674],[1.0791,51.9674],[1.0791,51.9691],[1.0764,51.9691],[1.0736,51.9691],[1.0736,51.9708],[1.0709,51.9708],[1.0709,51.9724],[1.0682,51.9741],[1.0654,51.9741],[1.0654,51.9724],[1.0627,51.9724],[1.0599,51.9724],[1.0599,51.9741],[1.0572,51.9741],[1.0572,51.9758],[1.0572,51.9775],[1.0545,51.9775],[1.0545,51.9792],[1.0517,51.9792],[1.049,51.9792],[1.0462,51.9792],[1.0435,51.9792],[1.0435,51.9775],[1.0408,51.9775],[1.038,51.9775],[1.0353,51.9775],[1.0353,51.9792],[1.0353,51.9809],[1.0326,51.9809],[1.0298,51.9809],[1.0298,51.9826],[1.0298,51.9843],[1.0271,51.9843],[1.0271,51.9859],[1.0298,51.9859],[1.0298,51.9876],[1.0326,51.9876],[1.0326,51.9893],[1.0298,51.9893],[1.0298,51.991],[1.0326,51.991],[1.0353,51.991],[1.0353,51.9893],[1.038,51.9893],[1.0408,51.9893],[1.0435,51.9893],[1.0462,51.9893],[1.049,51.9893],[1.049,51.991],[1.0517,51.991],[1.0545,51.9893],[1.0572,51.9893],[1.0572,51.991],[1.0599,51.991],[1.0627,51.991],[1.0627,51.9927],[1.0654,51.991],[1.0627,51.9876],[1.0599,51.9876],[1.0572,51.9876],[1.0572,51.9859],[1.0599,51.9859],[1.0599,51.9843],[1.0627,51.9843],[1.0627,51.9859],[1.0654,51.9859],[1.0682,51.9859],[1.0682,51.9843],[1.0709,51.9843],[1.0709,51.9826],[1.0736,51.9826],[1.0736,51.9809],[1.0764,51.9809],[1.0791,51.9809],[1.0819,51.9809],[1.0846,51.9809],[1.0873,51.9809],[1.0901,51.9809],[1.0901,51.9792],[1.0928,51.9792],[1.0928,51.9809],[1.0956,51.9809],[1.0956,51.9826],[1.0983,51.9826],[1.101,51.9826],[1.1038,51.9826],[1.1065,51.9826],[1.1065,51.9809],[1.1093,51.9809],[1.1093,51.9826],[1.112,51.9826],[1.112,51.9809],[1.112,51.9792],[1.112,51.9775],[1.1147,51.9775],[1.1147,51.9758],[1.112,51.9741],[1.1147,51.9741],[1.1147,51.9724],[1.112,51.9724],[1.112,51.9708],[1.1147,51.9708],[1.1147,51.9691],[1.1175,51.9691],[1.1202,51.9691],[1.1202,51.9708],[1.123,51.9708],[1.1257,51.9708],[1.1284,51.9708],[1.1312,51.9708],[1.1339,51.9708],[1.1367,51.9708],[1.1394,51.9708],[1.1421,51.9708],[1.1421,51.9724],[1.1449,51.9741],[1.1449,51.9758],[1.1449,51.9775],[1.1476,51.9775],[1.1504,51.9775],[1.1531,51.9792],[1.1531,51.9809],[1.1558,51.9809],[1.1586,51.9809],[1.1586,51.9826],[1.1613,51.9826],[1.1668,51.9859],[1.1668,51.9876],[1.1695,51.9876],[1.1723,51.9876],[1.175,51.9876],[1.175,51.9859],[1.175,51.9843],[1.175,51.9826],[1.175,51.9809],[1.1723,51.9809],[1.1723,51.9792],[1.1695,51.9792],[1.1668,51.9792],[1.1668,51.9775],[1.1668,51.9758],[1.1668,51.9741],[1.1695,51.9741],[1.1695,51.9724],[1.1668,51.9724],[1.1668,51.9708],[1.1695,51.9708],[1.1723,51.9708],[1.175,51.9708],[1.175,51.9691],[1.1778,51.9691],[1.1805,51.9691],[1.1832,51.9691],[1.1832,51.9674],[1.186,51.9674],[1.186,51.9657],[1.186,51.964],[1.1887,51.964],[1.1915,51.964],[1.1942,51.964],[1.1942,51.9623],[1.1969,51.9623],[1.1969,51.964],[1.1997,51.964],[1.2024,51.964],[1.2052,51.964],[1.2079,51.964],[1.2079,51.9657],[1.2106,51.9657],[1.2134,51.9657],[1.2134,51.964],[1.2161,51.964],[1.2189,51.964],[1.2216,51.964],[1.2216,51.9657],[1.2243,51.9657],[1.2271,51.9657],[1.2271,51.9674],[1.2298,51.9674],[1.2298,51.9657],[1.2326,51.9657],[1.2326,51.9674],[1.2326,51.9691],[1.2353,51.9691],[1.2353,51.9708],[1.238,51.9708],[1.238,51.9691],[1.2408,51.9691],[1.2435,51.9691],[1.2463,51.9691],[1.2463,51.9674],[1.249,51.9674],[1.249,51.9657],[1.2517,51.9657],[1.2517,51.964],[1.2545,51.964],[1.2572,51.964],[1.26,51.964],[1.2627,51.964],[1.2654,51.964],[1.2654,51.9657],[1.2654,51.9674],[1.2627,51.9674],[1.2627,51.9691],[1.26,51.9691],[1.2572,51.9691],[1.2572,51.9708],[1.2572,51.9724],[1.2545,51.9724],[1.2545,51.9741],[1.2545,51.9758],[1.2545,51.9775],[1.2517,51.9775],[1.249,51.9775],[1.2463,51.9775],[1.2435,51.9775],[1.2435,51.9792],[1.2408,51.9792],[1.2408,51.9775],[1.238,51.9775],[1.2353,51.9775],[1.2353,51.9792],[1.2353,51.9809],[1.2326,51.9809],[1.2326,51.9826],[1.2326,51.9843],[1.2298,51.9843],[1.2298,51.9859],[1.2271,51.9859],[1.2271,51.9876],[1.2243,51.9876],[1.2216,51.9893],[1.2189,51.9893],[1.2161,51.9893],[1.2134,51.9893],[1.2106,51.9893],[1.2079,51.9893],[1.2052,51.9893],[1.2024,51.9893],[1.2024,51.991],[1.1997,51.991],[1.1969,51.991],[1.1969,51.9927],[1.1942,51.9927],[1.1942,51.9944],[1.1915,51.9944],[1.1915,51.9961],[1.1887,51.9961],[1.1887,51.9978],[1.186,51.9978],[1.186,51.9994],[1.186,52.0011],[1.1832,52.0011],[1.1832,52.0028],[1.1805,52.0028],[1.1778,52.0028],[1.175,52.0028],[1.175,52.0045],[1.1723,52.0045],[1.1695,52.0045],[1.1668,52.0045],[1.1668,52.0062],[1.1641,52.0062],[1.1613,52.0062],[1.1613,52.0079],[1.1586,52.0079],[1.1586,52.0062],[1.1558,52.0062],[1.1558,52.0079],[1.1558,52.0096],[1.1531,52.0096],[1.1531,52.0079],[1.1504,52.0079],[1.1504,52.0096],[1.1476,52.0096],[1.1449,52.0096],[1.1421,52.0096],[1.1421,52.0079],[1.1449,52.0079],[1.1449,52.0062],[1.1449,52.0045],[1.1449,52.0028],[1.1449,52.0011],[1.1421,52.0011],[1.1421,51.9994],[1.1394,51.9994],[1.1394,51.9978],[1.1394,51.9961],[1.1367,51.9961],[1.1339,51.9961],[1.1339,51.9978],[1.1339,51.9994],[1.1312,52.0011],[1.1284,52.0011],[1.1257,52.0011],[1.123,52.0011],[1.123,52.0028],[1.1202,52.0028],[1.1202,52.0045],[1.1202,52.0062],[1.1202,52.0079],[1.123,52.0079],[1.1257,52.0079],[1.1284,52.0079],[1.1312,52.0079],[1.1339,52.0079],[1.1367,52.0079],[1.1367,52.0096],[1.1339,52.0096],[1.1339,52.0112],[1.1367,52.0112],[1.1394,52.0112],[1.1421,52.0112],[1.1449,52.0112],[1.1449,52.0129],[1.1476,52.0129],[1.1476,52.0146],[1.1504,52.0146],[1.1504,52.0163],[1.1476,52.0163],[1.1476,52.018],[1.1449,52.018],[1.1421,52.018],[1.1394,52.018],[1.1394,52.0197],[1.1421,52.0197],[1.1421,52.0214],[1.1421,52.023],[1.1421,52.0247],[1.1421,52.0264],[1.1449,52.0281],[1.1476,52.0281],[1.1476,52.0298],[1.1476,52.0315],[1.1504,52.0315],[1.1504,52.0332],[1.1531,52.0332],[1.1531,52.0315],[1.1558,52.0315],[1.1558,52.0298],[1.1558,52.0281],[1.1586,52.0281],[1.1613,52.0281],[1.1613,52.0264],[1.1613,52.0247],[1.1641,52.0247],[1.1641,52.023],[1.1641,52.0214],[1.1641,52.0197],[1.1668,52.0197],[1.1668,52.018],[1.1695,52.018],[1.1695,52.0197],[1.1695,52.0214],[1.1723,52.0214],[1.1723,52.023],[1.175,52.023],[1.1778,52.023],[1.1778,52.0214],[1.1805,52.023],[1.1832,52.023],[1.1832,52.0247],[1.186,52.0247],[1.186,52.023],[1.186,52.0214],[1.1887,52.023],[1.1915,52.023],[1.1942,52.023],[1.1942,52.0247],[1.1969,52.0247],[1.1997,52.0247],[1.2024,52.0247],[1.2052,52.0281],[1.2052,52.0264],[1.2079,52.0264],[1.2079,52.0247],[1.2106,52.0247],[1.2106,52.023],[1.2134,52.023],[1.2134,52.0214],[1.2161,52.0214],[1.2161,52.0197],[1.2189,52.0197],[1.2189,52.018],[1.2216,52.018],[1.2216,52.0163],[1.2243,52.0163],[1.2243,52.018],[1.2271,52.018],[1.2271,52.0197],[1.2243,52.0197],[1.2243,52.0214],[1.2271,52.0214],[1.2271,52.023],[1.2271,52.0247],[1.2298,52.0247],[1.2298,52.0264],[1.2298,52.0281],[1.2326,52.0264],[1.2353,52.0264],[1.2353,52.0247],[1.238,52.0247],[1.2408,52.0247],[1.2408,52.023],[1.2435,52.023],[1.2435,52.0214],[1.2463,52.0214],[1.249,52.0214],[1.249,52.0197],[1.249,52.018],[1.249,52.0163],[1.249,52.0146],[1.2517,52.0146],[1.2517,52.0129],[1.2517,52.0112],[1.2545,52.0112],[1.2545,52.0096],[1.2572,52.0096],[1.2572,52.0079],[1.26,52.0079],[1.2627,52.0079],[1.2654,52.0079],[1.2682,52.0062],[1.2682,52.0045],[1.2682,52.0028],[1.2709,52.0028],[1.2737,52.0028],[1.2764,52.0028],[1.2764,52.0011],[1.2791,52.0011],[1.2791,51.9994],[1.2819,51.9994],[1.2846,51.9994],[1.2874,51.9994],[1.2901,51.9994],[1.2901,51.9978],[1.2901,51.9961],[1.2901,51.9944],[1.2928,51.9944],[1.2928,51.9927],[1.2928,51.991],[1.2928,51.9893],[1.2956,51.9893],[1.2956,51.9876],[1.2956,51.9859],[1.2983,51.9843],[1.3011,51.9843],[1.3011,51.9826],[1.3038,51.9826],[1.3065,51.9826],[1.3093,51.9826],[1.3093,51.9809],[1.312,51.9809],[1.312,51.9792],[1.3148,51.9792],[1.3175,51.9775],[1.3175,51.9758],[1.3175,51.9741],[1.3148,51.9741],[1.3148,51.9724],[1.312,51.9724],[1.312,51.9708],[1.3093,51.9708],[1.3093,51.9691],[1.3065,51.9674],[1.3038,51.9674],[1.3038,51.9657],[1.3011,51.9657],[1.3011,51.964],[1.2983,51.964],[1.2928,51.9606],[1.2901,51.9606],[1.2901,51.9589],[1.2874,51.9589],[1.2846,51.9589],[1.2819,51.9572],[1.2819,51.9589],[1.2819,51.9606],[1.2791,51.9606],[1.2791,51.9623],[1.2764,51.9606],[1.2737,51.9606],[1.2709,51.9606],[1.2682,51.9606],[1.2682,51.9623],[1.2654,51.9623],[1.2627,51.9623],[1.2627,51.9606],[1.26,51.9606],[1.26,51.9589],[1.2627,51.9589],[1.2627,51.9572],[1.2654,51.9572],[1.2654,51.9556],[1.2682,51.9556],[1.2682,51.9539],[1.2654,51.9539],[1.2627,51.9539],[1.26,51.9539],[1.2572,51.9539],[1.2572,51.9556],[1.2545,51.9556],[1.2517,51.9556],[1.249,51.9556],[1.2463,51.9556],[1.2435,51.9556],[1.2408,51.9556],[1.238,51.9556],[1.2353,51.9556],[1.2326,51.9556],[1.2326,51.9539],[1.2298,51.9539],[1.2271,51.9539],[1.2243,51.9539],[1.2243,51.9522],[1.2216,51.9522],[1.2189,51.9522],[1.2189,51.9505],[1.2189,51.9488],[1.2216,51.9471],[1.2216,51.9454],[1.2243,51.9454],[1.2271,51.9454],[1.2271,51.9471],[1.2298,51.9471],[1.2326,51.9471],[1.2353,51.9471],[1.238,51.9471],[1.2408,51.9471],[1.2408,51.9454],[1.238,51.9454],[1.2353,51.9454],[1.2353,51.9437],[1.2353,51.942],[1.2326,51.942],[1.2326,51.9404],[1.2298,51.9404],[1.2298,51.9387],[1.2271,51.9387],[1.2243,51.9387],[1.2216,51.9387],[1.2189,51.9387],[1.2161,51.9387],[1.2161,51.9404],[1.2134,51.9404],[1.2134,51.9387],[1.2106,51.9387],[1.2079,51.9387],[1.2052,51.9387],[1.2052,51.937],[1.2024,51.937],[1.1997,51.937],[1.1997,51.9387],[1.1969,51.9387],[1.1942,51.9387],[1.1915,51.9387],[1.1915,51.937],[1.1915,51.9353],[1.1915,51.9336],[1.1887,51.9353],[1.186,51.9353],[1.186,51.9336],[1.1832,51.9336],[1.1805,51.9336],[1.1805,51.9319],[1.1778,51.9319],[1.1778,51.9336],[1.1778,51.9353],[1.1805,51.9353],[1.1805,51.937],[1.1778,51.937],[1.175,51.937],[1.175,51.9387],[1.175,51.9404],[1.1723,51.9404],[1.1695,51.9404],[1.1695,51.9387],[1.1668,51.9387],[1.1641,51.9387],[1.1641,51.937],[1.1613,51.937],[1.1613,51.9353],[1.1613,51.9336],[1.1613,51.9319],[1.1586,51.9319],[1.1558,51.9319],[1.1531,51.9319],[1.1531,51.9302],[1.1504,51.9302],[1.1476,51.9302],[1.1449,51.9302],[1.1421,51.9302],[1.1394,51.9302],[1.1367,51.9302],[1.1339,51.9302]]]]},"properties":{"NAME":"Suffolk Coast & Heaths","CODE":"33","DESIG_DATE":"Mar-70"}},{"type":"Feature","geometry":{"type":"MultiPolygon","coordinates":[[[[-4.554,50.848],[-4.5568,50.848],[-4.5595,50.848],[-4.5595,50.8497],[-4.5595,50.8515],[-4.5595,50.8532],[-4.5595,50.8549],[-4.5595,50.8567],[-4.5595,50.8584],[-4.5595,50.8601],[-4.5595,50.8619],[-4.5595,50.8636],[-4.5595,50.8653],[-4.5595,50.867],[-4.5595,50.8688],[-4.5622,50.8688],[-4.5622,50.8705],[-4.5622,50.8722],[-4.5622,50.874],[-4.5595,50.874],[-4.5595,50.8757],[-4.5622,50.8757],[-4.5622,50.8774],[-4.5622,50.8791],[-4.5622,50.8809],[-4.565,50.8809],[-4.565,50.8826],[-4.565,50.8843],[-4.5677,50.8843],[-4.5705,50.8843],[-4.5677,50.8861],[-4.5705,50.8861],[-4.5705,50.8878],[-4.5677,50.8878],[-4.565,50.8878],[-4.565,50.8895],[-4.565,50.8912],[-4.565,50.893],[-4.565,50.8947],[-4.565,50.8964],[-4.565,50.8982],[-4.5677,50.8982],[-4.5677,50.8999],[-4.5677,50.9016],[-4.5677,50.9033],[-4.5705,50.9033],[-4.5705,50.9051],[-4.5677,50.9051],[-4.5677,50.9068],[-4.5677,50.9085],[-4.565,50.9085],[-4.565,50.9103],[-4.5677,50.9103],[-4.5677,50.912],[-4.5677,50.9137],[-4.565,50.9137],[-4.565,50.9154],[-4.565,50.9172],[-4.5622,50.9172],[-4.5595,50.9172],[-4.5595,50.9189],[-4.5595,50.9206],[-4.5595,50.9223],[-4.5568,50.9223],[-4.554,50.9223],[-4.554,50.9241],[-4.554,50.9258],[-4.554,50.9275],[-4.5513,50.9275],[-4.5513,50.9293],[-4.5485,50.9293],[-4.5458,50.9293],[-4.5431,50.9293],[-4.5403,50.9293],[-4.5403,50.9275],[-4.5376,50.9275],[-4.5348,50.9275],[-4.5321,50.9275],[-4.5294,50.9275],[-4.5266,50.9275],[-4.5239,50.9275],[-4.5211,50.9275],[-4.5184,50.9275],[-4.5184,50.9258],[-4.5184,50.9241],[-4.5184,50.9223],[-4.5211,50.9223],[-4.5211,50.9206],[-4.5211,50.9189],[-4.5184,50.9189],[-4.5184,50.9172],[-4.5184,50.9154],[-4.5184,50.9137],[-4.5184,50.912],[-4.5184,50.9103],[-4.5184,50.9085],[-4.5184,50.9068],[-4.5184,50.9051],[-4.5184,50.9033],[-4.5211,50.9033],[-4.5211,50.9016],[-4.5184,50.9016],[-4.5184,50.8999],[-4.5184,50.8982],[-4.5184,50.8964],[-4.5184,50.8947],[-4.5184,50.893],[-4.5157,50.893],[-4.5157,50.8912],[-4.5157,50.8895],[-4.5157,50.8878],[-4.5157,50.8861],[-4.5157,50.8843],[-4.5129,50.8826],[-4.5129,50.8809],[-4.5102,50.8809],[-4.5102,50.8791],[-4.5074,50.8791],[-4.5074,50.8774],[-4.5102,50.8774],[-4.5102,50.8757],[-4.5129,50.8757],[-4.5157,50.8757],[-4.5184,50.874],[-4.5184,50.8722],[-4.5211,50.8722],[-4.5211,50.8705],[-4.5211,50.8688],[-4.5239,50.8688],[-4.5239,50.867],[-4.5239,50.8653],[-4.5239,50.8636],[-4.5239,50.8619],[-4.5211,50.8619],[-4.5211,50.8601],[-4.5211,50.8584],[-4.5239,50.8584],[-4.5239,50.8567],[-4.5211,50.8567],[-4.5211,50.8549],[-4.5211,50.8532],[-4.5239,50.8532],[-4.5239,50.8549],[-4.5266,50.8549],[-4.5294,50.8549],[-4.5321,50.8549],[-4.5348,50.8549],[-4.5376,50.8549],[-4.5376,50.8532],[-4.5403,50.8532],[-4.5431,50.8532],[-4.5431,50.8515],[-4.5458,50.8515],[-4.5458,50.8497],[-4.5485,50.8497],[-4.5513,50.8497],[-4.554,50.8497],[-4.554,50.848]]],[[[-4.7047,50.6921],[-4.7075,50.6921],[-4.7075,50.6938],[-4.7047,50.6938],[-4.7047,50.6921]]],[[[-4.9129,50.5965],[-4.9157,50.5965],[-4.9157,50.5982],[-4.9129,50.5982],[-4.9129,50.5965]]],[[[-4.9458,50.5913],[-4.9486,50.5913],[-4.9486,50.593],[-4.9458,50.593],[-4.9458,50.5913]]],[[[-4.8499,50.5722],[-4.8527,50.5722],[-4.8554,50.5722],[-4.8581,50.5722],[-4.8609,50.5722],[-4.8636,50.5722],[-4.8636,50.5739],[-4.8664,50.5739],[-4.8691,50.5739],[-4.8691,50.5756],[-4.8718,50.5756],[-4.8746,50.5756],[-4.8773,50.5756],[-4.8773,50.5774],[-4.8801,50.5774],[-4.8828,50.5774],[-4.8855,50.5774],[-4.8883,50.5774],[-4.8883,50.5791],[-4.891,50.5791],[-4.8938,50.5791],[-4.8938,50.5809],[-4.8965,50.5809],[-4.8992,50.5809],[-4.902,50.5809],[-4.902,50.5791],[-4.9047,50.5791],[-4.9047,50.5809],[-4.9075,50.5809],[-4.9102,50.5809],[-4.9129,50.5809],[-4.9157,50.5809],[-4.9184,50.5809],[-4.9212,50.5809],[-4.9212,50.5791],[-4.9239,50.5791],[-4.9239,50.5809],[-4.9266,50.5809],[-4.9266,50.5826],[-4.9294,50.5826],[-4.9294,50.5843],[-4.9321,50.5843],[-4.9321,50.5861],[-4.9349,50.5861],[-4.9349,50.5878],[-4.9321,50.5878],[-4.9321,50.5896],[-4.9294,50.5896],[-4.9266,50.5896],[-4.9266,50.5913],[-4.9239,50.5913],[-4.9212,50.5913],[-4.9212,50.593],[-4.9239,50.593],[-4.9239,50.5948],[-4.9212,50.5948],[-4.9184,50.5948],[-4.9184,50.593],[-4.9184,50.5913],[-4.9157,50.5913],[-4.9157,50.5896],[-4.9157,50.5878],[-4.9129,50.5878],[-4.9102,50.5878],[-4.9102,50.5861],[-4.9075,50.5861],[-4.9075,50.5843],[-4.9047,50.5843],[-4.9047,50.5861],[-4.902,50.5861],[-4.902,50.5843],[-4.8992,50.5843],[-4.8992,50.5861],[-4.8965,50.5861],[-4.8938,50.5861],[-4.8938,50.5843],[-4.891,50.5843],[-4.8883,50.5843],[-4.8883,50.5826],[-4.8855,50.5826],[-4.8855,50.5843],[-4.8828,50.5843],[-4.8828,50.5861],[-4.8801,50.5861],[-4.8773,50.5861],[-4.8773,50.5878],[-4.8746,50.5878],[-4.8746,50.5896],[-4.8746,50.5913],[-4.8718,50.5913],[-4.8718,50.593],[-4.8718,50.5948],[-4.8691,50.5948],[-4.8664,50.5948],[-4.8636,50.5948],[-4.8636,50.593],[-4.8609,50.593],[-4.8581,50.593],[-4.8581,50.5948],[-4.8554,50.5948],[-4.8554,50.5965],[-4.8527,50.5965],[-4.8499,50.5965],[-4.8499,50.5982],[-4.8472,50.5982],[-4.8472,50.5965],[-4.8444,50.5965],[-4.8444,50.5948],[-4.8417,50.5948],[-4.839,50.5948],[-4.839,50.5965],[-4.8362,50.5965],[-4.8335,50.5965],[-4.8362,50.5948],[-4.8335,50.5948],[-4.8307,50.5948],[-4.8307,50.5965],[-4.828,50.5965],[-4.828,50.5948],[-4.8253,50.5948],[-4.8225,50.5948],[-4.8225,50.5965],[-4.8198,50.5965],[-4.8198,50.5948],[-4.817,50.5948],[-4.817,50.5965],[-4.8143,50.5965],[-4.8116,50.5965],[-4.8088,50.5965],[-4.8061,50.5965],[-4.8033,50.5965],[-4.8033,50.5982],[-4.8006,50.5982],[-4.7979,50.5982],[-4.7979,50.6],[-4.7951,50.6],[-4.7951,50.6017],[-4.7924,50.6017],[-4.7924,50.6035],[-4.7896,50.6035],[-4.7896,50.6052],[-4.7869,50.6052],[-4.7869,50.6069],[-4.7869,50.6087],[-4.7842,50.6087],[-4.7842,50.6104],[-4.7842,50.6122],[-4.7814,50.6122],[-4.7814,50.6139],[-4.7787,50.6139],[-4.7787,50.6156],[-4.7787,50.6174],[-4.7759,50.6174],[-4.7759,50.6191],[-4.7759,50.6209],[-4.7732,50.6209],[-4.7732,50.6226],[-4.7732,50.6243],[-4.7732,50.6261],[-4.7732,50.6278],[-4.7732,50.6295],[-4.7705,50.6295],[-4.7705,50.6313],[-4.7705,50.633],[-4.7705,50.6348],[-4.7677,50.6348],[-4.7677,50.6365],[-4.7677,50.6382],[-4.7677,50.64],[-4.7677,50.6417],[-4.7677,50.6434],[-4.765,50.6434],[-4.765,50.6452],[-4.7622,50.6452],[-4.7622,50.6469],[-4.7622,50.6487],[-4.7622,50.6504],[-4.7595,50.6504],[-4.7595,50.6521],[-4.7595,50.6539],[-4.7622,50.6539],[-4.765,50.6539],[-4.7677,50.6539],[-4.7677,50.6556],[-4.7677,50.6573],[-4.765,50.6573],[-4.765,50.6591],[-4.765,50.6608],[-4.765,50.6626],[-4.7622,50.6626],[-4.7622,50.6643],[-4.7622,50.666],[-4.7595,50.666],[-4.7595,50.6678],[-4.7622,50.6678],[-4.765,50.6678],[-4.765,50.6695],[-4.7622,50.6695],[-4.7622,50.6712],[-4.7595,50.6712],[-4.7595,50.673],[-4.7568,50.673],[-4.7568,50.6712],[-4.754,50.6712],[-4.7513,50.6712],[-4.7485,50.6712],[-4.7458,50.6712],[-4.7458,50.673],[-4.7458,50.6747],[-4.7458,50.6764],[-4.7431,50.6764],[-4.7403,50.6764],[-4.7403,50.6747],[-4.7376,50.6747],[-4.7376,50.673],[-4.7348,50.673],[-4.7321,50.673],[-4.7321,50.6747],[-4.7294,50.6747],[-4.7294,50.6764],[-4.7294,50.6782],[-4.7294,50.6799],[-4.7266,50.6799],[-4.7266,50.6817],[-4.7294,50.6817],[-4.7294,50.6834],[-4.7266,50.6834],[-4.7239,50.6834],[-4.7239,50.6851],[-4.7211,50.6851],[-4.7184,50.6851],[-4.7184,50.6834],[-4.7157,50.6834],[-4.7157,50.6851],[-4.7157,50.6869],[-4.7129,50.6869],[-4.7129,50.6851],[-4.7102,50.6851],[-4.7102,50.6869],[-4.7075,50.6869],[-4.7047,50.6869],[-4.7047,50.6886],[-4.7075,50.6886],[-4.7075,50.6903],[-4.7047,50.6903],[-4.702,50.6903],[-4.702,50.6921],[-4.6992,50.6921],[-4.6992,50.6938],[-4.6965,50.6938],[-4.6938,50.6938],[-4.6938,50.6955],[-4.691,50.6955],[-4.6883,50.6955],[-4.6855,50.6955],[-4.6828,50.6955],[-4.6828,50.6973],[-4.6855,50.6973],[-4.6855,50.699],[-4.6855,50.7007],[-4.6828,50.7007],[-4.6828,50.7025],[-4.6828,50.7042],[-4.6801,50.7042],[-4.6801,50.706],[-4.6773,50.706],[-4.6773,50.7077],[-4.6746,50.7077],[-4.6718,50.7077],[-4.6691,50.7077],[-4.6691,50.7094],[-4.6664,50.7094],[-4.6664,50.7112],[-4.6664,50.7129],[-4.6636,50.7129],[-4.6609,50.7129],[-4.6609,50.7146],[-4.6636,50.7146],[-4.6636,50.7164],[-4.6609,50.7164],[-4.6581,50.7164],[-4.6581,50.7181],[-4.6581,50.7198],[-4.6554,50.7198],[-4.6554,50.7216],[-4.6554,50.7233],[-4.6554,50.725],[-4.6554,50.7268],[-4.6527,50.7268],[-4.6527,50.7285],[-4.6527,50.7302],[-4.6527,50.732],[-4.6527,50.7337],[-4.6527,50.7354],[-4.6527,50.7372],[-4.6527,50.7389],[-4.6554,50.7389],[-4.6554,50.7406],[-4.6527,50.7406],[-4.6499,50.7406],[-4.6472,50.7406],[-4.6472,50.7389],[-4.6444,50.7389],[-4.6417,50.7389],[-4.6417,50.7406],[-4.639,50.7406],[-4.639,50.7424],[-4.639,50.7441],[-4.639,50.7458],[-4.6362,50.7458],[-4.6362,50.7476],[-4.6362,50.7493],[-4.6335,50.7493],[-4.6362,50.751],[-4.6335,50.751],[-4.6307,50.751],[-4.628,50.751],[-4.6253,50.751],[-4.6225,50.751],[-4.6225,50.7528],[-4.6198,50.7528],[-4.6198,50.7545],[-4.6198,50.7562],[-4.6198,50.758],[-4.617,50.758],[-4.617,50.7597],[-4.617,50.7614],[-4.6143,50.7614],[-4.6143,50.7632],[-4.6116,50.7632],[-4.6088,50.7632],[-4.6088,50.7649],[-4.6061,50.7649],[-4.6033,50.7649],[-4.6006,50.7649],[-4.5979,50.7649],[-4.5979,50.7666],[-4.5951,50.7666],[-4.5924,50.7666],[-4.5924,50.7684],[-4.5896,50.7684],[-4.5896,50.7701],[-4.5869,50.7701],[-4.5842,50.7701],[-4.5842,50.7718],[-4.5814,50.7718],[-4.5814,50.7736],[-4.5787,50.7736],[-4.5787,50.7718],[-4.5759,50.7718],[-4.5759,50.7736],[-4.5759,50.7753],[-4.5759,50.777],[-4.5732,50.777],[-4.5705,50.777],[-4.5705,50.7788],[-4.5677,50.7788],[-4.5677,50.7805],[-4.5677,50.7822],[-4.5622,50.7822],[-4.5622,50.7805],[-4.5595,50.7805],[-4.5595,50.7788],[-4.5568,50.7788],[-4.5568,50.777],[-4.5568,50.7753],[-4.554,50.7753],[-4.554,50.7736],[-4.554,50.7718],[-4.5513,50.7718],[-4.5513,50.7701],[-4.5513,50.7684],[-4.5513,50.7666],[-4.5513,50.7649],[-4.5485,50.7649],[-4.5485,50.7632],[-4.5458,50.7632],[-4.5458,50.7614],[-4.5431,50.7614],[-4.5431,50.7597],[-4.5458,50.7597],[-4.5458,50.758],[-4.5458,50.7562],[-4.5485,50.7562],[-4.5485,50.7545],[-4.5513,50.7545],[-4.5513,50.7528],[-4.5513,50.751],[-4.554,50.751],[-4.554,50.7493],[-4.554,50.7476],[-4.5568,50.7476],[-4.5595,50.7476],[-4.5595,50.7458],[-4.5595,50.7441],[-4.5595,50.7424],[-4.5622,50.7406],[-4.5622,50.7389],[-4.565,50.7389],[-4.565,50.7372],[-4.5677,50.7372],[-4.5677,50.7354],[-4.5705,50.7354],[-4.5732,50.7337],[-4.5759,50.732],[-4.5759,50.7302],[-4.5787,50.7302],[-4.5814,50.7285],[-4.5814,50.7268],[-4.5814,50.725],[-4.5814,50.7233],[-4.5842,50.7233],[-4.5842,50.7216],[-4.5842,50.7198],[-4.5842,50.7181],[-4.5842,50.7164],[-4.5869,50.7164],[-4.5869,50.7146],[-4.5869,50.7129],[-4.5869,50.7112],[-4.5896,50.7112],[-4.5896,50.7094],[-4.5924,50.7094],[-4.5924,50.7077],[-4.5951,50.7077],[-4.5951,50.706],[-4.5979,50.706],[-4.5979,50.7042],[-4.6006,50.7042],[-4.6006,50.7025],[-4.6006,50.7007],[-4.6033,50.7007],[-4.6033,50.699],[-4.6033,50.6973],[-4.6061,50.6973],[-4.6061,50.6955],[-4.6061,50.6938],[-4.6061,50.6921],[-4.6088,50.6921],[-4.6088,50.6903],[-4.6088,50.6886],[-4.6088,50.6869],[-4.6116,50.6869],[-4.6116,50.6851],[-4.6116,50.6834],[-4.6143,50.6834],[-4.6143,50.6817],[-4.6143,50.6799],[-4.6143,50.6782],[-4.6143,50.6764],[-4.6143,50.6747],[-4.617,50.6747],[-4.6198,50.6747],[-4.6225,50.6747],[-4.6253,50.6747],[-4.628,50.6747],[-4.6307,50.6747],[-4.6335,50.6747],[-4.6335,50.673],[-4.6362,50.673],[-4.6362,50.6712],[-4.639,50.6712],[-4.6417,50.6712],[-4.6417,50.6695],[-4.6444,50.6695],[-4.6472,50.6678],[-4.6499,50.6678],[-4.6527,50.6678],[-4.6527,50.666],[-4.6554,50.666],[-4.6554,50.6643],[-4.6581,50.6643],[-4.6581,50.6626],[-4.6609,50.6626],[-4.6636,50.6626],[-4.6664,50.6626],[-4.6691,50.6626],[-4.6718,50.6626],[-4.6718,50.6608],[-4.6746,50.6608],[-4.6773,50.6608],[-4.6801,50.6608],[-4.6801,50.6591],[-4.6828,50.6591],[-4.6828,50.6573],[-4.6828,50.6556],[-4.6855,50.6556],[-4.6855,50.6539],[-4.6883,50.6539],[-4.6883,50.6521],[-4.691,50.6521],[-4.691,50.6504],[-4.691,50.6487],[-4.6938,50.6487],[-4.6938,50.6469],[-4.6965,50.6469],[-4.6965,50.6452],[-4.6965,50.6434],[-4.6992,50.6434],[-4.6992,50.6417],[-4.702,50.6417],[-4.702,50.64],[-4.702,50.6382],[-4.7047,50.6382],[-4.7075,50.6382],[-4.7075,50.6365],[-4.7102,50.6365],[-4.7129,50.6365],[-4.7129,50.6348],[-4.7157,50.6348],[-4.7157,50.633],[-4.7184,50.633],[-4.7211,50.633],[-4.7211,50.6313],[-4.7239,50.6313],[-4.7266,50.6313],[-4.7294,50.6313],[-4.7321,50.6313],[-4.7321,50.6295],[-4.7321,50.6278],[-4.7348,50.6278],[-4.7348,50.6261],[-4.7348,50.6243],[-4.7348,50.6226],[-4.7376,50.6226],[-4.7403,50.6226],[-4.7431,50.6226],[-4.7431,50.6209],[-4.7431,50.6191],[-4.7431,50.6174],[-4.7431,50.6156],[-4.7431,50.6139],[-4.7458,50.6122],[-4.7458,50.6104],[-4.7485,50.6104],[-4.7485,50.6087],[-4.7485,50.6069],[-4.7513,50.6069],[-4.7513,50.6052],[-4.754,50.6052],[-4.754,50.6035],[-4.754,50.6017],[-4.7568,50.6017],[-4.7568,50.6],[-4.7595,50.6],[-4.7595,50.5982],[-4.7622,50.5982],[-4.765,50.5965],[-4.7677,50.5965],[-4.7677,50.5948],[-4.7705,50.5948],[-4.7732,50.5948],[-4.7732,50.593],[-4.7759,50.593],[-4.7759,50.5913],[-4.7787,50.5913],[-4.7787,50.5896],[-4.7814,50.5896],[-4.7814,50.5878],[-4.7814,50.5861],[-4.7842,50.5861],[-4.7842,50.5843],[-4.7869,50.5843],[-4.7869,50.5826],[-4.7896,50.5826],[-4.7896,50.5809],[-4.7924,50.5809],[-4.7951,50.5809],[-4.7951,50.5791],[-4.7979,50.5791],[-4.8006,50.5791],[-4.8006,50.5774],[-4.8033,50.5774],[-4.8061,50.5774],[-4.8088,50.5774],[-4.8088,50.5756],[-4.8116,50.5756],[-4.8143,50.5756],[-4.817,50.5756],[-4.817,50.5739],[-4.8198,50.5739],[-4.8225,50.5739],[-4.8253,50.5739],[-4.828,50.5739],[-4.8307,50.5739],[-4.8335,50.5739],[-4.8362,50.5739],[-4.839,50.5739],[-4.8417,50.5739],[-4.8444,50.5739],[-4.8472,50.5739],[-4.8499,50.5739],[-4.8499,50.5722]]],[[[-5.0609,50.5443],[-5.0636,50.5443],[-5.0636,50.546],[-5.0609,50.546],[-5.0609,50.5443]]],[[[-4.8801,50.5077],[-4.8828,50.5077],[-4.8855,50.5077],[-4.8883,50.5077],[-4.891,50.5077],[-4.8938,50.5077],[-4.8965,50.5077],[-4.8992,50.5077],[-4.902,50.5077],[-4.9047,50.5077],[-4.9075,50.5077],[-4.9075,50.5095],[-4.9102,50.5095],[-4.9129,50.5095],[-4.9157,50.5095],[-4.9184,50.5095],[-4.9184,50.5112],[-4.9212,50.5112],[-4.9239,50.5112],[-4.9266,50.5112],[-4.9294,50.5112],[-4.9321,50.5112],[-4.9321,50.5095],[-4.9349,50.5095],[-4.9376,50.5095],[-4.9376,50.5112],[-4.9403,50.5112],[-4.9403,50.513],[-4.9431,50.513],[-4.9431,50.5147],[-4.9458,50.5147],[-4.9486,50.5147],[-4.9486,50.5164],[-4.9513,50.5164],[-4.9513,50.5182],[-4.9513,50.5199],[-4.9513,50.5217],[-4.9513,50.5234],[-4.9513,50.5251],[-4.954,50.5251],[-4.954,50.5269],[-4.954,50.5286],[-4.9513,50.5286],[-4.9513,50.5304],[-4.9513,50.5321],[-4.9513,50.5339],[-4.9486,50.5339],[-4.9486,50.5356],[-4.9458,50.5356],[-4.9458,50.5339],[-4.9431,50.5339],[-4.9403,50.5339],[-4.9376,50.5304],[-4.9376,50.5321],[-4.9321,50.5321],[-4.9184,50.5408],[-4.9129,50.5426],[-4.9102,50.5426],[-4.9075,50.5426],[-4.9075,50.5443],[-4.9047,50.5443],[-4.9047,50.546],[-4.902,50.546],[-4.902,50.5478],[-4.8992,50.5478],[-4.8992,50.5495],[-4.8992,50.5513],[-4.8965,50.5513],[-4.8938,50.5513],[-4.8938,50.553],[-4.891,50.553],[-4.891,50.5513],[-4.8883,50.5513],[-4.8855,50.5513],[-4.8855,50.5495],[-4.8855,50.5478],[-4.8828,50.5478],[-4.8828,50.546],[-4.8801,50.546],[-4.8801,50.5443],[-4.8773,50.5443],[-4.8746,50.5443],[-4.8718,50.5443],[-4.8691,50.5443],[-4.8691,50.5426],[-4.8691,50.5408],[-4.8691,50.5391],[-4.8691,50.5373],[-4.8664,50.5373],[-4.8664,50.5391],[-4.8636,50.5391],[-4.8636,50.5408],[-4.8609,50.5408],[-4.8581,50.5408],[-4.8581,50.5426],[-4.8554,50.5426],[-4.8554,50.5408],[-4.8554,50.5391],[-4.8527,50.5391],[-4.8527,50.5373],[-4.8499,50.5373],[-4.8499,50.5356],[-4.8472,50.5356],[-4.8472,50.5339],[-4.8444,50.5339],[-4.8417,50.5339],[-4.839,50.5339],[-4.839,50.5321],[-4.8362,50.5321],[-4.8362,50.5304],[-4.8362,50.5286],[-4.8335,50.5286],[-4.8335,50.5269],[-4.8362,50.5269],[-4.8362,50.5251],[-4.839,50.5251],[-4.8417,50.5251],[-4.8444,50.5251],[-4.8444,50.5234],[-4.8472,50.5234],[-4.8472,50.5217],[-4.8499,50.5217],[-4.8499,50.5199],[-4.8499,50.5182],[-4.8527,50.5182],[-4.8554,50.5182],[-4.8581,50.5182],[-4.8609,50.5182],[-4.8636,50.5182],[-4.8664,50.5182],[-4.8691,50.5182],[-4.8718,50.5182],[-4.8718,50.5164],[-4.8718,50.5147],[-4.8718,50.513],[-4.8746,50.513],[-4.8746,50.5112],[-4.8773,50.5112],[-4.8773,50.5095],[-4.8801,50.5095],[-4.8801,50.5077]]],[[[-5.028,50.4781],[-5.0308,50.4798],[-5.0335,50.4798],[-5.0362,50.4798],[-5.0362,50.4816],[-5.0362,50.4833],[-5.0362,50.4851],[-5.0362,50.4868],[-5.0362,50.4886],[-5.0362,50.4903],[-5.0362,50.492],[-5.0362,50.4938],[-5.039,50.4938],[-5.039,50.4955],[-5.0417,50.4955],[-5.0445,50.4955],[-5.0472,50.4955],[-5.0472,50.4973],[-5.0445,50.4973],[-5.0445,50.499],[-5.0417,50.499],[-5.0417,50.5008],[-5.0417,50.5025],[-5.0417,50.5042],[-5.039,50.5042],[-5.0362,50.5042],[-5.0362,50.506],[-5.0362,50.5077],[-5.0335,50.5077],[-5.0335,50.5095],[-5.0308,50.5095],[-5.0308,50.5112],[-5.028,50.5112],[-5.028,50.513],[-5.028,50.5147],[-5.0308,50.5147],[-5.0308,50.5164],[-5.028,50.5164],[-5.028,50.5182],[-5.028,50.5199],[-5.0308,50.5199],[-5.0308,50.5217],[-5.0308,50.5234],[-5.028,50.5234],[-5.028,50.5251],[-5.028,50.5269],[-5.0253,50.5269],[-5.0253,50.5286],[-5.028,50.5286],[-5.028,50.5304],[-5.028,50.5321],[-5.028,50.5339],[-5.028,50.5356],[-5.028,50.5373],[-5.028,50.5391],[-5.028,50.5408],[-5.0308,50.5408],[-5.0308,50.5426],[-5.0335,50.5426],[-5.0335,50.5443],[-5.0362,50.5443],[-5.039,50.5443],[-5.039,50.546],[-5.0362,50.546],[-5.0362,50.5478],[-5.0362,50.5495],[-5.0335,50.5495],[-5.0335,50.5513],[-5.0308,50.5513],[-5.028,50.5513],[-5.0253,50.5513],[-5.0253,50.5495],[-5.0225,50.5495],[-5.0225,50.5478],[-5.0198,50.5478],[-5.0198,50.546],[-5.0171,50.546],[-5.0171,50.5443],[-5.0143,50.5443],[-5.0143,50.546],[-5.0116,50.546],[-5.0088,50.546],[-5.0061,50.546],[-5.0034,50.546],[-5.0034,50.5443],[-5.0034,50.5426],[-5.0006,50.5426],[-4.9979,50.5426],[-4.9951,50.5426],[-4.9951,50.5443],[-4.9924,50.5443],[-4.9897,50.5443],[-4.9897,50.5426],[-4.9869,50.5426],[-4.9842,50.5426],[-4.9842,50.5443],[-4.9842,50.546],[-4.9814,50.546],[-4.9814,50.5478],[-4.9814,50.5495],[-4.9787,50.5495],[-4.9787,50.5513],[-4.976,50.5513],[-4.976,50.553],[-4.9732,50.553],[-4.9732,50.5548],[-4.9732,50.5565],[-4.9732,50.5582],[-4.9705,50.5582],[-4.9677,50.5582],[-4.965,50.5582],[-4.965,50.56],[-4.9623,50.56],[-4.9595,50.56],[-4.9595,50.5617],[-4.9568,50.5617],[-4.9568,50.5635],[-4.9568,50.5652],[-4.9568,50.5669],[-4.954,50.5669],[-4.954,50.5687],[-4.9513,50.5687],[-4.9486,50.5687],[-4.9458,50.5687],[-4.9458,50.5669],[-4.9458,50.5652],[-4.9458,50.5635],[-4.9458,50.5617],[-4.9486,50.5617],[-4.9486,50.56],[-4.9486,50.5582],[-4.9486,50.5565],[-4.9486,50.5548],[-4.9458,50.5548],[-4.9431,50.5548],[-4.9403,50.5548],[-4.9376,50.5548],[-4.9376,50.553],[-4.9349,50.553],[-4.9349,50.5513],[-4.9349,50.5495],[-4.9349,50.5478],[-4.9349,50.546],[-4.9349,50.5443],[-4.9349,50.5426],[-4.9376,50.5426],[-4.9376,50.5408],[-4.9403,50.5408],[-4.9403,50.5426],[-4.9431,50.5426],[-4.9458,50.5426],[-4.9458,50.5408],[-4.9486,50.5408],[-4.9486,50.5391],[-4.9513,50.5391],[-4.954,50.5391],[-4.9568,50.5391],[-4.9595,50.5391],[-4.9595,50.5373],[-4.9623,50.5373],[-4.965,50.5373],[-4.9677,50.5373],[-4.9705,50.5373],[-4.9732,50.5356],[-4.976,50.5356],[-4.9787,50.5356],[-4.9787,50.5339],[-4.9814,50.5339],[-4.9814,50.5321],[-4.9814,50.5304],[-4.9842,50.5304],[-4.9842,50.5286],[-4.9869,50.5286],[-4.9869,50.5269],[-4.9897,50.5269],[-4.9924,50.5251],[-4.9951,50.5251],[-4.9951,50.5234],[-4.9979,50.5234],[-4.9979,50.5217],[-5.0006,50.5217],[-5.0034,50.5217],[-5.0034,50.5199],[-5.0034,50.5182],[-5.0034,50.5164],[-5.0034,50.5147],[-5.0061,50.5147],[-5.0061,50.513],[-5.0088,50.513],[-5.0088,50.5112],[-5.0116,50.5112],[-5.0116,50.5095],[-5.0143,50.5095],[-5.0143,50.5077],[-5.0171,50.5077],[-5.0171,50.506],[-5.0198,50.5042],[-5.0198,50.5025],[-5.0198,50.5008],[-5.0171,50.5008],[-5.0171,50.499],[-5.0171,50.4973],[-5.0143,50.4973],[-5.0143,50.4955],[-5.0116,50.4955],[-5.0116,50.4938],[-5.0116,50.492],[-5.0116,50.4903],[-5.0143,50.4903],[-5.0143,50.4886],[-5.0143,50.4868],[-5.0143,50.4851],[-5.0143,50.4833],[-5.0143,50.4816],[-5.0171,50.4816],[-5.0198,50.4816],[-5.0198,50.4798],[-5.0225,50.4816],[-5.0225,50.4798],[-5.0253,50.4798],[-5.028,50.4781]]],[[[-4.5211,50.4781],[-4.5239,50.4781],[-4.5266,50.4781],[-4.5266,50.4798],[-4.5294,50.4798],[-4.5321,50.4798],[-4.5348,50.4798],[-4.5348,50.4816],[-4.5376,50.4816],[-4.5403,50.4816],[-4.5431,50.4833],[-4.5458,50.4833],[-4.5485,50.4816],[-4.5513,50.4816],[-4.554,50.4816],[-4.5568,50.4816],[-4.5595,50.4816],[-4.5622,50.4816],[-4.565,50.4816],[-4.5677,50.4816],[-4.5705,50.4816],[-4.5732,50.4816],[-4.5759,50.4816],[-4.5787,50.4816],[-4.5814,50.4816],[-4.5842,50.4816],[-4.5869,50.4816],[-4.5896,50.4816],[-4.5896,50.4833],[-4.5924,50.4833],[-4.5951,50.4833],[-4.5979,50.4833],[-4.6006,50.4833],[-4.6033,50.4833],[-4.6061,50.4833],[-4.6061,50.4816],[-4.6088,50.4816],[-4.6116,50.4816],[-4.6116,50.4833],[-4.6143,50.4833],[-4.617,50.4833],[-4.6198,50.4833],[-4.6225,50.4833],[-4.6253,50.4833],[-4.6253,50.4851],[-4.628,50.4851],[-4.6307,50.4851],[-4.6307,50.4868],[-4.6307,50.4886],[-4.6335,50.4886],[-4.6335,50.4903],[-4.6362,50.4903],[-4.639,50.4903],[-4.639,50.492],[-4.639,50.4938],[-4.6417,50.4938],[-4.6417,50.4955],[-4.6444,50.4955],[-4.6444,50.4973],[-4.6444,50.499],[-4.6472,50.499],[-4.6472,50.5008],[-4.6499,50.5008],[-4.6499,50.5025],[-4.6527,50.5025],[-4.6527,50.5042],[-4.6554,50.5042],[-4.6554,50.506],[-4.6581,50.506],[-4.6581,50.5077],[-4.6609,50.5095],[-4.6609,50.5112],[-4.6636,50.5112],[-4.6636,50.513],[-4.6664,50.513],[-4.6664,50.5147],[-4.6691,50.5147],[-4.6691,50.5164],[-4.6718,50.5164],[-4.6718,50.5182],[-4.6746,50.5182],[-4.6773,50.5182],[-4.6773,50.5199],[-4.6801,50.5199],[-4.6828,50.5199],[-4.6855,50.5199],[-4.6855,50.5217],[-4.6883,50.5217],[-4.691,50.5217],[-4.691,50.5234],[-4.6938,50.5234],[-4.6938,50.5251],[-4.6965,50.5251],[-4.6965,50.5269],[-4.6965,50.5286],[-4.6938,50.5286],[-4.6938,50.5269],[-4.691,50.5269],[-4.6883,50.5269],[-4.6855,50.5269],[-4.6855,50.5286],[-4.6883,50.5286],[-4.6883,50.5304],[-4.6855,50.5304],[-4.6855,50.5321],[-4.6828,50.5321],[-4.6801,50.5321],[-4.6801,50.5339],[-4.6773,50.5339],[-4.6773,50.5356],[-4.6746,50.5356],[-4.6718,50.5356],[-4.6718,50.5373],[-4.6718,50.5391],[-4.6718,50.5408],[-4.6691,50.5408],[-4.6691,50.5426],[-4.6664,50.5443],[-4.6636,50.5443],[-4.6636,50.546],[-4.6609,50.546],[-4.6609,50.5478],[-4.6609,50.5495],[-4.6609,50.5513],[-4.6636,50.5513],[-4.6636,50.553],[-4.6636,50.5548],[-4.6636,50.5565],[-4.6664,50.5565],[-4.6691,50.5582],[-4.6718,50.5582],[-4.6718,50.56],[-4.6746,50.56],[-4.6773,50.56],[-4.6773,50.5617],[-4.6801,50.5617],[-4.6828,50.5617],[-4.6828,50.5635],[-4.6855,50.5635],[-4.6883,50.5635],[-4.6883,50.5652],[-4.6883,50.5669],[-4.6883,50.5687],[-4.6883,50.5704],[-4.6883,50.5722],[-4.6855,50.5722],[-4.6828,50.5722],[-4.6828,50.5739],[-4.6801,50.5739],[-4.6801,50.5756],[-4.6773,50.5756],[-4.6773,50.5774],[-4.6801,50.5774],[-4.6801,50.5791],[-4.6801,50.5809],[-4.6773,50.5809],[-4.6773,50.5826],[-4.6773,50.5843],[-4.6746,50.5843],[-4.6746,50.5861],[-4.6718,50.5861],[-4.6718,50.5878],[-4.6718,50.5896],[-4.6691,50.5896],[-4.6664,50.5896],[-4.6664,50.5913],[-4.6636,50.5913],[-4.6609,50.5913],[-4.6581,50.5913],[-4.6581,50.593],[-4.6554,50.593],[-4.6554,50.5948],[-4.6527,50.593],[-4.6527,50.5913],[-4.6499,50.5913],[-4.6499,50.5896],[-4.6472,50.5896],[-4.6472,50.5913],[-4.6444,50.5913],[-4.6444,50.5896],[-4.6417,50.5896],[-4.639,50.5896],[-4.639,50.5913],[-4.6362,50.593],[-4.6362,50.5948],[-4.6335,50.5948],[-4.6335,50.5965],[-4.6307,50.5965],[-4.6307,50.5982],[-4.6307,50.6],[-4.6307,50.6017],[-4.6307,50.6035],[-4.6307,50.6052],[-4.6307,50.6069],[-4.6307,50.6087],[-4.628,50.6087],[-4.628,50.6104],[-4.6253,50.6104],[-4.6225,50.6104],[-4.6198,50.6104],[-4.6198,50.6122],[-4.617,50.6122],[-4.617,50.6139],[-4.6143,50.6139],[-4.6116,50.6156],[-4.6088,50.6174],[-4.6061,50.6191],[-4.6033,50.6209],[-4.6033,50.6226],[-4.6006,50.6226],[-4.6006,50.6243],[-4.6006,50.6261],[-4.6006,50.6278],[-4.5979,50.6278],[-4.5951,50.6278],[-4.5951,50.6261],[-4.5924,50.6261],[-4.5924,50.6243],[-4.5896,50.6243],[-4.5869,50.6243],[-4.5842,50.6243],[-4.5814,50.6243],[-4.5787,50.6243],[-4.5759,50.6243],[-4.5732,50.6243],[-4.5705,50.6243],[-4.5705,50.6226],[-4.5677,50.6226],[-4.565,50.6226],[-4.5622,50.6226],[-4.5595,50.6226],[-4.5595,50.6209],[-4.5568,50.6209],[-4.554,50.6209],[-4.5513,50.6209],[-4.5513,50.6191],[-4.5485,50.6191],[-4.5458,50.6191],[-4.5431,50.6191],[-4.5403,50.6191],[-4.5376,50.6191],[-4.5348,50.6191],[-4.5321,50.6191],[-4.5321,50.6174],[-4.5294,50.6174],[-4.5266,50.6174],[-4.5266,50.6156],[-4.5239,50.6156],[-4.5239,50.6139],[-4.5211,50.6139],[-4.5211,50.6156],[-4.5184,50.6156],[-4.5184,50.6139],[-4.5184,50.6122],[-4.5184,50.6104],[-4.5157,50.6104],[-4.5157,50.6087],[-4.5129,50.6087],[-4.5129,50.6069],[-4.5102,50.6069],[-4.5102,50.6052],[-4.5074,50.6052],[-4.5074,50.6035],[-4.5047,50.6035],[-4.502,50.6035],[-4.5047,50.6017],[-4.5074,50.6017],[-4.5074,50.6],[-4.5102,50.6],[-4.5102,50.5982],[-4.5102,50.5965],[-4.5102,50.5948],[-4.5129,50.593],[-4.5129,50.5913],[-4.5102,50.5913],[-4.5102,50.5896],[-4.5074,50.5896],[-4.5047,50.5896],[-4.502,50.5896],[-4.4992,50.5896],[-4.4965,50.5896],[-4.4937,50.5896],[-4.491,50.5896],[-4.491,50.5878],[-4.4883,50.5878],[-4.4855,50.5878],[-4.4855,50.5861],[-4.4855,50.5843],[-4.4828,50.5843],[-4.48,50.5843],[-4.48,50.5826],[-4.4773,50.5826],[-4.4773,50.5843],[-4.4746,50.5843],[-4.4746,50.5861],[-4.4746,50.5878],[-4.4718,50.5878],[-4.4691,50.5878],[-4.4663,50.5878],[-4.4663,50.5861],[-4.4636,50.5861],[-4.4636,50.5843],[-4.4609,50.5843],[-4.4609,50.5826],[-4.4581,50.5826],[-4.4581,50.5809],[-4.4554,50.5809],[-4.4554,50.5791],[-4.4554,50.5774],[-4.4526,50.5774],[-4.4526,50.5756],[-4.4554,50.5756],[-4.4554,50.5739],[-4.4554,50.5722],[-4.4554,50.5704],[-4.4554,50.5687],[-4.4581,50.5687],[-4.4581,50.5669],[-4.4554,50.5669],[-4.4526,50.5669],[-4.4526,50.5652],[-4.4499,50.5652],[-4.4472,50.5652],[-4.4472,50.5635],[-4.4472,50.5617],[-4.4444,50.5617],[-4.4444,50.56],[-4.4417,50.56],[-4.4417,50.5582],[-4.4417,50.5565],[-4.4389,50.5565],[-4.4389,50.5548],[-4.4389,50.553],[-4.4389,50.5513],[-4.4362,50.5513],[-4.4362,50.5495],[-4.4335,50.5495],[-4.4335,50.5478],[-4.4307,50.5478],[-4.4307,50.546],[-4.4307,50.5443],[-4.4307,50.5426],[-4.4307,50.5408],[-4.428,50.5408],[-4.428,50.5391],[-4.428,50.5373],[-4.4307,50.5373],[-4.4307,50.5356],[-4.4307,50.5339],[-4.4335,50.5339],[-4.4335,50.5321],[-4.4362,50.5321],[-4.4362,50.5304],[-4.4335,50.5304],[-4.4335,50.5286],[-4.4307,50.5286],[-4.4307,50.5269],[-4.428,50.5269],[-4.428,50.5251],[-4.428,50.5234],[-4.4307,50.5234],[-4.4335,50.5234],[-4.4335,50.5217],[-4.4362,50.5217],[-4.4362,50.5199],[-4.4389,50.5199],[-4.4417,50.5199],[-4.4417,50.5182],[-4.4444,50.5182],[-4.4472,50.5182],[-4.4472,50.5164],[-4.4499,50.5164],[-4.4526,50.5164],[-4.4526,50.5147],[-4.4554,50.5147],[-4.4554,50.513],[-4.4581,50.513],[-4.4581,50.5112],[-4.4609,50.5112],[-4.4609,50.5095],[-4.4636,50.5095],[-4.4636,50.5077],[-4.4663,50.5077],[-4.4663,50.506],[-4.4691,50.506],[-4.4691,50.5042],[-4.4691,50.5025],[-4.4718,50.5025],[-4.4718,50.5008],[-4.4718,50.499],[-4.4746,50.499],[-4.4746,50.4973],[-4.4773,50.4973],[-4.4773,50.4955],[-4.48,50.4955],[-4.4828,50.4955],[-4.4828,50.4938],[-4.4855,50.4938],[-4.4883,50.4938],[-4.4883,50.492],[-4.491,50.492],[-4.4937,50.492],[-4.4965,50.492],[-4.4965,50.4903],[-4.4992,50.4903],[-4.502,50.4903],[-4.502,50.4886],[-4.5047,50.4886],[-4.5047,50.4868],[-4.5074,50.4868],[-4.5074,50.4851],[-4.5102,50.4851],[-4.5102,50.4833],[-4.5102,50.4816],[-4.5129,50.4816],[-4.5157,50.4816],[-4.5157,50.4798],[-4.5184,50.4798],[-4.5211,50.4798],[-4.5211,50.4781]]],[[[-4.6691,50.3139],[-4.6718,50.3139],[-4.6746,50.3139],[-4.6746,50.3157],[-4.6773,50.3157],[-4.6773,50.3174],[-4.6801,50.3174],[-4.6828,50.3174],[-4.6828,50.3192],[-4.6855,50.3192],[-4.6855,50.3209],[-4.6828,50.3209],[-4.6828,50.3227],[-4.6828,50.3244],[-4.6828,50.3262],[-4.6828,50.3279],[-4.6828,50.3297],[-4.6828,50.3314],[-4.6828,50.3332],[-4.6828,50.3349],[-4.6828,50.3367],[-4.6828,50.3384],[-4.6855,50.3384],[-4.6855,50.3402],[-4.6883,50.3402],[-4.691,50.3402],[-4.691,50.3419],[-4.6883,50.3419],[-4.6883,50.3436],[-4.691,50.3436],[-4.691,50.3454],[-4.691,50.3471],[-4.6883,50.3471],[-4.6883,50.3489],[-4.691,50.3489],[-4.691,50.3506],[-4.6883,50.3506],[-4.6855,50.3506],[-4.6855,50.3489],[-4.6828,50.3489],[-4.6828,50.3471],[-4.6828,50.3454],[-4.6801,50.3454],[-4.6801,50.3436],[-4.6773,50.3436],[-4.6746,50.3436],[-4.6718,50.3436],[-4.6691,50.3436],[-4.6664,50.3436],[-4.6636,50.3436],[-4.6636,50.3419],[-4.6609,50.3436],[-4.6636,50.3454],[-4.6636,50.3471],[-4.6636,50.3489],[-4.6636,50.3506],[-4.6636,50.3524],[-4.6636,50.3541],[-4.6636,50.3559],[-4.6664,50.3559],[-4.6664,50.3576],[-4.6664,50.3594],[-4.6664,50.3611],[-4.6691,50.3611],[-4.6691,50.3629],[-4.6691,50.3646],[-4.6691,50.3664],[-4.6691,50.3681],[-4.6718,50.3681],[-4.6718,50.3699],[-4.6691,50.3699],[-4.6691,50.3716],[-4.6691,50.3734],[-4.6664,50.3734],[-4.6664,50.3751],[-4.6691,50.3751],[-4.6691,50.3769],[-4.6691,50.3786],[-4.6664,50.3786],[-4.6664,50.3804],[-4.6664,50.3821],[-4.6664,50.3838],[-4.6636,50.3838],[-4.6636,50.3856],[-4.6609,50.3856],[-4.6581,50.3856],[-4.6581,50.3838],[-4.6554,50.3838],[-4.6527,50.3838],[-4.6527,50.3856],[-4.6527,50.3873],[-4.6527,50.3891],[-4.6499,50.3891],[-4.6499,50.3908],[-4.6499,50.3926],[-4.6472,50.3926],[-4.6472,50.3943],[-4.6444,50.3943],[-4.6444,50.3961],[-4.6417,50.3961],[-4.639,50.3961],[-4.6362,50.3961],[-4.6335,50.3961],[-4.6335,50.3943],[-4.6307,50.3943],[-4.628,50.3943],[-4.628,50.3926],[-4.628,50.3908],[-4.628,50.3891],[-4.6253,50.3891],[-4.6253,50.3873],[-4.6225,50.3873],[-4.6198,50.3873],[-4.6198,50.3856],[-4.617,50.3856],[-4.617,50.3838],[-4.617,50.3821],[-4.617,50.3804],[-4.617,50.3786],[-4.6198,50.3786],[-4.6198,50.3769],[-4.6198,50.3751],[-4.6198,50.3734],[-4.6198,50.3716],[-4.6198,50.3699],[-4.6198,50.3681],[-4.6198,50.3664],[-4.617,50.3664],[-4.617,50.3646],[-4.617,50.3629],[-4.6143,50.3629],[-4.6143,50.3611],[-4.6116,50.3611],[-4.6088,50.3611],[-4.6061,50.3611],[-4.6061,50.3594],[-4.6061,50.3576],[-4.6061,50.3559],[-4.6061,50.3541],[-4.6061,50.3524],[-4.6088,50.3524],[-4.6088,50.3506],[-4.6116,50.3506],[-4.6143,50.3506],[-4.6143,50.3489],[-4.617,50.3471],[-4.617,50.3454],[-4.6143,50.3454],[-4.6143,50.3436],[-4.6116,50.3436],[-4.6088,50.3436],[-4.6088,50.3419],[-4.6061,50.3419],[-4.6033,50.3419],[-4.6033,50.3402],[-4.6006,50.3402],[-4.5979,50.3402],[-4.5951,50.3402],[-4.5951,50.3419],[-4.5924,50.3419],[-4.5896,50.3419],[-4.5869,50.3419],[-4.5842,50.3419],[-4.5814,50.3419],[-4.5787,50.3419],[-4.5759,50.3419],[-4.5732,50.3419],[-4.5705,50.3419],[-4.5705,50.3436],[-4.5677,50.3436],[-4.5677,50.3419],[-4.5677,50.3402],[-4.5677,50.3384],[-4.5677,50.3367],[-4.565,50.3367],[-4.5622,50.3367],[-4.5595,50.3367],[-4.5595,50.3384],[-4.5568,50.3384],[-4.554,50.3384],[-4.554,50.3367],[-4.5513,50.3367],[-4.5513,50.3349],[-4.5485,50.3349],[-4.5458,50.3349],[-4.5458,50.3367],[-4.5431,50.3367],[-4.5403,50.3367],[-4.5376,50.3367],[-4.5348,50.3367],[-4.5321,50.3367],[-4.5294,50.3367],[-4.5266,50.3367],[-4.5239,50.3367],[-4.5211,50.3367],[-4.5211,50.3384],[-4.5211,50.3402],[-4.5184,50.3402],[-4.5157,50.3402],[-4.5129,50.3402],[-4.5129,50.3419],[-4.5129,50.3436],[-4.5129,50.3454],[-4.5129,50.3471],[-4.5102,50.3471],[-4.5074,50.3471],[-4.5074,50.3489],[-4.5047,50.3489],[-4.5047,50.3506],[-4.502,50.3506],[-4.4992,50.3506],[-4.4965,50.3506],[-4.4965,50.3524],[-4.4937,50.3524],[-4.491,50.3524],[-4.491,50.3506],[-4.4883,50.3506],[-4.4855,50.3506],[-4.4855,50.3489],[-4.4828,50.3489],[-4.48,50.3489],[-4.4773,50.3489],[-4.4746,50.3489],[-4.4718,50.3489],[-4.4718,50.3506],[-4.4691,50.3506],[-4.4663,50.3506],[-4.4663,50.3489],[-4.4691,50.3489],[-4.4691,50.3471],[-4.4691,50.3454],[-4.4718,50.3454],[-4.4718,50.3436],[-4.4691,50.3436],[-4.4691,50.3419],[-4.4663,50.3419],[-4.4663,50.3402],[-4.4691,50.3402],[-4.4691,50.3384],[-4.4718,50.3384],[-4.4718,50.3367],[-4.4718,50.3349],[-4.4718,50.3332],[-4.4746,50.3332],[-4.4773,50.3332],[-4.48,50.3332],[-4.4828,50.3332],[-4.4855,50.3332],[-4.4855,50.3349],[-4.4883,50.3349],[-4.491,50.3349],[-4.4937,50.3349],[-4.4937,50.3367],[-4.4965,50.3367],[-4.4992,50.3367],[-4.4992,50.3349],[-4.4992,50.3332],[-4.4992,50.3314],[-4.502,50.3314],[-4.502,50.3297],[-4.5047,50.3297],[-4.5074,50.3297],[-4.5102,50.3297],[-4.5129,50.3297],[-4.5129,50.3314],[-4.5157,50.3314],[-4.5157,50.3297],[-4.5184,50.3297],[-4.5184,50.3279],[-4.5211,50.3279],[-4.5239,50.3279],[-4.5266,50.3279],[-4.5266,50.3262],[-4.5294,50.3262],[-4.5294,50.3244],[-4.5321,50.3244],[-4.5348,50.3244],[-4.5376,50.3244],[-4.5403,50.3244],[-4.5431,50.3244],[-4.5458,50.3244],[-4.5485,50.3244],[-4.5513,50.3244],[-4.5513,50.3262],[-4.554,50.3262],[-4.5568,50.3262],[-4.5595,50.3262],[-4.5622,50.3262],[-4.5622,50.3279],[-4.565,50.3279],[-4.5677,50.3279],[-4.5705,50.3297],[-4.5732,50.3297],[-4.5759,50.3297],[-4.5759,50.3314],[-4.5787,50.3314],[-4.5814,50.3314],[-4.5842,50.3314],[-4.5869,50.3314],[-4.5869,50.3297],[-4.5896,50.3297],[-4.5924,50.3297],[-4.5924,50.3279],[-4.5951,50.3279],[-4.5951,50.3262],[-4.5979,50.3262],[-4.5979,50.3244],[-4.6006,50.3244],[-4.6033,50.3244],[-4.6033,50.3262],[-4.6033,50.3279],[-4.6061,50.3279],[-4.6088,50.3279],[-4.6116,50.3279],[-4.6143,50.3279],[-4.6143,50.3262],[-4.6143,50.3244],[-4.617,50.3244],[-4.6198,50.3244],[-4.6225,50.3244],[-4.6253,50.3244],[-4.628,50.3244],[-4.6307,50.3244],[-4.6335,50.3244],[-4.6335,50.3262],[-4.6362,50.3262],[-4.639,50.3262],[-4.6417,50.3262],[-4.6417,50.3279],[-4.6444,50.3279],[-4.6472,50.3279],[-4.6472,50.3262],[-4.6499,50.3262],[-4.6527,50.3262],[-4.6527,50.3244],[-4.6527,50.3227],[-4.6554,50.3227],[-4.6581,50.3227],[-4.6609,50.3227],[-4.6636,50.3227],[-4.6664,50.3227],[-4.6664,50.3209],[-4.6691,50.3209],[-4.6691,50.3192],[-4.6664,50.3192],[-4.6664,50.3174],[-4.6691,50.3174],[-4.6691,50.3157],[-4.6691,50.3139]]],[[[-5.239,50.2877],[-5.2417,50.2877],[-5.2417,50.2894],[-5.2445,50.2894],[-5.2445,50.2912],[-5.2445,50.2929],[-5.2417,50.2929],[-5.2417,50.2947],[-5.2417,50.2964],[-5.239,50.2964],[-5.239,50.2982],[-5.239,50.2999],[-5.2362,50.2999],[-5.2362,50.3017],[-5.2362,50.3034],[-5.2362,50.3052],[-5.2335,50.3052],[-5.2335,50.3069],[-5.2335,50.3087],[-5.2362,50.3087],[-5.2362,50.3104],[-5.2335,50.3104],[-5.2335,50.3122],[-5.2335,50.3139],[-5.2362,50.3139],[-5.2362,50.3157],[-5.2335,50.3157],[-5.2335,50.3174],[-5.2362,50.3174],[-5.2362,50.3192],[-5.2335,50.3192],[-5.2308,50.3192],[-5.228,50.3192],[-5.228,50.3209],[-5.2253,50.3209],[-5.2225,50.3209],[-5.2225,50.3227],[-5.2198,50.3227],[-5.2198,50.3209],[-5.2171,50.3209],[-5.2143,50.3209],[-5.2116,50.3209],[-5.2088,50.3209],[-5.2061,50.3209],[-5.2061,50.3227],[-5.2034,50.3227],[-5.2034,50.3209],[-5.2006,50.3209],[-5.2006,50.3227],[-5.1979,50.3227],[-5.1979,50.3244],[-5.1951,50.3244],[-5.1951,50.3262],[-5.1924,50.3262],[-5.1924,50.3279],[-5.1897,50.3279],[-5.1897,50.3297],[-5.1897,50.3314],[-5.1897,50.3332],[-5.1869,50.3332],[-5.1842,50.3332],[-5.1814,50.3332],[-5.1814,50.3349],[-5.1814,50.3367],[-5.1814,50.3384],[-5.1814,50.3402],[-5.1787,50.3402],[-5.176,50.3402],[-5.176,50.3419],[-5.1732,50.3419],[-5.1705,50.3419],[-5.1732,50.3402],[-5.1705,50.3402],[-5.1705,50.3419],[-5.1677,50.3419],[-5.1677,50.3402],[-5.165,50.3402],[-5.165,50.3384],[-5.1677,50.3384],[-5.1705,50.3384],[-5.1732,50.3384],[-5.1732,50.3367],[-5.176,50.3349],[-5.176,50.3332],[-5.1787,50.3314],[-5.1787,50.3297],[-5.1814,50.3297],[-5.1814,50.3279],[-5.1842,50.3279],[-5.1842,50.3262],[-5.1869,50.3262],[-5.1842,50.3244],[-5.1869,50.3244],[-5.1897,50.3244],[-5.1897,50.3227],[-5.1897,50.3209],[-5.1924,50.3209],[-5.1951,50.3209],[-5.1979,50.3192],[-5.2006,50.3192],[-5.2034,50.3192],[-5.2034,50.3174],[-5.2061,50.3174],[-5.2061,50.3157],[-5.2088,50.3157],[-5.2116,50.3157],[-5.2143,50.3157],[-5.2143,50.3139],[-5.2171,50.3139],[-5.2171,50.3122],[-5.2143,50.3122],[-5.2143,50.3104],[-5.2143,50.3087],[-5.2116,50.3087],[-5.2116,50.3069],[-5.2116,50.3052],[-5.2143,50.3052],[-5.2143,50.3034],[-5.2171,50.3034],[-5.2198,50.3034],[-5.2198,50.3017],[-5.2225,50.3017],[-5.2225,50.2999],[-5.2253,50.2999],[-5.228,50.2999],[-5.228,50.2982],[-5.228,50.2964],[-5.2253,50.2964],[-5.2308,50.2947],[-5.2335,50.2947],[-5.2362,50.2929],[-5.239,50.2929],[-5.239,50.2912],[-5.239,50.2894],[-5.239,50.2877]]],[[[-4.2225,50.3104],[-4.2252,50.3104],[-4.2252,50.3122],[-4.228,50.3122],[-4.228,50.3139],[-4.2252,50.3139],[-4.2252,50.3157],[-4.2252,50.3174],[-4.228,50.3174],[-4.228,50.3192],[-4.2252,50.3192],[-4.2252,50.3209],[-4.2225,50.3209],[-4.2225,50.3227],[-4.2198,50.3227],[-4.217,50.3227],[-4.217,50.3244],[-4.217,50.3262],[-4.217,50.3279],[-4.2143,50.3279],[-4.2143,50.3262],[-4.2115,50.3262],[-4.2115,50.3279],[-4.2115,50.3297],[-4.2115,50.3314],[-4.2115,50.3332],[-4.2115,50.3349],[-4.2115,50.3367],[-4.2088,50.3367],[-4.2088,50.3384],[-4.2088,50.3402],[-4.2088,50.3419],[-4.2061,50.3419],[-4.2061,50.3436],[-4.2061,50.3454],[-4.2061,50.3471],[-4.2033,50.3471],[-4.2006,50.3471],[-4.2006,50.3489],[-4.1978,50.3489],[-4.1978,50.3506],[-4.1951,50.3489],[-4.1951,50.3506],[-4.1924,50.3506],[-4.1896,50.3506],[-4.1896,50.3524],[-4.1869,50.3524],[-4.1841,50.3524],[-4.1841,50.3541],[-4.1841,50.3559],[-4.1814,50.3559],[-4.1814,50.3576],[-4.1787,50.3576],[-4.1787,50.3594],[-4.1759,50.3594],[-4.1759,50.3611],[-4.1732,50.3611],[-4.1732,50.3594],[-4.1704,50.3594],[-4.1704,50.3576],[-4.1732,50.3576],[-4.1732,50.3559],[-4.1704,50.3559],[-4.1704,50.3541],[-4.1677,50.3541],[-4.1677,50.3524],[-4.1677,50.3506],[-4.1677,50.3489],[-4.165,50.3489],[-4.165,50.3471],[-4.165,50.3454],[-4.1677,50.3454],[-4.1677,50.3436],[-4.1704,50.3436],[-4.1732,50.3436],[-4.1759,50.3436],[-4.1759,50.3419],[-4.1787,50.3419],[-4.1814,50.3419],[-4.1814,50.3402],[-4.1841,50.3402],[-4.1869,50.3402],[-4.1896,50.3402],[-4.1896,50.3384],[-4.1924,50.3384],[-4.1924,50.3367],[-4.1951,50.3367],[-4.1951,50.3349],[-4.1978,50.3349],[-4.1978,50.3332],[-4.2006,50.3349],[-4.2006,50.3332],[-4.2006,50.3314],[-4.2006,50.3297],[-4.1978,50.3297],[-4.1978,50.3279],[-4.1951,50.3279],[-4.1951,50.3262],[-4.1924,50.3262],[-4.1924,50.3244],[-4.1896,50.3244],[-4.1896,50.3227],[-4.1896,50.3209],[-4.1896,50.3192],[-4.1896,50.3174],[-4.1924,50.3174],[-4.1951,50.3174],[-4.1978,50.3174],[-4.2006,50.3174],[-4.2033,50.3174],[-4.2061,50.3192],[-4.2061,50.3174],[-4.2088,50.3174],[-4.2115,50.3174],[-4.2143,50.3174],[-4.2143,50.3157],[-4.217,50.3157],[-4.2198,50.3157],[-4.2198,50.3139],[-4.2198,50.3122],[-4.2225,50.3122],[-4.2225,50.3104]]],[[[-5.3486,50.2246],[-5.3513,50.2246],[-5.3541,50.2246],[-5.3568,50.2246],[-5.3595,50.2246],[-5.3623,50.2246],[-5.365,50.2246],[-5.3678,50.2246],[-5.3705,50.2246],[-5.3705,50.2264],[-5.3732,50.2264],[-5.3732,50.2281],[-5.376,50.2281],[-5.3787,50.2281],[-5.3787,50.2299],[-5.3815,50.2299],[-5.3815,50.2281],[-5.3842,50.2281],[-5.3869,50.2281],[-5.3869,50.2299],[-5.3897,50.2299],[-5.3924,50.2299],[-5.3952,50.2316],[-5.3952,50.2334],[-5.3952,50.2351],[-5.3952,50.2369],[-5.3979,50.2369],[-5.3979,50.2386],[-5.3952,50.2386],[-5.3952,50.2404],[-5.3924,50.2404],[-5.3897,50.2404],[-5.3869,50.2404],[-5.3842,50.2404],[-5.3842,50.2421],[-5.3815,50.2421],[-5.3815,50.2439],[-5.3787,50.2439],[-5.376,50.2439],[-5.376,50.2421],[-5.376,50.2404],[-5.3732,50.2404],[-5.376,50.2386],[-5.3732,50.2386],[-5.3732,50.2369],[-5.3705,50.2369],[-5.3678,50.2369],[-5.3678,50.2386],[-5.365,50.2386],[-5.3623,50.2386],[-5.3595,50.2386],[-5.3595,50.2404],[-5.3568,50.2404],[-5.3541,50.2404],[-5.3513,50.2404],[-5.3486,50.2404],[-5.3486,50.2386],[-5.3458,50.2386],[-5.3431,50.2386],[-5.3404,50.2386],[-5.3404,50.2404],[-5.3376,50.2404],[-5.3349,50.2404],[-5.3349,50.2421],[-5.3321,50.2421],[-5.3294,50.2421],[-5.3294,50.2439],[-5.3267,50.2439],[-5.3267,50.2456],[-5.3239,50.2456],[-5.3239,50.2474],[-5.3212,50.2474],[-5.3212,50.2491],[-5.3184,50.2491],[-5.3184,50.2509],[-5.3157,50.2509],[-5.3157,50.2526],[-5.313,50.2526],[-5.313,50.2544],[-5.3157,50.2544],[-5.3157,50.2561],[-5.313,50.2561],[-5.3102,50.2561],[-5.3102,50.2579],[-5.3075,50.2579],[-5.3075,50.2596],[-5.3047,50.2596],[-5.3047,50.2614],[-5.302,50.2614],[-5.302,50.2631],[-5.2993,50.2631],[-5.2993,50.2614],[-5.2965,50.2614],[-5.2938,50.2614],[-5.2938,50.2596],[-5.291,50.2596],[-5.2883,50.2596],[-5.2883,50.2579],[-5.291,50.2579],[-5.291,50.2561],[-5.291,50.2544],[-5.291,50.2526],[-5.2883,50.2526],[-5.2883,50.2509],[-5.2856,50.2491],[-5.2856,50.2474],[-5.2883,50.2474],[-5.291,50.2474],[-5.2938,50.2474],[-5.2965,50.2474],[-5.2965,50.2456],[-5.2993,50.2456],[-5.302,50.2456],[-5.302,50.2439],[-5.3047,50.2439],[-5.3075,50.2439],[-5.3075,50.2421],[-5.3075,50.2404],[-5.3047,50.2404],[-5.3047,50.2386],[-5.3075,50.2386],[-5.3075,50.2369],[-5.3102,50.2369],[-5.3102,50.2351],[-5.313,50.2351],[-5.3157,50.2351],[-5.3184,50.2351],[-5.3184,50.2369],[-5.3212,50.2369],[-5.3212,50.2351],[-5.3239,50.2351],[-5.3239,50.2334],[-5.3267,50.2334],[-5.3267,50.2316],[-5.3294,50.2316],[-5.3321,50.2299],[-5.3349,50.2299],[-5.3376,50.2299],[-5.3376,50.2281],[-5.3404,50.2281],[-5.3431,50.2281],[-5.3431,50.2264],[-5.3458,50.2264],[-5.3486,50.2264],[-5.3486,50.2246]]],[[[-5.4883,50.2158],[-5.4899,50.2158],[-5.4883,50.2176],[-5.4883,50.2158]]],[[[-4.9047,50.193],[-4.9075,50.193],[-4.9075,50.1948],[-4.9047,50.1965],[-4.9047,50.1948],[-4.9047,50.193]]],[[[-5.7212,50.1193],[-5.7239,50.1193],[-5.7239,50.1211],[-5.7212,50.1211],[-5.7212,50.1193]]],[[[-5.0088,50.1386],[-5.0116,50.1386],[-5.0116,50.1404],[-5.0143,50.1404],[-5.0171,50.1404],[-5.0171,50.1421],[-5.0198,50.1439],[-5.028,50.1474],[-5.0417,50.1544],[-5.0554,50.1615],[-5.0582,50.1615],[-5.0609,50.1615],[-5.0636,50.1615],[-5.0664,50.1615],[-5.0691,50.1615],[-5.0691,50.1632],[-5.0719,50.1632],[-5.0719,50.165],[-5.0746,50.165],[-5.0746,50.1667],[-5.0773,50.1667],[-5.0773,50.165],[-5.0801,50.165],[-5.0828,50.165],[-5.0856,50.165],[-5.0856,50.1667],[-5.0883,50.1667],[-5.091,50.1667],[-5.091,50.1685],[-5.091,50.1702],[-5.091,50.172],[-5.0938,50.172],[-5.0938,50.1737],[-5.0938,50.1755],[-5.0965,50.1755],[-5.0965,50.1772],[-5.0993,50.1772],[-5.0993,50.179],[-5.0965,50.179],[-5.0938,50.179],[-5.0938,50.1808],[-5.091,50.1808],[-5.091,50.1825],[-5.0883,50.1825],[-5.0883,50.1843],[-5.0883,50.186],[-5.0856,50.186],[-5.0856,50.1878],[-5.0883,50.1878],[-5.0883,50.1895],[-5.091,50.1895],[-5.091,50.1878],[-5.0938,50.1878],[-5.0965,50.1878],[-5.0965,50.186],[-5.0993,50.186],[-5.0993,50.1878],[-5.102,50.1878],[-5.102,50.1895],[-5.1047,50.1895],[-5.1047,50.1913],[-5.1075,50.1913],[-5.1102,50.1913],[-5.1102,50.193],[-5.113,50.193],[-5.113,50.1948],[-5.1157,50.1948],[-5.1157,50.1965],[-5.1184,50.1965],[-5.1212,50.1965],[-5.1239,50.1965],[-5.1239,50.1983],[-5.1239,50.2001],[-5.1212,50.2018],[-5.1184,50.2018],[-5.1184,50.2036],[-5.1157,50.2036],[-5.1157,50.2053],[-5.113,50.2053],[-5.113,50.2071],[-5.1102,50.2071],[-5.1075,50.2071],[-5.1047,50.2071],[-5.1047,50.2088],[-5.102,50.2088],[-5.0993,50.2088],[-5.0965,50.2088],[-5.0965,50.2071],[-5.0938,50.2071],[-5.091,50.2071],[-5.0883,50.2071],[-5.0856,50.2071],[-5.0828,50.2071],[-5.0801,50.2071],[-5.0801,50.2088],[-5.0773,50.2088],[-5.0746,50.2088],[-5.0746,50.2071],[-5.0719,50.2071],[-5.0719,50.2053],[-5.0691,50.2053],[-5.0691,50.2071],[-5.0664,50.2071],[-5.0664,50.2088],[-5.0664,50.2106],[-5.0664,50.2123],[-5.0664,50.2141],[-5.0664,50.2158],[-5.0636,50.2158],[-5.0609,50.2158],[-5.0609,50.2176],[-5.0582,50.2176],[-5.0554,50.2176],[-5.0527,50.2176],[-5.0499,50.2176],[-5.0472,50.2176],[-5.0445,50.2176],[-5.0445,50.2193],[-5.0445,50.2211],[-5.0472,50.2211],[-5.0472,50.2228],[-5.0445,50.2246],[-5.0445,50.2264],[-5.0445,50.2281],[-5.0417,50.2281],[-5.0417,50.2299],[-5.0445,50.2299],[-5.0445,50.2316],[-5.0417,50.2316],[-5.0417,50.2334],[-5.0417,50.2351],[-5.0445,50.2351],[-5.0445,50.2369],[-5.0472,50.2369],[-5.0472,50.2386],[-5.0499,50.2386],[-5.0499,50.2404],[-5.0499,50.2421],[-5.0499,50.2439],[-5.0499,50.2456],[-5.0527,50.2456],[-5.0554,50.2456],[-5.0554,50.2474],[-5.0527,50.2474],[-5.0499,50.2474],[-5.0472,50.2474],[-5.0472,50.2491],[-5.0445,50.2491],[-5.0445,50.2474],[-5.0417,50.2474],[-5.039,50.2474],[-5.039,50.2491],[-5.0362,50.2491],[-5.0335,50.2491],[-5.0335,50.2509],[-5.0335,50.2526],[-5.0308,50.2526],[-5.0308,50.2544],[-5.028,50.2544],[-5.028,50.2561],[-5.0253,50.2561],[-5.0253,50.2579],[-5.0253,50.2596],[-5.0253,50.2614],[-5.028,50.2614],[-5.028,50.2631],[-5.028,50.2649],[-5.028,50.2667],[-5.0253,50.2667],[-5.0253,50.2684],[-5.0225,50.2684],[-5.0198,50.2684],[-5.0198,50.2702],[-5.0171,50.2702],[-5.0143,50.2702],[-5.0116,50.2702],[-5.0088,50.2702],[-5.0088,50.2719],[-5.0061,50.2719],[-5.0034,50.2719],[-5.0034,50.2737],[-5.0006,50.2737],[-4.9979,50.2737],[-4.9979,50.2719],[-4.9951,50.2719],[-4.9951,50.2702],[-4.9979,50.2702],[-4.9979,50.2684],[-5.0006,50.2667],[-5.0006,50.2649],[-4.9979,50.2649],[-4.9951,50.2649],[-4.9924,50.2649],[-4.9897,50.2649],[-4.9869,50.2649],[-4.9842,50.2649],[-4.9842,50.2667],[-4.9814,50.2667],[-4.9787,50.2667],[-4.976,50.2667],[-4.976,50.2649],[-4.9732,50.2649],[-4.9705,50.2649],[-4.9677,50.2649],[-4.9677,50.2631],[-4.965,50.2631],[-4.965,50.2614],[-4.9623,50.2614],[-4.9595,50.2614],[-4.9568,50.2614],[-4.954,50.2614],[-4.9513,50.2614],[-4.9513,50.2631],[-4.9486,50.2631],[-4.9458,50.2631],[-4.9458,50.2649],[-4.9431,50.2649],[-4.9403,50.2649],[-4.9403,50.2631],[-4.9376,50.2631],[-4.9349,50.2631],[-4.9321,50.2631],[-4.9321,50.2614],[-4.9294,50.2614],[-4.9294,50.2596],[-4.9266,50.2596],[-4.9266,50.2579],[-4.9239,50.2579],[-4.9239,50.2561],[-4.9239,50.2544],[-4.9212,50.2544],[-4.9212,50.2526],[-4.9184,50.2526],[-4.9157,50.2509],[-4.9184,50.2491],[-4.9157,50.2491],[-4.9157,50.2474],[-4.9157,50.2456],[-4.9157,50.2439],[-4.9129,50.2439],[-4.9129,50.2421],[-4.9102,50.2421],[-4.9075,50.2421],[-4.9047,50.2421],[-4.902,50.2421],[-4.8992,50.2421],[-4.8965,50.2421],[-4.8965,50.2439],[-4.8938,50.2439],[-4.891,50.2439],[-4.8883,50.2439],[-4.8855,50.2439],[-4.8828,50.2439],[-4.8828,50.2456],[-4.8801,50.2456],[-4.8773,50.2456],[-4.8773,50.2474],[-4.8746,50.2474],[-4.8718,50.2474],[-4.8718,50.2491],[-4.8691,50.2491],[-4.8691,50.2509],[-4.8691,50.2526],[-4.8664,50.2526],[-4.8636,50.2526],[-4.8636,50.2544],[-4.8609,50.2544],[-4.8609,50.2526],[-4.8581,50.2526],[-4.8554,50.2526],[-4.8554,50.2544],[-4.8527,50.2544],[-4.8527,50.2526],[-4.8499,50.2526],[-4.8499,50.2509],[-4.8472,50.2509],[-4.8444,50.2509],[-4.8444,50.2526],[-4.8417,50.2526],[-4.839,50.2526],[-4.8362,50.2526],[-4.8335,50.2526],[-4.8307,50.2526],[-4.828,50.2526],[-4.8253,50.2526],[-4.8253,50.2544],[-4.8253,50.2561],[-4.8225,50.2561],[-4.8225,50.2579],[-4.8198,50.2579],[-4.8198,50.2596],[-4.817,50.2596],[-4.8143,50.2596],[-4.8143,50.2614],[-4.8116,50.2614],[-4.8116,50.2631],[-4.8116,50.2649],[-4.8116,50.2667],[-4.8088,50.2667],[-4.8088,50.2684],[-4.8088,50.2702],[-4.8088,50.2719],[-4.8088,50.2737],[-4.8061,50.2737],[-4.8061,50.2754],[-4.8061,50.2772],[-4.8033,50.2772],[-4.8033,50.2789],[-4.8061,50.2789],[-4.8088,50.2789],[-4.8088,50.2807],[-4.8116,50.2807],[-4.8116,50.2824],[-4.8116,50.2842],[-4.8143,50.2842],[-4.8143,50.2859],[-4.8143,50.2877],[-4.8143,50.2894],[-4.8116,50.2894],[-4.8088,50.2894],[-4.8061,50.2894],[-4.8033,50.2894],[-4.8033,50.2912],[-4.8033,50.2929],[-4.8006,50.2929],[-4.8006,50.2947],[-4.7979,50.2947],[-4.7979,50.2964],[-4.7979,50.2982],[-4.7979,50.2999],[-4.8006,50.2999],[-4.8006,50.3017],[-4.8006,50.3034],[-4.8006,50.3052],[-4.8006,50.3069],[-4.8006,50.3087],[-4.8006,50.3104],[-4.8006,50.3122],[-4.8006,50.3139],[-4.7979,50.3139],[-4.7979,50.3157],[-4.7979,50.3174],[-4.7979,50.3192],[-4.7951,50.3192],[-4.7951,50.3209],[-4.7924,50.3209],[-4.7896,50.3209],[-4.7869,50.3209],[-4.7842,50.3209],[-4.7814,50.3209],[-4.7814,50.3192],[-4.7787,50.3192],[-4.7787,50.3209],[-4.7787,50.3227],[-4.7759,50.3227],[-4.7732,50.3227],[-4.7732,50.3209],[-4.7732,50.3192],[-4.7732,50.3174],[-4.7732,50.3157],[-4.7705,50.3157],[-4.7705,50.3139],[-4.7677,50.3139],[-4.7677,50.3157],[-4.765,50.3157],[-4.765,50.3139],[-4.765,50.3122],[-4.7622,50.3122],[-4.7622,50.3104],[-4.7622,50.3087],[-4.7595,50.3087],[-4.7595,50.3069],[-4.7568,50.3069],[-4.754,50.3069],[-4.754,50.3052],[-4.754,50.3034],[-4.754,50.3017],[-4.754,50.2999],[-4.7513,50.2999],[-4.7513,50.2982],[-4.754,50.2982],[-4.7568,50.2982],[-4.7568,50.2999],[-4.7595,50.2999],[-4.7622,50.2999],[-4.765,50.2999],[-4.765,50.2982],[-4.7677,50.2982],[-4.7677,50.2964],[-4.7705,50.2964],[-4.7705,50.2947],[-4.7732,50.2947],[-4.7732,50.2929],[-4.7732,50.2912],[-4.7759,50.2912],[-4.7759,50.2894],[-4.7787,50.2894],[-4.7787,50.2877],[-4.7814,50.2859],[-4.7814,50.2842],[-4.7814,50.2824],[-4.7814,50.2807],[-4.7787,50.2807],[-4.7787,50.2789],[-4.7814,50.2789],[-4.7814,50.2772],[-4.7814,50.2754],[-4.7842,50.2754],[-4.7842,50.2737],[-4.7842,50.2719],[-4.7842,50.2702],[-4.7869,50.2702],[-4.7869,50.2684],[-4.7842,50.2684],[-4.7814,50.2684],[-4.7814,50.2667],[-4.7842,50.2667],[-4.7842,50.2649],[-4.7842,50.2631],[-4.7842,50.2614],[-4.7814,50.2614],[-4.7814,50.2596],[-4.7787,50.2596],[-4.7759,50.2596],[-4.7759,50.2579],[-4.7732,50.2596],[-4.7732,50.2579],[-4.7705,50.2579],[-4.7677,50.2579],[-4.7677,50.2561],[-4.7677,50.2544],[-4.7677,50.2526],[-4.7705,50.2526],[-4.7705,50.2509],[-4.7732,50.2509],[-4.7759,50.2509],[-4.7787,50.2509],[-4.7787,50.2491],[-4.7814,50.2491],[-4.7814,50.2474],[-4.7842,50.2474],[-4.7842,50.2456],[-4.7842,50.2439],[-4.7869,50.2439],[-4.7869,50.2421],[-4.7869,50.2404],[-4.7842,50.2404],[-4.7842,50.2386],[-4.7814,50.2386],[-4.7814,50.2369],[-4.7814,50.2351],[-4.7842,50.2351],[-4.7869,50.2351],[-4.7869,50.2334],[-4.7896,50.2334],[-4.7924,50.2334],[-4.7924,50.2316],[-4.7951,50.2316],[-4.7979,50.2316],[-4.7979,50.2299],[-4.7979,50.2281],[-4.7979,50.2264],[-4.7979,50.2246],[-4.7979,50.2228],[-4.7979,50.2211],[-4.7979,50.2193],[-4.8006,50.2193],[-4.8033,50.2193],[-4.8033,50.2176],[-4.8061,50.2176],[-4.8061,50.2193],[-4.8061,50.2211],[-4.8088,50.2211],[-4.8088,50.2228],[-4.8116,50.2228],[-4.8116,50.2246],[-4.8116,50.2264],[-4.8143,50.2264],[-4.8143,50.2281],[-4.8143,50.2299],[-4.817,50.2299],[-4.8198,50.2299],[-4.8198,50.2316],[-4.8225,50.2316],[-4.8225,50.2299],[-4.8253,50.2299],[-4.828,50.2299],[-4.8307,50.2299],[-4.8307,50.2316],[-4.8307,50.2334],[-4.8335,50.2334],[-4.8362,50.2334],[-4.8362,50.2316],[-4.839,50.2316],[-4.839,50.2334],[-4.839,50.2351],[-4.8417,50.2351],[-4.8444,50.2351],[-4.8472,50.2351],[-4.8499,50.2351],[-4.8527,50.2351],[-4.8554,50.2351],[-4.8581,50.2351],[-4.8581,50.2334],[-4.8609,50.2334],[-4.8609,50.2351],[-4.8636,50.2351],[-4.8636,50.2334],[-4.8664,50.2334],[-4.8691,50.2334],[-4.8691,50.2316],[-4.8718,50.2316],[-4.8746,50.2316],[-4.8746,50.2299],[-4.8746,50.2281],[-4.8746,50.2264],[-4.8746,50.2246],[-4.8773,50.2246],[-4.8801,50.2246],[-4.8801,50.2228],[-4.8828,50.2228],[-4.8855,50.2228],[-4.8855,50.2211],[-4.8855,50.2193],[-4.8883,50.2193],[-4.8883,50.2176],[-4.891,50.2176],[-4.8938,50.2176],[-4.8938,50.2158],[-4.8938,50.2141],[-4.8965,50.2141],[-4.8992,50.2141],[-4.902,50.2141],[-4.902,50.2123],[-4.902,50.2106],[-4.9047,50.2106],[-4.9047,50.2088],[-4.902,50.2088],[-4.902,50.2071],[-4.902,50.2053],[-4.9047,50.2053],[-4.9075,50.2053],[-4.9102,50.2053],[-4.9102,50.2036],[-4.9102,50.2018],[-4.9102,50.2001],[-4.9129,50.2001],[-4.9129,50.1983],[-4.9157,50.1983],[-4.9157,50.1965],[-4.9184,50.1965],[-4.9212,50.1965],[-4.9212,50.1983],[-4.9239,50.1983],[-4.9239,50.2001],[-4.9239,50.2018],[-4.9266,50.2018],[-4.9266,50.2036],[-4.9294,50.2036],[-4.9294,50.2053],[-4.9321,50.2053],[-4.9349,50.2053],[-4.9376,50.2053],[-4.9403,50.2053],[-4.9431,50.2053],[-4.9458,50.2053],[-4.9486,50.2053],[-4.9486,50.2036],[-4.9513,50.2036],[-4.954,50.2036],[-4.954,50.2018],[-4.9568,50.2018],[-4.9568,50.2001],[-4.9595,50.2001],[-4.9595,50.1983],[-4.9623,50.1983],[-4.9623,50.1965],[-4.9623,50.1948],[-4.965,50.1948],[-4.965,50.193],[-4.9677,50.193],[-4.9677,50.1913],[-4.9677,50.1895],[-4.9677,50.1878],[-4.9677,50.186],[-4.9705,50.186],[-4.9732,50.186],[-4.9732,50.1843],[-4.9732,50.1825],[-4.9732,50.1808],[-4.9732,50.179],[-4.9705,50.179],[-4.9705,50.1772],[-4.9705,50.1755],[-4.9732,50.1755],[-4.9732,50.1737],[-4.9732,50.172],[-4.9732,50.1702],[-4.9732,50.1685],[-4.9732,50.1667],[-4.9732,50.165],[-4.9732,50.1632],[-4.976,50.1632],[-4.976,50.1615],[-4.976,50.1597],[-4.9787,50.1597],[-4.9814,50.1597],[-4.9814,50.1579],[-4.9842,50.1579],[-4.9842,50.1562],[-4.9842,50.1544],[-4.9814,50.1544],[-4.9814,50.1527],[-4.9814,50.1509],[-4.9842,50.1509],[-4.9869,50.1509],[-4.9869,50.1492],[-4.9897,50.1492],[-4.9924,50.1492],[-4.9951,50.1492],[-4.9951,50.1474],[-4.9979,50.1474],[-4.9979,50.1457],[-5.0006,50.1457],[-5.0006,50.1439],[-5.0034,50.1439],[-5.0034,50.1421],[-5.0061,50.1421],[-5.0061,50.1404],[-5.0088,50.1404],[-5.0088,50.1386]]],[[[-5.4774,50.1246],[-5.4801,50.1246],[-5.4801,50.1263],[-5.4774,50.1263],[-5.4774,50.1246]]],[[[-5.4746,50.1228],[-5.4774,50.1246],[-5.4746,50.1246],[-5.4746,50.1228]]],[[[-5.4746,50.1158],[-5.4774,50.1158],[-5.4801,50.1158],[-5.4801,50.1176],[-5.4801,50.1193],[-5.4774,50.1193],[-5.4774,50.1176],[-5.4746,50.1176],[-5.4746,50.1158]]],[[[-5.428,50.0965],[-5.4308,50.0965],[-5.4308,50.0982],[-5.428,50.0982],[-5.428,50.0965]]],[[[-5.0856,50.1053],[-5.0883,50.1053],[-5.0856,50.107],[-5.0856,50.1053]]],[[[-5.3212,50.0824],[-5.3239,50.0824],[-5.3239,50.0842],[-5.3267,50.0842],[-5.3267,50.0859],[-5.3294,50.0859],[-5.3294,50.0877],[-5.3321,50.0877],[-5.3321,50.0894],[-5.3349,50.0894],[-5.3349,50.0912],[-5.3376,50.0912],[-5.3404,50.0912],[-5.3431,50.0912],[-5.3458,50.0912],[-5.3486,50.0912],[-5.3513,50.0912],[-5.3541,50.0912],[-5.3541,50.0894],[-5.3568,50.0894],[-5.3595,50.0894],[-5.3623,50.0894],[-5.365,50.0894],[-5.365,50.0912],[-5.365,50.093],[-5.3678,50.093],[-5.3705,50.093],[-5.3732,50.093],[-5.3732,50.0947],[-5.3732,50.0965],[-5.376,50.0965],[-5.376,50.0982],[-5.3787,50.0982],[-5.3815,50.0982],[-5.3815,50.1],[-5.3842,50.1],[-5.3842,50.1017],[-5.3869,50.1017],[-5.3897,50.1017],[-5.3924,50.1017],[-5.3952,50.1017],[-5.3952,50.1],[-5.3979,50.1],[-5.4006,50.1],[-5.4006,50.1017],[-5.4034,50.1017],[-5.4034,50.1035],[-5.4061,50.1035],[-5.4089,50.1035],[-5.4116,50.1035],[-5.4143,50.1017],[-5.4143,50.1],[-5.4171,50.1],[-5.4198,50.1],[-5.4198,50.0982],[-5.4226,50.0982],[-5.4253,50.0982],[-5.428,50.0982],[-5.428,50.1],[-5.428,50.1017],[-5.428,50.1035],[-5.4308,50.1035],[-5.4308,50.1053],[-5.4335,50.1053],[-5.4335,50.107],[-5.4335,50.1088],[-5.4363,50.1088],[-5.4363,50.1105],[-5.439,50.1105],[-5.439,50.1123],[-5.4417,50.1123],[-5.4445,50.1123],[-5.4472,50.1123],[-5.45,50.1123],[-5.45,50.114],[-5.4527,50.114],[-5.4527,50.1158],[-5.4527,50.1176],[-5.4554,50.1176],[-5.4554,50.1193],[-5.4582,50.1193],[-5.4609,50.1193],[-5.4609,50.1211],[-5.4609,50.1228],[-5.4637,50.1228],[-5.4664,50.1228],[-5.4691,50.1228],[-5.4719,50.1228],[-5.4719,50.1246],[-5.4691,50.1246],[-5.4664,50.1246],[-5.4637,50.1246],[-5.4609,50.1246],[-5.4582,50.1246],[-5.4582,50.1228],[-5.4554,50.1228],[-5.4527,50.1228],[-5.45,50.1228],[-5.4472,50.1228],[-5.4445,50.1228],[-5.4445,50.1211],[-5.4417,50.1211],[-5.439,50.1211],[-5.4363,50.1211],[-5.4363,50.1193],[-5.4335,50.1193],[-5.4308,50.1193],[-5.4308,50.1176],[-5.428,50.1176],[-5.4253,50.1176],[-5.4226,50.1176],[-5.4198,50.1158],[-5.4171,50.1158],[-5.4143,50.1158],[-5.4143,50.114],[-5.4116,50.114],[-5.4089,50.114],[-5.4061,50.114],[-5.4061,50.1123],[-5.4034,50.1123],[-5.4006,50.1123],[-5.3979,50.1123],[-5.3952,50.1123],[-5.3924,50.1123],[-5.3897,50.1123],[-5.3869,50.1123],[-5.3842,50.1123],[-5.3815,50.1123],[-5.3787,50.1123],[-5.376,50.1123],[-5.3732,50.1123],[-5.3732,50.1105],[-5.3705,50.1105],[-5.3678,50.1105],[-5.3678,50.1088],[-5.365,50.1088],[-5.365,50.107],[-5.3623,50.107],[-5.3623,50.1053],[-5.3595,50.1053],[-5.3568,50.1053],[-5.3568,50.1035],[-5.3541,50.1035],[-5.3541,50.1017],[-5.3513,50.1017],[-5.3513,50.1],[-5.3486,50.1],[-5.3458,50.1],[-5.3458,50.0982],[-5.3431,50.0982],[-5.3431,50.0965],[-5.3404,50.0965],[-5.3376,50.0965],[-5.3376,50.0947],[-5.3349,50.0947],[-5.3349,50.093],[-5.3321,50.093],[-5.3321,50.0912],[-5.3294,50.0912],[-5.3294,50.0894],[-5.3267,50.0894],[-5.3267,50.0877],[-5.3239,50.0877],[-5.3239,50.0859],[-5.3212,50.0859],[-5.3212,50.0842],[-5.3212,50.0824]]],[[[-5.7157,50.0683],[-5.7185,50.0683],[-5.7185,50.0701],[-5.7157,50.0701],[-5.7157,50.0683]]],[[[-5.6719,50.0349],[-5.6746,50.0349],[-5.6774,50.0349],[-5.6801,50.0349],[-5.6801,50.0367],[-5.6828,50.0367],[-5.6856,50.0367],[-5.6856,50.0384],[-5.6828,50.0384],[-5.6828,50.0402],[-5.6856,50.0402],[-5.6856,50.0419],[-5.6883,50.0419],[-5.6883,50.0437],[-5.6911,50.0437],[-5.6938,50.0437],[-5.6938,50.0455],[-5.6911,50.0455],[-5.6883,50.0455],[-5.6883,50.0472],[-5.6883,50.049],[-5.6911,50.049],[-5.6938,50.049],[-5.6965,50.049],[-5.6965,50.0507],[-5.6938,50.0507],[-5.6938,50.0525],[-5.6938,50.0543],[-5.6965,50.0543],[-5.6993,50.0543],[-5.6993,50.056],[-5.702,50.056],[-5.702,50.0543],[-5.7048,50.0543],[-5.7048,50.056],[-5.7075,50.056],[-5.7075,50.0578],[-5.7102,50.0578],[-5.7102,50.0595],[-5.7102,50.0613],[-5.713,50.0613],[-5.713,50.0631],[-5.7157,50.0631],[-5.7157,50.0648],[-5.7157,50.0666],[-5.7157,50.0683],[-5.713,50.0683],[-5.713,50.0701],[-5.7102,50.0701],[-5.7102,50.0719],[-5.7102,50.0736],[-5.7102,50.0754],[-5.7102,50.0771],[-5.7075,50.0771],[-5.7075,50.0789],[-5.7048,50.0789],[-5.702,50.0789],[-5.702,50.0806],[-5.6993,50.0806],[-5.6965,50.0806],[-5.6965,50.0824],[-5.6938,50.0824],[-5.6938,50.0842],[-5.6938,50.0859],[-5.6911,50.0859],[-5.6911,50.0877],[-5.6911,50.0894],[-5.6911,50.0912],[-5.6911,50.093],[-5.6938,50.093],[-5.6938,50.0947],[-5.6938,50.0965],[-5.6965,50.0965],[-5.6965,50.0982],[-5.6993,50.0982],[-5.6993,50.1],[-5.6993,50.1017],[-5.6965,50.1017],[-5.6965,50.1035],[-5.6965,50.1053],[-5.6993,50.1053],[-5.6993,50.107],[-5.6993,50.1088],[-5.6993,50.1105],[-5.702,50.1105],[-5.702,50.1123],[-5.702,50.114],[-5.702,50.1158],[-5.702,50.1176],[-5.702,50.1193],[-5.702,50.1211],[-5.7048,50.1211],[-5.7048,50.1228],[-5.7075,50.1228],[-5.7075,50.1246],[-5.7075,50.1263],[-5.7102,50.1263],[-5.7102,50.1281],[-5.7102,50.1298],[-5.7075,50.1298],[-5.7048,50.1298],[-5.7048,50.1316],[-5.7048,50.1334],[-5.7048,50.1351],[-5.702,50.1351],[-5.702,50.1369],[-5.6993,50.1369],[-5.6965,50.1369],[-5.6938,50.1369],[-5.6938,50.1386],[-5.6938,50.1404],[-5.6938,50.1421],[-5.6938,50.1439],[-5.6938,50.1457],[-5.6938,50.1474],[-5.6911,50.1474],[-5.6911,50.1492],[-5.6911,50.1509],[-5.6883,50.1509],[-5.6883,50.1527],[-5.6856,50.1527],[-5.6856,50.1544],[-5.6828,50.1544],[-5.6828,50.1562],[-5.6801,50.1562],[-5.6801,50.1579],[-5.6801,50.1597],[-5.6774,50.1597],[-5.6774,50.1615],[-5.6746,50.1615],[-5.6719,50.1615],[-5.6719,50.1632],[-5.6719,50.165],[-5.6746,50.165],[-5.6746,50.1667],[-5.6719,50.1667],[-5.6691,50.1667],[-5.6664,50.1667],[-5.6637,50.1667],[-5.6637,50.165],[-5.6609,50.165],[-5.6582,50.165],[-5.6554,50.165],[-5.6554,50.1667],[-5.6527,50.1667],[-5.6527,50.1685],[-5.65,50.1685],[-5.6472,50.1685],[-5.6445,50.1685],[-5.6417,50.1685],[-5.639,50.1685],[-5.6363,50.1685],[-5.6335,50.1685],[-5.6308,50.1685],[-5.628,50.1685],[-5.628,50.1702],[-5.6253,50.1702],[-5.6253,50.172],[-5.6253,50.1737],[-5.6226,50.1737],[-5.6198,50.1737],[-5.6198,50.1755],[-5.6226,50.1755],[-5.6226,50.1772],[-5.6198,50.1772],[-5.6198,50.179],[-5.6171,50.179],[-5.6171,50.1808],[-5.6143,50.1808],[-5.6143,50.1825],[-5.6116,50.1825],[-5.6089,50.1825],[-5.6089,50.1843],[-5.6089,50.186],[-5.6061,50.186],[-5.6034,50.186],[-5.6034,50.1878],[-5.6034,50.1895],[-5.6006,50.1895],[-5.6006,50.1913],[-5.6006,50.193],[-5.5979,50.193],[-5.5979,50.1913],[-5.5979,50.1895],[-5.5952,50.1895],[-5.5924,50.1895],[-5.5897,50.1895],[-5.5897,50.1913],[-5.5869,50.1913],[-5.5842,50.1913],[-5.5842,50.193],[-5.5869,50.193],[-5.5869,50.1948],[-5.5842,50.1948],[-5.5815,50.1948],[-5.5787,50.1948],[-5.5787,50.1965],[-5.5787,50.1983],[-5.576,50.1983],[-5.576,50.2001],[-5.576,50.2018],[-5.5732,50.2018],[-5.5732,50.2001],[-5.5732,50.1983],[-5.5705,50.1983],[-5.5705,50.2001],[-5.5678,50.2001],[-5.565,50.2001],[-5.565,50.2018],[-5.5678,50.2018],[-5.5678,50.2036],[-5.565,50.2036],[-5.5623,50.2036],[-5.5595,50.2036],[-5.5568,50.2036],[-5.5568,50.2053],[-5.5541,50.2053],[-5.5541,50.2071],[-5.5568,50.2071],[-5.5568,50.2088],[-5.5541,50.2088],[-5.5541,50.2106],[-5.5513,50.2106],[-5.5513,50.2123],[-5.5486,50.2123],[-5.5486,50.2141],[-5.5458,50.2141],[-5.5458,50.2123],[-5.5431,50.2123],[-5.5431,50.2141],[-5.5404,50.2141],[-5.5404,50.2158],[-5.5376,50.2158],[-5.5349,50.2158],[-5.5349,50.2141],[-5.5321,50.2141],[-5.5294,50.2141],[-5.5267,50.2141],[-5.5239,50.2141],[-5.5239,50.2158],[-5.5212,50.2158],[-5.5212,50.2176],[-5.5184,50.2176],[-5.5157,50.2176],[-5.5157,50.2158],[-5.513,50.2158],[-5.5102,50.2158],[-5.5102,50.2176],[-5.5102,50.2193],[-5.5075,50.2193],[-5.5075,50.2176],[-5.5048,50.2176],[-5.502,50.2176],[-5.502,50.2193],[-5.4993,50.2193],[-5.4965,50.2193],[-5.4938,50.2193],[-5.4938,50.2176],[-5.4911,50.2176],[-5.4911,50.2158],[-5.4899,50.2158],[-5.4993,50.2053],[-5.502,50.2053],[-5.502,50.2036],[-5.502,50.2018],[-5.502,50.2001],[-5.5048,50.2001],[-5.5075,50.2001],[-5.5075,50.1983],[-5.5075,50.1965],[-5.5102,50.1965],[-5.513,50.1965],[-5.513,50.1948],[-5.5157,50.1948],[-5.5157,50.193],[-5.5157,50.1913],[-5.513,50.1913],[-5.5102,50.1913],[-5.5102,50.1895],[-5.5102,50.1878],[-5.5075,50.1878],[-5.5048,50.1878],[-5.502,50.1878],[-5.502,50.1895],[-5.4993,50.1895],[-5.4965,50.1895],[-5.4938,50.1895],[-5.4911,50.1895],[-5.4911,50.1878],[-5.4911,50.186],[-5.4883,50.186],[-5.4856,50.186],[-5.4856,50.1843],[-5.4828,50.1843],[-5.4801,50.1843],[-5.4801,50.1825],[-5.4774,50.1825],[-5.4746,50.1825],[-5.4746,50.1808],[-5.4746,50.179],[-5.4719,50.179],[-5.4691,50.179],[-5.4664,50.179],[-5.4664,50.1772],[-5.4664,50.1755],[-5.4637,50.1755],[-5.4637,50.1737],[-5.4637,50.172],[-5.4664,50.172],[-5.4691,50.172],[-5.4719,50.172],[-5.4746,50.172],[-5.4746,50.1702],[-5.4774,50.1702],[-5.4801,50.1702],[-5.4801,50.172],[-5.4828,50.172],[-5.4856,50.172],[-5.4856,50.1737],[-5.4883,50.1737],[-5.4883,50.1755],[-5.4911,50.1755],[-5.4938,50.1755],[-5.4938,50.1772],[-5.4965,50.1772],[-5.4993,50.1772],[-5.502,50.1772],[-5.502,50.1755],[-5.5048,50.1755],[-5.5075,50.1755],[-5.5075,50.1737],[-5.5075,50.172],[-5.5075,50.1702],[-5.5075,50.1685],[-5.5075,50.1667],[-5.5102,50.1667],[-5.5102,50.165],[-5.5102,50.1632],[-5.5102,50.1615],[-5.5102,50.1597],[-5.5102,50.1579],[-5.513,50.1579],[-5.513,50.1562],[-5.513,50.1544],[-5.5157,50.1544],[-5.5157,50.1527],[-5.5184,50.1527],[-5.5184,50.1509],[-5.5184,50.1492],[-5.5184,50.1474],[-5.5212,50.1474],[-5.5212,50.1457],[-5.5212,50.1439],[-5.5184,50.1439],[-5.5184,50.1421],[-5.5184,50.1404],[-5.5212,50.1404],[-5.5212,50.1386],[-5.5239,50.1386],[-5.5239,50.1369],[-5.5267,50.1369],[-5.5267,50.1351],[-5.5294,50.1351],[-5.5321,50.1351],[-5.5321,50.1369],[-5.5349,50.1369],[-5.5349,50.1351],[-5.5376,50.1351],[-5.5404,50.1351],[-5.5404,50.1369],[-5.5431,50.1369],[-5.5431,50.1386],[-5.5458,50.1386],[-5.5458,50.1404],[-5.5486,50.1404],[-5.5486,50.1421],[-5.5513,50.1421],[-5.5513,50.1439],[-5.5541,50.1439],[-5.5541,50.1457],[-5.5568,50.1457],[-5.5595,50.1457],[-5.5595,50.1474],[-5.5623,50.1474],[-5.565,50.1474],[-5.565,50.1457],[-5.565,50.1439],[-5.5678,50.1439],[-5.5678,50.1421],[-5.5705,50.1421],[-5.5705,50.1404],[-5.5678,50.1404],[-5.5678,50.1386],[-5.565,50.1386],[-5.565,50.1369],[-5.565,50.1351],[-5.5678,50.1351],[-5.5705,50.1351],[-5.5705,50.1334],[-5.5732,50.1334],[-5.576,50.1334],[-5.576,50.1316],[-5.576,50.1298],[-5.5787,50.1298],[-5.5787,50.1281],[-5.5815,50.1281],[-5.5815,50.1298],[-5.5842,50.1316],[-5.5869,50.1316],[-5.5897,50.1316],[-5.5897,50.1334],[-5.5924,50.1334],[-5.5924,50.1351],[-5.5952,50.1351],[-5.5952,50.1369],[-5.5979,50.1369],[-5.5979,50.1351],[-5.5979,50.1334],[-5.6006,50.1334],[-5.6006,50.1316],[-5.6006,50.1298],[-5.6006,50.1281],[-5.6034,50.1281],[-5.6061,50.1281],[-5.6061,50.1298],[-5.6089,50.1298],[-5.6116,50.1298],[-5.6143,50.1298],[-5.6143,50.1281],[-5.6143,50.1263],[-5.6116,50.1263],[-5.6116,50.1246],[-5.6116,50.1228],[-5.6143,50.1228],[-5.6143,50.1211],[-5.6143,50.1193],[-5.6116,50.1193],[-5.6116,50.1176],[-5.6143,50.1176],[-5.6143,50.1158],[-5.6143,50.114],[-5.6171,50.114],[-5.6171,50.1123],[-5.6143,50.1123],[-5.6143,50.1105],[-5.6116,50.1105],[-5.6116,50.1088],[-5.6089,50.1088],[-5.6089,50.107],[-5.6061,50.107],[-5.6061,50.1053],[-5.6089,50.1053],[-5.6089,50.1035],[-5.6116,50.1035],[-5.6143,50.1035],[-5.6171,50.1035],[-5.6171,50.1017],[-5.6198,50.1017],[-5.6226,50.1017],[-5.6226,50.1],[-5.6253,50.1],[-5.6253,50.0982],[-5.628,50.0982],[-5.6308,50.0982],[-5.6308,50.0965],[-5.6335,50.0965],[-5.6335,50.0947],[-5.6363,50.0947],[-5.639,50.0947],[-5.639,50.093],[-5.6417,50.093],[-5.6417,50.0912],[-5.6445,50.0912],[-5.6472,50.0912],[-5.6472,50.0894],[-5.65,50.0894],[-5.6527,50.0894],[-5.6527,50.0877],[-5.6554,50.0877],[-5.6554,50.0894],[-5.6582,50.0894],[-5.6609,50.0894],[-5.6637,50.0894],[-5.6637,50.0877],[-5.6664,50.0877],[-5.6691,50.0877],[-5.6719,50.0877],[-5.6719,50.0859],[-5.6746,50.0859],[-5.6774,50.0859],[-5.6774,50.0842],[-5.6774,50.0824],[-5.6801,50.0824],[-5.6801,50.0806],[-5.6828,50.0806],[-5.6828,50.0789],[-5.6856,50.0789],[-5.6856,50.0771],[-5.6883,50.0771],[-5.6883,50.0754],[-5.6911,50.0754],[-5.6938,50.0754],[-5.6938,50.0736],[-5.6938,50.0719],[-5.6965,50.0719],[-5.6965,50.0701],[-5.6965,50.0683],[-5.6965,50.0666],[-5.6965,50.0648],[-5.6938,50.0648],[-5.6911,50.0648],[-5.6883,50.0648],[-5.6883,50.0631],[-5.6856,50.0631],[-5.6828,50.0631],[-5.6801,50.0631],[-5.6774,50.0631],[-5.6746,50.0631],[-5.6719,50.0631],[-5.6719,50.0613],[-5.6691,50.0595],[-5.6691,50.0578],[-5.6664,50.0578],[-5.6664,50.056],[-5.6637,50.056],[-5.6609,50.056],[-5.6609,50.0578],[-5.6582,50.0578],[-5.6554,50.0578],[-5.6527,50.0578],[-5.6527,50.0595],[-5.6554,50.0595],[-5.6554,50.0613],[-5.6527,50.0613],[-5.65,50.0613],[-5.65,50.0631],[-5.6472,50.0631],[-5.6472,50.0648],[-5.6445,50.0648],[-5.6417,50.0648],[-5.639,50.0648],[-5.6363,50.0648],[-5.6335,50.0648],[-5.6335,50.0631],[-5.6363,50.0631],[-5.6363,50.0613],[-5.6363,50.0595],[-5.6335,50.0595],[-5.6308,50.0595],[-5.6308,50.0613],[-5.628,50.0613],[-5.628,50.0595],[-5.6253,50.0595],[-5.6253,50.0578],[-5.6226,50.0578],[-5.6198,50.0578],[-5.6171,50.0578],[-5.6171,50.0595],[-5.6143,50.0595],[-5.6116,50.0595],[-5.6116,50.0578],[-5.6089,50.0578],[-5.6089,50.0595],[-5.6061,50.0595],[-5.6061,50.0613],[-5.6034,50.0613],[-5.6034,50.0631],[-5.6006,50.0631],[-5.5979,50.0631],[-5.5952,50.0631],[-5.5924,50.0631],[-5.5924,50.0648],[-5.5897,50.0648],[-5.5897,50.0666],[-5.5869,50.0666],[-5.5842,50.0666],[-5.5842,50.0683],[-5.5842,50.0701],[-5.5815,50.0701],[-5.5815,50.0719],[-5.5787,50.0719],[-5.5787,50.0736],[-5.576,50.0736],[-5.576,50.0754],[-5.5787,50.0754],[-5.5787,50.0771],[-5.576,50.0771],[-5.5732,50.0771],[-5.5732,50.0789],[-5.5705,50.0789],[-5.5678,50.0789],[-5.565,50.0789],[-5.5623,50.0789],[-5.5623,50.0806],[-5.5595,50.0806],[-5.5595,50.0824],[-5.5568,50.0824],[-5.5541,50.0824],[-5.5513,50.0824],[-5.5513,50.0842],[-5.5486,50.0842],[-5.5486,50.0859],[-5.5458,50.0877],[-5.5458,50.0894],[-5.5431,50.0894],[-5.5404,50.0894],[-5.5404,50.0912],[-5.5376,50.0912],[-5.5349,50.0912],[-5.5349,50.0894],[-5.5321,50.0894],[-5.5321,50.0877],[-5.5349,50.0877],[-5.5349,50.0859],[-5.5349,50.0842],[-5.5376,50.0842],[-5.5376,50.0824],[-5.5376,50.0806],[-5.5376,50.0789],[-5.5404,50.0789],[-5.5404,50.0771],[-5.5404,50.0754],[-5.5404,50.0736],[-5.5404,50.0719],[-5.5431,50.0719],[-5.5431,50.0701],[-5.5458,50.0701],[-5.5458,50.0683],[-5.5458,50.0666],[-5.5486,50.0666],[-5.5486,50.0648],[-5.5486,50.0631],[-5.5513,50.0631],[-5.5513,50.0613],[-5.5541,50.0613],[-5.5568,50.0613],[-5.5595,50.0613],[-5.5623,50.0613],[-5.565,50.0613],[-5.565,50.0595],[-5.5623,50.0595],[-5.5623,50.0578],[-5.565,50.0578],[-5.565,50.056],[-5.5678,50.056],[-5.5678,50.0543],[-5.5705,50.0543],[-5.5732,50.0543],[-5.5732,50.0525],[-5.576,50.0525],[-5.5787,50.0525],[-5.5815,50.0525],[-5.5842,50.0525],[-5.5869,50.0525],[-5.5869,50.0507],[-5.5897,50.0507],[-5.5924,50.0507],[-5.5924,50.0525],[-5.5952,50.0525],[-5.5979,50.0525],[-5.6006,50.0525],[-5.6006,50.0507],[-5.6034,50.0507],[-5.6034,50.049],[-5.6061,50.049],[-5.6089,50.049],[-5.6116,50.049],[-5.6143,50.049],[-5.6171,50.049],[-5.6171,50.0507],[-5.6198,50.0507],[-5.6198,50.049],[-5.6226,50.049],[-5.6253,50.049],[-5.6253,50.0472],[-5.628,50.0472],[-5.628,50.0455],[-5.628,50.0437],[-5.6308,50.0437],[-5.6335,50.0437],[-5.6335,50.0419],[-5.6363,50.0419],[-5.6363,50.0402],[-5.639,50.0402],[-5.639,50.0419],[-5.639,50.0437],[-5.6417,50.0437],[-5.6445,50.0437],[-5.6472,50.0437],[-5.65,50.0419],[-5.65,50.0402],[-5.6527,50.0402],[-5.6527,50.0384],[-5.6527,50.0367],[-5.6554,50.0367],[-5.6554,50.0384],[-5.6582,50.0384],[-5.6609,50.0384],[-5.6637,50.0384],[-5.6664,50.0384],[-5.6664,50.0367],[-5.6691,50.0367],[-5.6719,50.0367],[-5.6719,50.0349]]],[[[-5.2061,49.9557],[-5.2088,49.9557],[-5.2088,49.9574],[-5.2088,49.9592],[-5.2116,49.9592],[-5.2143,49.9592],[-5.2171,49.9592],[-5.2171,49.9609],[-5.2171,49.9627],[-5.2171,49.9645],[-5.2171,49.9662],[-5.2171,49.968],[-5.2198,49.968],[-5.2198,49.9698],[-5.2198,49.9715],[-5.2225,49.9715],[-5.2253,49.9715],[-5.228,49.9715],[-5.228,49.9733],[-5.228,49.975],[-5.2308,49.975],[-5.2308,49.9733],[-5.2335,49.9733],[-5.2335,49.975],[-5.2362,49.975],[-5.239,49.975],[-5.2417,49.975],[-5.2445,49.975],[-5.2472,49.975],[-5.2472,49.9768],[-5.2472,49.9786],[-5.2499,49.9786],[-5.2499,49.9803],[-5.2472,49.9803],[-5.2472,49.9821],[-5.2472,49.9838],[-5.2445,49.9838],[-5.2445,49.9856],[-5.2472,49.9856],[-5.2499,49.9856],[-5.2527,49.9856],[-5.2527,49.9874],[-5.2554,49.9874],[-5.2554,49.9891],[-5.2554,49.9909],[-5.2527,49.9909],[-5.2527,49.9927],[-5.2527,49.9944],[-5.2554,49.9944],[-5.2554,49.9962],[-5.2582,49.9962],[-5.2609,49.9962],[-5.2609,49.9979],[-5.2636,49.9979],[-5.2664,49.9979],[-5.2664,49.9997],[-5.2664,50.0015],[-5.2664,50.0032],[-5.2691,50.0032],[-5.2691,50.005],[-5.2691,50.0067],[-5.2664,50.0067],[-5.2636,50.0067],[-5.2636,50.0085],[-5.2636,50.0103],[-5.2609,50.0103],[-5.2609,50.012],[-5.2609,50.0138],[-5.2582,50.0138],[-5.2582,50.0155],[-5.2609,50.0155],[-5.2609,50.0173],[-5.2582,50.0173],[-5.2582,50.0191],[-5.2582,50.0208],[-5.2582,50.0226],[-5.2582,50.0244],[-5.2609,50.0244],[-5.2609,50.0261],[-5.2636,50.0261],[-5.2636,50.0279],[-5.2664,50.0279],[-5.2664,50.0296],[-5.2664,50.0314],[-5.2664,50.0332],[-5.2664,50.0349],[-5.2664,50.0367],[-5.2691,50.0367],[-5.2691,50.0384],[-5.2719,50.0384],[-5.2719,50.0402],[-5.2746,50.0402],[-5.2773,50.0402],[-5.2773,50.0419],[-5.2801,50.0419],[-5.2801,50.0437],[-5.2801,50.0455],[-5.2801,50.0472],[-5.2773,50.0472],[-5.2773,50.049],[-5.2773,50.0507],[-5.2773,50.0525],[-5.2801,50.0525],[-5.2801,50.0543],[-5.2801,50.056],[-5.2801,50.0578],[-5.2828,50.0578],[-5.2828,50.0595],[-5.2856,50.0595],[-5.2856,50.0613],[-5.2883,50.0613],[-5.2883,50.0631],[-5.2883,50.0648],[-5.291,50.0648],[-5.291,50.0666],[-5.2938,50.0666],[-5.2938,50.0683],[-5.2965,50.0683],[-5.2965,50.0701],[-5.2993,50.0701],[-5.2993,50.0719],[-5.302,50.0719],[-5.302,50.0736],[-5.3047,50.0736],[-5.3047,50.0754],[-5.3075,50.0754],[-5.3075,50.0771],[-5.3102,50.0771],[-5.3102,50.0789],[-5.313,50.0789],[-5.313,50.0806],[-5.3157,50.0806],[-5.3184,50.0806],[-5.3212,50.0806],[-5.3212,50.0824],[-5.3184,50.0824],[-5.3184,50.0842],[-5.3184,50.0859],[-5.3157,50.0859],[-5.313,50.0859],[-5.313,50.0877],[-5.3102,50.0877],[-5.3075,50.0877],[-5.3075,50.0859],[-5.3047,50.0859],[-5.302,50.0859],[-5.302,50.0877],[-5.302,50.0894],[-5.2993,50.0894],[-5.2965,50.0894],[-5.2965,50.0912],[-5.2938,50.0912],[-5.2938,50.093],[-5.291,50.093],[-5.291,50.0947],[-5.2883,50.0947],[-5.2883,50.0965],[-5.2856,50.0965],[-5.2828,50.0947],[-5.2828,50.093],[-5.2828,50.0912],[-5.2828,50.0894],[-5.2801,50.0894],[-5.2801,50.0877],[-5.2801,50.0859],[-5.2828,50.0859],[-5.2828,50.0842],[-5.2856,50.0842],[-5.2856,50.0824],[-5.2828,50.0824],[-5.2828,50.0806],[-5.2828,50.0789],[-5.2801,50.0789],[-5.2801,50.0771],[-5.2773,50.0771],[-5.2773,50.0754],[-5.2746,50.0754],[-5.2746,50.0736],[-5.2719,50.0736],[-5.2719,50.0719],[-5.2691,50.0719],[-5.2691,50.0736],[-5.2664,50.0719],[-5.2636,50.0719],[-5.2609,50.0719],[-5.2609,50.0736],[-5.2582,50.0736],[-5.2582,50.0719],[-5.2582,50.0701],[-5.2554,50.0701],[-5.2527,50.0701],[-5.2527,50.0719],[-5.2499,50.0719],[-5.2499,50.0736],[-5.2472,50.0736],[-5.2445,50.0736],[-5.2445,50.0719],[-5.2445,50.0701],[-5.2417,50.0701],[-5.239,50.0701],[-5.2362,50.0701],[-5.2335,50.0701],[-5.2308,50.0701],[-5.228,50.0701],[-5.228,50.0683],[-5.2253,50.0683],[-5.2253,50.0701],[-5.2253,50.0719],[-5.2225,50.0719],[-5.2225,50.0736],[-5.2225,50.0754],[-5.2198,50.0754],[-5.2171,50.0754],[-5.2143,50.0771],[-5.2143,50.0789],[-5.2143,50.0806],[-5.2116,50.0806],[-5.2116,50.0824],[-5.2088,50.0824],[-5.2088,50.0842],[-5.2116,50.0842],[-5.2116,50.0859],[-5.2116,50.0877],[-5.2088,50.0877],[-5.2088,50.0894],[-5.2088,50.0912],[-5.2061,50.0912],[-5.2061,50.093],[-5.2088,50.093],[-5.2116,50.093],[-5.2116,50.0947],[-5.2088,50.0947],[-5.2088,50.0965],[-5.2088,50.0982],[-5.2061,50.0982],[-5.2061,50.1],[-5.2034,50.1],[-5.2034,50.1017],[-5.2006,50.1017],[-5.2006,50.1035],[-5.1979,50.1035],[-5.1979,50.1053],[-5.1979,50.107],[-5.1951,50.107],[-5.1951,50.1088],[-5.1924,50.1088],[-5.1897,50.1088],[-5.1869,50.1088],[-5.1869,50.107],[-5.1842,50.107],[-5.1814,50.107],[-5.1814,50.1088],[-5.1814,50.1105],[-5.1787,50.1105],[-5.176,50.1105],[-5.1732,50.1105],[-5.1732,50.1123],[-5.1705,50.1123],[-5.1677,50.1123],[-5.165,50.1123],[-5.1623,50.1123],[-5.1623,50.114],[-5.1595,50.114],[-5.1568,50.114],[-5.1568,50.1158],[-5.1568,50.1176],[-5.154,50.1176],[-5.154,50.1193],[-5.1513,50.1193],[-5.1513,50.1211],[-5.1486,50.1211],[-5.1458,50.1211],[-5.1431,50.1211],[-5.1403,50.1211],[-5.1403,50.1228],[-5.1376,50.1228],[-5.1349,50.1228],[-5.1321,50.1228],[-5.1321,50.1246],[-5.1294,50.1246],[-5.1294,50.1263],[-5.1266,50.1263],[-5.1266,50.1281],[-5.1266,50.1298],[-5.1266,50.1316],[-5.1239,50.1316],[-5.1212,50.1316],[-5.1184,50.1316],[-5.1157,50.1316],[-5.1157,50.1334],[-5.113,50.1334],[-5.113,50.1351],[-5.1102,50.1351],[-5.1102,50.1369],[-5.1075,50.1369],[-5.1047,50.1369],[-5.1047,50.1386],[-5.102,50.1386],[-5.0993,50.1386],[-5.0965,50.1386],[-5.0965,50.1404],[-5.0938,50.1404],[-5.091,50.1404],[-5.091,50.1386],[-5.0883,50.1386],[-5.0856,50.1386],[-5.0828,50.1386],[-5.0801,50.1386],[-5.0773,50.1386],[-5.0773,50.1369],[-5.0746,50.1369],[-5.0746,50.1351],[-5.0719,50.1351],[-5.0719,50.1334],[-5.0746,50.1334],[-5.0773,50.1334],[-5.0773,50.1316],[-5.0801,50.1316],[-5.0801,50.1298],[-5.0828,50.1298],[-5.0828,50.1281],[-5.0856,50.1281],[-5.0883,50.1281],[-5.0883,50.1263],[-5.091,50.1263],[-5.091,50.1246],[-5.0883,50.1246],[-5.0883,50.1228],[-5.091,50.1228],[-5.091,50.1211],[-5.0883,50.1211],[-5.0883,50.1193],[-5.091,50.1193],[-5.091,50.1176],[-5.091,50.1158],[-5.091,50.114],[-5.0883,50.114],[-5.0883,50.1123],[-5.0856,50.1123],[-5.0828,50.1123],[-5.0828,50.1105],[-5.0801,50.1105],[-5.0801,50.1088],[-5.0828,50.1088],[-5.0856,50.1088],[-5.0856,50.107],[-5.0883,50.107],[-5.0883,50.1053],[-5.0883,50.1035],[-5.091,50.1035],[-5.091,50.1017],[-5.0938,50.1017],[-5.0965,50.1017],[-5.0965,50.1],[-5.0993,50.1],[-5.0938,50.0912],[-5.0938,50.0894],[-5.091,50.0894],[-5.091,50.0877],[-5.0938,50.0877],[-5.0883,50.0859],[-5.0856,50.0859],[-5.0856,50.0842],[-5.0828,50.0842],[-5.0801,50.0842],[-5.0801,50.0859],[-5.0773,50.0859],[-5.0746,50.0859],[-5.0746,50.0842],[-5.0746,50.0824],[-5.0746,50.0806],[-5.0773,50.0806],[-5.0773,50.0789],[-5.0773,50.0771],[-5.0801,50.0771],[-5.0801,50.0754],[-5.0773,50.0754],[-5.0773,50.0736],[-5.0773,50.0719],[-5.0773,50.0701],[-5.0801,50.0701],[-5.0801,50.0683],[-5.0773,50.0683],[-5.0746,50.0683],[-5.0719,50.0683],[-5.0691,50.0683],[-5.0664,50.0683],[-5.0664,50.0666],[-5.0664,50.0648],[-5.0664,50.0631],[-5.0636,50.0631],[-5.0636,50.0613],[-5.0609,50.0613],[-5.0609,50.0595],[-5.0609,50.0578],[-5.0636,50.0578],[-5.0636,50.056],[-5.0636,50.0543],[-5.0609,50.056],[-5.0609,50.0543],[-5.0582,50.0543],[-5.0582,50.0525],[-5.0582,50.0507],[-5.0609,50.0507],[-5.0636,50.0507],[-5.0636,50.049],[-5.0664,50.049],[-5.0664,50.0472],[-5.0664,50.0455],[-5.0664,50.0437],[-5.0664,50.0419],[-5.0691,50.0419],[-5.0691,50.0402],[-5.0691,50.0384],[-5.0691,50.0367],[-5.0664,50.0367],[-5.0664,50.0349],[-5.0664,50.0332],[-5.0691,50.0332],[-5.0719,50.0332],[-5.0746,50.0332],[-5.0773,50.0332],[-5.0773,50.0314],[-5.0801,50.0314],[-5.0828,50.0314],[-5.0856,50.0314],[-5.0883,50.0314],[-5.091,50.0314],[-5.091,50.0296],[-5.0938,50.0279],[-5.0965,50.0261],[-5.0965,50.0244],[-5.0965,50.0226],[-5.0938,50.0226],[-5.0938,50.0208],[-5.0965,50.0191],[-5.0938,50.0191],[-5.0938,50.0173],[-5.091,50.0173],[-5.091,50.0155],[-5.0938,50.0155],[-5.0965,50.0155],[-5.0965,50.0138],[-5.0965,50.012],[-5.0965,50.0103],[-5.0965,50.0085],[-5.0993,50.0085],[-5.0993,50.0067],[-5.0993,50.005],[-5.102,50.005],[-5.1047,50.005],[-5.1075,50.005],[-5.1075,50.0032],[-5.1102,50.0032],[-5.113,50.0032],[-5.113,50.005],[-5.1157,50.005],[-5.1157,50.0067],[-5.1184,50.0067],[-5.1212,50.0067],[-5.1212,50.0085],[-5.1239,50.0085],[-5.1239,50.0067],[-5.1266,50.0067],[-5.1266,50.0085],[-5.1294,50.0085],[-5.1321,50.0085],[-5.1321,50.0067],[-5.1321,50.005],[-5.1349,50.005],[-5.1349,50.0067],[-5.1376,50.0067],[-5.1403,50.0067],[-5.1431,50.0067],[-5.1458,50.0067],[-5.1486,50.0067],[-5.1513,50.0067],[-5.154,50.0067],[-5.1568,50.0067],[-5.1568,50.005],[-5.1595,50.005],[-5.1623,50.005],[-5.165,50.005],[-5.165,50.0032],[-5.165,50.0015],[-5.1677,50.0015],[-5.1677,49.9997],[-5.1705,49.9997],[-5.1705,49.9979],[-5.1705,49.9962],[-5.1705,49.9944],[-5.1705,49.9927],[-5.1705,49.9909],[-5.1732,49.9909],[-5.1732,49.9891],[-5.1732,49.9874],[-5.176,49.9874],[-5.1787,49.9874],[-5.1787,49.9856],[-5.1787,49.9838],[-5.1787,49.9821],[-5.1814,49.9821],[-5.1814,49.9803],[-5.1842,49.9803],[-5.1842,49.9786],[-5.1842,49.9768],[-5.1842,49.975],[-5.1869,49.975],[-5.1869,49.9733],[-5.1869,49.9715],[-5.1869,49.9698],[-5.1842,49.9698],[-5.1842,49.968],[-5.1842,49.9662],[-5.1842,49.9645],[-5.1869,49.9645],[-5.1869,49.9627],[-5.1897,49.9627],[-5.1897,49.9609],[-5.1924,49.9609],[-5.1924,49.9627],[-5.1951,49.9627],[-5.1979,49.9627],[-5.1979,49.9609],[-5.1979,49.9592],[-5.2006,49.9592],[-5.2034,49.9592],[-5.2061,49.9592],[-5.2061,49.9574],[-5.2061,49.9557]]]]},"properties":{"NAME":"Cornwall","CODE":"6","DESIG_DATE":"Nov-59"}}]}