{"type":"FeatureCollection","crs":{"type":"name","properties":{"name":"EPSG:4326"}},"features":[{"type":"Feature","geometry":{"type":"Polygon","coordinates":[[[-0.7755,51.332],[-0.7442,51.3093],[-0.7311,51.2803],[-0.7293,51.2561],[-0.7455,51.2305],[-0.776,51.242],[-0.8017,51.239],[-0.8075,51.2753],[-0.7903,51.2822],[-0.8028,51.2925],[-0.7971,51.3024],[-0.8355,51.3003],[-0.839,51.3223],[-0.8243,51.3291],[-0.831,51.3475],[-0.8429,51.3523],[-0.7755,51.332]]]},"properties":{"PCON24CD":"E14001063","PCON24NM":"Aldershot"}},{"type":"Feature","geometry":{"type":"Polygon","coordinates":[[[-1.9051,52.6432],[-1.916,52.6353],[-1.886,52.6154],[-1.8923,52.5992],[-1.8726,52.5849],[-1.8916,52.5625],[-1.9182,52.5473],[-1.9597,52.572],[-1.9499,52.5723],[-1.9423,52.5914],[-1.953,52.5998],[-1.9729,52.5983],[-1.967,52.6121],[-1.9909,52.6367],[-1.961,52.6428],[-1.9546,52.6627],[-1.9454,52.6563],[-1.9337,52.6616],[-1.9128,52.6582],[-1.9181,52.65],[-1.9051,52.6432]]]},"properties":{"PCON24CD":"E14001064","PCON24NM":"Aldridge-Brownhills"}},{"type":"Feature","geometry":{"type":"Polygon","coordinates":[[[-2.316,53.4347],[-2.3455,53.4079],[-2.3199,53.4116],[-2.2857,53.3762],[-2.2986,53.3608],[-2.314,53.3574],[-2.34,53.3674],[-2.3695,53.3636],[-2.4187,53.3863],[-2.4784,53.3962],[-2.4537,53.4132],[-2.3686,53.4145],[-2.3435,53.4383],[-2.316,53.4347]]]},"properties":{"PCON24CD":"E14001065","PCON24NM":"Altrincham and Sale West"}},{"type":"Feature","geometry":{"type":"Polygon","coordinates":[[[-1.3316,53.081],[-1.3444,53.0655],[-1.3359,53.053],[-1.3319,53.0311],[-1.3074,53.0036],[-1.3328,52.9782],[-1.3711,52.9731],[-1.3854,52.9823],[-1.4092,52.977],[-1.4634,52.9828],[-1.4701,53.0078],[-1.4431,53.0366],[-1.4817,53.0475],[-1.4884,53.0636],[-1.4581,53.0835],[-1.4715,53.0992],[-1.4654,53.1108],[-1.4482,53.1037],[-1.377,53.1087],[-1.3607,53.0904],[-1.3316,53.081]]]},"properties":{"PCON24CD":"E14001066","PCON24NM":"Amber Valley"}},{"type":"Feature","geometry":{"type":"Polygon","coordinates":[[[-0.2387,50.95],[-0.2248,50.9484],[-0.232,50.9358],[-0.2237,50.9118],[-0.2442,50.9074],[-0.2487,50.8731],[-0.2392,50.8679],[-0.245,50.8638],[-0.2553,50.8716],[-0.2566,50.8623],[-0.3409,50.8626],[-0.3646,50.8745],[-0.3639,50.8885],[-0.3801,50.8856],[-0.3927,50.8933],[-0.4123,50.8796],[-0.4117,50.8865],[-0.4311,50.8928],[-0.4401,50.8776],[-0.4554,50.8969],[-0.4896,50.8736],[-0.4977,50.8474],[-0.51,50.8395],[-0.5009,50.8355],[-0.5156,50.826],[-0.6152,50.8351],[-0.644,50.8141],[-0.6295,50.8029],[-0.6553,50.8044],[-0.6866,50.8211],[-0.6942,50.8448],[-0.6861,50.8547],[-0.7375,50.8543],[-0.7214,50.8866],[-0.7614,50.8924],[-0.7608,50.9119],[-0.7844,50.9396],[-0.8045,50.9376],[-0.8201,50.9525],[-0.8406,50.9291],[-0.8524,50.9532],[-0.8906,50.9375],[-0.9312,50.9353],[-0.9421,50.9429],[-0.9318,50.9456],[-0.9079,50.9942],[-0.8933,51.0027],[-0.8971,51.0219],[-0.8528,51.0448],[-0.8501,51.0593],[-0.8372,51.0692],[-0.8264,51.0613],[-0.7978,51.0635],[-0.7808,51.0794],[-0.7538,51.0864],[-0.6968,51.0715],[-0.6294,51.089],[-0.6015,51.0797],[-0.5776,51.0867],[-0.5392,51.082],[-0.535,51.0936],[-0.5054,51.0883],[-0.4921,51.0944],[-0.4784,51.0665],[-0.4841,51.0568],[-0.4756,51.0564],[-0.4839,51.041],[-0.4732,51.0339],[-0.4759,51.021],[-0.4862,51.0101],[-0.5105,51.008],[-0.5171,50.9972],[-0.4607,50.9965],[-0.4426,50.9876],[-0.4187,51.0062],[-0.4192,50.9903],[-0.4074,50.9882],[-0.4129,50.9735],[-0.4047,50.9744],[-0.4046,50.9644],[-0.3912,50.9641],[-0.3951,50.9521],[-0.3829,50.9408],[-0.3642,50.9513],[-0.3506,50.9421],[-0.3128,50.9479],[-0.3013,50.9372],[-0.2662,50.9566],[-0.2387,50.95]]]},"properties":{"PCON24CD":"E14001067","PCON24NM":"Arundel and South Downs"}},{"type":"Feature","geometry":{"type":"Polygon","coordinates":[[[-1.1676,53.1159],[-1.1779,53.1148],[-1.1643,53.1033],[-1.2262,53.0813],[-1.2286,53.052],[-1.2576,53.0409],[-1.2848,53.0482],[-1.3035,53.0419],[-1.3359,53.053],[-1.3444,53.0655],[-1.3316,53.081],[-1.3029,53.0882],[-1.3093,53.0968],[-1.3006,53.102],[-1.3218,53.1307],[-1.3235,53.1623],[-1.2907,53.1714],[-1.2547,53.1648],[-1.2418,53.1781],[-1.2299,53.1785],[-1.214,53.1661],[-1.229,53.1633],[-1.2283,53.1524],[-1.2409,53.153],[-1.2399,53.1396],[-1.1676,53.1159]]]},"properties":{"PCON24CD":"E14001068","PCON24NM":"Ashfield"}},{"type":"Feature","geometry":{"type":"Polygon","coordinates":[[[1.1476,51.1772],[1.1437,51.1658],[1.1578,51.1595],[1.1707,51.1631],[1.2101,51.1537],[1.1715,51.1246],[1.1974,51.1181],[1.2027,51.0996],[1.1375,51.1024],[1.118,51.0842],[1.0946,51.0871],[1.0821,51.1045],[1.0471,51.0909],[1.0409,51.0966],[1.0364,51.0856],[1.0002,51.0945],[0.9957,51.0814],[0.9735,51.1072],[0.9532,51.1015],[0.9366,51.1069],[0.9222,51.0944],[0.8951,51.0932],[0.8975,51.1131],[0.88,51.1212],[0.8772,51.1097],[0.8258,51.1355],[0.8481,51.1484],[0.8367,51.153],[0.8365,51.1638],[0.866,51.1752],[0.9103,51.173],[0.9188,51.1949],[0.9338,51.1937],[0.9492,51.2051],[0.9677,51.1919],[0.9897,51.1908],[1.004,51.1801],[1.0398,51.1822],[1.0548,51.1886],[1.0583,51.205],[1.0912,51.189],[1.109,51.187],[1.1181,51.1963],[1.116,51.1878],[1.1476,51.1772]]]},"properties":{"PCON24CD":"E14001069","PCON24NM":"Ashford"}},{"type":"Feature","geometry":{"type":"Polygon","coordinates":[[[-2.0984,53.4636],[-2.1495,53.4605],[-2.1499,53.4709],[-2.169,53.4885],[-2.1575,53.4944],[-2.1361,53.4919],[-2.0921,53.5206],[-2.0619,53.5223],[-2.0547,53.5112],[-2.0785,53.4773],[-2.073,53.4718],[-2.0984,53.4636]]]},"properties":{"PCON24CD":"E14001070","PCON24NM":"Ashton-under-Lyne"}},{"type":"Feature","geometry":{"type":"Polygon","coordinates":[[[-0.7022,51.9091],[-0.6945,51.9007],[-0.6733,51.9018],[-0.652,51.8869],[-0.6201,51.8855],[-0.5836,51.8703],[-0.5376,51.8315],[-0.5437,51.8246],[-0.5607,51.8301],[-0.5818,51.8069],[-0.6329,51.8199],[-0.6672,51.8158],[-0.6954,51.8411],[-0.6923,51.857],[-0.7203,51.8562],[-0.7451,51.8381],[-0.7237,51.8178],[-0.7093,51.8205],[-0.6854,51.8002],[-0.6902,51.7923],[-0.6734,51.7685],[-0.6928,51.7587],[-0.7418,51.7983],[-0.7503,51.7927],[-0.7426,51.7823],[-0.7558,51.775],[-0.7844,51.7966],[-0.8186,51.7924],[-0.8607,51.8258],[-0.8273,51.8317],[-0.831,51.8522],[-0.839,51.8556],[-0.849,51.8483],[-0.859,51.8592],[-0.8542,51.8711],[-0.8634,51.8769],[-0.8384,51.8973],[-0.8027,51.8977],[-0.8014,51.8906],[-0.7924,51.9025],[-0.7646,51.9035],[-0.7327,51.9232],[-0.7022,51.9091]]]},"properties":{"PCON24CD":"E14001071","PCON24NM":"Aylesbury"}},{"type":"Feature","geometry":{"type":"Polygon","coordinates":[[[-1.2518,52.102],[-1.248,52.0957],[-1.2723,52.0979],[-1.3212,52.087],[-1.3182,52.0799],[-1.2975,52.0781],[-1.3129,52.0515],[-1.2782,52.0143],[-1.2888,51.9897],[-1.2827,51.9792],[-1.2416,51.9863],[-1.2006,51.9779],[-1.219,51.9708],[-1.2351,51.9394],[-1.2936,51.9432],[-1.2977,51.9353],[-1.2852,51.9244],[-1.3247,51.9225],[-1.3332,51.8964],[-1.3514,51.8993],[-1.3826,51.9206],[-1.4276,51.9056],[-1.4086,51.8739],[-1.4206,51.8766],[-1.428,51.8627],[-1.4361,51.8647],[-1.4368,51.8445],[-1.4756,51.838],[-1.5209,51.838],[-1.5349,51.8446],[-1.5415,51.8667],[-1.5703,51.8855],[-1.5598,51.8996],[-1.5763,51.9021],[-1.6141,51.8841],[-1.6333,51.8996],[-1.6455,51.9223],[-1.6152,51.9377],[-1.6325,51.9557],[-1.6625,51.964],[-1.6658,51.9875],[-1.6123,51.9554],[-1.5916,51.9704],[-1.6003,51.9769],[-1.5806,51.973],[-1.5495,51.9808],[-1.5572,51.9917],[-1.5243,51.994],[-1.4993,52.0636],[-1.4773,52.1014],[-1.4472,52.0976],[-1.4489,52.116],[-1.4196,52.1176],[-1.3854,52.0941],[-1.3578,52.1013],[-1.3708,52.1175],[-1.3933,52.119],[-1.3661,52.1361],[-1.3487,52.1351],[-1.3319,52.1685],[-1.2518,52.102]]]},"properties":{"PCON24CD":"E14001072","PCON24NM":"Banbury"}},{"type":"Feature","geometry":{"type":"Polygon","coordinates":[[[0.142,51.5161],[0.1269,51.5196],[0.0981,51.515],[0.0927,51.5257],[0.0805,51.5276],[0.0684,51.5444],[0.0948,51.5463],[0.125,51.5643],[0.1272,51.5556],[0.1453,51.5558],[0.1369,51.5525],[0.1564,51.551],[0.1616,51.5438],[0.1403,51.5411],[0.1483,51.5323],[0.142,51.5161]]]},"properties":{"PCON24CD":"E14001073","PCON24NM":"Barking"}},{"type":"Feature","geometry":{"type":"Polygon","coordinates":[[[-1.3487,53.5833],[-1.3321,53.5629],[-1.3308,53.5404],[-1.351,53.5449],[-1.3687,53.5633],[-1.3761,53.554],[-1.4069,53.5596],[-1.45,53.5536],[-1.4642,53.5395],[-1.4896,53.5568],[-1.4975,53.5535],[-1.5187,53.5633],[-1.5411,53.5631],[-1.5407,53.574],[-1.5587,53.5751],[-1.5742,53.5869],[-1.5755,53.5983],[-1.5576,53.6059],[-1.531,53.5931],[-1.4916,53.6028],[-1.4837,53.5949],[-1.4476,53.6127],[-1.4004,53.5987],[-1.3767,53.6065],[-1.3487,53.5833]]]},"properties":{"PCON24CD":"E14001074","PCON24NM":"Barnsley North"}},{"type":"Feature","geometry":{"type":"Polygon","coordinates":[[[-1.3321,53.5629],[-1.2975,53.5514],[-1.2938,53.5358],[-1.2757,53.5298],[-1.2862,53.5268],[-1.2813,53.5165],[-1.3801,53.5142],[-1.428,53.4859],[-1.4411,53.4911],[-1.4522,53.4849],[-1.4552,53.4718],[-1.4904,53.5099],[-1.4823,53.5267],[-1.5075,53.5388],[-1.4975,53.5535],[-1.4896,53.5568],[-1.4642,53.5395],[-1.45,53.5536],[-1.4069,53.5596],[-1.3761,53.554],[-1.3687,53.5633],[-1.351,53.5449],[-1.3308,53.5404],[-1.3321,53.5629]]]},"properties":{"PCON24CD":"E14001075","PCON24NM":"Barnsley South"}},{"type":"Feature","geometry":{"type":"MultiPolygon","coordinates":[[[[-3.2429,54.0989],[-3.2525,54.0958],[-3.2432,54.0975],[-3.2472,54.0922],[-3.221,54.0805],[-3.2268,54.0716],[-3.2103,54.0652],[-3.2049,54.0516],[-3.1786,54.0553],[-3.1741,54.0483],[-3.173,54.0553],[-3.1732,54.0471],[-3.2099,54.0477],[-3.2686,54.1074],[-3.2764,54.1429],[-3.2523,54.1504],[-3.2669,54.1419],[-3.2429,54.0989]]],[[[-3.1244,54.377],[-3.1488,54.3517],[-3.1225,54.3041],[-3.1427,54.2778],[-3.1306,54.2611],[-3.1354,54.2486],[-3.1112,54.2514],[-3.1039,54.262],[-3.1169,54.268],[-3.0858,54.2769],[-3.0516,54.2248],[-3.0382,54.227],[-3.0224,54.2144],[-3.034,54.2028],[-3.0328,54.2127],[-3.0635,54.1862],[-3.0609,54.162],[-3.1057,54.119],[-3.1725,54.0818],[-3.1507,54.0648],[-3.1714,54.0796],[-3.178,54.0749],[-3.1737,54.0833],[-3.1917,54.1031],[-3.2148,54.0981],[-3.2202,54.0897],[-3.2421,54.1093],[-3.237,54.1547],[-3.2494,54.1547],[-3.2576,54.1665],[-3.2172,54.1775],[-3.2231,54.1878],[-3.2148,54.1856],[-3.2131,54.2072],[-3.202,54.2111],[-3.1797,54.2388],[-3.1977,54.2289],[-3.2103,54.254],[-3.2291,54.26],[-3.2278,54.2777],[-3.2337,54.2602],[-3.2229,54.2515],[-3.2437,54.2464],[-3.2282,54.2494],[-3.2257,54.2398],[-3.2659,54.2134],[-3.2541,54.2103],[-3.2515,54.2158],[-3.2393,54.2033],[-3.2542,54.1915],[-3.2877,54.1971],[-3.298,54.1887],[-3.3217,54.1903],[-3.3937,54.254],[-3.4212,54.2847],[-3.4236,54.3384],[-3.4101,54.3504],[-3.4152,54.3494],[-3.4102,54.3623],[-3.3162,54.3991],[-3.324,54.4053],[-3.3039,54.4248],[-3.2712,54.4398],[-3.2246,54.4478],[-3.1968,54.4656],[-3.1671,54.4541],[-3.157,54.4302],[-3.1143,54.4206],[-3.1244,54.377]]]]},"properties":{"PCON24CD":"E14001076","PCON24NM":"Barrow and Furness"}},{"type":"Feature","geometry":{"type":"Polygon","coordinates":[[[0.4945,51.6236],[0.5053,51.6013],[0.4885,51.5924],[0.4993,51.5927],[0.4927,51.5732],[0.5004,51.5639],[0.4824,51.5583],[0.4718,51.5619],[0.4751,51.5688],[0.3826,51.5658],[0.3751,51.6152],[0.4022,51.651],[0.4429,51.6467],[0.4468,51.6267],[0.4945,51.6236]]]},"properties":{"PCON24CD":"E14001077","PCON24NM":"Basildon and Billericay"}},{"type":"Feature","geometry":{"type":"Polygon","coordinates":[[[-1.1096,51.2376],[-1.146,51.222],[-1.1579,51.2284],[-1.1911,51.2033],[-1.2486,51.1911],[-1.2143,51.2633],[-1.2206,51.2686],[-1.19,51.2866],[-1.1783,51.282],[-1.1774,51.2974],[-1.1514,51.2895],[-1.149,51.2766],[-1.1129,51.2756],[-1.0847,51.286],[-1.0886,51.2903],[-1.0698,51.2876],[-1.0708,51.2977],[-1.0545,51.305],[-1.0416,51.3023],[-1.0621,51.2807],[-1.0654,51.2579],[-1.1096,51.2376]]]},"properties":{"PCON24CD":"E14001078","PCON24NM":"Basingstoke"}},{"type":"Feature","geometry":{"type":"Polygon","coordinates":[[[-0.7975,53.4551],[-0.8206,53.4402],[-0.8176,53.4262],[-0.7886,53.4153],[-0.7771,53.3969],[-0.7868,53.3843],[-0.8494,53.3841],[-0.9061,53.3994],[-0.9208,53.412],[-0.9449,53.4071],[-0.9267,53.3746],[-0.9329,53.3588],[-0.9237,53.3565],[-0.9569,53.3523],[-0.9621,53.3429],[-0.9263,53.3422],[-0.9221,53.325],[-0.8714,53.3281],[-0.8719,53.3217],[-0.9026,53.3177],[-0.9046,53.3008],[-0.9342,53.3038],[-0.9706,53.2974],[-0.9718,53.2831],[-0.9479,53.2748],[-0.9549,53.2685],[-0.986,53.2643],[-0.9981,53.2709],[-1.1033,53.2356],[-1.1238,53.2246],[-1.2094,53.2177],[-1.202,53.2355],[-1.213,53.2477],[-1.2025,53.2612],[-1.1747,53.2652],[-1.1815,53.27],[-1.1665,53.2777],[-1.1801,53.2871],[-1.1766,53.3051],[-1.1997,53.3114],[-1.1387,53.3414],[-1.141,53.3467],[-1.1568,53.345],[-1.1626,53.3568],[-1.1385,53.3559],[-1.146,53.369],[-1.1305,53.3756],[-1.1346,53.39],[-1.1156,53.3972],[-1.116,53.4073],[-1.087,53.4255],[-1.0571,53.4254],[-1.0309,53.431],[-1.0232,53.4245],[-0.9957,53.4369],[-0.986,53.4717],[-0.9533,53.4844],[-0.9356,53.5025],[-0.9005,53.4752],[-0.9202,53.4655],[-0.9162,53.4603],[-0.8719,53.4663],[-0.7975,53.4551]]]},"properties":{"PCON24CD":"E14001079","PCON24NM":"Bassetlaw"}},{"type":"Feature","geometry":{"type":"Polygon","coordinates":[[[-2.2946,51.4288],[-2.2785,51.4159],[-2.2908,51.4057],[-2.2819,51.3972],[-2.2967,51.3949],[-2.2903,51.3726],[-2.2998,51.3621],[-2.3075,51.365],[-2.2997,51.3786],[-2.3157,51.3859],[-2.3189,51.3629],[-2.3764,51.3505],[-2.4142,51.3763],[-2.4089,51.3918],[-2.4286,51.3897],[-2.451,51.4028],[-2.4383,51.4133],[-2.4443,51.4224],[-2.4031,51.4316],[-2.3433,51.4395],[-2.325,51.437],[-2.3126,51.4224],[-2.2946,51.4288]]]},"properties":{"PCON24CD":"E14001080","PCON24NM":"Bath"}},{"type":"Feature","geometry":{"type":"Polygon","coordinates":[[[-0.1339,51.4756],[-0.1512,51.4659],[-0.1436,51.4418],[-0.1818,51.4581],[-0.1878,51.465],[-0.1742,51.4805],[-0.1295,51.4859],[-0.1339,51.4756]]]},"properties":{"PCON24CD":"E14001081","PCON24NM":"Battersea"}},{"type":"Feature","geometry":{"type":"Polygon","coordinates":[[[-0.5225,51.6051],[-0.5006,51.5997],[-0.4766,51.5592],[-0.4955,51.5385],[-0.4855,51.51],[-0.49,51.4947],[-0.5287,51.4971],[-0.5283,51.51],[-0.5687,51.5113],[-0.5751,51.5293],[-0.5673,51.533],[-0.5899,51.5227],[-0.6305,51.5389],[-0.6599,51.5284],[-0.6593,51.5049],[-0.6422,51.5006],[-0.6339,51.4924],[-0.6623,51.4879],[-0.7034,51.5115],[-0.6912,51.5568],[-0.6965,51.5652],[-0.7118,51.5648],[-0.7164,51.577],[-0.7571,51.5648],[-0.774,51.567],[-0.791,51.5528],[-0.804,51.5655],[-0.7846,51.5833],[-0.7651,51.5836],[-0.7685,51.6123],[-0.6916,51.6032],[-0.6427,51.6191],[-0.6402,51.6347],[-0.6127,51.6324],[-0.6164,51.6138],[-0.6087,51.5982],[-0.5962,51.5953],[-0.6066,51.5879],[-0.5491,51.5673],[-0.5376,51.5686],[-0.5245,51.5864],[-0.5318,51.5963],[-0.5225,51.6051]]]},"properties":{"PCON24CD":"E14001082","PCON24NM":"Beaconsfield"}},{"type":"Feature","geometry":{"type":"Polygon","coordinates":[[[-0.0399,51.4243],[-0.0077,51.4145],[0.0155,51.3986],[0.0021,51.3743],[-0.0198,51.3636],[-0.0268,51.3794],[-0.0369,51.377],[-0.0365,51.3884],[-0.0728,51.4085],[-0.0786,51.4199],[-0.0739,51.4262],[-0.0399,51.4243]]]},"properties":{"PCON24CD":"E14001083","PCON24NM":"Beckenham and Penge"}},{"type":"Feature","geometry":{"type":"Polygon","coordinates":[[[-0.443,52.1157],[-0.4719,52.1198],[-0.5043,52.1028],[-0.5218,52.1159],[-0.5015,52.1202],[-0.4928,52.1486],[-0.4586,52.1673],[-0.4111,52.1568],[-0.403,52.1456],[-0.4142,52.1401],[-0.4091,52.1292],[-0.443,52.1157]]]},"properties":{"PCON24CD":"E14001084","PCON24NM":"Bedford"}},{"type":"Feature","geometry":{"type":"Polygon","coordinates":[[[-0.0802,51.5069],[-0.063,51.5007],[-0.0359,51.507],[-0.0323,51.493],[-0.054,51.4879],[-0.1018,51.4923],[-0.1115,51.4965],[-0.1092,51.5099],[-0.0802,51.5069]]]},"properties":{"PCON24CD":"E14001085","PCON24NM":"Bermondsey and Old Southwark"}},{"type":"Feature","geometry":{"type":"Polygon","coordinates":[[[-0.037,51.5242],[-0.0404,51.511],[-0.0745,51.51],[-0.0785,51.5215],[-0.0742,51.5301],[-0.0529,51.5349],[-0.037,51.5242]]]},"properties":{"PCON24CD":"E14001086","PCON24NM":"Bethnal Green and Stepney"}},{"type":"Feature","geometry":{"type":"Polygon","coordinates":[[[-0.1006,53.8468],[-0.0371,53.7889],[0.1165,53.6631],[0.1462,53.6041],[0.142,53.5957],[0.1091,53.5724],[0.1425,53.5973],[0.1447,53.6046],[0.1424,53.6094],[0.0814,53.6404],[0.0325,53.6493],[-0.0534,53.6292],[-0.1034,53.6353],[-0.214,53.7089],[-0.2271,53.7085],[-0.2302,53.7336],[-0.2431,53.7295],[-0.2473,53.7412],[-0.2451,53.7366],[-0.2513,53.7336],[-0.2415,53.7548],[-0.2543,53.7635],[-0.2523,53.7813],[-0.2783,53.7821],[-0.3161,53.8133],[-0.3857,53.8016],[-0.4265,53.8035],[-0.4323,53.8202],[-0.4452,53.821],[-0.5381,53.8007],[-0.5479,53.8149],[-0.5882,53.8015],[-0.6326,53.8022],[-0.6279,53.8093],[-0.6506,53.8158],[-0.6408,53.8357],[-0.5809,53.8459],[-0.58,53.8577],[-0.6028,53.9006],[-0.6441,53.9225],[-0.6261,53.9277],[-0.6239,53.9364],[-0.5287,53.9416],[-0.4528,53.9343],[-0.3938,53.9189],[-0.3866,53.9101],[-0.3337,53.9091],[-0.3126,53.8987],[-0.2968,53.9044],[-0.2837,53.8959],[-0.2721,53.9032],[-0.2589,53.8981],[-0.2534,53.8803],[-0.2324,53.879],[-0.2258,53.8911],[-0.1834,53.8902],[-0.1769,53.8763],[-0.1523,53.8676],[-0.15,53.8533],[-0.1252,53.8443],[-0.1006,53.8468]]]},"properties":{"PCON24CD":"E14001087","PCON24NM":"Beverley and Holderness"}},{"type":"Feature","geometry":{"type":"Polygon","coordinates":[[[0.6054,51.0121],[0.6614,51.0178],[0.6809,51.0015],[0.6608,50.9835],[0.6506,50.9487],[0.6758,50.9469],[0.7109,50.9566],[0.7249,50.9349],[0.6904,50.9271],[0.6685,50.9321],[0.6253,50.9281],[0.6169,50.9094],[0.6276,50.9018],[0.606,50.8786],[0.5563,50.8941],[0.5291,50.8923],[0.5212,50.8517],[0.5086,50.8509],[0.5028,50.8425],[0.3775,50.8204],[0.3392,50.7991],[0.3139,50.8087],[0.3035,50.8251],[0.3145,50.8293],[0.3118,50.8374],[0.292,50.8465],[0.3103,50.8652],[0.3081,50.8911],[0.3388,50.8993],[0.3414,50.8927],[0.3667,50.8891],[0.3743,50.8984],[0.3582,50.9135],[0.3668,50.933],[0.3427,50.9394],[0.3359,50.953],[0.3436,50.9591],[0.324,50.9629],[0.3216,50.9967],[0.3287,51.0129],[0.354,51.0175],[0.3466,51.0241],[0.3614,51.0653],[0.3958,51.0739],[0.3965,51.0831],[0.4183,51.0626],[0.4633,51.0548],[0.4723,51.0304],[0.5376,51.0216],[0.5417,51.0111],[0.5708,51.0035],[0.6054,51.0121]]]},"properties":{"PCON24CD":"E14001088","PCON24NM":"Bexhill and Battle"}},{"type":"Feature","geometry":{"type":"Polygon","coordinates":[[[0.1868,51.481],[0.2212,51.4788],[0.2034,51.4543],[0.1709,51.4412],[0.1156,51.4503],[0.1242,51.4622],[0.1125,51.4734],[0.128,51.4838],[0.1753,51.4778],[0.1809,51.4708],[0.1868,51.481]]]},"properties":{"PCON24CD":"E14001089","PCON24NM":"Bexleyheath and Crayford"}},{"type":"Feature","geometry":{"type":"Polygon","coordinates":[[[-1.0559,51.9426],[-1.0867,51.9226],[-1.0794,51.9172],[-1.0935,51.8939],[-1.069,51.8873],[-1.0776,51.8767],[-1.0646,51.8687],[-1.062,51.8441],[-1.0471,51.8398],[-1.0784,51.8293],[-1.1216,51.8453],[-1.1408,51.8347],[-1.1101,51.8173],[-1.1249,51.8075],[-1.1235,51.7942],[-1.1268,51.7995],[-1.1541,51.7966],[-1.1674,51.8138],[-1.1873,51.8121],[-1.1945,51.797],[-1.242,51.81],[-1.2527,51.7865],[-1.2581,51.7935],[-1.2837,51.7963],[-1.3027,51.781],[-1.3064,51.7901],[-1.3355,51.7854],[-1.3637,51.7722],[-1.3634,51.7618],[-1.3672,51.7731],[-1.3763,51.7638],[-1.4057,51.7736],[-1.418,51.7508],[-1.4281,51.7553],[-1.4308,51.748],[-1.4694,51.7652],[-1.4785,51.7748],[-1.457,51.7831],[-1.4643,51.7852],[-1.4528,51.8114],[-1.4756,51.838],[-1.4368,51.8445],[-1.4361,51.8647],[-1.428,51.8627],[-1.4206,51.8766],[-1.4086,51.8739],[-1.4276,51.9056],[-1.3826,51.9206],[-1.3514,51.8993],[-1.3332,51.8964],[-1.3247,51.9225],[-1.2852,51.9244],[-1.2977,51.9353],[-1.2936,51.9432],[-1.2351,51.9394],[-1.219,51.9708],[-1.1343,51.9973],[-1.1181,52.0154],[-1.0532,52.0025],[-1.0952,51.9571],[-1.079,51.9434],[-1.0568,51.9493],[-1.0559,51.9426]]]},"properties":{"PCON24CD":"E14001090","PCON24NM":"Bicester and Woodstock"}},{"type":"Feature","geometry":{"type":"Polygon","coordinates":[[[-3.0183,53.4026],[-3.0025,53.3747],[-2.9925,53.3657],[-3.006,53.3638],[-2.9991,53.3502],[-3.0211,53.3379],[-3.04,53.3448],[-3.0857,53.3864],[-3.0876,53.4054],[-3.069,53.4154],[-3.0446,53.404],[-3.0183,53.4026]]]},"properties":{"PCON24CD":"E14001091","PCON24NM":"Birkenhead"}},{"type":"Feature","geometry":{"type":"Polygon","coordinates":[[[-1.9014,52.4549],[-1.9086,52.4498],[-1.9769,52.4449],[-1.975,52.4205],[-1.986,52.4167],[-2.017,52.4327],[-2.0132,52.4622],[-1.9775,52.4673],[-1.943,52.4915],[-1.9277,52.4866],[-1.9315,52.4718],[-1.9012,52.4673],[-1.9014,52.4549]]]},"properties":{"PCON24CD":"E14001092","PCON24NM":"Birmingham Edgbaston"}},{"type":"Feature","geometry":{"type":"Polygon","coordinates":[[[-1.7917,52.5092],[-1.8314,52.505],[-1.8624,52.5094],[-1.8809,52.5336],[-1.8959,52.5286],[-1.9118,52.5404],[-1.8952,52.5443],[-1.8987,52.5509],[-1.8832,52.5593],[-1.8338,52.5339],[-1.7839,52.5279],[-1.7721,52.5182],[-1.7917,52.5092]]]},"properties":{"PCON24CD":"E14001093","PCON24NM":"Birmingham Erdington"}},{"type":"Feature","geometry":{"type":"Polygon","coordinates":[[[-1.8593,52.4646],[-1.8448,52.4568],[-1.839,52.4341],[-1.8253,52.4293],[-1.8494,52.4108],[-1.8564,52.434],[-1.9051,52.4215],[-1.9086,52.4498],[-1.9014,52.4549],[-1.8832,52.4541],[-1.8761,52.4711],[-1.8593,52.4646]]]},"properties":{"PCON24CD":"E14001094","PCON24NM":"Birmingham Hall Green and Moseley"}},{"type":"Feature","geometry":{"type":"Polygon","coordinates":[[[-1.7332,52.4921],[-1.7599,52.4947],[-1.7593,52.469],[-1.7687,52.4728],[-1.7819,52.4629],[-1.7962,52.483],[-1.8098,52.485],[-1.8275,52.4697],[-1.8417,52.4759],[-1.8489,52.4836],[-1.8319,52.4896],[-1.8574,52.4989],[-1.7535,52.513],[-1.7332,52.4921]]]},"properties":{"PCON24CD":"E14001095","PCON24NM":"Birmingham Hodge Hill and Solihull North"}},{"type":"Feature","geometry":{"type":"Polygon","coordinates":[[[-1.8314,52.505],[-1.8574,52.4989],[-1.8319,52.4896],[-1.8489,52.4836],[-1.8417,52.4759],[-1.8593,52.4646],[-1.8761,52.4711],[-1.8832,52.4541],[-1.9014,52.4549],[-1.9012,52.4673],[-1.9315,52.4718],[-1.9277,52.4866],[-1.943,52.4915],[-1.9381,52.4984],[-1.951,52.5015],[-1.9152,52.4957],[-1.8624,52.5094],[-1.8314,52.505]]]},"properties":{"PCON24CD":"E14001096","PCON24NM":"Birmingham Ladywood"}},{"type":"Feature","geometry":{"type":"Polygon","coordinates":[[[-1.9137,52.4075],[-1.9343,52.3872],[-1.9536,52.3934],[-1.9983,52.3811],[-2.0335,52.4029],[-1.975,52.4205],[-1.9769,52.4449],[-1.9598,52.4459],[-1.9456,52.4353],[-1.9609,52.411],[-1.9169,52.4207],[-1.9137,52.4075]]]},"properties":{"PCON24CD":"E14001097","PCON24NM":"Birmingham Northfield"}},{"type":"Feature","geometry":{"type":"Polygon","coordinates":[[[-1.8832,52.5593],[-1.8987,52.5509],[-1.8952,52.5443],[-1.9118,52.5404],[-1.8959,52.5286],[-1.8809,52.5336],[-1.8624,52.5094],[-1.9152,52.4957],[-1.951,52.5015],[-1.962,52.5099],[-1.9602,52.5314],[-1.9294,52.5313],[-1.9331,52.5458],[-1.9182,52.5473],[-1.8916,52.5625],[-1.8832,52.5593]]]},"properties":{"PCON24CD":"E14001098","PCON24NM":"Birmingham Perry Barr"}},{"type":"Feature","geometry":{"type":"Polygon","coordinates":[[[-1.8494,52.4108],[-1.8666,52.411],[-1.8688,52.4047],[-1.8827,52.3998],[-1.9137,52.4075],[-1.9169,52.4207],[-1.9609,52.411],[-1.9456,52.4353],[-1.9598,52.4459],[-1.9086,52.4498],[-1.9051,52.4215],[-1.8564,52.434],[-1.8494,52.4108]]]},"properties":{"PCON24CD":"E14001099","PCON24NM":"Birmingham Selly Oak"}},{"type":"Feature","geometry":{"type":"Polygon","coordinates":[[[-1.7593,52.469],[-1.7596,52.4519],[-1.7825,52.4511],[-1.8003,52.4583],[-1.8253,52.4293],[-1.839,52.4341],[-1.8448,52.4568],[-1.8593,52.4646],[-1.8417,52.4759],[-1.8275,52.4697],[-1.8098,52.485],[-1.7962,52.483],[-1.7819,52.4629],[-1.7687,52.4728],[-1.7593,52.469]]]},"properties":{"PCON24CD":"E14001100","PCON24NM":"Birmingham Yardley"}},{"type":"Feature","geometry":{"type":"Polygon","coordinates":[[[-1.9524,54.8542],[-2.0142,54.8287],[-2.0293,54.8173],[-2.0317,54.799],[-2.0052,54.7948],[-1.9929,54.7763],[-1.9755,54.7708],[-1.9453,54.7971],[-1.9161,54.7965],[-1.8066,54.7466],[-1.7278,54.7582],[-1.7403,54.7429],[-1.7269,54.729],[-1.7364,54.7274],[-1.706,54.7136],[-1.7156,54.7111],[-1.7104,54.7008],[-1.7302,54.6996],[-1.7255,54.6858],[-1.7039,54.6744],[-1.6823,54.6735],[-1.6762,54.692],[-1.6932,54.6919],[-1.6891,54.7033],[-1.6783,54.704],[-1.6359,54.6769],[-1.6033,54.6779],[-1.6185,54.6192],[-1.6824,54.6178],[-1.6793,54.586],[-1.694,54.5869],[-1.709,54.5741],[-1.7093,54.5632],[-1.6912,54.5562],[-1.7053,54.5492],[-1.6969,54.536],[-1.7213,54.5423],[-1.7331,54.5277],[-1.7797,54.5319],[-1.7761,54.5067],[-1.793,54.4845],[-1.8394,54.5084],[-1.8578,54.5035],[-1.8591,54.4819],[-1.9425,54.4534],[-1.9701,54.4515],[-1.9968,54.4669],[-2.0447,54.4752],[-2.0432,54.4836],[-2.1166,54.4623],[-2.1702,54.4582],[-2.159,54.472],[-2.1724,54.5324],[-2.1975,54.5327],[-2.2095,54.5517],[-2.3045,54.5962],[-2.3249,54.6317],[-2.288,54.6505],[-2.2929,54.6639],[-2.3276,54.6709],[-2.3555,54.6972],[-2.3257,54.7266],[-2.3121,54.791],[-2.2827,54.7983],[-2.2189,54.7824],[-2.1986,54.8067],[-2.1695,54.8036],[-2.1382,54.8424],[-2.0826,54.8382],[-2.0397,54.8482],[-1.9954,54.87],[-1.9524,54.8542]]]},"properties":{"PCON24CD":"E14001101","PCON24NM":"Bishop Auckland"}},{"type":"Feature","geometry":{"type":"Polygon","coordinates":[[[-2.4386,53.7323],[-2.4577,53.7169],[-2.4657,53.7292],[-2.4854,53.7219],[-2.4931,53.7288],[-2.5029,53.7137],[-2.5395,53.7147],[-2.5567,53.7269],[-2.5616,53.7469],[-2.5478,53.7587],[-2.5257,53.7597],[-2.4658,53.7808],[-2.4463,53.7666],[-2.4386,53.7323]]]},"properties":{"PCON24CD":"E14001102","PCON24NM":"Blackburn"}},{"type":"Feature","geometry":{"type":"Polygon","coordinates":[[[-2.1562,53.5158],[-2.2292,53.4916],[-2.2277,53.5033],[-2.257,53.5179],[-2.2466,53.5292],[-2.2641,53.5247],[-2.2686,53.5368],[-2.2517,53.5446],[-2.2372,53.5389],[-2.2358,53.5482],[-2.2142,53.5543],[-2.1917,53.5459],[-2.172,53.5551],[-2.186,53.5291],[-2.1702,53.5277],[-2.1562,53.5158]]]},"properties":{"PCON24CD":"E14001103","PCON24NM":"Blackley and Middleton South"}},{"type":"Feature","geometry":{"type":"Polygon","coordinates":[[[-3.0009,53.9249],[-2.9997,53.8943],[-2.9685,53.8771],[-2.981,53.8575],[-2.9974,53.8621],[-2.9968,53.8515],[-3.0143,53.8506],[-3.0205,53.8408],[-3.04,53.8293],[-3.0412,53.8427],[-3.0509,53.842],[-3.0498,53.92],[-3.0085,53.9289],[-3.0095,53.9007],[-3.0009,53.9249]]]},"properties":{"PCON24CD":"E14001104","PCON24NM":"Blackpool North and Fleetwood"}},{"type":"Feature","geometry":{"type":"Polygon","coordinates":[[[-3.0205,53.8408],[-2.9834,53.7938],[-3.0039,53.7913],[-2.9965,53.7745],[-3.0288,53.7731],[-3.0328,53.7809],[-3.0571,53.7765],[-3.0509,53.842],[-3.0412,53.8427],[-3.04,53.8293],[-3.0205,53.8408]]]},"properties":{"PCON24CD":"E14001105","PCON24NM":"Blackpool South"}},{"type":"Feature","geometry":{"type":"Polygon","coordinates":[[[-1.7396,54.9793],[-1.7213,54.9678],[-1.6789,54.9646],[-1.7374,54.9237],[-1.7249,54.9088],[-1.6976,54.9062],[-1.7096,54.9073],[-1.7122,54.8988],[-1.7439,54.8881],[-1.7759,54.8471],[-1.7906,54.8358],[-1.8009,54.8412],[-1.8092,54.828],[-1.8271,54.8381],[-1.8719,54.8352],[-1.8814,54.8466],[-1.8669,54.8539],[-1.8544,54.8912],[-1.8207,54.9057],[-1.8527,54.9176],[-1.8411,54.9297],[-1.8269,54.9303],[-1.8337,54.9533],[-1.8128,54.9763],[-1.7861,54.9844],[-1.7396,54.9793]]]},"properties":{"PCON24CD":"E14001106","PCON24NM":"Blaydon and Consett"}},{"type":"Feature","geometry":{"type":"Polygon","coordinates":[[[-1.4925,55.1023],[-1.5302,55.0963],[-1.5415,55.1039],[-1.5666,55.0994],[-1.5814,55.1189],[-1.5958,55.1106],[-1.6215,55.1132],[-1.6511,55.1277],[-1.6489,55.1392],[-1.6211,55.1507],[-1.6348,55.1546],[-1.6316,55.1696],[-1.6483,55.169],[-1.6339,55.179],[-1.6367,55.1904],[-1.6117,55.1929],[-1.6162,55.1976],[-1.5909,55.2056],[-1.5191,55.2069],[-1.4991,55.1857],[-1.5118,55.1836],[-1.5252,55.1626],[-1.5403,55.1616],[-1.5261,55.16],[-1.4867,55.1165],[-1.5219,55.1436],[-1.52,55.1388],[-1.5333,55.1391],[-1.559,55.1467],[-1.5339,55.1376],[-1.5688,55.1309],[-1.5277,55.1372],[-1.5059,55.1298],[-1.4988,55.1245],[-1.4925,55.1023]]]},"properties":{"PCON24CD":"E14001107","PCON24NM":"Blyth and Ashington"}},{"type":"Feature","geometry":{"type":"Polygon","coordinates":[[[-0.5156,50.826],[-0.4894,50.8184],[-0.4952,50.8017],[-0.5684,50.798],[-0.7281,50.7708],[-0.7196,50.79],[-0.6759,50.8003],[-0.6611,50.7968],[-0.6553,50.8044],[-0.6295,50.8029],[-0.644,50.8141],[-0.6152,50.8351],[-0.5156,50.826]]]},"properties":{"PCON24CD":"E14001108","PCON24NM":"Bognor Regis and Littlehampton"}},{"type":"Feature","geometry":{"type":"Polygon","coordinates":[[[-1.2094,53.2177],[-1.1953,53.187],[-1.2418,53.1781],[-1.2547,53.1648],[-1.2907,53.1714],[-1.3235,53.1623],[-1.3218,53.1307],[-1.3006,53.102],[-1.3093,53.0968],[-1.3029,53.0882],[-1.3316,53.081],[-1.3607,53.0904],[-1.377,53.1087],[-1.4482,53.1037],[-1.4654,53.1108],[-1.4698,53.1198],[-1.4545,53.163],[-1.4241,53.1511],[-1.4012,53.1523],[-1.3937,53.1712],[-1.3593,53.1842],[-1.3956,53.2227],[-1.4008,53.2343],[-1.3803,53.2438],[-1.3508,53.2463],[-1.3471,53.2395],[-1.3192,53.2395],[-1.3313,53.2572],[-1.3013,53.2639],[-1.3219,53.2886],[-1.324,53.2953],[-1.3107,53.2979],[-1.322,53.309],[-1.282,53.3095],[-1.2439,53.3016],[-1.2307,53.3086],[-1.2032,53.3042],[-1.1997,53.3114],[-1.1766,53.3051],[-1.1801,53.2871],[-1.1665,53.2777],[-1.1815,53.27],[-1.1747,53.2652],[-1.2025,53.2612],[-1.213,53.2477],[-1.202,53.2355],[-1.2094,53.2177]]]},"properties":{"PCON24CD":"E14001109","PCON24NM":"Bolsover"}},{"type":"Feature","geometry":{"type":"Polygon","coordinates":[[[-2.3791,53.6309],[-2.3794,53.6203],[-2.363,53.6103],[-2.3771,53.5929],[-2.374,53.5708],[-2.3573,53.5633],[-2.3583,53.5532],[-2.3824,53.5502],[-2.3808,53.5568],[-2.4061,53.5623],[-2.422,53.5798],[-2.4555,53.5737],[-2.4465,53.5984],[-2.473,53.6166],[-2.4538,53.622],[-2.4503,53.6414],[-2.4387,53.6461],[-2.4217,53.6238],[-2.3791,53.6309]]]},"properties":{"PCON24CD":"E14001110","PCON24NM":"Bolton North East"}},{"type":"Feature","geometry":{"type":"Polygon","coordinates":[[[-2.3736,53.5539],[-2.3415,53.5459],[-2.3382,53.5336],[-2.3537,53.5351],[-2.3544,53.5247],[-2.3699,53.513],[-2.4153,53.512],[-2.4511,53.5286],[-2.4351,53.5492],[-2.4622,53.5673],[-2.4643,53.574],[-2.422,53.5798],[-2.4061,53.5623],[-2.3808,53.5568],[-2.3824,53.5502],[-2.3736,53.5539]]]},"properties":{"PCON24CD":"E14001111","PCON24NM":"Bolton South and Walkden"}},{"type":"Feature","geometry":{"type":"Polygon","coordinates":[[[-2.473,53.6166],[-2.4465,53.5984],[-2.4555,53.5737],[-2.4643,53.574],[-2.4622,53.5673],[-2.4351,53.5492],[-2.4511,53.5286],[-2.5058,53.539],[-2.5289,53.5231],[-2.5692,53.5475],[-2.5596,53.5612],[-2.5777,53.5811],[-2.6259,53.5937],[-2.5959,53.6108],[-2.5692,53.5956],[-2.5113,53.627],[-2.473,53.6166]]]},"properties":{"PCON24CD":"E14001112","PCON24NM":"Bolton West"}},{"type":"Feature","geometry":{"type":"Polygon","coordinates":[[[-2.9517,53.491],[-2.9602,53.468],[-2.9738,53.4628],[-2.9753,53.4432],[-3.0086,53.4379],[-3.0414,53.4654],[-3.0479,53.4771],[-3.0213,53.4938],[-3.0088,53.4853],[-2.9802,53.4973],[-2.9517,53.491]]]},"properties":{"PCON24CD":"E14001113","PCON24NM":"Bootle"}},{"type":"Feature","geometry":{"type":"Polygon","coordinates":[[[0.027,52.8985],[-0.0403,52.8685],[-0.0848,52.8645],[-0.1185,52.8824],[-0.1427,52.8849],[-0.1566,52.9122],[-0.2467,52.9288],[-0.1898,52.9964],[-0.225,53.03],[-0.2109,53.0699],[-0.1961,53.0696],[-0.138,53.03],[-0.1385,53.0456],[-0.1,53.0453],[-0.1147,53.0683],[-0.0676,53.0868],[-0.0592,53.1138],[-0.0403,53.1122],[-0.0498,53.1243],[-0.037,53.1256],[-0.0215,53.1144],[0.0001,53.1175],[-0.0041,53.1055],[0.0114,53.1104],[0.0139,53.1036],[0.0316,53.1031],[0.051,53.1148],[0.0717,53.1114],[0.0889,53.1264],[0.104,53.1274],[0.1052,53.1205],[0.1414,53.1287],[0.1253,53.1592],[0.131,53.1733],[0.1184,53.1806],[0.1309,53.1929],[0.1183,53.1959],[0.1311,53.2165],[0.1144,53.2203],[0.1113,53.2517],[0.1339,53.2482],[0.1604,53.2569],[0.2202,53.236],[0.247,53.2549],[0.3217,53.2666],[0.3556,53.1921],[0.3492,53.1122],[0.3376,53.1014],[0.3341,53.0867],[0.3349,53.0944],[0.2992,53.0907],[0.3157,53.0887],[0.2884,53.0757],[0.2818,53.0801],[0.2875,53.0749],[0.2572,53.0638],[0.2689,53.0632],[0.2582,53.0565],[0.2488,53.0522],[0.2429,53.0572],[0.2486,53.0519],[0.236,53.0531],[0.2446,53.0486],[0.1996,53.0326],[0.1514,53.0081],[0.0723,52.932],[0.0776,52.932],[0.027,52.8985]]]},"properties":{"PCON24CD":"E14001114","PCON24NM":"Boston and Skegness"}},{"type":"Feature","geometry":{"type":"Polygon","coordinates":[[[-1.7617,50.7221],[-1.7613,50.718],[-1.7461,50.7155],[-1.7488,50.7111],[-1.8042,50.7201],[-1.865,50.7172],[-1.8622,50.726],[-1.874,50.732],[-1.8611,50.7433],[-1.8833,50.7533],[-1.8743,50.7648],[-1.8512,50.7736],[-1.8422,50.7615],[-1.8171,50.7571],[-1.8155,50.7433],[-1.7962,50.7393],[-1.7938,50.7307],[-1.7617,50.7221]]]},"properties":{"PCON24CD":"E14001115","PCON24NM":"Bournemouth East"}},{"type":"Feature","geometry":{"type":"Polygon","coordinates":[[[-1.8743,50.7648],[-1.8833,50.7533],[-1.8611,50.7433],[-1.874,50.732],[-1.8622,50.726],[-1.865,50.7172],[-1.902,50.7083],[-1.9059,50.7237],[-1.9282,50.7282],[-1.9258,50.7368],[-1.946,50.7487],[-1.9101,50.7753],[-1.8938,50.7801],[-1.8743,50.7648]]]},"properties":{"PCON24CD":"E14001116","PCON24NM":"Bournemouth West"}},{"type":"Feature","geometry":{"type":"Polygon","coordinates":[[[-0.7353,51.365],[-0.7755,51.332],[-0.8374,51.3529],[-0.8136,51.3703],[-0.7888,51.3718],[-0.8007,51.4038],[-0.7759,51.4089],[-0.7787,51.4214],[-0.7656,51.427],[-0.7241,51.4306],[-0.7176,51.4146],[-0.7342,51.3912],[-0.7353,51.365]]]},"properties":{"PCON24CD":"E14001117","PCON24NM":"Bracknell"}},{"type":"Feature","geometry":{"type":"Polygon","coordinates":[[[-1.7031,53.8364],[-1.7099,53.7929],[-1.7324,53.7894],[-1.7144,53.7834],[-1.7368,53.7694],[-1.7804,53.7807],[-1.7581,53.7822],[-1.743,53.7937],[-1.768,53.819],[-1.7345,53.8252],[-1.7528,53.8431],[-1.7292,53.8568],[-1.7136,53.8523],[-1.7103,53.8635],[-1.6931,53.853],[-1.7031,53.8364]]]},"properties":{"PCON24CD":"E14001118","PCON24NM":"Bradford East"}},{"type":"Feature","geometry":{"type":"Polygon","coordinates":[[[-1.7804,53.7807],[-1.7368,53.7694],[-1.7144,53.7834],[-1.7324,53.7894],[-1.7099,53.7929],[-1.712,53.7831],[-1.6823,53.7864],[-1.6742,53.78],[-1.6406,53.78],[-1.642,53.7725],[-1.6816,53.7565],[-1.7144,53.7625],[-1.7338,53.7469],[-1.7472,53.7468],[-1.7459,53.7345],[-1.7609,53.7346],[-1.7701,53.7263],[-1.8094,53.7644],[-1.8278,53.7637],[-1.8554,53.7483],[-1.8649,53.7513],[-1.8734,53.7786],[-1.8518,53.7857],[-1.8428,53.7813],[-1.8497,53.7727],[-1.8129,53.7746],[-1.7923,53.7953],[-1.7804,53.7807]]]},"properties":{"PCON24CD":"E14001119","PCON24NM":"Bradford South"}},{"type":"Feature","geometry":{"type":"Polygon","coordinates":[[[-1.768,53.819],[-1.743,53.7937],[-1.7581,53.7822],[-1.7804,53.7807],[-1.7923,53.7953],[-1.8129,53.7746],[-1.8497,53.7727],[-1.8428,53.7813],[-1.8518,53.7857],[-1.8734,53.7786],[-1.8956,53.7809],[-1.8665,53.7976],[-1.8815,53.8092],[-1.8522,53.8108],[-1.8374,53.8213],[-1.7995,53.8272],[-1.7775,53.8241],[-1.7752,53.8293],[-1.768,53.819]]]},"properties":{"PCON24CD":"E14001120","PCON24NM":"Bradford West"}},{"type":"Feature","geometry":{"type":"Polygon","coordinates":[[[0.7815,51.9665],[0.764,51.9543],[0.7256,51.9551],[0.6865,51.9893],[0.6636,51.9562],[0.6747,51.9512],[0.6658,51.9524],[0.6604,51.9384],[0.68,51.9273],[0.6588,51.9182],[0.6669,51.909],[0.6453,51.9067],[0.6394,51.9139],[0.6013,51.9216],[0.584,51.8712],[0.5656,51.865],[0.5746,51.8494],[0.5321,51.8379],[0.5302,51.8296],[0.5193,51.8504],[0.4468,51.829],[0.4311,51.8318],[0.418,51.8574],[0.427,51.8749],[0.3849,51.9016],[0.4025,51.9043],[0.3919,51.9161],[0.4134,51.9298],[0.3921,51.9385],[0.396,51.9521],[0.3434,51.9743],[0.3412,51.998],[0.3081,52.0196],[0.3638,52.0436],[0.3895,52.0363],[0.3796,52.0496],[0.4046,52.0655],[0.4383,52.0723],[0.4536,52.0681],[0.4666,52.0784],[0.5017,52.0539],[0.5111,52.0599],[0.5423,52.0577],[0.5514,52.0688],[0.582,52.0759],[0.6842,52.087],[0.7121,52.0722],[0.7032,52.0653],[0.7163,52.0487],[0.6994,52.0484],[0.6965,52.0393],[0.7144,52.0273],[0.7406,52.0312],[0.7385,52.0107],[0.7611,51.9975],[0.7597,51.9854],[0.7746,51.9826],[0.7723,51.9704],[0.7815,51.9665]]]},"properties":{"PCON24CD":"E14001121","PCON24NM":"Braintree"}},{"type":"Feature","geometry":{"type":"Polygon","coordinates":[[[-0.2322,51.571],[-0.2019,51.5453],[-0.2278,51.5361],[-0.2475,51.5433],[-0.2556,51.534],[-0.2842,51.5289],[-0.2614,51.5639],[-0.2778,51.5797],[-0.2623,51.5963],[-0.2482,51.5843],[-0.2511,51.5703],[-0.2322,51.571]]]},"properties":{"PCON24CD":"E14001122","PCON24NM":"Brent East"}},{"type":"Feature","geometry":{"type":"Polygon","coordinates":[[[-0.2778,51.5797],[-0.2614,51.5639],[-0.2818,51.5381],[-0.3027,51.532],[-0.308,51.5461],[-0.3356,51.5566],[-0.317,51.5821],[-0.3014,51.5873],[-0.2778,51.5797]]]},"properties":{"PCON24CD":"E14001123","PCON24NM":"Brent West"}},{"type":"Feature","geometry":{"type":"Polygon","coordinates":[[[-0.2975,51.4949],[-0.286,51.4927],[-0.3269,51.457],[-0.3417,51.459],[-0.3462,51.448],[-0.3772,51.4521],[-0.373,51.4575],[-0.3878,51.4494],[-0.4014,51.459],[-0.3661,51.468],[-0.3811,51.4882],[-0.375,51.494],[-0.3504,51.4991],[-0.2975,51.4949]]]},"properties":{"PCON24CD":"E14001124","PCON24NM":"Brentford and Isleworth"}},{"type":"Feature","geometry":{"type":"Polygon","coordinates":[[[0.3767,51.6985],[0.4126,51.6709],[0.4001,51.6623],[0.4022,51.651],[0.3751,51.6152],[0.3826,51.5658],[0.2903,51.5643],[0.2699,51.5996],[0.254,51.6016],[0.2646,51.6083],[0.2241,51.6317],[0.197,51.6256],[0.1292,51.6214],[0.1048,51.6449],[0.1279,51.6582],[0.1136,51.6814],[0.125,51.6795],[0.135,51.6881],[0.1415,51.7235],[0.1526,51.7216],[0.1568,51.7316],[0.1735,51.7365],[0.1608,51.7575],[0.1809,51.771],[0.2332,51.7732],[0.2375,51.7798],[0.2975,51.79],[0.2994,51.7719],[0.3467,51.7676],[0.3475,51.7304],[0.3335,51.7187],[0.3389,51.7015],[0.3606,51.6904],[0.3767,51.6985]]]},"properties":{"PCON24CD":"E14001125","PCON24NM":"Brentwood and Ongar"}},{"type":"Feature","geometry":{"type":"Polygon","coordinates":[[[-2.9943,51.3211],[-2.9869,51.313],[-2.9926,51.3003],[-2.9753,51.2963],[-2.9932,51.2616],[-2.9803,51.2592],[-2.982,51.2339],[-2.9612,51.2289],[-2.9562,51.2197],[-2.9639,51.2127],[-2.9719,51.2179],[-2.9783,51.1881],[-2.9612,51.1818],[-2.9581,51.1884],[-2.8963,51.1831],[-2.9064,51.1421],[-2.9395,51.1454],[-2.9147,51.1188],[-2.8499,51.1032],[-2.8571,51.078],[-2.8774,51.0813],[-2.8882,51.0691],[-2.9122,51.0852],[-2.9347,51.0833],[-2.9487,51.0734],[-2.9269,51.0616],[-2.9822,51.0408],[-2.9975,51.0538],[-3.0312,51.0479],[-3.0247,51.0598],[-3.0465,51.0656],[-3.1366,51.0721],[-3.16,51.0909],[-3.1408,51.0995],[-3.1422,51.1092],[-3.1684,51.1043],[-3.1938,51.1125],[-3.2158,51.1327],[-3.2055,51.1428],[-3.1633,51.1541],[-3.1575,51.1637],[-3.1129,51.1703],[-3.1164,51.1759],[-3.0855,51.1961],[-3.0675,51.1944],[-3.0517,51.2033],[-3.054,51.2062],[-3.0193,51.2185],[-3.0325,51.1946],[-3.0227,51.1963],[-3.0023,51.226],[-2.9843,51.2204],[-2.9991,51.225],[-3.0005,51.2416],[-3.0215,51.2655],[-3.0121,51.321],[-3.0355,51.3285],[-2.9943,51.3211]]]},"properties":{"PCON24CD":"E14001126","PCON24NM":"Bridgwater"}},{"type":"Feature","geometry":{"type":"Polygon","coordinates":[[[-0.2127,54.1577],[-0.097,54.1293],[-0.0763,54.1164],[-0.1045,54.1041],[-0.1668,54.0989],[-0.1912,54.0812],[-0.2123,54.0566],[-0.2131,54.0075],[-0.156,53.9016],[-0.1006,53.8468],[-0.1252,53.8443],[-0.15,53.8533],[-0.1523,53.8676],[-0.1769,53.8763],[-0.1834,53.8902],[-0.2258,53.8911],[-0.2324,53.879],[-0.2534,53.8803],[-0.2589,53.8981],[-0.2721,53.9032],[-0.2837,53.8959],[-0.2968,53.9044],[-0.3126,53.8987],[-0.3337,53.9091],[-0.3866,53.9101],[-0.3938,53.9189],[-0.4528,53.9343],[-0.5287,53.9416],[-0.6239,53.9364],[-0.6261,53.9277],[-0.6441,53.9225],[-0.6028,53.9006],[-0.58,53.8577],[-0.6152,53.8596],[-0.7057,53.8279],[-0.7007,53.8374],[-0.7235,53.8553],[-0.7261,53.8727],[-0.7488,53.8875],[-0.7678,53.8871],[-0.7778,53.8986],[-0.7511,53.9233],[-0.7593,53.9477],[-0.8396,53.9429],[-0.8659,53.9717],[-0.8803,53.9752],[-0.8782,53.9999],[-0.9086,53.9969],[-0.8937,53.9996],[-0.8763,54.0176],[-0.8007,54.0241],[-0.7992,54.0191],[-0.7343,54.0303],[-0.7305,54.0127],[-0.6835,54.0088],[-0.687,54.0308],[-0.6595,54.0372],[-0.6447,54.0551],[-0.6603,54.0631],[-0.6155,54.0705],[-0.5631,54.094],[-0.5246,54.0855],[-0.4659,54.1076],[-0.4544,54.1168],[-0.4585,54.126],[-0.4271,54.1374],[-0.4332,54.1641],[-0.4184,54.174],[-0.3907,54.1765],[-0.3749,54.1541],[-0.3464,54.1469],[-0.3238,54.1503],[-0.3042,54.1363],[-0.2654,54.1406],[-0.2297,54.1324],[-0.2127,54.1577]]]},"properties":{"PCON24CD":"E14001127","PCON24NM":"Bridlington and The Wolds"}},{"type":"Feature","geometry":{"type":"Polygon","coordinates":[[[-0.2942,53.7141],[-0.2524,53.681],[-0.2379,53.6636],[-0.1881,53.6305],[-0.1107,53.5904],[-0.1503,53.5676],[-0.1247,53.5435],[-0.0845,53.5387],[-0.0561,53.5439],[-0.0522,53.5507],[-0.032,53.5348],[0.009,53.5354],[0.0155,53.5279],[-0.0148,53.5154],[-0.065,53.5187],[-0.0753,53.4893],[-0.0955,53.486],[-0.0898,53.4777],[-0.1078,53.4699],[-0.0822,53.4512],[-0.1203,53.4336],[-0.1492,53.4467],[-0.1537,53.4657],[-0.1818,53.4686],[-0.1886,53.4845],[-0.2106,53.4863],[-0.2041,53.5118],[-0.2106,53.5317],[-0.2199,53.5326],[-0.1917,53.5685],[-0.2226,53.568],[-0.2347,53.5863],[-0.2514,53.5847],[-0.2485,53.5937],[-0.3009,53.6164],[-0.3034,53.5908],[-0.3359,53.5586],[-0.417,53.5632],[-0.429,53.5745],[-0.467,53.549],[-0.501,53.5421],[-0.5022,53.5502],[-0.5136,53.5511],[-0.5624,53.5447],[-0.5987,53.5711],[-0.5941,53.5968],[-0.6427,53.6218],[-0.627,53.6257],[-0.6277,53.648],[-0.5282,53.6507],[-0.5366,53.6565],[-0.5297,53.6786],[-0.5235,53.677],[-0.4706,53.6982],[-0.4434,53.6974],[-0.4428,53.6893],[-0.4426,53.6973],[-0.3949,53.7],[-0.3905,53.6892],[-0.3876,53.7022],[-0.2942,53.7141]]]},"properties":{"PCON24CD":"E14001128","PCON24NM":"Brigg and Immingham"}},{"type":"Feature","geometry":{"type":"Polygon","coordinates":[[[0.0292,50.7829],[-0.1371,50.8183],[-0.1344,50.8286],[-0.1036,50.8355],[-0.1242,50.8378],[-0.1078,50.856],[-0.0832,50.8632],[-0.0735,50.8412],[-0.0369,50.8412],[-0.046,50.8218],[-0.0029,50.82],[0.014,50.8107],[0.0094,50.8023],[0.0299,50.7948],[0.0292,50.7829]]]},"properties":{"PCON24CD":"E14001129","PCON24NM":"Brighton Kemptown and Peacehaven"}},{"type":"Feature","geometry":{"type":"Polygon","coordinates":[[[-0.135,50.8867],[-0.1353,50.8781],[-0.1218,50.8734],[-0.0975,50.8779],[-0.0849,50.8731],[-0.0832,50.8632],[-0.1078,50.856],[-0.1242,50.8378],[-0.1036,50.8355],[-0.1344,50.8286],[-0.1371,50.8183],[-0.1571,50.8214],[-0.1476,50.8311],[-0.1877,50.8686],[-0.1778,50.8905],[-0.1658,50.8923],[-0.1681,50.8808],[-0.135,50.8867]]]},"properties":{"PCON24CD":"E14001130","PCON24NM":"Brighton Pavilion"}},{"type":"Feature","geometry":{"type":"Polygon","coordinates":[[[-2.5761,51.4758],[-2.5679,51.4689],[-2.5841,51.4596],[-2.582,51.4475],[-2.6265,51.4504],[-2.6319,51.4577],[-2.6009,51.4826],[-2.585,51.4733],[-2.5761,51.4758]]]},"properties":{"PCON24CD":"E14001131","PCON24NM":"Bristol Central"}},{"type":"Feature","geometry":{"type":"Polygon","coordinates":[[[-2.5185,51.4557],[-2.5393,51.4457],[-2.5105,51.4288],[-2.5263,51.4348],[-2.536,51.4111],[-2.5588,51.4112],[-2.5639,51.4276],[-2.5842,51.428],[-2.5873,51.4339],[-2.5674,51.4426],[-2.582,51.4475],[-2.5841,51.4596],[-2.5679,51.4689],[-2.5129,51.4672],[-2.5185,51.4557]]]},"properties":{"PCON24CD":"E14001132","PCON24NM":"Bristol East"}},{"type":"Feature","geometry":{"type":"Polygon","coordinates":[[[-2.4767,51.4765],[-2.4871,51.4531],[-2.5185,51.4557],[-2.5129,51.4672],[-2.5679,51.4689],[-2.5823,51.4885],[-2.5713,51.4996],[-2.5519,51.4922],[-2.5159,51.4939],[-2.5151,51.4818],[-2.4881,51.4921],[-2.4811,51.4845],[-2.49,51.4767],[-2.4767,51.4765]]]},"properties":{"PCON24CD":"E14001133","PCON24NM":"Bristol North East"}},{"type":"Feature","geometry":{"type":"Polygon","coordinates":[[[-2.6545,51.5137],[-2.581,51.5174],[-2.5881,51.5012],[-2.5713,51.4996],[-2.5823,51.4885],[-2.5761,51.4758],[-2.585,51.4733],[-2.6009,51.4826],[-2.6319,51.4577],[-2.6616,51.4865],[-2.6847,51.4805],[-2.7182,51.5082],[-2.6738,51.5444],[-2.6545,51.5137]]]},"properties":{"PCON24CD":"E14001134","PCON24NM":"Bristol North West"}},{"type":"Feature","geometry":{"type":"Polygon","coordinates":[[[-2.582,51.4475],[-2.5674,51.4426],[-2.5873,51.4339],[-2.5842,51.428],[-2.5639,51.4276],[-2.5588,51.4112],[-2.5708,51.3994],[-2.5901,51.3975],[-2.6333,51.4035],[-2.6295,51.4374],[-2.6401,51.4405],[-2.6265,51.4504],[-2.582,51.4475]]]},"properties":{"PCON24CD":"E14001135","PCON24NM":"Bristol South"}},{"type":"Feature","geometry":{"type":"Polygon","coordinates":[[[0.8854,52.914],[0.8858,52.9074],[0.9025,52.9077],[0.9138,52.899],[0.9103,52.8856],[0.9416,52.8499],[0.9586,52.8623],[1.0034,52.8597],[1.017,52.8339],[1.0487,52.8314],[1.0847,52.84],[1.1283,52.8146],[1.1496,52.8121],[1.1453,52.8239],[1.1565,52.8217],[1.1726,52.8306],[1.1934,52.8153],[1.2144,52.8297],[1.2511,52.8205],[1.2546,52.8134],[1.2741,52.8188],[1.2889,52.8047],[1.3082,52.8068],[1.3148,52.7797],[1.357,52.7463],[1.3876,52.7401],[1.3973,52.7291],[1.4059,52.7325],[1.4024,52.7157],[1.424,52.7035],[1.4186,52.6919],[1.4344,52.6896],[1.4414,52.7015],[1.461,52.7056],[1.4739,52.6893],[1.4881,52.6933],[1.4944,52.6872],[1.5119,52.69],[1.5122,52.6816],[1.519,52.6869],[1.5494,52.6815],[1.5681,52.6379],[1.5904,52.6382],[1.6053,52.624],[1.6443,52.6304],[1.6772,52.614],[1.642,52.6042],[1.631,52.5925],[1.6463,52.5886],[1.623,52.5742],[1.6075,52.574],[1.592,52.558],[1.5406,52.5556],[1.5224,52.5627],[1.5184,52.5758],[1.4978,52.5713],[1.4847,52.5878],[1.4545,52.5946],[1.4347,52.6201],[1.4137,52.6212],[1.3876,52.6046],[1.3677,52.6244],[1.3723,52.6438],[1.3561,52.6504],[1.3651,52.6531],[1.354,52.6786],[1.3302,52.669],[1.2999,52.6741],[1.2923,52.6849],[1.2488,52.6684],[1.2409,52.6822],[1.217,52.6933],[1.2191,52.7043],[1.2063,52.6983],[1.2176,52.673],[1.2066,52.6609],[1.1907,52.6785],[1.1738,52.6651],[1.1473,52.6714],[1.1352,52.6429],[1.0976,52.6498],[1.1083,52.6825],[1.0842,52.7025],[1.1052,52.7147],[1.0886,52.7232],[1.0802,52.741],[1.0511,52.7504],[1.0448,52.769],[1.0002,52.7658],[0.9956,52.7953],[0.9758,52.807],[0.9508,52.8047],[0.9384,52.788],[0.9176,52.8033],[0.8908,52.7907],[0.8654,52.8074],[0.8394,52.8111],[0.7958,52.7691],[0.7079,52.7885],[0.7563,52.8164],[0.7251,52.8429],[0.7278,52.8553],[0.791,52.8599],[0.7949,52.8835],[0.8069,52.8794],[0.8216,52.8929],[0.817,52.9001],[0.7899,52.8999],[0.7879,52.9079],[0.815,52.9128],[0.8136,52.9179],[0.8854,52.914]]]},"properties":{"PCON24CD":"E14001136","PCON24NM":"Broadland and Fakenham"}},{"type":"Feature","geometry":{"type":"Polygon","coordinates":[[[0.0345,51.4235],[0.0594,51.4039],[0.0658,51.3894],[0.0399,51.3493],[0.0505,51.304],[0.0426,51.3013],[0.0329,51.3075],[0.015,51.2918],[0.0023,51.3291],[-0.0198,51.3636],[0.0021,51.3743],[0.0155,51.3986],[-0.0077,51.4145],[0.0255,51.429],[0.0345,51.4235]]]},"properties":{"PCON24CD":"E14001137","PCON24NM":"Bromley and Biggin Hill"}},{"type":"Feature","geometry":{"type":"Polygon","coordinates":[[[-2.017,52.4327],[-1.986,52.4167],[-2.0335,52.4029],[-1.9983,52.3811],[-1.9536,52.3934],[-1.9343,52.3872],[-1.9137,52.4075],[-1.8827,52.3998],[-1.8688,52.4047],[-1.8455,52.3998],[-1.872,52.3676],[-1.889,52.3611],[-1.8649,52.3331],[-1.8686,52.3146],[-1.881,52.3109],[-1.8919,52.3214],[-1.955,52.321],[-1.982,52.3083],[-1.9842,52.2921],[-2.002,52.2881],[-2.0025,52.2796],[-2.0233,52.2781],[-2.0448,52.2877],[-2.0918,52.2886],[-2.0852,52.3135],[-2.1241,52.3145],[-2.1133,52.3372],[-2.1315,52.3471],[-2.1277,52.3522],[-2.1372,52.35],[-2.1192,52.3579],[-2.1377,52.3939],[-2.1262,52.4033],[-2.134,52.4103],[-2.1583,52.4093],[-2.1677,52.4238],[-2.1649,52.4302],[-2.136,52.4263],[-2.0933,52.4453],[-2.0861,52.4329],[-2.0681,52.4352],[-2.0625,52.4274],[-2.0558,52.4413],[-2.0379,52.4416],[-2.037,52.4275],[-2.017,52.4327]]]},"properties":{"PCON24CD":"E14001138","PCON24NM":"Bromsgrove"}},{"type":"Feature","geometry":{"type":"Polygon","coordinates":[[[0.0423,51.7751],[0.0181,51.7697],[0.0012,51.7451],[-0.0132,51.7426],[-0.0119,51.6809],[-0.1058,51.6919],[-0.1141,51.7208],[-0.0921,51.7432],[-0.0856,51.7789],[-0.0562,51.7833],[-0.0427,51.8002],[-0.0051,51.7987],[-0.0053,51.806],[0.0264,51.8044],[0.0345,51.8097],[0.0448,51.7991],[0.0299,51.7951],[0.0452,51.7862],[0.0423,51.7751]]]},"properties":{"PCON24CD":"E14001139","PCON24NM":"Broxbourne"}},{"type":"Feature","geometry":{"type":"Polygon","coordinates":[[[-1.2576,53.0409],[-1.2413,53.0312],[-1.2817,52.9971],[-1.2644,52.9679],[-1.2408,52.9631],[-1.2447,52.9495],[-1.1823,52.9173],[-1.199,52.9095],[-1.2109,52.9122],[-1.2205,52.8956],[-1.2397,52.8923],[-1.2461,52.9029],[-1.2818,52.9103],[-1.281,52.9492],[-1.2925,52.9556],[-1.2877,52.9697],[-1.3074,53.0036],[-1.3319,53.0311],[-1.3359,53.053],[-1.3035,53.0419],[-1.2848,53.0482],[-1.2576,53.0409]]]},"properties":{"PCON24CD":"E14001140","PCON24NM":"Broxtowe"}},{"type":"Feature","geometry":{"type":"Polygon","coordinates":[[[-0.8713,52.0402],[-0.8163,52.0054],[-0.8031,52.0127],[-0.7762,51.9997],[-0.7574,52.0149],[-0.7198,52.0129],[-0.6959,51.9901],[-0.7001,51.9844],[-0.6512,51.9682],[-0.6621,51.9555],[-0.6721,51.9559],[-0.6705,51.9436],[-0.6823,51.9428],[-0.7022,51.9091],[-0.7327,51.9232],[-0.7646,51.9035],[-0.7924,51.9025],[-0.8014,51.8906],[-0.8027,51.8977],[-0.8384,51.8973],[-0.8634,51.8769],[-0.8542,51.8711],[-0.859,51.8592],[-0.8882,51.8684],[-0.8973,51.8578],[-0.9428,51.8578],[-0.9865,51.8762],[-0.9737,51.893],[-0.9183,51.9067],[-0.9032,51.9222],[-0.9207,51.9447],[-0.9767,51.956],[-0.9881,51.9414],[-1.0061,51.9434],[-1.0206,51.935],[-1.0559,51.9426],[-1.0568,51.9493],[-1.079,51.9434],[-1.0952,51.9571],[-1.0532,52.0025],[-1.1367,52.0222],[-1.122,52.0451],[-1.0621,52.0627],[-1.0277,52.0637],[-1.0422,52.0737],[-0.9678,52.0709],[-0.9519,52.0815],[-0.906,52.0212],[-0.8901,52.0315],[-0.8776,52.0299],[-0.8713,52.0402]]]},"properties":{"PCON24CD":"E14001141","PCON24NM":"Buckingham and Bletchley"}},{"type":"Feature","geometry":{"type":"Polygon","coordinates":[[[-2.1123,53.8057],[-2.1284,53.799],[-2.1248,53.7881],[-2.1364,53.7801],[-2.1312,53.7515],[-2.1733,53.723],[-2.2326,53.7376],[-2.2517,53.755],[-2.2686,53.7423],[-2.2953,53.752],[-2.3141,53.747],[-2.3286,53.761],[-2.3423,53.7948],[-2.302,53.8211],[-2.3025,53.8138],[-2.2827,53.8074],[-2.2698,53.815],[-2.2771,53.8236],[-2.2539,53.831],[-2.2438,53.8273],[-2.2322,53.8365],[-2.2193,53.8254],[-2.2037,53.8334],[-2.1919,53.8232],[-2.1286,53.8198],[-2.1123,53.8057]]]},"properties":{"PCON24CD":"E14001142","PCON24NM":"Burnley"}},{"type":"Feature","geometry":{"type":"Polygon","coordinates":[[[-1.6352,52.853],[-1.5854,52.8316],[-1.6105,52.8164],[-1.5917,52.8093],[-1.5889,52.7999],[-1.6143,52.7883],[-1.6111,52.7814],[-1.6193,52.7852],[-1.627,52.7798],[-1.6382,52.7867],[-1.652,52.7795],[-1.6646,52.7855],[-1.67,52.7736],[-1.6848,52.7784],[-1.6796,52.7893],[-1.7043,52.8123],[-1.7801,52.8204],[-1.7778,52.8448],[-1.8027,52.8543],[-1.83,52.8425],[-1.8416,52.8545],[-1.8903,52.8607],[-1.9255,52.8792],[-1.9704,52.8855],[-1.9859,52.8953],[-1.9997,52.8923],[-2.0127,52.9066],[-2.0416,52.9175],[-1.9711,52.9408],[-1.9405,52.9315],[-1.9269,52.9413],[-1.9102,52.9398],[-1.9035,52.946],[-1.928,52.9597],[-1.8612,52.9749],[-1.8806,52.9946],[-1.8841,53.0201],[-1.8715,53.02],[-1.856,53.0341],[-1.8305,53.033],[-1.8131,53.0294],[-1.7961,53.0132],[-1.7848,53.0246],[-1.7948,53.0393],[-1.779,53.0449],[-1.7589,53.0373],[-1.7624,52.9999],[-1.8268,52.9771],[-1.8299,52.9455],[-1.8557,52.9271],[-1.8299,52.8964],[-1.8329,52.887],[-1.8117,52.8806],[-1.8018,52.8861],[-1.7909,52.8802],[-1.7771,52.8838],[-1.7254,52.8597],[-1.7045,52.8667],[-1.7027,52.8609],[-1.6894,52.8645],[-1.6352,52.853]]]},"properties":{"PCON24CD":"E14001143","PCON24NM":"Burton and Uttoxeter"}},{"type":"Feature","geometry":{"type":"Polygon","coordinates":[[[-2.2718,53.6145],[-2.2451,53.6001],[-2.2768,53.5914],[-2.3008,53.5618],[-2.3037,53.5769],[-2.3414,53.5898],[-2.3521,53.58],[-2.3354,53.5671],[-2.3573,53.5633],[-2.374,53.5708],[-2.3771,53.5929],[-2.363,53.6103],[-2.3794,53.6203],[-2.3791,53.6309],[-2.3701,53.6319],[-2.3626,53.6559],[-2.3712,53.6671],[-2.3167,53.6549],[-2.3002,53.667],[-2.2952,53.6402],[-2.2718,53.6145]]]},"properties":{"PCON24CD":"E14001144","PCON24NM":"Bury North"}},{"type":"Feature","geometry":{"type":"Polygon","coordinates":[[[-2.2814,53.5827],[-2.2551,53.5829],[-2.2358,53.5482],[-2.2372,53.5389],[-2.2517,53.5446],[-2.2686,53.5368],[-2.2641,53.5247],[-2.2466,53.5292],[-2.257,53.5179],[-2.2452,53.5122],[-2.2503,53.508],[-2.2721,53.5098],[-2.2813,53.5007],[-2.3104,53.5271],[-2.3382,53.5336],[-2.3415,53.5459],[-2.3736,53.5539],[-2.3583,53.5532],[-2.3573,53.5633],[-2.3354,53.5671],[-2.3521,53.58],[-2.3414,53.5898],[-2.3037,53.5769],[-2.3008,53.5618],[-2.2814,53.5827]]]},"properties":{"PCON24CD":"E14001145","PCON24NM":"Bury South"}},{"type":"Feature","geometry":{"type":"Polygon","coordinates":[[[0.9675,52.3701],[0.9532,52.356],[0.9573,52.3404],[0.9327,52.3357],[0.9257,52.3274],[0.9311,52.3129],[0.9002,52.2989],[0.8829,52.3001],[0.8815,52.2735],[0.911,52.2568],[0.9557,52.2557],[0.9176,52.2246],[0.9266,52.2132],[0.9426,52.2097],[0.9613,52.2182],[0.9658,52.2015],[0.9912,52.2018],[1.033,52.1827],[1.0299,52.1736],[1.0014,52.1664],[0.9927,52.1527],[0.9466,52.1455],[0.938,52.1575],[0.8924,52.1505],[0.8939,52.1577],[0.8816,52.1547],[0.8688,52.1656],[0.826,52.1626],[0.7866,52.1779],[0.7651,52.1739],[0.7615,52.1579],[0.742,52.1593],[0.7383,52.17],[0.7231,52.165],[0.716,52.1777],[0.7304,52.1786],[0.7383,52.1887],[0.7536,52.182],[0.7626,52.1913],[0.7711,52.1883],[0.7759,52.2108],[0.75,52.2124],[0.732,52.2283],[0.7051,52.2224],[0.6739,52.2489],[0.6852,52.2573],[0.6649,52.2575],[0.6811,52.2885],[0.7249,52.2963],[0.7384,52.3485],[0.6747,52.357],[0.7124,52.3946],[0.7376,52.3951],[0.7498,52.3829],[0.766,52.3904],[0.7847,52.3862],[0.8542,52.3996],[0.866,52.3905],[0.9311,52.3887],[0.9675,52.3701]]]},"properties":{"PCON24CD":"E14001146","PCON24NM":"Bury St Edmunds and Stowmarket"}},{"type":"Feature","geometry":{"type":"Polygon","coordinates":[[[-1.9507,53.786],[-1.9252,53.7624],[-1.9203,53.7283],[-1.9329,53.7287],[-1.9203,53.7122],[-1.9425,53.7134],[-1.9599,53.6999],[-1.9344,53.688],[-1.9032,53.7083],[-1.8513,53.6924],[-1.8399,53.6999],[-1.8144,53.7002],[-1.8212,53.7238],[-1.8441,53.7243],[-1.7925,53.7449],[-1.7701,53.7263],[-1.7536,53.7259],[-1.7359,53.7132],[-1.7314,53.6804],[-1.7473,53.6946],[-1.8188,53.6729],[-1.8537,53.6725],[-1.8436,53.6661],[-1.8946,53.6454],[-1.9342,53.6483],[-1.9727,53.6258],[-2.023,53.6158],[-2.0512,53.6837],[-2.0929,53.6702],[-2.1181,53.6712],[-2.1341,53.6857],[-2.1423,53.678],[-2.1733,53.723],[-2.1312,53.7515],[-2.1364,53.7801],[-2.1248,53.7881],[-2.1284,53.799],[-2.0612,53.8256],[-1.9868,53.7962],[-1.9808,53.7864],[-1.9507,53.786]]]},"properties":{"PCON24CD":"E14001147","PCON24NM":"Calder Valley"}},{"type":"Feature","geometry":{"type":"Polygon","coordinates":[[[-5.0925,50.1244],[-5.0818,50.1094],[-5.0948,50.1023],[-5.1347,50.1001],[-5.1375,50.103],[-5.1303,50.1102],[-5.1379,50.1117],[-5.1453,50.0987],[-5.1605,50.097],[-5.1649,50.1126],[-5.1691,50.0998],[-5.1595,50.094],[-5.1994,50.0894],[-5.1885,50.1076],[-5.2127,50.1204],[-5.2084,50.1455],[-5.1835,50.15],[-5.1789,50.1659],[-5.197,50.1684],[-5.2281,50.2053],[-5.2752,50.1787],[-5.317,50.196],[-5.328,50.1705],[-5.3817,50.1586],[-5.3962,50.1721],[-5.437,50.1761],[-5.435,50.1936],[-5.3936,50.2256],[-5.3953,50.2405],[-5.3684,50.2362],[-5.3248,50.2443],[-5.2437,50.2869],[-5.2355,50.3007],[-5.2341,50.3184],[-5.2006,50.3201],[-5.1742,50.3419],[-5.1538,50.3461],[-5.1517,50.3545],[-5.1332,50.3501],[-5.1388,50.3343],[-5.0932,50.3137],[-5.1493,50.2885],[-5.1965,50.2552],[-5.1224,50.2296],[-5.1518,50.2069],[-5.1497,50.1757],[-5.1218,50.1789],[-5.1171,50.1726],[-5.1448,50.1392],[-5.1197,50.1375],[-5.0996,50.1234],[-5.0925,50.1244]]]},"properties":{"PCON24CD":"E14001148","PCON24NM":"Camborne and Redruth"}},{"type":"Feature","geometry":{"type":"Polygon","coordinates":[[[0.1714,52.2338],[0.1549,52.2265],[0.1759,52.2173],[0.1673,52.2041],[0.1799,52.2023],[0.1599,52.2],[0.1702,52.1919],[0.1594,52.1843],[0.1326,52.187],[0.132,52.1682],[0.1034,52.1579],[0.1047,52.1907],[0.0687,52.2149],[0.1299,52.2357],[0.1475,52.2298],[0.1553,52.2373],[0.1714,52.2338]]]},"properties":{"PCON24CD":"E14001149","PCON24NM":"Cambridge"}},{"type":"Feature","geometry":{"type":"Polygon","coordinates":[[[-1.9546,52.6627],[-1.961,52.6428],[-1.9866,52.6404],[-2.0019,52.6674],[-2.0505,52.6773],[-2.0546,52.6901],[-2.0311,52.7051],[-2.0185,52.7588],[-1.9731,52.7616],[-1.944,52.7737],[-1.9116,52.7593],[-1.9108,52.7512],[-1.9377,52.7163],[-1.9155,52.7106],[-1.9593,52.6841],[-1.9546,52.6627]]]},"properties":{"PCON24CD":"E14001150","PCON24NM":"Cannock Chase"}},{"type":"Feature","geometry":{"type":"Polygon","coordinates":[[[1.2063,51.2463],[1.1855,51.2178],[1.1985,51.2192],[1.2207,51.2054],[1.1946,51.1841],[1.1808,51.1905],[1.1634,51.1842],[1.1536,51.1909],[1.1476,51.1772],[1.116,51.1878],[1.1181,51.1963],[1.109,51.187],[1.0912,51.189],[1.0583,51.205],[1.0548,51.1886],[1.0398,51.1822],[1.004,51.1801],[0.9897,51.1908],[1.0054,51.2085],[0.9862,51.2359],[0.9982,51.2512],[0.9733,51.2686],[1.006,51.2838],[1.0067,51.3095],[1.0171,51.3129],[0.972,51.3382],[0.9581,51.3379],[0.9504,51.3456],[1.0052,51.3492],[1.0332,51.3656],[1.082,51.3691],[1.077,51.349],[1.0927,51.3338],[1.0846,51.3147],[1.0928,51.3155],[1.1212,51.2852],[1.2026,51.323],[1.2248,51.3218],[1.2293,51.316],[1.214,51.3114],[1.1999,51.2916],[1.2122,51.2826],[1.1926,51.2572],[1.2115,51.2524],[1.2063,51.2463]]]},"properties":{"PCON24CD":"E14001151","PCON24NM":"Canterbury"}},{"type":"Feature","geometry":{"type":"Polygon","coordinates":[[[-2.5827,54.8459],[-2.6037,54.8533],[-2.6553,54.8547],[-2.6801,54.8353],[-2.7012,54.8336],[-2.6898,54.8192],[-2.7292,54.8187],[-2.7496,54.8291],[-2.7564,54.8229],[-2.7994,54.8187],[-2.8487,54.8331],[-2.8514,54.85],[-2.8888,54.8723],[-2.9244,54.8679],[-2.9435,54.8775],[-2.9657,54.8691],[-2.9838,54.876],[-2.9914,54.8967],[-2.9781,54.9021],[-2.9839,54.9125],[-2.9731,54.9136],[-3.0105,54.9198],[-3.0013,54.9361],[-3.0087,54.9468],[-3.0537,54.948],[-3.0991,54.9319],[-3.1189,54.9346],[-3.1252,54.944],[-3.1139,54.9407],[-3.1219,54.9445],[-3.1142,54.9472],[-3.1271,54.9509],[-3.0957,54.9462],[-3.1173,54.9559],[-3.1056,54.9507],[-3.1116,54.9576],[-3.0854,54.9652],[-3.0633,54.9835],[-3.0483,54.9834],[-3.0531,54.9921],[-3.0259,55.0365],[-3.0534,55.0473],[-3.0509,55.0528],[-2.9586,55.0493],[-2.9364,55.0596],[-2.9404,55.0691],[-2.8969,55.0779],[-2.8863,55.0948],[-2.8276,55.1248],[-2.8255,55.1383],[-2.7848,55.1418],[-2.7035,55.1732],[-2.6898,55.189],[-2.6746,55.1759],[-2.6773,55.1555],[-2.6569,55.1361],[-2.5989,55.1246],[-2.5935,55.1051],[-2.5684,55.0963],[-2.5621,55.0835],[-2.5026,55.0908],[-2.4861,55.0824],[-2.504,55.0624],[-2.483,55.04],[-2.5729,55.0164],[-2.5733,54.9876],[-2.6014,54.9713],[-2.5956,54.9635],[-2.5685,54.9584],[-2.5676,54.9409],[-2.5453,54.9292],[-2.5662,54.9192],[-2.5764,54.8967],[-2.6054,54.8844],[-2.5734,54.8535],[-2.5827,54.8459]]]},"properties":{"PCON24CD":"E14001152","PCON24NM":"Carlisle"}},{"type":"Feature","geometry":{"type":"Polygon","coordinates":[[[-0.1343,51.3908],[-0.1173,51.3457],[-0.1446,51.3421],[-0.1456,51.3235],[-0.1565,51.3215],[-0.1875,51.3408],[-0.1736,51.358],[-0.1882,51.3603],[-0.1786,51.3616],[-0.1825,51.3768],[-0.2003,51.3849],[-0.1748,51.3934],[-0.1652,51.388],[-0.1343,51.3908]]]},"properties":{"PCON24CD":"E14001153","PCON24NM":"Carshalton and Wallington"}},{"type":"Feature","geometry":{"type":"Polygon","coordinates":[[[0.6321,51.5705],[0.6269,51.5383],[0.6083,51.5349],[0.5721,51.5414],[0.6221,51.5269],[0.6184,51.5203],[0.6369,51.5219],[0.5734,51.5079],[0.5537,51.5099],[0.518,51.53],[0.5053,51.5437],[0.5232,51.5644],[0.5235,51.5902],[0.5684,51.5881],[0.6321,51.5705]]]},"properties":{"PCON24CD":"E14001154","PCON24NM":"Castle Point"}},{"type":"Feature","geometry":{"type":"Polygon","coordinates":[[[-3.4775,50.8708],[-3.4593,50.8601],[-3.4704,50.8397],[-3.4642,50.8316],[-3.434,50.8291],[-3.4114,50.8364],[-3.4061,50.8233],[-3.4433,50.8003],[-3.4608,50.8033],[-3.4833,50.792],[-3.4807,50.7994],[-3.5025,50.799],[-3.4968,50.817],[-3.5074,50.8273],[-3.505,50.8144],[-3.5267,50.7975],[-3.5247,50.787],[-3.572,50.7885],[-3.5634,50.775],[-3.5474,50.773],[-3.5568,50.758],[-3.5705,50.7602],[-3.5856,50.744],[-3.5697,50.745],[-3.5628,50.7069],[-3.5391,50.6929],[-3.5018,50.6943],[-3.4689,50.6828],[-3.4682,50.664],[-3.4513,50.6471],[-3.4517,50.6425],[-3.5093,50.6554],[-3.5194,50.6366],[-3.551,50.6218],[-3.5508,50.5996],[-3.5891,50.5851],[-3.6144,50.5921],[-3.6268,50.5753],[-3.6412,50.576],[-3.6597,50.5587],[-3.6605,50.5348],[-3.6848,50.5213],[-3.713,50.5271],[-3.7232,50.5214],[-3.6739,50.5016],[-3.6794,50.4936],[-3.7166,50.5042],[-3.7276,50.4977],[-3.7418,50.508],[-3.7653,50.5061],[-3.7692,50.4858],[-3.7589,50.4668],[-3.7767,50.4639],[-3.7982,50.4894],[-3.7759,50.4956],[-3.7918,50.5014],[-3.7848,50.5177],[-3.7995,50.5217],[-3.7992,50.5362],[-3.8272,50.5164],[-3.8447,50.5344],[-3.8714,50.5341],[-3.8756,50.5424],[-3.8697,50.5713],[-3.8809,50.5844],[-3.8725,50.6126],[-3.882,50.6383],[-3.9002,50.6468],[-3.8967,50.6553],[-3.9372,50.6599],[-3.944,50.6721],[-3.9359,50.6888],[-3.9733,50.7064],[-4.0192,50.6735],[-4.0459,50.6953],[-4.0617,50.6869],[-4.0443,50.7295],[-4.0835,50.7273],[-4.1153,50.7567],[-4.1252,50.7483],[-4.1535,50.7454],[-4.1632,50.7718],[-4.1842,50.7839],[-4.1665,50.787],[-4.1691,50.7916],[-4.1908,50.7897],[-4.1688,50.7977],[-4.1772,50.8072],[-4.1583,50.8154],[-4.164,50.8309],[-4.1407,50.8321],[-4.1287,50.8441],[-4.1028,50.8354],[-4.1031,50.8503],[-4.0854,50.8578],[-4.09,50.8673],[-4.0687,50.8746],[-4.052,50.8627],[-4.04,50.8685],[-4.0365,50.8594],[-3.995,50.8692],[-3.9954,50.8518],[-3.9589,50.8554],[-3.9405,50.8256],[-3.9057,50.8295],[-3.8838,50.8474],[-3.9035,50.8479],[-3.9259,50.8696],[-3.8986,50.8775],[-3.9202,50.8977],[-3.9042,50.9051],[-3.8291,50.907],[-3.8168,50.9146],[-3.817,50.9018],[-3.7833,50.9025],[-3.7559,50.8764],[-3.7347,50.8907],[-3.7281,50.9108],[-3.624,50.9218],[-3.6233,50.9138],[-3.5986,50.9142],[-3.591,50.905],[-3.5507,50.8933],[-3.5116,50.8567],[-3.4775,50.8708]]]},"properties":{"PCON24CD":"E14001155","PCON24NM":"Central Devon"}},{"type":"Feature","geometry":{"type":"Polygon","coordinates":[[[1.4016,52.2857],[1.4117,52.2841],[1.4244,52.2602],[1.4572,52.2476],[1.4644,52.2308],[1.4433,52.2149],[1.441,52.2007],[1.4566,52.1897],[1.4843,52.1857],[1.4879,52.1733],[1.4817,52.1672],[1.4522,52.1731],[1.416,52.1646],[1.4329,52.1382],[1.4002,52.1416],[1.388,52.1372],[1.3897,52.1275],[1.3587,52.1145],[1.3407,52.1219],[1.3206,52.1202],[1.285,52.0955],[1.2853,52.0824],[1.2712,52.0839],[1.2538,52.0509],[1.2267,52.0502],[1.206,52.0412],[1.2065,52.064],[1.1899,52.0804],[1.1518,52.0786],[1.1543,52.0721],[1.1331,52.0713],[1.122,52.0615],[1.1076,52.0721],[1.0913,52.0654],[1.0591,52.0663],[1.0466,52.0781],[1.0414,52.0686],[1.0288,52.0699],[1.0038,52.0986],[0.9708,52.0957],[0.9731,52.1069],[0.9515,52.1106],[0.9466,52.1455],[0.9927,52.1527],[1.0014,52.1664],[1.0299,52.1736],[1.033,52.1827],[1.0226,52.1853],[1.0538,52.1997],[1.0631,52.2216],[1.1418,52.2271],[1.1542,52.2486],[1.1806,52.2532],[1.1753,52.278],[1.1854,52.2856],[1.209,52.2753],[1.2042,52.2699],[1.2283,52.2663],[1.2155,52.2572],[1.2332,52.2367],[1.2256,52.2309],[1.2474,52.2287],[1.2867,52.2405],[1.301,52.259],[1.3398,52.2659],[1.3413,52.2844],[1.3276,52.2985],[1.3473,52.2934],[1.3444,52.2821],[1.3557,52.2741],[1.4016,52.2857]]]},"properties":{"PCON24CD":"E14001156","PCON24NM":"Central Suffolk and North Ipswich"}},{"type":"Feature","geometry":{"type":"Polygon","coordinates":[[[0.5362,51.3784],[0.5524,51.3735],[0.5635,51.3387],[0.544,51.3279],[0.5256,51.3347],[0.5116,51.3064],[0.4927,51.3013],[0.4687,51.3018],[0.4579,51.313],[0.4489,51.2996],[0.4309,51.298],[0.4303,51.3246],[0.4073,51.3353],[0.4159,51.3385],[0.3902,51.3419],[0.4013,51.353],[0.3999,51.3445],[0.4186,51.3479],[0.4532,51.3406],[0.4517,51.3668],[0.4944,51.3526],[0.5108,51.3791],[0.5362,51.3784]]]},"properties":{"PCON24CD":"E14001157","PCON24NM":"Chatham and Aylesford"}},{"type":"Feature","geometry":{"type":"Polygon","coordinates":[[[-2.1463,53.393],[-2.1337,53.3959],[-2.1312,53.3819],[-2.1173,53.375],[-2.1279,53.3646],[-2.139,53.3673],[-2.1537,53.3279],[-2.1849,53.3327],[-2.1942,53.3387],[-2.181,53.344],[-2.1854,53.3527],[-2.2408,53.3596],[-2.2468,53.3961],[-2.2126,53.407],[-2.1861,53.3969],[-2.1879,53.3881],[-2.1555,53.3823],[-2.1463,53.393]]]},"properties":{"PCON24CD":"E14001158","PCON24NM":"Cheadle"}},{"type":"Feature","geometry":{"type":"Polygon","coordinates":[[[0.5325,51.7443],[0.5216,51.742],[0.5132,51.7111],[0.5202,51.7018],[0.4972,51.7033],[0.4949,51.7099],[0.4691,51.7087],[0.4455,51.6887],[0.4473,51.737],[0.4349,51.748],[0.441,51.7564],[0.4831,51.7532],[0.4842,51.7648],[0.5008,51.7631],[0.5001,51.7721],[0.51,51.7727],[0.5102,51.757],[0.5325,51.7443]]]},"properties":{"PCON24CD":"E14001159","PCON24NM":"Chelmsford"}},{"type":"Feature","geometry":{"type":"Polygon","coordinates":[[[-0.1498,51.4845],[-0.1742,51.4805],[-0.1878,51.465],[-0.2217,51.4723],[-0.2273,51.4857],[-0.2024,51.4917],[-0.1791,51.4871],[-0.1558,51.4947],[-0.1498,51.4845]]]},"properties":{"PCON24CD":"E14001160","PCON24NM":"Chelsea and Fulham"}},{"type":"Feature","geometry":{"type":"Polygon","coordinates":[[[-2.0102,51.9029],[-2.0253,51.8643],[-2.0465,51.8583],[-2.0768,51.8729],[-2.0923,51.8712],[-2.0975,51.8789],[-2.1278,51.8797],[-2.1262,51.8875],[-2.1424,51.8845],[-2.1315,51.9084],[-2.1276,51.9022],[-2.0992,51.9138],[-2.088,51.9073],[-2.0802,51.916],[-2.0102,51.9029]]]},"properties":{"PCON24CD":"E14001161","PCON24NM":"Cheltenham"}},{"type":"Feature","geometry":{"type":"Polygon","coordinates":[[[-0.5637,51.7396],[-0.5501,51.7306],[-0.5632,51.7119],[-0.544,51.6968],[-0.5487,51.6827],[-0.5243,51.6821],[-0.5051,51.6731],[-0.521,51.668],[-0.5228,51.6584],[-0.5369,51.6604],[-0.5393,51.638],[-0.5225,51.6051],[-0.5318,51.5963],[-0.5245,51.5864],[-0.5376,51.5686],[-0.5491,51.5673],[-0.6066,51.5879],[-0.5962,51.5953],[-0.6087,51.5982],[-0.6164,51.6138],[-0.6127,51.6324],[-0.6402,51.6347],[-0.6427,51.6191],[-0.6759,51.6082],[-0.6973,51.646],[-0.7258,51.6435],[-0.7263,51.6582],[-0.7056,51.6647],[-0.7162,51.6766],[-0.6841,51.6805],[-0.6515,51.6743],[-0.6416,51.6891],[-0.6252,51.688],[-0.6182,51.6962],[-0.6336,51.6981],[-0.6432,51.7105],[-0.6176,51.7296],[-0.6032,51.7279],[-0.6129,51.7474],[-0.5864,51.7521],[-0.5749,51.737],[-0.5637,51.7396]]]},"properties":{"PCON24CD":"E14001162","PCON24NM":"Chesham and Amersham"}},{"type":"Feature","geometry":{"type":"Polygon","coordinates":[[[-2.9802,53.3047],[-2.9466,53.3055],[-2.947,53.2856],[-2.9633,53.2867],[-2.9696,53.275],[-2.9384,53.2669],[-2.9271,53.2516],[-2.9119,53.256],[-2.8913,53.2535],[-2.8763,53.2414],[-2.859,53.2177],[-2.8679,53.2124],[-2.8479,53.1944],[-2.8575,53.1769],[-2.8716,53.1806],[-2.8741,53.1915],[-2.9004,53.1832],[-2.9055,53.1933],[-2.9204,53.1826],[-2.9492,53.2111],[-3.036,53.2518],[-3.1123,53.2627],[-3.1072,53.272],[-3.0888,53.268],[-3.0855,53.2723],[-3.1101,53.2768],[-3.0775,53.2796],[-3.1081,53.2783],[-3.0892,53.2861],[-3.1023,53.2807],[-3.1074,53.2819],[-3.097,53.2893],[-3.1096,53.2826],[-3.1203,53.2886],[-3.1052,53.2916],[-3.123,53.2893],[-3.1139,53.2944],[-3.0963,53.294],[-3.109,53.297],[-3.0742,53.3164],[-3.0261,53.2977],[-2.9802,53.3047]]]},"properties":{"PCON24CD":"E14001163","PCON24NM":"Chester North and Neston"}},{"type":"Feature","geometry":{"type":"Polygon","coordinates":[[[-2.5571,53.26],[-2.5427,53.256],[-2.559,53.2558],[-2.5781,53.2446],[-2.5664,53.2276],[-2.6144,53.2212],[-2.6253,53.2068],[-2.5799,53.197],[-2.5666,53.1623],[-2.5459,53.1506],[-2.4997,53.1642],[-2.4691,53.1528],[-2.4565,53.1569],[-2.4542,53.1257],[-2.5019,53.1243],[-2.5034,53.0905],[-2.5404,53.0604],[-2.5256,53.0618],[-2.4965,53.0356],[-2.4757,53.0397],[-2.4755,53.0603],[-2.4341,53.0553],[-2.39,53.0637],[-2.3751,53.0545],[-2.3851,53.0481],[-2.3842,53.0262],[-2.3704,53.0145],[-2.383,53.0078],[-2.3808,52.9984],[-2.4368,52.9863],[-2.4347,52.9696],[-2.4811,52.9588],[-2.5214,52.9743],[-2.5295,52.9472],[-2.5613,52.965],[-2.5864,52.9554],[-2.5977,52.963],[-2.5949,52.9796],[-2.6327,52.9967],[-2.6747,52.9857],[-2.6993,52.9954],[-2.7268,52.9833],[-2.7599,52.9864],[-2.7683,52.9949],[-2.8033,52.9896],[-2.836,52.9972],[-2.8441,53.0177],[-2.861,53.0228],[-2.8557,53.0373],[-2.8701,53.0454],[-2.8592,53.0543],[-2.8726,53.0586],[-2.8615,53.0607],[-2.8816,53.0744],[-2.8757,53.0815],[-2.9021,53.092],[-2.8811,53.1216],[-2.9102,53.1126],[-2.9638,53.1328],[-2.9795,53.1506],[-2.9951,53.1542],[-2.944,53.1652],[-2.9055,53.1933],[-2.9004,53.1832],[-2.8741,53.1915],[-2.8716,53.1806],[-2.8575,53.1769],[-2.8479,53.1944],[-2.7165,53.2162],[-2.7118,53.2345],[-2.6906,53.2393],[-2.6897,53.2574],[-2.669,53.2544],[-2.6496,53.2666],[-2.6449,53.283],[-2.6165,53.2878],[-2.5925,53.272],[-2.5603,53.2708],[-2.5571,53.26]]]},"properties":{"PCON24CD":"E14001164","PCON24NM":"Chester South and Eddisbury"}},{"type":"Feature","geometry":{"type":"Polygon","coordinates":[[[-1.3313,53.2572],[-1.3192,53.2395],[-1.3471,53.2395],[-1.3508,53.2463],[-1.3803,53.2438],[-1.4008,53.2343],[-1.3956,53.2227],[-1.4014,53.2137],[-1.4208,53.2125],[-1.4799,53.2226],[-1.484,53.2325],[-1.4715,53.2394],[-1.4816,53.2465],[-1.4707,53.2573],[-1.4807,53.2634],[-1.4641,53.268],[-1.4585,53.2831],[-1.4232,53.2827],[-1.4111,53.267],[-1.3498,53.2687],[-1.3525,53.2626],[-1.3313,53.2572]]]},"properties":{"PCON24CD":"E14001165","PCON24NM":"Chesterfield"}},{"type":"Feature","geometry":{"type":"Polygon","coordinates":[[[-0.6553,50.8044],[-0.6611,50.7968],[-0.6759,50.8003],[-0.7196,50.79],[-0.7281,50.7708],[-0.7543,50.7589],[-0.7504,50.7626],[-0.763,50.7729],[-0.7868,50.7599],[-0.7718,50.7635],[-0.7618,50.7512],[-0.75,50.7567],[-0.7892,50.7225],[-0.9153,50.7807],[-0.9154,50.789],[-0.908,50.787],[-0.9109,50.7813],[-0.9052,50.7821],[-0.8775,50.8078],[-0.8446,50.7993],[-0.8255,50.8044],[-0.8077,50.8305],[-0.8138,50.8339],[-0.8198,50.8169],[-0.8427,50.8046],[-0.8688,50.8139],[-0.8512,50.8276],[-0.8612,50.828],[-0.8584,50.8397],[-0.8699,50.8401],[-0.8654,50.8272],[-0.8768,50.8115],[-0.8922,50.8184],[-0.894,50.8381],[-0.9131,50.84],[-0.9079,50.7985],[-0.9426,50.8154],[-0.9265,50.8641],[-0.9576,50.8906],[-0.9402,50.9181],[-0.924,50.9242],[-0.9312,50.9353],[-0.8906,50.9375],[-0.8524,50.9532],[-0.8406,50.9291],[-0.8201,50.9525],[-0.8045,50.9376],[-0.7844,50.9396],[-0.7608,50.9119],[-0.7614,50.8924],[-0.7214,50.8866],[-0.7375,50.8543],[-0.6861,50.8547],[-0.6942,50.8448],[-0.6866,50.8211],[-0.6553,50.8044]]]},"properties":{"PCON24CD":"E14001166","PCON24NM":"Chichester"}},{"type":"Feature","geometry":{"type":"Polygon","coordinates":[[[0.0728,51.6047],[0.0774,51.5969],[0.0562,51.6011],[0.0376,51.5939],[-0.0012,51.5924],[-0.0017,51.6043],[-0.0171,51.6012],[-0.0339,51.6095],[-0.0123,51.6462],[0.0227,51.6411],[0.0218,51.6288],[0.0728,51.6047]]]},"properties":{"PCON24CD":"E14001167","PCON24NM":"Chingford and Woodford Green"}},{"type":"Feature","geometry":{"type":"Polygon","coordinates":[[[-1.8442,51.5431],[-1.8299,51.5145],[-1.837,51.5109],[-1.8467,51.5244],[-1.8376,51.5008],[-1.8135,51.507],[-1.7978,51.4844],[-1.8221,51.4585],[-1.8452,51.4666],[-1.8979,51.4639],[-1.8795,51.4425],[-1.9154,51.4132],[-1.9753,51.404],[-1.9753,51.4271],[-2.0001,51.4358],[-2.0084,51.4277],[-2.0294,51.4368],[-2.034,51.4193],[-2.0825,51.4129],[-2.0881,51.4053],[-2.2042,51.4003],[-2.2349,51.4209],[-2.2199,51.4418],[-2.2069,51.4443],[-2.2064,51.4531],[-2.15,51.4468],[-2.1496,51.4636],[-2.1324,51.4789],[-2.0822,51.469],[-2.0663,51.4815],[-2.0556,51.48],[-2.0657,51.4845],[-2.0641,51.5],[-2.0357,51.4986],[-2.0394,51.5051],[-2.0195,51.5038],[-2.0043,51.5188],[-1.9672,51.5193],[-1.9395,51.5456],[-1.9462,51.5752],[-1.8384,51.5801],[-1.8451,51.5617],[-1.8601,51.5652],[-1.8651,51.5596],[-1.8442,51.5431]]]},"properties":{"PCON24CD":"E14001168","PCON24NM":"Chippenham"}},{"type":"Feature","geometry":{"type":"Polygon","coordinates":[[[-0.182,51.6687],[-0.1859,51.6628],[-0.1547,51.6555],[-0.1291,51.6323],[-0.1445,51.6155],[-0.1562,51.6275],[-0.1608,51.6199],[-0.1781,51.6236],[-0.2021,51.6051],[-0.2162,51.6153],[-0.2019,51.6247],[-0.2354,51.6305],[-0.2769,51.6213],[-0.3026,51.6362],[-0.2574,51.6418],[-0.2506,51.6561],[-0.2121,51.6614],[-0.2034,51.6701],[-0.1911,51.6639],[-0.182,51.6687]]]},"properties":{"PCON24CD":"E14001169","PCON24NM":"Chipping Barnet"}},{"type":"Feature","geometry":{"type":"Polygon","coordinates":[[[-2.5616,53.7469],[-2.5567,53.7269],[-2.5395,53.7147],[-2.5398,53.7022],[-2.5154,53.6917],[-2.5324,53.6649],[-2.5113,53.627],[-2.5692,53.5956],[-2.5959,53.6108],[-2.6259,53.5937],[-2.6346,53.6083],[-2.6895,53.6043],[-2.6946,53.6158],[-2.6743,53.6159],[-2.6761,53.6235],[-2.6527,53.6327],[-2.6561,53.6477],[-2.6751,53.6657],[-2.7177,53.666],[-2.7081,53.6815],[-2.6588,53.6807],[-2.6579,53.6907],[-2.6776,53.697],[-2.6584,53.7177],[-2.652,53.712],[-2.6298,53.7172],[-2.612,53.7386],[-2.5768,53.7513],[-2.5616,53.7469]]]},"properties":{"PCON24CD":"E14001170","PCON24NM":"Chorley"}},{"type":"Feature","geometry":{"type":"Polygon","coordinates":[[[-1.8509,50.8587],[-1.8295,50.8553],[-1.8071,50.8633],[-1.8025,50.843],[-1.7906,50.8363],[-1.8036,50.83],[-1.8121,50.8068],[-1.7879,50.7666],[-1.7488,50.7795],[-1.739,50.7633],[-1.7442,50.7475],[-1.6818,50.7519],[-1.6919,50.7373],[-1.7245,50.734],[-1.7423,50.7235],[-1.7573,50.7311],[-1.7617,50.7221],[-1.7938,50.7307],[-1.7962,50.7393],[-1.8155,50.7433],[-1.8171,50.7571],[-1.8422,50.7615],[-1.8512,50.7736],[-1.8743,50.7648],[-1.8938,50.7801],[-1.9199,50.7738],[-1.9196,50.784],[-1.937,50.7827],[-1.9419,50.7999],[-1.9277,50.8067],[-1.9329,50.8209],[-1.9046,50.8233],[-1.8818,50.8652],[-1.8618,50.8648],[-1.8551,50.854],[-1.8509,50.8587]]]},"properties":{"PCON24CD":"E14001171","PCON24NM":"Christchurch"}},{"type":"Feature","geometry":{"type":"Polygon","coordinates":[[[-0.1053,51.5186],[-0.0785,51.5215],[-0.0745,51.51],[-0.0802,51.5069],[-0.1092,51.5099],[-0.1295,51.4859],[-0.1498,51.4845],[-0.1585,51.5022],[-0.1795,51.4978],[-0.1707,51.5099],[-0.1849,51.5195],[-0.164,51.5252],[-0.1768,51.5246],[-0.1887,51.5345],[-0.1604,51.5373],[-0.1276,51.5127],[-0.1053,51.5186]]]},"properties":{"PCON24CD":"E14001172","PCON24NM":"Cities of London and Westminster"}},{"type":"Feature","geometry":{"type":"Polygon","coordinates":[[[-1.4375,54.8005],[-1.4483,54.7889],[-1.469,54.7903],[-1.4716,54.7789],[-1.4523,54.7716],[-1.4623,54.7628],[-1.4566,54.747],[-1.4942,54.7561],[-1.537,54.7372],[-1.5815,54.7505],[-1.5797,54.7399],[-1.5953,54.7302],[-1.6482,54.7079],[-1.6891,54.7033],[-1.6932,54.6919],[-1.6762,54.692],[-1.6823,54.6735],[-1.7039,54.6744],[-1.7255,54.6858],[-1.7302,54.6996],[-1.7104,54.7008],[-1.7156,54.7111],[-1.706,54.7136],[-1.7364,54.7274],[-1.7269,54.729],[-1.7403,54.7429],[-1.7278,54.7582],[-1.8066,54.7466],[-1.8813,54.7784],[-1.8712,54.7918],[-1.8419,54.8027],[-1.7915,54.8014],[-1.8037,54.7939],[-1.7961,54.7887],[-1.7786,54.7993],[-1.7381,54.7906],[-1.737,54.7984],[-1.7175,54.7954],[-1.7065,54.8051],[-1.6547,54.8065],[-1.6642,54.8254],[-1.6478,54.8258],[-1.6411,54.8145],[-1.6225,54.8114],[-1.5842,54.8231],[-1.5143,54.8284],[-1.5164,54.8348],[-1.5036,54.8375],[-1.4819,54.8097],[-1.4935,54.8],[-1.4375,54.8005]]]},"properties":{"PCON24CD":"E14001173","PCON24NM":"City of Durham"}},{"type":"Feature","geometry":{"type":"MultiPolygon","coordinates":[[[[1.2218,51.872],[1.2067,51.8707],[1.2247,51.8803],[1.2218,51.872]]],[[[1.2629,51.8802],[1.2637,51.873],[1.255,51.8745],[1.2629,51.8802]]],[[[1.2575,51.8835],[1.2446,51.8689],[1.2264,51.8753],[1.2297,51.8815],[1.2575,51.8835]]],[[[1.234,51.8937],[1.2427,51.8866],[1.2316,51.8875],[1.234,51.8937]]],[[[1.1591,51.9141],[1.1924,51.9115],[1.2001,51.9216],[1.2276,51.927],[1.2538,51.905],[1.252,51.9022],[1.2463,51.8957],[1.251,51.9022],[1.226,51.9038],[1.212,51.8966],[1.2283,51.8905],[1.2124,51.8904],[1.199,51.8848],[1.2098,51.8785],[1.1782,51.8714],[1.2116,51.8664],[1.2264,51.8721],[1.2324,51.8551],[1.2358,51.8614],[1.2492,51.8623],[1.25,51.8561],[1.2526,51.8638],[1.2666,51.8636],[1.2691,51.8518],[1.2678,51.8771],[1.2861,51.8757],[1.2699,51.8773],[1.2641,51.886],[1.2902,51.8743],[1.2879,51.8624],[1.2318,51.8176],[1.1289,51.7754],[1.0434,51.7697],[1.0178,51.8012],[1.0438,51.8025],[1.0678,51.8211],[1.062,51.8216],[1.043,51.8529],[1.0137,51.8571],[1.0102,51.8658],[1.0201,51.8756],[1.0554,51.8773],[1.0613,51.9049],[1.0894,51.8966],[1.0863,51.9043],[1.143,51.9344],[1.1649,51.9247],[1.1591,51.9141]]]]},"properties":{"PCON24CD":"E14001174","PCON24NM":"Clacton"}},{"type":"Feature","geometry":{"type":"Polygon","coordinates":[[[-0.1125,51.4704],[-0.1087,51.4404],[-0.1287,51.4469],[-0.1436,51.4418],[-0.1512,51.4659],[-0.1339,51.4756],[-0.1125,51.4704]]]},"properties":{"PCON24CD":"E14001175","PCON24NM":"Clapham and Brixton Hill"}},{"type":"Feature","geometry":{"type":"Polygon","coordinates":[[[0.8887,51.8462],[0.8564,51.8645],[0.8447,51.8967],[0.8676,51.9019],[0.8727,51.9183],[0.903,51.9288],[0.9298,51.9262],[0.9315,51.9132],[0.9571,51.9036],[0.9356,51.8764],[0.9183,51.8872],[0.9082,51.8772],[0.9202,51.8453],[0.8887,51.8462]]]},"properties":{"PCON24CD":"E14001176","PCON24NM":"Colchester"}},{"type":"Feature","geometry":{"type":"Polygon","coordinates":[[[-1.7766,53.6143],[-1.7549,53.6003],[-1.7597,53.587],[-1.7333,53.5851],[-1.7041,53.5602],[-1.7232,53.5599],[-1.7301,53.5468],[-1.7558,53.5367],[-1.8043,53.537],[-1.8222,53.5211],[-1.8418,53.5199],[-1.8735,53.5404],[-1.8941,53.5336],[-1.9096,53.5384],[-1.9129,53.5516],[-1.9427,53.5616],[-2.0095,53.6168],[-1.9727,53.6258],[-1.9342,53.6483],[-1.8946,53.6454],[-1.8436,53.6661],[-1.8537,53.6725],[-1.8188,53.6729],[-1.8046,53.6726],[-1.8011,53.6657],[-1.8125,53.6405],[-1.84,53.6279],[-1.8372,53.6162],[-1.8164,53.6077],[-1.7766,53.6143]]]},"properties":{"PCON24CD":"E14001177","PCON24NM":"Colne Valley"}},{"type":"Feature","geometry":{"type":"Polygon","coordinates":[[[-2.3094,53.2463],[-2.302,53.2254],[-2.2604,53.2049],[-2.2279,53.2],[-2.2105,53.1788],[-2.191,53.1771],[-2.172,53.1902],[-2.1407,53.1836],[-2.1414,53.1566],[-2.1555,53.1597],[-2.2467,53.0901],[-2.2532,53.094],[-2.2817,53.0803],[-2.3168,53.0812],[-2.3353,53.0873],[-2.3344,53.1025],[-2.391,53.1267],[-2.4155,53.1178],[-2.4542,53.1257],[-2.4565,53.1569],[-2.4306,53.1767],[-2.4066,53.1741],[-2.3921,53.1799],[-2.3783,53.172],[-2.3687,53.1829],[-2.3726,53.1956],[-2.4102,53.2057],[-2.4142,53.2193],[-2.4012,53.2218],[-2.3963,53.2344],[-2.3638,53.2236],[-2.3486,53.249],[-2.3292,53.2532],[-2.3094,53.2463]]]},"properties":{"PCON24CD":"E14001178","PCON24NM":"Congleton"}},{"type":"Feature","geometry":{"type":"Polygon","coordinates":[[[-0.4947,52.6403],[-0.4709,52.6236],[-0.4929,52.5821],[-0.4788,52.5736],[-0.42,52.5814],[-0.4073,52.5656],[-0.4196,52.559],[-0.4019,52.5481],[-0.4135,52.5255],[-0.3521,52.5034],[-0.3594,52.4898],[-0.3416,52.4669],[-0.3702,52.4399],[-0.3624,52.4335],[-0.4171,52.4116],[-0.4159,52.4038],[-0.4438,52.3839],[-0.4959,52.3795],[-0.4885,52.374],[-0.4987,52.3601],[-0.4777,52.3489],[-0.4833,52.3409],[-0.4667,52.3389],[-0.4654,52.323],[-0.5198,52.3177],[-0.5718,52.3187],[-0.613,52.3336],[-0.6349,52.333],[-0.6228,52.342],[-0.6324,52.3616],[-0.6211,52.3694],[-0.6284,52.3826],[-0.6139,52.4196],[-0.6276,52.4349],[-0.6587,52.4343],[-0.6545,52.4482],[-0.6641,52.4545],[-0.6319,52.4646],[-0.634,52.4791],[-0.6728,52.4842],[-0.7091,52.4599],[-0.7379,52.4581],[-0.7416,52.4701],[-0.722,52.505],[-0.7422,52.517],[-0.7156,52.5224],[-0.6978,52.5457],[-0.6609,52.5689],[-0.603,52.5887],[-0.5887,52.5868],[-0.5815,52.5959],[-0.5719,52.5858],[-0.5581,52.5945],[-0.5442,52.5929],[-0.5529,52.6014],[-0.5403,52.626],[-0.5172,52.6424],[-0.4947,52.6403]]]},"properties":{"PCON24CD":"E14001179","PCON24NM":"Corby and East Northamptonshire"}},{"type":"Feature","geometry":{"type":"Polygon","coordinates":[[[-1.4708,52.457],[-1.4239,52.4333],[-1.4379,52.4104],[-1.4314,52.3968],[-1.4629,52.3764],[-1.4822,52.3904],[-1.4639,52.3997],[-1.4605,52.4169],[-1.4845,52.4063],[-1.4869,52.4215],[-1.5092,52.4131],[-1.5,52.451],[-1.4928,52.4585],[-1.4708,52.457]]]},"properties":{"PCON24CD":"E14001180","PCON24NM":"Coventry East"}},{"type":"Feature","geometry":{"type":"Polygon","coordinates":[[[-1.5,52.451],[-1.5092,52.4131],[-1.5411,52.4006],[-1.5526,52.4074],[-1.5739,52.4098],[-1.5719,52.403],[-1.5908,52.4013],[-1.6034,52.4078],[-1.6145,52.428],[-1.6083,52.4388],[-1.5952,52.4399],[-1.5955,52.4559],[-1.5899,52.4619],[-1.5612,52.4552],[-1.5399,52.4648],[-1.5,52.451]]]},"properties":{"PCON24CD":"E14001181","PCON24NM":"Coventry North West"}},{"type":"Feature","geometry":{"type":"Polygon","coordinates":[[[-1.4629,52.3764],[-1.5045,52.3778],[-1.5139,52.369],[-1.5247,52.3794],[-1.5524,52.3639],[-1.5676,52.3847],[-1.6011,52.3893],[-1.6034,52.4078],[-1.5908,52.4013],[-1.5719,52.403],[-1.5739,52.4098],[-1.5526,52.4074],[-1.5411,52.4006],[-1.4869,52.4215],[-1.4845,52.4063],[-1.4605,52.4169],[-1.4639,52.3997],[-1.4822,52.3904],[-1.4629,52.3764]]]},"properties":{"PCON24CD":"E14001182","PCON24NM":"Coventry South"}},{"type":"Feature","geometry":{"type":"Polygon","coordinates":[[[-1.4925,55.1023],[-1.4784,55.0787],[-1.4725,55.0842],[-1.4618,55.0744],[-1.4923,55.0661],[-1.4878,55.0536],[-1.5076,55.0482],[-1.5047,55.0402],[-1.49,55.0386],[-1.5115,55.0186],[-1.5592,55.0122],[-1.5503,55.0253],[-1.5792,55.0283],[-1.5864,55.0392],[-1.6298,55.0415],[-1.6304,55.0341],[-1.6947,55.0427],[-1.7138,55.0655],[-1.6477,55.0794],[-1.6338,55.0652],[-1.6309,55.0852],[-1.6471,55.1051],[-1.6215,55.1132],[-1.5958,55.1106],[-1.5814,55.1189],[-1.5666,55.0994],[-1.5415,55.1039],[-1.5302,55.0963],[-1.4925,55.1023]]]},"properties":{"PCON24CD":"E14001183","PCON24NM":"Cramlington and Killingworth"}},{"type":"Feature","geometry":{"type":"Polygon","coordinates":[[[-0.1405,51.16],[-0.133,51.1589],[-0.1452,51.1026],[-0.1738,51.0893],[-0.2121,51.0866],[-0.2194,51.0996],[-0.2325,51.0974],[-0.2369,51.1095],[-0.2003,51.1391],[-0.2546,51.1391],[-0.2552,51.1442],[-0.2142,51.1485],[-0.2121,51.1555],[-0.179,51.1671],[-0.1405,51.16]]]},"properties":{"PCON24CD":"E14001184","PCON24NM":"Crawley"}},{"type":"Feature","geometry":{"type":"Polygon","coordinates":[[[-2.3168,53.0812],[-2.3476,53.0562],[-2.3751,53.0545],[-2.39,53.0637],[-2.4341,53.0553],[-2.4755,53.0603],[-2.4757,53.0397],[-2.4965,53.0356],[-2.5256,53.0618],[-2.5404,53.0604],[-2.5034,53.0905],[-2.5019,53.1243],[-2.4542,53.1257],[-2.4155,53.1178],[-2.391,53.1267],[-2.3344,53.1025],[-2.3353,53.0873],[-2.3168,53.0812]]]},"properties":{"PCON24CD":"E14001185","PCON24NM":"Crewe and Nantwich"}},{"type":"Feature","geometry":{"type":"Polygon","coordinates":[[[-0.0198,51.3636],[0.0023,51.3291],[-0.0379,51.3387],[-0.0562,51.3217],[-0.0592,51.3356],[-0.0782,51.3484],[-0.0611,51.3578],[-0.0638,51.3756],[-0.0928,51.3721],[-0.0736,51.399],[-0.0598,51.3992],[-0.0365,51.3884],[-0.0369,51.377],[-0.0268,51.3794],[-0.0198,51.3636]]]},"properties":{"PCON24CD":"E14001186","PCON24NM":"Croydon East"}},{"type":"Feature","geometry":{"type":"Polygon","coordinates":[[[-0.0562,51.3217],[-0.0789,51.3198],[-0.0912,51.3015],[-0.1178,51.2872],[-0.1372,51.3008],[-0.151,51.3007],[-0.1565,51.3215],[-0.1456,51.3235],[-0.1446,51.3421],[-0.1173,51.3457],[-0.0978,51.3577],[-0.0928,51.3721],[-0.0638,51.3756],[-0.0611,51.3578],[-0.0782,51.3484],[-0.0592,51.3356],[-0.0562,51.3217]]]},"properties":{"PCON24CD":"E14001187","PCON24NM":"Croydon South"}},{"type":"Feature","geometry":{"type":"Polygon","coordinates":[[[-0.0598,51.3992],[-0.0736,51.399],[-0.0978,51.3577],[-0.1173,51.3457],[-0.1343,51.3908],[-0.1099,51.4053],[-0.0931,51.395],[-0.0728,51.4085],[-0.0598,51.3992]]]},"properties":{"PCON24CD":"E14001188","PCON24NM":"Croydon West"}},{"type":"Feature","geometry":{"type":"Polygon","coordinates":[[[0.2025,51.5563],[0.2029,51.5456],[0.2298,51.5376],[0.231,51.525],[0.2429,51.5244],[0.2419,51.508],[0.2266,51.5066],[0.23,51.4994],[0.2142,51.496],[0.2118,51.4898],[0.1877,51.4879],[0.1785,51.5053],[0.142,51.5161],[0.1483,51.5323],[0.1403,51.5411],[0.1616,51.5438],[0.1564,51.551],[0.1369,51.5525],[0.1453,51.5558],[0.1272,51.5556],[0.125,51.5643],[0.147,51.5757],[0.1619,51.5616],[0.1852,51.5655],[0.19,51.5528],[0.2025,51.5563]]]},"properties":{"PCON24CD":"E14001189","PCON24NM":"Dagenham and Rainham"}},{"type":"Feature","geometry":{"type":"Polygon","coordinates":[[[-1.514,54.5954],[-1.4909,54.5779],[-1.5186,54.5637],[-1.5347,54.5652],[-1.5406,54.5548],[-1.5304,54.5484],[-1.5052,54.5516],[-1.5183,54.5358],[-1.5021,54.5213],[-1.5136,54.521],[-1.5111,54.5127],[-1.5296,54.5048],[-1.5443,54.5118],[-1.5483,54.5052],[-1.5843,54.508],[-1.5815,54.513],[-1.6031,54.5107],[-1.605,54.5196],[-1.634,54.5143],[-1.6338,54.5254],[-1.6547,54.5247],[-1.6579,54.5346],[-1.6969,54.536],[-1.7053,54.5492],[-1.6912,54.5562],[-1.7093,54.5632],[-1.709,54.5741],[-1.694,54.5869],[-1.6793,54.586],[-1.6824,54.6178],[-1.6068,54.6175],[-1.6062,54.6034],[-1.5842,54.6105],[-1.5934,54.5951],[-1.5833,54.5809],[-1.5528,54.5823],[-1.5586,54.5921],[-1.514,54.5954]]]},"properties":{"PCON24CD":"E14001190","PCON24NM":"Darlington"}},{"type":"Feature","geometry":{"type":"Polygon","coordinates":[[[0.3152,51.4649],[0.3107,51.453],[0.3263,51.4428],[0.3446,51.3934],[0.3367,51.3865],[0.2967,51.3971],[0.2776,51.4069],[0.2457,51.4077],[0.2336,51.4269],[0.2146,51.4343],[0.184,51.4248],[0.1635,51.4068],[0.1529,51.4087],[0.1538,51.4275],[0.1644,51.4286],[0.1709,51.4412],[0.2034,51.4543],[0.2212,51.4788],[0.2745,51.4537],[0.3152,51.4649]]]},"properties":{"PCON24CD":"E14001191","PCON24NM":"Dartford"}},{"type":"Feature","geometry":{"type":"Polygon","coordinates":[[[-0.9013,52.4598],[-0.9044,52.4422],[-0.8644,52.4342],[-0.8869,52.4234],[-0.8893,52.3978],[-0.8737,52.4027],[-0.8406,52.3929],[-0.8311,52.3762],[-0.7963,52.3617],[-0.7887,52.3473],[-0.7788,52.3538],[-0.7478,52.3472],[-0.727,52.3612],[-0.7004,52.3644],[-0.6828,52.3496],[-0.6812,52.3282],[-0.702,52.3257],[-0.7038,52.3194],[-0.7395,52.3198],[-0.7614,52.3059],[-0.6851,52.2774],[-0.737,52.2471],[-0.7914,52.2422],[-0.8153,52.275],[-0.8276,52.281],[-0.8739,52.2827],[-0.8851,52.2754],[-0.898,52.2807],[-0.9618,52.2595],[-0.9891,52.2575],[-0.9974,52.2477],[-1.0652,52.2282],[-1.0384,52.1957],[-1.0831,52.1935],[-1.0956,52.1789],[-1.1269,52.1857],[-1.1286,52.1679],[-1.1372,52.1733],[-1.1442,52.166],[-1.1575,52.1695],[-1.1374,52.1464],[-1.1918,52.1457],[-1.2281,52.1352],[-1.2447,52.1279],[-1.2409,52.1065],[-1.2518,52.102],[-1.3319,52.1685],[-1.3131,52.1905],[-1.255,52.1978],[-1.2847,52.2384],[-1.2669,52.2352],[-1.2159,52.2639],[-1.2338,52.2903],[-1.2092,52.3152],[-1.2654,52.3284],[-1.2381,52.3442],[-1.1749,52.3563],[-1.2016,52.3967],[-1.184,52.3922],[-1.1494,52.397],[-1.1293,52.4161],[-1.0844,52.4363],[-1.05,52.4222],[-1.0343,52.4363],[-1.0445,52.4458],[-1.0007,52.4709],[-0.9525,52.4775],[-0.9422,52.4678],[-0.9013,52.4598]]]},"properties":{"PCON24CD":"E14001192","PCON24NM":"Daventry"}},{"type":"Feature","geometry":{"type":"Polygon","coordinates":[[[-1.4406,52.9111],[-1.4434,52.9178],[-1.4832,52.9259],[-1.4888,52.9046],[-1.5133,52.9021],[-1.5232,52.8873],[-1.5417,52.8895],[-1.5552,52.9061],[-1.5441,52.9242],[-1.5255,52.933],[-1.5014,52.93],[-1.4676,52.9557],[-1.4452,52.9382],[-1.4162,52.9314],[-1.4232,52.9144],[-1.4406,52.9111]]]},"properties":{"PCON24CD":"E14001193","PCON24NM":"Derby North"}},{"type":"Feature","geometry":{"type":"Polygon","coordinates":[[[-1.4406,52.9111],[-1.4028,52.9005],[-1.4298,52.8702],[-1.4236,52.8651],[-1.4382,52.8617],[-1.4641,52.8726],[-1.4937,52.8697],[-1.4995,52.8827],[-1.5232,52.8873],[-1.5133,52.9021],[-1.4888,52.9046],[-1.4832,52.9259],[-1.4434,52.9178],[-1.4406,52.9111]]]},"properties":{"PCON24CD":"E14001194","PCON24NM":"Derby South"}},{"type":"Feature","geometry":{"type":"Polygon","coordinates":[[[-1.5991,53.3113],[-1.5975,53.2958],[-1.5786,53.2865],[-1.5894,53.2788],[-1.585,53.2627],[-1.5658,53.2614],[-1.5572,53.2496],[-1.5721,53.241],[-1.569,53.2231],[-1.5156,53.2027],[-1.5483,53.1999],[-1.5478,53.182],[-1.4868,53.1229],[-1.4698,53.1198],[-1.4654,53.1108],[-1.4715,53.0992],[-1.4581,53.0835],[-1.4884,53.0636],[-1.4817,53.0475],[-1.5139,53.0428],[-1.4973,52.9992],[-1.5229,52.9964],[-1.5344,53.0074],[-1.5465,53.0063],[-1.5469,53.018],[-1.5718,53.0239],[-1.567,53.0129],[-1.5788,53.0147],[-1.5768,53.0021],[-1.5993,52.9984],[-1.6022,52.9858],[-1.5714,52.974],[-1.571,52.9666],[-1.5994,52.9626],[-1.6071,52.9472],[-1.6503,52.9445],[-1.6549,52.9062],[-1.6314,52.9059],[-1.6299,52.8914],[-1.6078,52.8814],[-1.6072,52.867],[-1.6352,52.853],[-1.6894,52.8645],[-1.7027,52.8609],[-1.7045,52.8667],[-1.7254,52.8597],[-1.7771,52.8838],[-1.7909,52.8802],[-1.8018,52.8861],[-1.8117,52.8806],[-1.8329,52.887],[-1.8299,52.8964],[-1.8557,52.9271],[-1.8299,52.9455],[-1.8268,52.9771],[-1.7624,52.9999],[-1.7589,53.0373],[-1.779,53.0449],[-1.7757,53.0594],[-1.7942,53.0884],[-1.7837,53.103],[-1.8219,53.1367],[-1.8126,53.1544],[-1.8608,53.1885],[-1.8987,53.2],[-1.9185,53.218],[-1.9108,53.2217],[-1.8976,53.2104],[-1.8954,53.2186],[-1.8866,53.2175],[-1.8827,53.2034],[-1.8728,53.2156],[-1.8423,53.1947],[-1.8316,53.1976],[-1.8313,53.2106],[-1.8743,53.2268],[-1.8443,53.2504],[-1.7903,53.2564],[-1.8175,53.2826],[-1.8226,53.3028],[-1.761,53.3382],[-1.7302,53.3387],[-1.7277,53.3191],[-1.7004,53.3236],[-1.6969,53.3348],[-1.6712,53.3494],[-1.6733,53.3694],[-1.6538,53.3919],[-1.6635,53.3666],[-1.5905,53.3459],[-1.6123,53.3432],[-1.6327,53.3208],[-1.6276,53.3162],[-1.6092,53.3227],[-1.5991,53.3113]]]},"properties":{"PCON24CD":"E14001195","PCON24NM":"Derbyshire Dales"}},{"type":"Feature","geometry":{"type":"Polygon","coordinates":[[[-1.6323,53.7308],[-1.6234,53.7185],[-1.5922,53.7185],[-1.5711,53.7064],[-1.5984,53.6998],[-1.6025,53.6922],[-1.5919,53.6893],[-1.6152,53.6776],[-1.5903,53.6611],[-1.6247,53.654],[-1.612,53.6268],[-1.6675,53.6222],[-1.6829,53.6281],[-1.7044,53.6221],[-1.6992,53.6379],[-1.7102,53.6477],[-1.7055,53.6566],[-1.678,53.6511],[-1.6611,53.6629],[-1.664,53.6729],[-1.6779,53.675],[-1.6612,53.6847],[-1.6673,53.6966],[-1.6544,53.717],[-1.6652,53.7217],[-1.6517,53.7336],[-1.6383,53.7268],[-1.6323,53.7308]]]},"properties":{"PCON24CD":"E14001196","PCON24NM":"Dewsbury and Batley"}},{"type":"Feature","geometry":{"type":"Polygon","coordinates":[[[-1.1883,51.7168],[-1.1855,51.707],[-1.1694,51.7073],[-1.1571,51.6956],[-1.1648,51.6751],[-1.1795,51.6698],[-1.1805,51.6355],[-1.1551,51.636],[-1.1438,51.6252],[-1.1152,51.619],[-1.1257,51.5708],[-1.1469,51.5529],[-1.1404,51.5429],[-1.2047,51.5284],[-1.2046,51.5376],[-1.2607,51.5378],[-1.3287,51.5637],[-1.338,51.5458],[-1.369,51.5522],[-1.3889,51.5399],[-1.4049,51.5472],[-1.4228,51.5358],[-1.4266,51.5456],[-1.4478,51.5364],[-1.4644,51.5385],[-1.4707,51.5286],[-1.5146,51.5512],[-1.531,51.5461],[-1.555,51.5534],[-1.57,51.5474],[-1.5956,51.6072],[-1.5777,51.6171],[-1.5556,51.6174],[-1.5729,51.6361],[-1.5602,51.6555],[-1.5288,51.6666],[-1.5092,51.6567],[-1.4789,51.6549],[-1.4625,51.6452],[-1.4967,51.6219],[-1.4788,51.6172],[-1.4438,51.6434],[-1.4213,51.6364],[-1.3984,51.6509],[-1.3514,51.6569],[-1.3368,51.6538],[-1.3081,51.6631],[-1.2879,51.6524],[-1.2781,51.6687],[-1.231,51.6727],[-1.2221,51.6882],[-1.2413,51.7252],[-1.2223,51.711],[-1.1883,51.7168]]]},"properties":{"PCON24CD":"E14001197","PCON24NM":"Didcot and Wantage"}},{"type":"Feature","geometry":{"type":"Polygon","coordinates":[[[-1.2414,53.4424],[-1.2193,53.4553],[-1.1698,53.4579],[-1.1716,53.4854],[-1.1581,53.4896],[-1.1732,53.4976],[-1.1719,53.5071],[-1.1501,53.5265],[-1.0932,53.5534],[-1.088,53.5654],[-1.0681,53.5681],[-1.0578,53.5578],[-1.0451,53.5585],[-1.0389,53.5448],[-1.0219,53.5397],[-1.0021,53.5502],[-0.9948,53.5346],[-1.0407,53.5185],[-1.0689,53.5209],[-1.0632,53.5085],[-1.0749,53.4959],[-1.0977,53.4967],[-1.0767,53.4909],[-1.0944,53.4843],[-1.1014,53.4703],[-1.0598,53.457],[-1.0682,53.4476],[-1.0555,53.4478],[-1.0571,53.4254],[-1.087,53.4255],[-1.116,53.4073],[-1.1459,53.4123],[-1.136,53.4245],[-1.1605,53.4244],[-1.1703,53.4353],[-1.2402,53.4345],[-1.2375,53.4412],[-1.2508,53.4408],[-1.2531,53.446],[-1.2414,53.4424]]]},"properties":{"PCON24CD":"E14001198","PCON24NM":"Doncaster Central"}},{"type":"Feature","geometry":{"type":"Polygon","coordinates":[[[-0.6878,53.6754],[-0.7133,53.6407],[-0.6996,53.612],[-0.731,53.6055],[-0.7385,53.5932],[-0.7309,53.5819],[-0.7479,53.5681],[-0.7396,53.5199],[-0.7521,53.5005],[-0.7681,53.4989],[-0.7716,53.4792],[-0.7844,53.4767],[-0.7844,53.4634],[-0.7975,53.4551],[-0.8719,53.4663],[-0.9162,53.4603],[-0.9202,53.4655],[-0.9005,53.4752],[-0.9356,53.5025],[-0.9533,53.4844],[-0.986,53.4717],[-0.9957,53.4369],[-1.0232,53.4245],[-1.0309,53.431],[-1.0571,53.4254],[-1.0555,53.4478],[-1.0682,53.4476],[-1.0598,53.457],[-1.1014,53.4703],[-1.0944,53.4843],[-1.0767,53.4909],[-1.0977,53.4967],[-1.0749,53.4959],[-1.0632,53.5085],[-1.0689,53.5209],[-1.0407,53.5185],[-0.9948,53.5346],[-1.0021,53.5502],[-1.0219,53.5397],[-1.0389,53.5448],[-1.0451,53.5585],[-1.042,53.5803],[-0.9766,53.6118],[-0.9902,53.659],[-0.9468,53.6591],[-0.8483,53.633],[-0.7887,53.6592],[-0.7721,53.6641],[-0.7745,53.6562],[-0.7218,53.6794],[-0.7024,53.6775],[-0.6969,53.6832],[-0.6878,53.6754]]]},"properties":{"PCON24CD":"E14001199","PCON24NM":"Doncaster East and the Isle of Axholme"}},{"type":"Feature","geometry":{"type":"Polygon","coordinates":[[[-1.0451,53.5585],[-1.0578,53.5578],[-1.0681,53.5681],[-1.088,53.5654],[-1.0932,53.5534],[-1.1501,53.5265],[-1.1719,53.5071],[-1.1857,53.5098],[-1.2127,53.4875],[-1.2525,53.4953],[-1.2866,53.4893],[-1.3101,53.4979],[-1.3124,53.5138],[-1.2813,53.5165],[-1.2862,53.5268],[-1.2757,53.5298],[-1.2938,53.5358],[-1.2975,53.5514],[-1.3321,53.5629],[-1.3487,53.5833],[-1.3078,53.5754],[-1.258,53.592],[-1.2482,53.6164],[-1.2279,53.6173],[-1.2328,53.6211],[-1.2175,53.6242],[-1.2098,53.6432],[-1.1892,53.6359],[-1.1551,53.6432],[-1.1349,53.6327],[-1.1216,53.6467],[-1.0661,53.6489],[-1.0487,53.6561],[-0.9902,53.659],[-0.9766,53.6118],[-1.042,53.5803],[-1.0451,53.5585]]]},"properties":{"PCON24CD":"E14001200","PCON24NM":"Doncaster North"}},{"type":"Feature","geometry":{"type":"Polygon","coordinates":[[[-0.3603,51.3118],[-0.3547,51.3013],[-0.3352,51.2948],[-0.3296,51.2761],[-0.309,51.2734],[-0.2722,51.2923],[-0.2657,51.2614],[-0.2268,51.2559],[-0.2307,51.2401],[-0.2508,51.2271],[-0.233,51.2134],[-0.212,51.2051],[-0.1565,51.2113],[-0.1529,51.2263],[-0.1456,51.2107],[-0.1359,51.212],[-0.1435,51.1865],[-0.1277,51.165],[-0.1405,51.16],[-0.179,51.1671],[-0.2121,51.1555],[-0.2142,51.1485],[-0.2552,51.1442],[-0.2546,51.1391],[-0.3003,51.1247],[-0.3915,51.1165],[-0.4192,51.1052],[-0.417,51.1247],[-0.4438,51.1262],[-0.4637,51.1525],[-0.4638,51.172],[-0.4439,51.1836],[-0.4295,51.174],[-0.4084,51.1757],[-0.4101,51.1933],[-0.4384,51.2097],[-0.4257,51.2303],[-0.4346,51.2399],[-0.397,51.2379],[-0.3871,51.2649],[-0.3969,51.3128],[-0.3603,51.3118]]]},"properties":{"PCON24CD":"E14001201","PCON24NM":"Dorking and Horley"}},{"type":"Feature","geometry":{"type":"Polygon","coordinates":[[[1.3943,51.2566],[1.4049,51.2238],[1.4054,51.1747],[1.3885,51.1507],[1.3786,51.1423],[1.3429,51.131],[1.3433,51.1218],[1.3385,51.1274],[1.3165,51.123],[1.3231,51.1141],[1.3101,51.1168],[1.3277,51.1114],[1.3023,51.1134],[1.2203,51.0976],[1.2027,51.0996],[1.1974,51.1181],[1.1715,51.1246],[1.2101,51.1537],[1.1707,51.1631],[1.1578,51.1595],[1.1437,51.1658],[1.1536,51.1909],[1.1634,51.1842],[1.1808,51.1905],[1.1946,51.1841],[1.2207,51.2054],[1.1985,51.2192],[1.1855,51.2178],[1.2063,51.2463],[1.2608,51.2272],[1.2937,51.2569],[1.3533,51.2652],[1.3734,51.2514],[1.3943,51.2566]]]},"properties":{"PCON24CD":"E14001202","PCON24NM":"Dover and Deal"}},{"type":"Feature","geometry":{"type":"Polygon","coordinates":[[[-2.1431,52.3467],[-2.1355,52.3307],[-2.1521,52.3209],[-2.1351,52.3121],[-2.1438,52.3027],[-2.1358,52.2942],[-2.1499,52.2894],[-2.1498,52.2754],[-2.1103,52.2639],[-2.1023,52.2418],[-2.0683,52.2426],[-2.0567,52.2264],[-2.0389,52.2192],[-2.0276,52.2232],[-1.9944,52.2059],[-2.0263,52.1701],[-2.0002,52.1668],[-1.9834,52.1511],[-1.9933,52.1332],[-1.9779,52.1266],[-1.9859,52.1211],[-1.9325,52.1094],[-1.9279,52.1246],[-1.9045,52.1226],[-1.9032,52.1334],[-1.8851,52.1469],[-1.8942,52.1483],[-1.8898,52.1562],[-1.8669,52.153],[-1.8542,52.1385],[-1.8397,52.1527],[-1.8233,52.1459],[-1.8232,52.1364],[-1.8084,52.1399],[-1.7855,52.1321],[-1.791,52.1202],[-1.7574,52.1159],[-1.8023,52.0969],[-1.8127,52.0787],[-1.8189,52.0854],[-1.8318,52.0728],[-1.8466,52.0794],[-1.8744,52.07],[-1.8634,52.0534],[-1.8346,52.0437],[-1.825,52.0309],[-1.8391,52.0068],[-1.9134,52.0445],[-1.9415,52.0522],[-1.9285,52.064],[-1.9378,52.0697],[-1.9625,52.0745],[-1.9898,52.0702],[-1.9923,52.0821],[-2.0034,52.0812],[-2.0167,52.0921],[-2.0201,52.0813],[-2.0425,52.07],[-2.0349,52.0973],[-2.0657,52.093],[-2.0712,52.1016],[-2.0621,52.129],[-2.1062,52.1257],[-2.1133,52.1155],[-2.1381,52.1166],[-2.1383,52.1251],[-2.1518,52.1075],[-2.1733,52.1093],[-2.1964,52.125],[-2.1649,52.1428],[-2.1896,52.146],[-2.2034,52.1673],[-2.1709,52.1846],[-2.1569,52.2132],[-2.2216,52.2314],[-2.2433,52.2219],[-2.2318,52.2499],[-2.2519,52.2668],[-2.2751,52.2723],[-2.2664,52.3236],[-2.2604,52.3283],[-2.2718,52.3326],[-2.2495,52.3457],[-2.2457,52.361],[-2.2105,52.3552],[-2.1905,52.3289],[-2.171,52.3318],[-2.1746,52.3166],[-2.1431,52.3467]]]},"properties":{"PCON24CD":"E14001203","PCON24NM":"Droitwich and Evesham"}},{"type":"Feature","geometry":{"type":"Polygon","coordinates":[[[-2.1078,52.5441],[-2.0777,52.532],[-2.0632,52.5137],[-2.0703,52.4919],[-2.0965,52.5053],[-2.1144,52.501],[-2.1285,52.4817],[-2.1365,52.4871],[-2.1426,52.5023],[-2.159,52.5065],[-2.1462,52.5116],[-2.1522,52.5257],[-2.1356,52.5345],[-2.1335,52.5541],[-2.1215,52.5568],[-2.1078,52.5441]]]},"properties":{"PCON24CD":"E14001204","PCON24NM":"Dudley"}},{"type":"Feature","geometry":{"type":"Polygon","coordinates":[[[-0.0788,51.4639],[-0.0857,51.456],[-0.0637,51.4442],[-0.0786,51.4199],[-0.1146,51.4235],[-0.1087,51.4404],[-0.1125,51.4704],[-0.074,51.469],[-0.0788,51.4639]]]},"properties":{"PCON24CD":"E14001205","PCON24NM":"Dulwich and West Norwood"}},{"type":"Feature","geometry":{"type":"Polygon","coordinates":[[[-0.4915,51.9063],[-0.5059,51.9006],[-0.4839,51.8883],[-0.5011,51.882],[-0.493,51.875],[-0.5131,51.8696],[-0.5216,51.8763],[-0.5498,51.8779],[-0.5444,51.8864],[-0.5711,51.8995],[-0.6158,51.8888],[-0.6323,51.9086],[-0.6603,51.8945],[-0.6733,51.9018],[-0.6945,51.9007],[-0.7022,51.9091],[-0.6823,51.9428],[-0.6705,51.9436],[-0.6721,51.9559],[-0.6621,51.9555],[-0.6512,51.9682],[-0.5906,51.934],[-0.5623,51.9443],[-0.5447,51.9354],[-0.5188,51.9378],[-0.5148,51.9233],[-0.4959,51.9173],[-0.4915,51.9063]]]},"properties":{"PCON24CD":"E14001206","PCON24NM":"Dunstable and Leighton Buzzard"}},{"type":"Feature","geometry":{"type":"Polygon","coordinates":[[[-0.2556,51.534],[-0.2284,51.5303],[-0.2202,51.5117],[-0.2383,51.5142],[-0.2349,51.5065],[-0.2551,51.5043],[-0.2554,51.495],[-0.2701,51.4942],[-0.2808,51.5028],[-0.3007,51.4993],[-0.3054,51.511],[-0.3197,51.5135],[-0.323,51.5208],[-0.3084,51.5228],[-0.3124,51.5305],[-0.2818,51.5381],[-0.2842,51.5289],[-0.2556,51.534]]]},"properties":{"PCON24CD":"E14001207","PCON24NM":"Ealing Central and Acton"}},{"type":"Feature","geometry":{"type":"Polygon","coordinates":[[[-0.3027,51.532],[-0.3124,51.5305],[-0.3084,51.5228],[-0.323,51.5208],[-0.3197,51.5135],[-0.3508,51.5114],[-0.3559,51.5267],[-0.4168,51.5402],[-0.3953,51.5426],[-0.3987,51.5479],[-0.3778,51.555],[-0.3356,51.5566],[-0.308,51.5461],[-0.3027,51.532]]]},"properties":{"PCON24CD":"E14001208","PCON24NM":"Ealing North"}},{"type":"Feature","geometry":{"type":"Polygon","coordinates":[[[-0.3197,51.5135],[-0.3054,51.511],[-0.2975,51.4949],[-0.3504,51.4991],[-0.375,51.494],[-0.4069,51.4997],[-0.3764,51.5289],[-0.3559,51.5267],[-0.3508,51.5114],[-0.3197,51.5135]]]},"properties":{"PCON24CD":"E14001209","PCON24NM":"Ealing Southall"}},{"type":"Feature","geometry":{"type":"Polygon","coordinates":[[[-0.9887,51.3806],[-1.0119,51.3929],[-0.9995,51.4367],[-0.9627,51.4338],[-0.9511,51.4456],[-0.9321,51.4411],[-0.9492,51.4595],[-0.9217,51.4679],[-0.8977,51.487],[-0.883,51.4689],[-0.8888,51.4636],[-0.8651,51.4619],[-0.8999,51.4376],[-0.8933,51.4252],[-0.911,51.42],[-0.9462,51.389],[-0.9716,51.3846],[-0.9738,51.3943],[-0.9887,51.3895],[-0.9887,51.3806]]]},"properties":{"PCON24CD":"E14001210","PCON24NM":"Earley and Woodley"}},{"type":"Feature","geometry":{"type":"Polygon","coordinates":[[[-1.2413,54.7234],[-1.2519,54.7196],[-1.2703,54.7272],[-1.3037,54.7185],[-1.3013,54.7081],[-1.3194,54.6913],[-1.3728,54.6922],[-1.3898,54.6826],[-1.4017,54.6999],[-1.3946,54.7189],[-1.432,54.7354],[-1.4626,54.7344],[-1.4566,54.747],[-1.4623,54.7628],[-1.4523,54.7716],[-1.4716,54.7789],[-1.469,54.7903],[-1.4483,54.7889],[-1.4375,54.8005],[-1.4225,54.8032],[-1.4141,54.8196],[-1.4216,54.8395],[-1.3817,54.8472],[-1.369,54.8577],[-1.3475,54.8606],[-1.3209,54.8376],[-1.3294,54.8381],[-1.302,54.7685],[-1.2413,54.7234]]]},"properties":{"PCON24CD":"E14001211","PCON24NM":"Easington"}},{"type":"Feature","geometry":{"type":"Polygon","coordinates":[[[0.1209,50.9213],[0.1126,50.9152],[0.0566,50.9259],[0.0475,50.9151],[0.0307,50.914],[0.0345,50.9055],[0.0129,50.897],[0.0157,50.8876],[-0.0452,50.88],[-0.0396,50.8938],[-0.026,50.8928],[-0.0155,50.9286],[-0.026,50.9195],[-0.0311,50.9403],[-0.0513,50.9468],[-0.05,50.9591],[-0.0685,50.9613],[-0.0718,50.9497],[-0.0826,50.9486],[-0.0812,50.9623],[-0.1064,50.963],[-0.1151,50.9761],[-0.0931,50.9792],[-0.0542,51.0079],[-0.077,51.0196],[-0.1046,51.0161],[-0.1123,51.0357],[-0.1248,51.0399],[-0.1549,51.0367],[-0.1677,51.061],[-0.1973,51.0575],[-0.1947,51.0381],[-0.2268,51.0416],[-0.2228,51.0602],[-0.2118,51.0645],[-0.2121,51.0866],[-0.1738,51.0893],[-0.1452,51.1026],[-0.1376,51.1422],[0.0274,51.1398],[0.0281,51.1177],[0.0445,51.1106],[0.0187,51.1037],[0.0492,51.1007],[0.0467,51.0863],[0.0563,51.0822],[0.0326,51.0696],[0.0668,51.0619],[0.0711,51.0454],[0.1139,51.0484],[0.1366,51.0416],[0.1529,51.0242],[0.1619,50.9771],[0.1241,50.9809],[0.105,50.9699],[0.1137,50.9599],[0.1006,50.9488],[0.1189,50.9408],[0.1089,50.9336],[0.1209,50.9213]]]},"properties":{"PCON24CD":"E14001212","PCON24NM":"East Grinstead and Uckfield"}},{"type":"Feature","geometry":{"type":"Polygon","coordinates":[[[0.0636,51.5573],[0.0805,51.5276],[0.0413,51.5197],[0.0324,51.5347],[0.0354,51.5553],[0.0463,51.5548],[0.0503,51.564],[0.0636,51.5573]]]},"properties":{"PCON24CD":"E14001213","PCON24NM":"East Ham"}},{"type":"Feature","geometry":{"type":"Polygon","coordinates":[[[-0.8489,51.2107],[-0.8254,51.1814],[-0.8333,51.1441],[-0.853,51.146],[-0.8548,51.1351],[-0.8811,51.1324],[-0.9003,51.1065],[-0.884,51.1023],[-0.8805,51.0852],[-0.8907,51.0732],[-0.9023,51.0856],[-0.9196,51.0718],[-0.8912,51.0532],[-0.8644,51.0627],[-0.8501,51.0593],[-0.8528,51.0448],[-0.8971,51.0219],[-0.8933,51.0027],[-0.9079,50.9942],[-0.9318,50.9456],[-0.9421,50.9429],[-0.924,50.9242],[-0.9402,50.9181],[-0.9576,50.8906],[-0.9387,50.8737],[-0.9636,50.8673],[-0.9604,50.8722],[-1.02,50.9095],[-1.0485,50.9025],[-1.0366,50.9317],[-1.0356,50.9515],[-1.0462,50.9546],[-1.0452,50.9686],[-1.0634,50.9777],[-1.0695,50.9937],[-1.0623,51.0203],[-1.0745,51.0326],[-1.0537,51.0472],[-1.0817,51.0464],[-1.1071,51.0789],[-1.106,51.0906],[-1.0721,51.1071],[-1.0939,51.1078],[-1.095,51.1403],[-1.1121,51.1366],[-1.1317,51.1436],[-1.1781,51.1341],[-1.1844,51.1443],[-1.2136,51.1524],[-1.2144,51.1588],[-1.1856,51.164],[-1.1903,51.1838],[-1.2066,51.1807],[-1.2485,51.191],[-1.1911,51.2033],[-1.1579,51.2284],[-1.146,51.222],[-1.1096,51.2376],[-1.1119,51.2318],[-1.0917,51.231],[-1.0913,51.2204],[-1.068,51.2246],[-1.0711,51.1878],[-0.9894,51.1909],[-0.9738,51.186],[-0.9512,51.2004],[-0.9043,51.2099],[-0.8489,51.2107]]]},"properties":{"PCON24CD":"E14001214","PCON24NM":"East Hampshire"}},{"type":"Feature","geometry":{"type":"Polygon","coordinates":[[[0.0023,51.3291],[0.015,51.2918],[0.0329,51.3075],[0.0426,51.3013],[0.0582,51.2478],[0.0335,51.2112],[0.0526,51.1806],[0.05,51.1427],[-0.1376,51.1422],[-0.133,51.1589],[-0.1405,51.16],[-0.1277,51.165],[-0.1435,51.1865],[-0.1359,51.212],[-0.1456,51.2107],[-0.1529,51.2263],[-0.1428,51.246],[-0.1569,51.2538],[-0.1569,51.2677],[-0.1722,51.2714],[-0.151,51.3007],[-0.1372,51.3008],[-0.1178,51.2872],[-0.0912,51.3015],[-0.0789,51.3198],[-0.0562,51.3217],[-0.0379,51.3387],[0.0023,51.3291]]]},"properties":{"PCON24CD":"E14001215","PCON24NM":"East Surrey"}},{"type":"Feature","geometry":{"type":"Polygon","coordinates":[[[1.3624,51.3155],[1.3517,51.313],[1.3614,51.3378],[1.3805,51.3362],[1.393,51.3609],[1.3695,51.374],[1.374,51.3904],[1.425,51.3938],[1.442,51.3868],[1.4452,51.3638],[1.4247,51.3261],[1.4232,51.3314],[1.4163,51.3251],[1.3778,51.3293],[1.3624,51.3155]]]},"properties":{"PCON24CD":"E14001216","PCON24NM":"East Thanet"}},{"type":"Feature","geometry":{"type":"Polygon","coordinates":[[[-1.5847,51.5249],[-1.5824,51.4943],[-1.524,51.4475],[-1.5265,51.424],[-1.5651,51.422],[-1.571,51.4153],[-1.5529,51.41],[-1.5556,51.3955],[-1.4954,51.3697],[-1.5006,51.3563],[-1.4856,51.3477],[-1.4983,51.3294],[-1.5275,51.3384],[-1.5336,51.3162],[-1.5194,51.296],[-1.5228,51.2871],[-1.5426,51.2812],[-1.5406,51.2608],[-1.5298,51.2608],[-1.536,51.2486],[-1.5458,51.2453],[-1.5776,51.2556],[-1.6076,51.2528],[-1.6336,51.2176],[-1.6897,51.2148],[-1.6928,51.203],[-1.7146,51.17],[-1.7299,51.1703],[-1.7677,51.1519],[-1.795,51.1057],[-1.8068,51.1099],[-1.8084,51.1004],[-1.8274,51.0908],[-1.841,51.1028],[-1.8501,51.0921],[-1.86,51.0962],[-1.8679,51.0904],[-1.8769,51.1002],[-1.8903,51.0963],[-1.9166,51.1138],[-1.9124,51.1191],[-1.9436,51.111],[-1.9211,51.13],[-1.9119,51.128],[-1.9208,51.1317],[-1.9172,51.1413],[-1.9358,51.1588],[-1.991,51.1847],[-1.9559,51.1926],[-1.9575,51.2076],[-1.9725,51.2083],[-1.977,51.2178],[-1.9933,51.2144],[-1.9914,51.2285],[-2.0066,51.2323],[-1.9735,51.2383],[-1.9787,51.2444],[-1.9678,51.2505],[-1.9342,51.2445],[-1.913,51.252],[-1.8947,51.2432],[-1.9173,51.3016],[-1.8984,51.3218],[-1.9126,51.3289],[-1.9074,51.3422],[-1.9225,51.3603],[-1.8847,51.386],[-1.8774,51.4035],[-1.8929,51.4141],[-1.9154,51.4132],[-1.8795,51.4425],[-1.8979,51.4639],[-1.8452,51.4666],[-1.8221,51.4585],[-1.7978,51.4844],[-1.8135,51.507],[-1.8376,51.5008],[-1.8467,51.5244],[-1.837,51.5109],[-1.8299,51.5145],[-1.8442,51.5431],[-1.8117,51.5532],[-1.7699,51.5305],[-1.7247,51.5268],[-1.732,51.5434],[-1.7232,51.541],[-1.7194,51.5604],[-1.7297,51.5716],[-1.6911,51.5835],[-1.6765,51.5694],[-1.655,51.5765],[-1.6477,51.5719],[-1.6028,51.5183],[-1.5847,51.5249]]]},"properties":{"PCON24CD":"E14001217","PCON24NM":"East Wiltshire"}},{"type":"Feature","geometry":{"type":"Polygon","coordinates":[[[-0.245,50.8638],[-0.2168,50.8276],[-0.2515,50.8302],[-0.2491,50.8264],[-0.2779,50.8268],[-0.3608,50.8135],[-0.3629,50.8198],[-0.3874,50.8187],[-0.4054,50.8546],[-0.3813,50.8632],[-0.367,50.8606],[-0.3646,50.8745],[-0.3409,50.8626],[-0.2566,50.8623],[-0.2553,50.8716],[-0.245,50.8638]]]},"properties":{"PCON24CD":"E14001218","PCON24NM":"East Worthing and Shoreham"}},{"type":"Feature","geometry":{"type":"Polygon","coordinates":[[[0.3139,50.8087],[0.3392,50.7991],[0.2604,50.7386],[0.2098,50.7385],[0.2164,50.7747],[0.2339,50.7954],[0.2277,50.8009],[0.2459,50.8055],[0.2588,50.7994],[0.2674,50.8106],[0.2769,50.8048],[0.2875,50.813],[0.3139,50.8087]]]},"properties":{"PCON24CD":"E14001219","PCON24NM":"Eastbourne"}},{"type":"Feature","geometry":{"type":"Polygon","coordinates":[[[-1.2911,50.9468],[-1.3276,50.9141],[-1.324,50.9044],[-1.359,50.938],[-1.3799,50.9475],[-1.374,50.954],[-1.394,50.9647],[-1.3931,50.9748],[-1.4139,50.9839],[-1.393,51.0044],[-1.3535,50.9982],[-1.3428,50.9909],[-1.3466,50.9813],[-1.3277,50.9801],[-1.3224,50.9877],[-1.2906,50.9829],[-1.2934,50.9741],[-1.2594,50.9791],[-1.2911,50.9468]]]},"properties":{"PCON24CD":"E14001220","PCON24NM":"Eastleigh"}},{"type":"Feature","geometry":{"type":"Polygon","coordinates":[[[-0.0148,51.6367],[-0.0339,51.6095],[-0.0414,51.6056],[-0.0856,51.6085],[-0.0873,51.6164],[-0.1027,51.6147],[-0.0996,51.6224],[-0.1195,51.6295],[-0.1055,51.639],[-0.1094,51.6455],[-0.0893,51.6527],[-0.066,51.6376],[-0.0605,51.6449],[-0.0148,51.6367]]]},"properties":{"PCON24CD":"E14001221","PCON24NM":"Edmonton and Winchmore Hill"}},{"type":"Feature","geometry":{"type":"Polygon","coordinates":[[[-2.9286,53.3082],[-2.8851,53.2953],[-2.8926,53.2862],[-2.8763,53.2624],[-2.9271,53.2516],[-2.9384,53.2669],[-2.9696,53.275],[-2.9633,53.2867],[-2.947,53.2856],[-2.9466,53.3055],[-2.9802,53.3047],[-3.006,53.3638],[-2.9925,53.3657],[-2.9286,53.3082]]]},"properties":{"PCON24CD":"E14001222","PCON24NM":"Ellesmere Port and Bromborough"}},{"type":"Feature","geometry":{"type":"Polygon","coordinates":[[[0.055,51.4711],[0.0588,51.4636],[0.0823,51.4616],[0.0874,51.4433],[0.0747,51.4321],[0.1045,51.4152],[0.0885,51.4064],[0.0954,51.395],[0.0594,51.4039],[0.0345,51.4235],[0.0377,51.4333],[0.0254,51.4357],[0.0294,51.4417],[0.0115,51.4567],[0.0093,51.464],[0.0279,51.4665],[0.0237,51.4764],[0.0365,51.4794],[0.055,51.4711]]]},"properties":{"PCON24CD":"E14001223","PCON24NM":"Eltham and Chislehurst"}},{"type":"Feature","geometry":{"type":"MultiPolygon","coordinates":[[[[0.1713,52.233],[0.1609,52.2208],[0.1549,52.2265],[0.1713,52.233]]],[[[0.3671,52.5012],[0.3807,52.4795],[0.4285,52.4547],[0.4293,52.4365],[0.3748,52.4097],[0.4076,52.3616],[0.4426,52.3488],[0.4242,52.3292],[0.4314,52.3158],[0.4576,52.3163],[0.5047,52.2847],[0.4989,52.273],[0.4242,52.2559],[0.3827,52.2933],[0.3589,52.2975],[0.3552,52.2793],[0.3399,52.2677],[0.361,52.2493],[0.3427,52.2423],[0.3712,52.2266],[0.4213,52.2397],[0.4145,52.2479],[0.427,52.2536],[0.4818,52.2324],[0.4949,52.2393],[0.5145,52.2268],[0.4913,52.1651],[0.4707,52.1633],[0.4522,52.1732],[0.4359,52.1595],[0.4173,52.1593],[0.3516,52.1687],[0.2544,52.2145],[0.2105,52.2495],[0.2206,52.2635],[0.2116,52.2699],[0.1714,52.2338],[0.1553,52.2373],[0.1475,52.2298],[0.1299,52.2357],[0.146,52.2535],[0.1308,52.2654],[0.1359,52.2756],[0.0941,52.2654],[0.0633,52.2925],[0.0804,52.3044],[0.1019,52.3041],[0.1014,52.3122],[0.1201,52.3197],[0.0439,52.3529],[0.0513,52.3582],[0.0344,52.3857],[0.0562,52.3978],[0.0436,52.4181],[0.0553,52.4144],[0.0874,52.4297],[0.1067,52.4253],[0.1265,52.4379],[0.1238,52.421],[0.2363,52.5073],[0.246,52.4999],[0.2564,52.5077],[0.3094,52.5136],[0.3671,52.5012]]]]},"properties":{"PCON24CD":"E14001224","PCON24NM":"Ely and East Cambridgeshire"}},{"type":"Feature","geometry":{"type":"Polygon","coordinates":[[[-0.0119,51.6809],[-0.0148,51.6367],[-0.0605,51.6449],[-0.066,51.6376],[-0.0893,51.6527],[-0.1094,51.6455],[-0.1135,51.6538],[-0.1251,51.6515],[-0.1272,51.6668],[-0.1524,51.6669],[-0.1489,51.681],[-0.1635,51.6859],[-0.1058,51.6919],[-0.0119,51.6809]]]},"properties":{"PCON24CD":"E14001225","PCON24NM":"Enfield North"}},{"type":"Feature","geometry":{"type":"Polygon","coordinates":[[[0.1568,51.7316],[0.1526,51.7216],[0.1415,51.7235],[0.135,51.6881],[0.125,51.6795],[0.1136,51.6814],[0.1279,51.6582],[0.1048,51.6449],[0.1292,51.6214],[0.0728,51.6047],[0.0218,51.6288],[0.0227,51.6411],[-0.0123,51.6462],[-0.0141,51.7231],[0.023,51.7167],[0.0216,51.7311],[0.056,51.7406],[0.0545,51.7475],[0.0397,51.7463],[0.0371,51.758],[0.0675,51.7614],[0.0638,51.7515],[0.0843,51.7347],[0.1138,51.7407],[0.1171,51.7316],[0.1568,51.7316]]]},"properties":{"PCON24CD":"E14001226","PCON24NM":"Epping Forest"}},{"type":"Feature","geometry":{"type":"Polygon","coordinates":[[[-0.2208,51.3298],[-0.2429,51.3213],[-0.2471,51.298],[-0.2644,51.2995],[-0.309,51.2734],[-0.3296,51.2761],[-0.3352,51.2948],[-0.3547,51.3013],[-0.3603,51.3118],[-0.3307,51.329],[-0.306,51.3352],[-0.2885,51.3621],[-0.261,51.3796],[-0.245,51.3801],[-0.2454,51.3669],[-0.2227,51.3571],[-0.2173,51.3434],[-0.2298,51.3365],[-0.2208,51.3298]]]},"properties":{"PCON24CD":"E14001227","PCON24NM":"Epsom and Ewell"}},{"type":"Feature","geometry":{"type":"Polygon","coordinates":[[[-1.2397,52.8923],[-1.2401,52.8801],[-1.2679,52.8734],[-1.3193,52.8729],[-1.3499,52.8806],[-1.3397,52.8898],[-1.3708,52.8948],[-1.358,52.9274],[-1.3254,52.9388],[-1.3418,52.9419],[-1.3258,52.9494],[-1.3402,52.9573],[-1.3254,52.9682],[-1.3328,52.9782],[-1.3074,53.0036],[-1.2877,52.9697],[-1.2925,52.9556],[-1.281,52.9492],[-1.2818,52.9103],[-1.2461,52.9029],[-1.2397,52.8923]]]},"properties":{"PCON24CD":"E14001228","PCON24NM":"Erewash"}},{"type":"Feature","geometry":{"type":"Polygon","coordinates":[[[0.1868,51.481],[0.1809,51.4708],[0.1753,51.4778],[0.128,51.4838],[0.1125,51.4734],[0.0982,51.4755],[0.0823,51.4616],[0.0588,51.4636],[0.055,51.4711],[0.08,51.4804],[0.0741,51.4956],[0.0921,51.509],[0.1202,51.5115],[0.1647,51.5045],[0.1868,51.481]]]},"properties":{"PCON24CD":"E14001229","PCON24NM":"Erith and Thamesmead"}},{"type":"Feature","geometry":{"type":"Polygon","coordinates":[[[-0.3177,51.3937],[-0.3074,51.3784],[-0.328,51.3522],[-0.3913,51.3447],[-0.411,51.3623],[-0.4335,51.3569],[-0.4309,51.3662],[-0.4469,51.3738],[-0.4096,51.4047],[-0.3591,51.4119],[-0.3278,51.3918],[-0.3177,51.3937]]]},"properties":{"PCON24CD":"E14001230","PCON24NM":"Esher and Walton"}},{"type":"Feature","geometry":{"type":"Polygon","coordinates":[[[-3.5018,50.6943],[-3.5391,50.6929],[-3.5628,50.7069],[-3.5697,50.745],[-3.552,50.7451],[-3.5127,50.7615],[-3.4858,50.7508],[-3.4837,50.7428],[-3.4937,50.7397],[-3.4915,50.7321],[-3.4812,50.7341],[-3.4828,50.726],[-3.4927,50.7255],[-3.4986,50.7111],[-3.4842,50.7109],[-3.5018,50.6943]]]},"properties":{"PCON24CD":"E14001231","PCON24NM":"Exeter"}},{"type":"Feature","geometry":{"type":"Polygon","coordinates":[[[-3.4257,50.8119],[-3.4105,50.8046],[-3.3394,50.8129],[-3.347,50.7845],[-3.343,50.7766],[-3.3295,50.7774],[-3.3297,50.7369],[-3.348,50.7367],[-3.357,50.7258],[-3.3891,50.7306],[-3.4069,50.7249],[-3.3267,50.6905],[-3.2875,50.6978],[-3.2936,50.6822],[-3.2711,50.6857],[-3.2615,50.6713],[-3.3011,50.6324],[-3.3088,50.6476],[-3.3067,50.6296],[-3.3524,50.6192],[-3.3619,50.6066],[-3.424,50.6173],[-3.4155,50.6293],[-3.4609,50.6956],[-3.4568,50.675],[-3.5018,50.6943],[-3.4842,50.7109],[-3.4986,50.7111],[-3.4927,50.7255],[-3.4828,50.726],[-3.4812,50.7341],[-3.4915,50.7321],[-3.4937,50.7397],[-3.4837,50.7428],[-3.4858,50.7508],[-3.5127,50.7615],[-3.552,50.7451],[-3.5856,50.744],[-3.5705,50.7602],[-3.5568,50.758],[-3.5474,50.773],[-3.5634,50.775],[-3.572,50.7885],[-3.5247,50.787],[-3.5267,50.7975],[-3.505,50.8144],[-3.5074,50.8273],[-3.4968,50.817],[-3.5025,50.799],[-3.4807,50.7994],[-3.4833,50.792],[-3.4608,50.8033],[-3.4433,50.8003],[-3.4257,50.8119]]]},"properties":{"PCON24CD":"E14001232","PCON24NM":"Exmouth and Exeter East"}},{"type":"Feature","geometry":{"type":"Polygon","coordinates":[[[-0.9988,50.8954],[-1.0134,50.8756],[-1.0414,50.8779],[-1.0541,50.8565],[-1.1158,50.8583],[-1.114,50.8435],[-1.1189,50.8355],[-1.1545,50.8451],[-1.1712,50.84],[-1.1719,50.8566],[-1.1779,50.8389],[-1.1869,50.8358],[-1.2111,50.8459],[-1.2101,50.8532],[-1.2366,50.8638],[-1.2163,50.8905],[-1.238,50.9036],[-1.1725,50.9185],[-1.1771,50.9054],[-1.1538,50.8974],[-1.1286,50.901],[-1.1248,50.9097],[-1.1157,50.9069],[-1.0882,50.9225],[-1.0776,50.9135],[-1.0366,50.9317],[-1.0485,50.9025],[-1.02,50.9095],[-0.9988,50.8954]]]},"properties":{"PCON24CD":"E14001233","PCON24NM":"Fareham and Waterlooville"}},{"type":"Feature","geometry":{"type":"Polygon","coordinates":[[[-0.7455,51.2305],[-0.7483,51.2107],[-0.7233,51.1917],[-0.7476,51.1722],[-0.7474,51.1554],[-0.7302,51.1139],[-0.6987,51.1025],[-0.6861,51.109],[-0.679,51.1024],[-0.6747,51.0929],[-0.6858,51.0893],[-0.6874,51.0755],[-0.6968,51.0715],[-0.7538,51.0864],[-0.7808,51.0794],[-0.7978,51.0635],[-0.8264,51.0613],[-0.8372,51.0692],[-0.8501,51.0593],[-0.8644,51.0627],[-0.8912,51.0532],[-0.9196,51.0718],[-0.9023,51.0856],[-0.8907,51.0732],[-0.8805,51.0852],[-0.884,51.1023],[-0.9003,51.1065],[-0.8811,51.1324],[-0.8548,51.1351],[-0.853,51.146],[-0.8333,51.1441],[-0.8254,51.1814],[-0.8489,51.2107],[-0.8047,51.2451],[-0.8017,51.239],[-0.776,51.242],[-0.7455,51.2305]]]},"properties":{"PCON24CD":"E14001234","PCON24NM":"Farnham and Bordon"}},{"type":"Feature","geometry":{"type":"Polygon","coordinates":[[[0.9504,51.3456],[0.9581,51.3379],[0.972,51.3382],[1.0171,51.3129],[1.0067,51.3095],[1.006,51.2838],[0.9733,51.2686],[0.955,51.2702],[0.9491,51.256],[0.9237,51.2594],[0.9195,51.2511],[0.8635,51.2389],[0.8599,51.2308],[0.8418,51.2371],[0.8222,51.2243],[0.7951,51.2285],[0.7958,51.2369],[0.7825,51.2394],[0.742,51.2082],[0.7254,51.2091],[0.7111,51.2244],[0.6989,51.216],[0.6692,51.2146],[0.6702,51.2227],[0.6547,51.224],[0.6596,51.2431],[0.6433,51.2445],[0.6371,51.2221],[0.6059,51.2205],[0.6039,51.2358],[0.5893,51.2445],[0.5727,51.2433],[0.5734,51.2352],[0.5604,51.2311],[0.5407,51.2443],[0.5284,51.2638],[0.5477,51.285],[0.4927,51.3013],[0.5116,51.3064],[0.5256,51.3347],[0.544,51.3279],[0.5635,51.3387],[0.6014,51.3333],[0.6044,51.3257],[0.6135,51.335],[0.645,51.3362],[0.702,51.3167],[0.7192,51.3329],[0.7274,51.3201],[0.746,51.3306],[0.7512,51.3247],[0.778,51.3614],[0.8136,51.3585],[0.8162,51.3462],[0.8172,51.3564],[0.8662,51.3559],[0.8972,51.3442],[0.8801,51.3287],[0.8946,51.3363],[0.9153,51.3294],[0.8968,51.3414],[0.9504,51.3456]]]},"properties":{"PCON24CD":"E14001235","PCON24NM":"Faversham and Mid Kent"}},{"type":"Feature","geometry":{"type":"Polygon","coordinates":[[[-0.375,51.494],[-0.3811,51.4882],[-0.3661,51.468],[-0.4014,51.459],[-0.3668,51.4416],[-0.3913,51.4223],[-0.4565,51.4381],[-0.4587,51.4563],[-0.4439,51.4533],[-0.4111,51.4699],[-0.4169,51.4825],[-0.4069,51.4997],[-0.375,51.494]]]},"properties":{"PCON24CD":"E14001236","PCON24NM":"Feltham and Heston"}},{"type":"Feature","geometry":{"type":"Polygon","coordinates":[[[-2.4767,51.4765],[-2.49,51.4767],[-2.4811,51.4845],[-2.4881,51.4921],[-2.5151,51.4818],[-2.5159,51.4939],[-2.5519,51.4922],[-2.5881,51.5012],[-2.581,51.5174],[-2.6309,51.5137],[-2.6413,51.5176],[-2.5524,51.5514],[-2.5394,51.5372],[-2.5092,51.5396],[-2.4881,51.5298],[-2.4901,51.5063],[-2.4565,51.4972],[-2.4767,51.4765]]]},"properties":{"PCON24CD":"E14001237","PCON24NM":"Filton and Bradley Stoke"}},{"type":"Feature","geometry":{"type":"Polygon","coordinates":[[[-0.1608,51.6199],[-0.1631,51.5844],[-0.1744,51.5693],[-0.2135,51.5552],[-0.2322,51.571],[-0.2049,51.5889],[-0.2253,51.5995],[-0.2021,51.6051],[-0.1781,51.6236],[-0.1608,51.6199]]]},"properties":{"PCON24CD":"E14001238","PCON24NM":"Finchley and Golders Green"}},{"type":"Feature","geometry":{"type":"Polygon","coordinates":[[[1.2027,51.0996],[1.2203,51.0976],[1.1855,51.0794],[1.1948,51.076],[1.0758,51.0631],[1.0604,51.0591],[0.9967,51.0246],[0.9644,50.9688],[0.9779,50.9129],[0.8547,50.9239],[0.8679,50.9333],[0.856,50.9531],[0.8414,50.9576],[0.8129,50.942],[0.7843,50.9772],[0.7771,50.9754],[0.779,50.9895],[0.8309,51.0494],[0.8391,51.0313],[0.8568,51.0326],[0.8534,51.0431],[0.8697,51.0441],[0.8727,51.0528],[0.8945,51.037],[0.9033,51.0505],[0.9228,51.0521],[0.9342,51.0612],[0.9447,51.0548],[0.9689,51.0629],[0.9673,51.0769],[0.9835,51.0911],[0.9957,51.0814],[1.0002,51.0945],[1.0364,51.0856],[1.0409,51.0966],[1.0471,51.0909],[1.0821,51.1045],[1.0946,51.0871],[1.118,51.0842],[1.1375,51.1024],[1.2027,51.0996]]]},"properties":{"PCON24CD":"E14001239","PCON24NM":"Folkestone and Hythe"}},{"type":"Feature","geometry":{"type":"Polygon","coordinates":[[[-2.3514,52.0214],[-2.3525,52.0135],[-2.3247,52.0036],[-2.3266,51.9758],[-2.3126,51.9765],[-2.3004,51.9668],[-2.2514,51.9666],[-2.2206,51.9955],[-2.1851,51.9906],[-2.1811,51.9995],[-2.1749,51.9961],[-2.1776,51.9834],[-2.2264,51.9494],[-2.2233,51.9313],[-2.271,51.9173],[-2.2496,51.8845],[-2.2881,51.8597],[-2.2793,51.8446],[-2.2982,51.8326],[-2.3076,51.8469],[-2.3523,51.8459],[-2.3497,51.8297],[-2.3625,51.8227],[-2.3585,51.8076],[-2.3463,51.8027],[-2.3546,51.7947],[-2.3742,51.7935],[-2.4098,51.805],[-2.4198,51.8183],[-2.4374,51.8132],[-2.4518,51.7964],[-2.4477,51.7858],[-2.393,51.7775],[-2.3857,51.7587],[-2.4073,51.7499],[-2.4371,51.7573],[-2.4726,51.7409],[-2.5027,51.6933],[-2.5424,51.6815],[-2.5665,51.6951],[-2.61,51.6727],[-2.6489,51.6313],[-2.6516,51.6096],[-2.6685,51.6456],[-2.6803,51.6475],[-2.6659,51.6643],[-2.6864,51.6632],[-2.6569,51.6745],[-2.6723,51.681],[-2.6692,51.6932],[-2.6838,51.7006],[-2.6684,51.7058],[-2.6875,51.7304],[-2.6722,51.7364],[-2.6627,51.7539],[-2.6805,51.7689],[-2.6698,51.7943],[-2.6785,51.8028],[-2.6595,51.8107],[-2.6609,51.8228],[-2.6504,51.8261],[-2.6367,51.8431],[-2.6255,51.839],[-2.6012,51.8562],[-2.5828,51.8496],[-2.5808,51.8616],[-2.5316,51.8608],[-2.5086,51.8852],[-2.4878,51.8804],[-2.4397,51.897],[-2.4679,51.9374],[-2.4656,51.9517],[-2.5009,51.9606],[-2.4922,51.9641],[-2.4949,51.9811],[-2.471,51.9947],[-2.492,52.0077],[-2.4789,52.0225],[-2.464,52.0232],[-2.4634,52.014],[-2.4366,52.0148],[-2.4373,51.9972],[-2.4132,51.9941],[-2.399,51.9961],[-2.3929,52.013],[-2.3514,52.0214]]]},"properties":{"PCON24CD":"E14001240","PCON24NM":"Forest of Dean"}},{"type":"Feature","geometry":{"type":"Polygon","coordinates":[[[-2.3075,51.365],[-2.3102,51.3575],[-2.3443,51.3455],[-2.2961,51.3425],[-2.3002,51.3323],[-2.2731,51.3229],[-2.272,51.3143],[-2.2851,51.3095],[-2.2783,51.3024],[-2.28,51.2922],[-2.2655,51.2962],[-2.2535,51.2898],[-2.2453,51.2539],[-2.2984,51.1754],[-2.3463,51.1305],[-2.371,51.1433],[-2.4013,51.1403],[-2.408,51.1477],[-2.4282,51.1433],[-2.4544,51.1225],[-2.4664,51.1242],[-2.5017,51.1127],[-2.5006,51.1072],[-2.5792,51.0888],[-2.5929,51.0932],[-2.5954,51.1038],[-2.6231,51.1057],[-2.6261,51.1245],[-2.6652,51.1246],[-2.6612,51.1528],[-2.67,51.1644],[-2.6364,51.1584],[-2.6153,51.1623],[-2.6069,51.1443],[-2.5928,51.1424],[-2.5201,51.1737],[-2.5236,51.2033],[-2.5546,51.2108],[-2.5465,51.2262],[-2.5601,51.239],[-2.4878,51.3012],[-2.4587,51.305],[-2.4713,51.3147],[-2.4616,51.3249],[-2.4682,51.3492],[-2.5087,51.3485],[-2.5243,51.3615],[-2.4992,51.359],[-2.4759,51.3753],[-2.4451,51.378],[-2.4524,51.367],[-2.4248,51.3603],[-2.4142,51.3763],[-2.3764,51.3505],[-2.3189,51.3629],[-2.3157,51.3859],[-2.2997,51.3786],[-2.3075,51.365]]]},"properties":{"PCON24CD":"E14001241","PCON24NM":"Frome and East Somerset"}},{"type":"Feature","geometry":{"type":"Polygon","coordinates":[[[-2.826,53.82],[-2.7805,53.7877],[-2.7986,53.7708],[-2.7939,53.7513],[-2.8555,53.7384],[-2.8587,53.7506],[-2.8569,53.7382],[-2.9338,53.7317],[-2.953,53.7329],[-2.945,53.7362],[-2.9764,53.734],[-3.0387,53.7472],[-3.0571,53.7765],[-3.0328,53.7809],[-3.0288,53.7731],[-2.9965,53.7745],[-3.0039,53.7913],[-2.9834,53.7938],[-3.0205,53.8408],[-3.0143,53.8506],[-2.9968,53.8515],[-2.9974,53.8621],[-2.981,53.8575],[-2.9767,53.8646],[-2.9442,53.8507],[-2.9101,53.8645],[-2.8846,53.8631],[-2.8758,53.857],[-2.8901,53.846],[-2.8576,53.8426],[-2.8701,53.8314],[-2.8409,53.8313],[-2.826,53.82]]]},"properties":{"PCON24CD":"E14001242","PCON24NM":"Fylde"}},{"type":"Feature","geometry":{"type":"Polygon","coordinates":[[[-0.1318,53.4359],[-0.1805,53.4407],[-0.2145,53.4286],[-0.206,53.4084],[-0.2294,53.3981],[-0.2049,53.3719],[-0.2559,53.3441],[-0.2553,53.33],[-0.2755,53.3218],[-0.2933,53.3345],[-0.3103,53.32],[-0.2956,53.303],[-0.3175,53.2983],[-0.3164,53.2795],[-0.3019,53.2753],[-0.3008,53.264],[-0.2898,53.264],[-0.3004,53.2621],[-0.2802,53.2498],[-0.276,53.2342],[-0.3023,53.2104],[-0.2897,53.1794],[-0.3194,53.1849],[-0.3524,53.2279],[-0.3819,53.232],[-0.4951,53.2253],[-0.496,53.2472],[-0.5143,53.254],[-0.5951,53.2452],[-0.6223,53.258],[-0.6484,53.2532],[-0.6536,53.2424],[-0.6666,53.2397],[-0.688,53.2584],[-0.7342,53.254],[-0.7351,53.2439],[-0.7771,53.2469],[-0.7643,53.2727],[-0.7781,53.2839],[-0.7635,53.2994],[-0.751,53.2936],[-0.7471,53.3043],[-0.75,53.3242],[-0.7665,53.3301],[-0.7586,53.3538],[-0.7745,53.3644],[-0.7911,53.3635],[-0.7752,53.3778],[-0.7868,53.3843],[-0.7771,53.3969],[-0.7886,53.4153],[-0.8176,53.4262],[-0.8206,53.4402],[-0.7844,53.4634],[-0.7844,53.4767],[-0.7716,53.4792],[-0.7681,53.4989],[-0.7521,53.5005],[-0.7396,53.5199],[-0.6245,53.5128],[-0.6298,53.4582],[-0.5518,53.4595],[-0.4717,53.4749],[-0.4866,53.4805],[-0.4876,53.5052],[-0.4051,53.5176],[-0.4083,53.5323],[-0.4307,53.5463],[-0.5013,53.5375],[-0.4909,53.5459],[-0.467,53.549],[-0.429,53.5745],[-0.417,53.5632],[-0.3359,53.5586],[-0.3034,53.5908],[-0.3009,53.6164],[-0.2485,53.5937],[-0.2514,53.5847],[-0.2347,53.5863],[-0.2226,53.568],[-0.1917,53.5685],[-0.2199,53.5326],[-0.2106,53.5317],[-0.2041,53.5118],[-0.2106,53.4863],[-0.1886,53.4845],[-0.1818,53.4686],[-0.1537,53.4657],[-0.1492,53.4467],[-0.1318,53.4359]]]},"properties":{"PCON24CD":"E14001243","PCON24NM":"Gainsborough"}},{"type":"Feature","geometry":{"type":"Polygon","coordinates":[[[-1.5784,54.9646],[-1.5837,54.9417],[-1.5567,54.93],[-1.5884,54.9171],[-1.6045,54.9216],[-1.6097,54.9341],[-1.6438,54.9355],[-1.6748,54.9093],[-1.6976,54.9062],[-1.7249,54.9088],[-1.7374,54.9237],[-1.6789,54.9646],[-1.6305,54.9591],[-1.6,54.9697],[-1.5784,54.9646]]]},"properties":{"PCON24CD":"E14001244","PCON24NM":"Gateshead Central and Whickham"}},{"type":"Feature","geometry":{"type":"Polygon","coordinates":[[[-1.0071,52.9855],[-1.0166,52.9802],[-1.0376,52.9836],[-1.0338,52.9584],[-1.0417,52.9512],[-1.0733,52.9559],[-1.0861,52.9486],[-1.1201,52.9678],[-1.1228,52.9835],[-1.1425,52.9863],[-1.1383,52.9948],[-1.1524,52.9966],[-1.1435,53.0065],[-1.1827,53.0186],[-1.1718,53.0432],[-1.1565,53.0471],[-1.1438,53.0434],[-1.1318,53.0226],[-1.1304,53.0281],[-1.1124,53.0209],[-1.1094,53.0296],[-1.0494,53.0335],[-1.0294,53.0232],[-1.0524,53.0105],[-1.0341,53.0049],[-1.0381,52.9956],[-1.0071,52.9855]]]},"properties":{"PCON24CD":"E14001245","PCON24NM":"Gedling"}},{"type":"Feature","geometry":{"type":"MultiPolygon","coordinates":[[[[0.5856,51.3887],[0.5945,51.3865],[0.6021,51.3906],[0.5967,51.3868],[0.6121,51.3788],[0.6196,51.3882],[0.6334,51.389],[0.6233,51.3692],[0.6349,51.3664],[0.6014,51.3333],[0.5635,51.3387],[0.5524,51.3735],[0.5362,51.3784],[0.5417,51.3966],[0.5565,51.3978],[0.5856,51.3887]]],[[[0.6081,51.4015],[0.6153,51.3954],[0.597,51.3961],[0.6081,51.4015]]]]},"properties":{"PCON24CD":"E14001246","PCON24NM":"Gillingham and Rainham"}},{"type":"Feature","geometry":{"type":"Polygon","coordinates":[[[-2.67,51.1644],[-2.6612,51.1528],[-2.6652,51.1246],[-2.6261,51.1245],[-2.6231,51.1057],[-2.5954,51.1038],[-2.5929,51.0932],[-2.5792,51.0888],[-2.5006,51.1072],[-2.5017,51.1127],[-2.4664,51.1242],[-2.4544,51.1225],[-2.4282,51.1433],[-2.408,51.1477],[-2.4013,51.1403],[-2.371,51.1433],[-2.3463,51.1305],[-2.3445,51.1247],[-2.3645,51.1189],[-2.3625,51.1016],[-2.3259,51.0797],[-2.35,51.0689],[-2.33,51.0413],[-2.3813,51.0049],[-2.3769,50.9908],[-2.3549,50.9909],[-2.3444,50.979],[-2.4149,50.9606],[-2.428,50.9714],[-2.4472,50.9679],[-2.4435,50.9585],[-2.4587,50.9497],[-2.4903,50.9728],[-2.5023,50.9938],[-2.5264,50.9919],[-2.5452,50.9996],[-2.5454,50.9851],[-2.5562,50.9795],[-2.5746,50.9867],[-2.586,50.9769],[-2.6019,50.9775],[-2.5984,50.9595],[-2.6256,50.9666],[-2.6348,50.9605],[-2.6453,50.9781],[-2.667,50.9743],[-2.6688,50.9656],[-2.6877,50.9666],[-2.7111,50.9523],[-2.7296,50.927],[-2.748,50.9379],[-2.7714,50.9359],[-2.797,50.9704],[-2.8353,50.9595],[-2.8528,50.967],[-2.864,50.9492],[-2.8985,50.9585],[-2.8954,50.951],[-2.9243,50.9391],[-2.9597,50.9673],[-2.9847,50.9633],[-2.9751,50.9732],[-2.9783,50.998],[-2.9443,51.0033],[-2.9505,51.0113],[-2.8838,51.0458],[-2.8931,51.055],[-2.8882,51.0691],[-2.8774,51.0813],[-2.8571,51.078],[-2.8499,51.1032],[-2.7944,51.1078],[-2.7909,51.0985],[-2.772,51.0971],[-2.7649,51.1077],[-2.7524,51.1082],[-2.7594,51.1283],[-2.7447,51.1426],[-2.7454,51.1604],[-2.7294,51.1548],[-2.717,51.1699],[-2.67,51.1644]]]},"properties":{"PCON24CD":"E14001247","PCON24NM":"Glastonbury and Somerton"}},{"type":"Feature","geometry":{"type":"Polygon","coordinates":[[[-2.1976,51.8717],[-2.1773,51.8559],[-2.2234,51.8212],[-2.2275,51.8283],[-2.2493,51.8252],[-2.2629,51.8076],[-2.2991,51.8246],[-2.2982,51.8326],[-2.2793,51.8446],[-2.2881,51.8597],[-2.2604,51.8756],[-2.238,51.8833],[-2.2229,51.8591],[-2.1976,51.8717]]]},"properties":{"PCON24CD":"E14001248","PCON24NM":"Gloucester"}},{"type":"Feature","geometry":{"type":"Polygon","coordinates":[[[-0.6506,51.2434],[-0.6394,51.2369],[-0.6218,51.2403],[-0.622,51.2271],[-0.5796,51.2256],[-0.559,51.2156],[-0.5403,51.2153],[-0.5292,51.2318],[-0.503,51.2401],[-0.4564,51.2423],[-0.4404,51.2354],[-0.4346,51.2399],[-0.4257,51.2303],[-0.4384,51.2097],[-0.4101,51.1933],[-0.4084,51.1757],[-0.4295,51.174],[-0.4439,51.1836],[-0.4638,51.172],[-0.4637,51.1525],[-0.4438,51.1262],[-0.417,51.1247],[-0.4192,51.1052],[-0.4921,51.0944],[-0.5054,51.0883],[-0.535,51.0936],[-0.5392,51.082],[-0.5776,51.0867],[-0.6015,51.0797],[-0.6294,51.089],[-0.6874,51.0755],[-0.6858,51.0893],[-0.6747,51.0929],[-0.679,51.1024],[-0.6861,51.109],[-0.6987,51.1025],[-0.7302,51.1139],[-0.7474,51.1554],[-0.7476,51.1722],[-0.7233,51.1917],[-0.7483,51.2107],[-0.7455,51.2305],[-0.7293,51.2561],[-0.7311,51.2803],[-0.7065,51.2833],[-0.6988,51.2356],[-0.6506,51.2434]]]},"properties":{"PCON24CD":"E14001249","PCON24NM":"Godalming and Ash"}},{"type":"Feature","geometry":{"type":"Polygon","coordinates":[[[-0.58,53.8577],[-0.5809,53.8459],[-0.6408,53.8357],[-0.6506,53.8158],[-0.6279,53.8093],[-0.6326,53.8022],[-0.5882,53.8015],[-0.5479,53.8149],[-0.5381,53.8007],[-0.4452,53.821],[-0.4323,53.8202],[-0.4265,53.8035],[-0.4104,53.8052],[-0.4088,53.7953],[-0.447,53.7936],[-0.4522,53.7687],[-0.4826,53.7587],[-0.4658,53.7154],[-0.5426,53.7084],[-0.5833,53.7266],[-0.6302,53.734],[-0.6372,53.7289],[-0.6185,53.7305],[-0.6716,53.7218],[-0.696,53.7044],[-0.7426,53.707],[-0.6985,53.6977],[-0.71,53.6959],[-0.6997,53.6957],[-0.6969,53.6832],[-0.7024,53.6775],[-0.7218,53.6794],[-0.7745,53.6562],[-0.7721,53.6641],[-0.7887,53.6592],[-0.8483,53.633],[-0.9468,53.6591],[-1.0487,53.6561],[-1.1034,53.6695],[-1.0811,53.6845],[-1.0749,53.7039],[-1.0617,53.7068],[-1.0389,53.6939],[-0.9803,53.6969],[-0.9805,53.705],[-0.9626,53.7008],[-0.9577,53.7148],[-0.9037,53.7184],[-0.911,53.7327],[-0.9608,53.736],[-0.9736,53.7499],[-0.9283,53.7656],[-0.9345,53.8018],[-0.9201,53.8161],[-0.9406,53.8235],[-0.9482,53.8616],[-0.9234,53.8807],[-0.9208,53.8907],[-0.9495,53.8939],[-0.9215,53.9214],[-0.9212,53.9604],[-0.9341,53.9685],[-0.9253,53.9915],[-0.8782,53.9999],[-0.8803,53.9752],[-0.8659,53.9717],[-0.8396,53.9429],[-0.7593,53.9477],[-0.7511,53.9233],[-0.7778,53.8986],[-0.7678,53.8871],[-0.7488,53.8875],[-0.7261,53.8727],[-0.7235,53.8553],[-0.7007,53.8374],[-0.7057,53.8279],[-0.6152,53.8596],[-0.58,53.8577]]]},"properties":{"PCON24CD":"E14001250","PCON24NM":"Goole and Pocklington"}},{"type":"Feature","geometry":{"type":"Polygon","coordinates":[[[-2.1499,53.4709],[-2.1495,53.4605],[-2.0984,53.4636],[-2.0928,53.4375],[-2.1025,53.4326],[-2.1159,53.4407],[-2.1417,53.4383],[-2.166,53.4538],[-2.1765,53.4331],[-2.1885,53.4367],[-2.2077,53.4201],[-2.2187,53.4217],[-2.2052,53.4406],[-2.1942,53.4718],[-2.1499,53.4709]]]},"properties":{"PCON24CD":"E14001251","PCON24NM":"Gorton and Denton"}},{"type":"Feature","geometry":{"type":"Polygon","coordinates":[[[-1.1779,50.8389],[-1.1569,50.8383],[-1.1572,50.8234],[-1.1458,50.826],[-1.124,50.8061],[-1.1371,50.8023],[-1.1237,50.8041],[-1.1178,50.7922],[-1.1407,50.7835],[-1.1119,50.7895],[-1.1421,50.7734],[-1.2401,50.8182],[-1.2342,50.8333],[-1.2109,50.8362],[-1.2111,50.8459],[-1.1869,50.8358],[-1.1779,50.8389]]]},"properties":{"PCON24CD":"E14001252","PCON24NM":"Gosport"}},{"type":"Feature","geometry":{"type":"Polygon","coordinates":[[[-0.202,53.006],[-0.1898,52.9964],[-0.2467,52.9288],[-0.2695,52.877],[-0.257,52.8672],[-0.2709,52.8721],[-0.2763,52.8617],[-0.2607,52.771],[-0.3045,52.7461],[-0.3994,52.7547],[-0.4073,52.7613],[-0.4197,52.8204],[-0.3993,52.8236],[-0.404,52.8439],[-0.4297,52.8366],[-0.4439,52.8444],[-0.4723,52.8329],[-0.4967,52.8381],[-0.5366,52.8312],[-0.5823,52.8335],[-0.5926,52.8472],[-0.5833,52.8812],[-0.5957,52.8892],[-0.6237,52.8908],[-0.6877,52.8695],[-0.6758,52.8482],[-0.7058,52.8381],[-0.7427,52.8832],[-0.7666,52.8868],[-0.7585,52.9005],[-0.7769,52.9048],[-0.755,52.9496],[-0.7784,52.9593],[-0.7783,52.9769],[-0.8041,53.0125],[-0.7958,53.0106],[-0.7884,53.0259],[-0.7608,53.0294],[-0.7496,53.0551],[-0.7162,53.0591],[-0.7059,53.052],[-0.6899,53.0598],[-0.5849,53.0457],[-0.5228,53.0496],[-0.5319,52.9898],[-0.5074,52.9911],[-0.4995,52.9864],[-0.5112,52.9816],[-0.4888,52.9841],[-0.4789,52.9772],[-0.4576,52.9841],[-0.3788,52.9748],[-0.2627,53.0046],[-0.202,53.006]]]},"properties":{"PCON24CD":"E14001253","PCON24NM":"Grantham and Bourne"}},{"type":"Feature","geometry":{"type":"Polygon","coordinates":[[[0.4576,51.4583],[0.488,51.4433],[0.4892,51.4153],[0.4751,51.4129],[0.4677,51.3983],[0.4519,51.3983],[0.4533,51.3914],[0.4311,51.388],[0.3796,51.3296],[0.3411,51.325],[0.3367,51.3865],[0.3446,51.3934],[0.3263,51.4428],[0.3107,51.453],[0.3152,51.4649],[0.3253,51.4502],[0.382,51.4435],[0.4403,51.4474],[0.4593,51.4555],[0.4576,51.4583]]]},"properties":{"PCON24CD":"E14001254","PCON24NM":"Gravesham"}},{"type":"Feature","geometry":{"type":"Polygon","coordinates":[[[0.009,53.5354],[-0.032,53.5348],[-0.0522,53.5507],[-0.0561,53.5439],[-0.0845,53.5387],[-0.1247,53.5435],[-0.1503,53.5676],[-0.1107,53.5904],[-0.0793,53.577],[-0.065,53.5834],[-0.015,53.5515],[-0.0035,53.5467],[-0.0085,53.5557],[0.009,53.5354]]]},"properties":{"PCON24CD":"E14001255","PCON24NM":"Great Grimsby and Cleethorpes"}},{"type":"Feature","geometry":{"type":"Polygon","coordinates":[[[1.7402,52.5321],[1.726,52.5306],[1.7021,52.5447],[1.6677,52.5503],[1.6286,52.526],[1.6211,52.5397],[1.6058,52.5447],[1.6486,52.5763],[1.6463,52.5886],[1.631,52.5925],[1.642,52.6042],[1.6772,52.614],[1.6443,52.6304],[1.6053,52.624],[1.5904,52.6382],[1.5681,52.6379],[1.5494,52.6815],[1.5502,52.6991],[1.6193,52.7176],[1.6393,52.7343],[1.6749,52.7426],[1.6976,52.7235],[1.7372,52.6452],[1.7436,52.5743],[1.74,52.5742],[1.7331,52.5566],[1.7402,52.5321]]]},"properties":{"PCON24CD":"E14001256","PCON24NM":"Great Yarmouth"}},{"type":"Feature","geometry":{"type":"Polygon","coordinates":[[[0.0155,51.4972],[0.0216,51.494],[0.0741,51.4956],[0.08,51.4804],[0.055,51.4711],[0.0365,51.4794],[0.0237,51.4764],[0.0279,51.4665],[0.0093,51.464],[0.018,51.4738],[-0.0151,51.468],[-0.0192,51.4772],[0.002,51.4885],[0.0014,51.5042],[0.0155,51.4972]]]},"properties":{"PCON24CD":"E14001257","PCON24NM":"Greenwich and Woolwich"}},{"type":"Feature","geometry":{"type":"Polygon","coordinates":[[[-0.3947,51.298],[-0.3871,51.2649],[-0.397,51.2379],[-0.4346,51.2399],[-0.4404,51.2354],[-0.4564,51.2423],[-0.503,51.2401],[-0.5292,51.2318],[-0.5403,51.2153],[-0.559,51.2156],[-0.5796,51.2256],[-0.622,51.2271],[-0.6218,51.2403],[-0.6394,51.2369],[-0.6506,51.2434],[-0.6547,51.2594],[-0.6186,51.283],[-0.6009,51.2861],[-0.543,51.2658],[-0.5342,51.2737],[-0.5492,51.2847],[-0.5402,51.301],[-0.5298,51.2976],[-0.5103,51.3131],[-0.5008,51.3066],[-0.4755,51.3164],[-0.489,51.3299],[-0.4372,51.3274],[-0.4457,51.3241],[-0.44,51.3047],[-0.4095,51.3031],[-0.4053,51.2949],[-0.3947,51.298]]]},"properties":{"PCON24CD":"E14001258","PCON24NM":"Guildford"}},{"type":"Feature","geometry":{"type":"Polygon","coordinates":[[[-0.03,51.5614],[-0.0172,51.5517],[-0.0777,51.5495],[-0.0917,51.5602],[-0.0878,51.5695],[-0.0612,51.5778],[-0.0471,51.5626],[-0.03,51.5614]]]},"properties":{"PCON24CD":"E14001259","PCON24NM":"Hackney North and Stoke Newington"}},{"type":"Feature","geometry":{"type":"Polygon","coordinates":[[[-0.0172,51.5516],[-0.0165,51.5433],[-0.0333,51.5447],[-0.0742,51.5301],[-0.0785,51.5215],[-0.0852,51.5203],[-0.097,51.533],[-0.0782,51.5367],[-0.0777,51.5495],[-0.0172,51.5516]]]},"properties":{"PCON24CD":"E14001260","PCON24NM":"Hackney South and Shoreditch"}},{"type":"Feature","geometry":{"type":"Polygon","coordinates":[[[-2.0705,52.4816],[-2.0739,52.4762],[-2.0577,52.4797],[-2.0471,52.4701],[-2.0227,52.4806],[-2.0132,52.4622],[-2.017,52.4327],[-2.037,52.4275],[-2.0379,52.4416],[-2.0558,52.4413],[-2.0625,52.4274],[-2.0681,52.4352],[-2.0861,52.4329],[-2.0933,52.4453],[-2.1088,52.4412],[-2.1178,52.4505],[-2.1009,52.4612],[-2.1156,52.4636],[-2.1068,52.4825],[-2.0947,52.4869],[-2.0705,52.4816]]]},"properties":{"PCON24CD":"E14001261","PCON24NM":"Halesowen"}},{"type":"Feature","geometry":{"type":"Polygon","coordinates":[[[-1.8956,53.7809],[-1.8734,53.7786],[-1.8649,53.7513],[-1.8554,53.7483],[-1.8278,53.7637],[-1.8094,53.7644],[-1.7925,53.7449],[-1.8441,53.7243],[-1.8212,53.7238],[-1.8144,53.7002],[-1.8399,53.6999],[-1.8513,53.6924],[-1.9032,53.7083],[-1.9344,53.688],[-1.9599,53.6999],[-1.9425,53.7134],[-1.9203,53.7122],[-1.9329,53.7287],[-1.9203,53.7283],[-1.9252,53.7624],[-1.9507,53.786],[-1.927,53.7875],[-1.8956,53.7809]]]},"properties":{"PCON24CD":"E14001262","PCON24NM":"Halifax"}},{"type":"Feature","geometry":{"type":"Polygon","coordinates":[[[-1.1725,50.9185],[-1.238,50.9036],[-1.2163,50.8905],[-1.2366,50.8638],[-1.2101,50.8532],[-1.2109,50.8362],[-1.2342,50.8333],[-1.2401,50.8182],[-1.3073,50.8413],[-1.3006,50.8796],[-1.3169,50.8761],[-1.3104,50.849],[-1.3639,50.8793],[-1.324,50.9044],[-1.3276,50.9141],[-1.2911,50.9468],[-1.2672,50.9293],[-1.2353,50.9396],[-1.2124,50.9353],[-1.223,50.9234],[-1.1843,50.9308],[-1.1725,50.9185]]]},"properties":{"PCON24CD":"E14001263","PCON24NM":"Hamble Valley"}},{"type":"Feature","geometry":{"type":"Polygon","coordinates":[[[-0.2202,51.5117],[-0.2024,51.4917],[-0.2273,51.4857],[-0.2419,51.4887],[-0.2613,51.4708],[-0.2925,51.4872],[-0.286,51.4927],[-0.3007,51.4993],[-0.2808,51.5028],[-0.2701,51.4942],[-0.2554,51.495],[-0.2551,51.5043],[-0.2349,51.5065],[-0.2383,51.5142],[-0.2202,51.5117]]]},"properties":{"PCON24CD":"E14001264","PCON24NM":"Hammersmith and Chiswick"}},{"type":"Feature","geometry":{"type":"Polygon","coordinates":[[[-0.1334,51.5729],[-0.1425,51.569],[-0.1394,51.5582],[-0.1472,51.5488],[-0.1617,51.5487],[-0.1604,51.5373],[-0.1887,51.5345],[-0.2135,51.5552],[-0.1744,51.5693],[-0.1631,51.5844],[-0.1476,51.5862],[-0.1334,51.5729]]]},"properties":{"PCON24CD":"E14001265","PCON24NM":"Hampstead and Highgate"}},{"type":"Feature","geometry":{"type":"Polygon","coordinates":[[[-0.8834,52.5138],[-0.8821,52.4932],[-0.898,52.4869],[-0.8824,52.4713],[-0.9013,52.4598],[-0.9422,52.4678],[-0.9525,52.4775],[-1.0007,52.4709],[-1.0277,52.4585],[-1.049,52.4795],[-1.0357,52.5048],[-1.0167,52.5127],[-1.0155,52.5327],[-1.0308,52.5331],[-1.0443,52.544],[-1.0748,52.5404],[-1.0642,52.5621],[-1.0803,52.5556],[-1.0958,52.5656],[-1.1236,52.5689],[-1.1302,52.5622],[-1.1436,52.588],[-1.1202,52.5975],[-1.1037,52.5959],[-1.0966,52.6165],[-1.0705,52.6181],[-1.0625,52.6042],[-1.0422,52.5983],[-0.9847,52.618],[-0.9632,52.5999],[-0.9365,52.5993],[-0.9414,52.5796],[-0.921,52.565],[-0.9296,52.5587],[-0.9177,52.5348],[-0.8857,52.5237],[-0.8834,52.5138]]]},"properties":{"PCON24CD":"E14001266","PCON24NM":"Harborough, Oadby and Wigston"}},{"type":"Feature","geometry":{"type":"Polygon","coordinates":[[[0.2814,51.7895],[0.2375,51.7798],[0.2332,51.7732],[0.1809,51.771],[0.1608,51.7575],[0.1735,51.7365],[0.1568,51.7316],[0.1171,51.7316],[0.1138,51.7407],[0.0843,51.7347],[0.0638,51.7515],[0.0675,51.7614],[0.0574,51.7629],[0.0371,51.758],[0.0397,51.7463],[0.0545,51.7475],[0.056,51.7406],[0.0216,51.7311],[0.023,51.7167],[-0.0141,51.7231],[-0.0132,51.7426],[0.0012,51.7451],[0.0181,51.7697],[0.1506,51.7969],[0.1583,51.8135],[0.1733,51.8175],[0.1612,51.826],[0.1705,51.8616],[0.2128,51.8746],[0.2681,51.8615],[0.2846,51.8665],[0.3083,51.8488],[0.3274,51.8552],[0.3323,51.8394],[0.2862,51.8252],[0.2814,51.7895]]]},"properties":{"PCON24CD":"E14001267","PCON24NM":"Harlow"}},{"type":"Feature","geometry":{"type":"Polygon","coordinates":[[[-0.3395,51.8496],[-0.3194,51.8367],[-0.2735,51.8354],[-0.2433,51.8124],[-0.2775,51.7978],[-0.2773,51.776],[-0.267,51.768],[-0.285,51.7602],[-0.3041,51.7728],[-0.3223,51.7671],[-0.3249,51.7789],[-0.3352,51.7797],[-0.3623,51.7589],[-0.3535,51.7559],[-0.3753,51.7463],[-0.3568,51.7345],[-0.4119,51.7321],[-0.4221,51.7408],[-0.4228,51.766],[-0.4423,51.783],[-0.4719,51.7725],[-0.515,51.7692],[-0.5268,51.7426],[-0.5749,51.737],[-0.5864,51.7521],[-0.6129,51.7474],[-0.6734,51.7685],[-0.6902,51.7923],[-0.6854,51.8002],[-0.7093,51.8205],[-0.7237,51.8178],[-0.7451,51.8381],[-0.7203,51.8562],[-0.6923,51.857],[-0.6954,51.8411],[-0.6672,51.8158],[-0.6329,51.8199],[-0.5818,51.8069],[-0.5607,51.8301],[-0.5197,51.8051],[-0.5023,51.8155],[-0.5112,51.8259],[-0.5018,51.8368],[-0.4712,51.8455],[-0.4783,51.8531],[-0.4701,51.8558],[-0.4475,51.8476],[-0.4215,51.8502],[-0.3741,51.8292],[-0.3633,51.8421],[-0.3395,51.8496]]]},"properties":{"PCON24CD":"E14001268","PCON24NM":"Harpenden and Berkhamsted"}},{"type":"Feature","geometry":{"type":"Polygon","coordinates":[[[-1.5436,53.9549],[-1.5643,53.96],[-1.5615,53.9776],[-1.576,53.9756],[-1.5819,53.9869],[-1.5921,53.9838],[-1.6232,53.9975],[-1.6078,54.0289],[-1.5899,54.0258],[-1.5685,54.0343],[-1.5409,54.0262],[-1.5407,54.0197],[-1.5212,54.0215],[-1.5218,54.0377],[-1.5387,54.0464],[-1.5186,54.0456],[-1.519,54.0548],[-1.5027,54.0589],[-1.5226,54.0671],[-1.5207,54.0756],[-1.5045,54.0833],[-1.4727,54.0835],[-1.4707,54.0758],[-1.452,54.0698],[-1.4316,54.073],[-1.4128,54.0582],[-1.3897,54.0603],[-1.3835,54.0372],[-1.3513,54.0313],[-1.3457,53.9998],[-1.3522,53.9927],[-1.3887,54.0003],[-1.4212,53.981],[-1.4425,53.9976],[-1.4572,53.9911],[-1.4877,53.9923],[-1.4836,53.9815],[-1.5068,53.9766],[-1.5176,53.9527],[-1.5436,53.9549]]]},"properties":{"PCON24CD":"E14001269","PCON24NM":"Harrogate and Knaresborough"}},{"type":"Feature","geometry":{"type":"Polygon","coordinates":[[[-0.3044,51.6363],[-0.2623,51.5963],[-0.2778,51.5797],[-0.3014,51.5873],[-0.317,51.5821],[-0.3318,51.5907],[-0.3219,51.5939],[-0.3276,51.604],[-0.3573,51.6029],[-0.3682,51.6207],[-0.3167,51.6405],[-0.3044,51.6363]]]},"properties":{"PCON24CD":"E14001270","PCON24NM":"Harrow East"}},{"type":"Feature","geometry":{"type":"Polygon","coordinates":[[[-0.3573,51.6029],[-0.3276,51.604],[-0.3219,51.5939],[-0.3318,51.5907],[-0.317,51.5821],[-0.3356,51.5566],[-0.3778,51.555],[-0.3859,51.5709],[-0.3626,51.5874],[-0.3705,51.6056],[-0.3573,51.6029]]]},"properties":{"PCON24CD":"E14001271","PCON24NM":"Harrow West"}},{"type":"Feature","geometry":{"type":"Polygon","coordinates":[[[-1.2413,54.7234],[-1.1762,54.6977],[-1.1742,54.6919],[-1.1963,54.6986],[-1.188,54.6934],[-1.1991,54.6806],[-1.1759,54.6534],[-1.1576,54.6482],[-1.1732,54.6337],[-1.1882,54.6326],[-1.2094,54.6217],[-1.2342,54.6289],[-1.2567,54.6234],[-1.299,54.628],[-1.3164,54.6452],[-1.3289,54.644],[-1.3351,54.6313],[-1.3808,54.6438],[-1.3412,54.6502],[-1.3479,54.6624],[-1.3309,54.6822],[-1.3446,54.6908],[-1.3194,54.6913],[-1.3013,54.7081],[-1.3037,54.7185],[-1.2703,54.7272],[-1.2519,54.7196],[-1.2413,54.7234]]]},"properties":{"PCON24CD":"E14001272","PCON24NM":"Hartlepool"}},{"type":"Feature","geometry":{"type":"MultiPolygon","coordinates":[[[[0.9456,51.7747],[0.9024,51.7737],[0.9018,51.7861],[0.9428,51.8067],[0.9658,51.8087],[0.9991,51.8019],[1,51.7931],[0.9456,51.7747]]],[[[1.0644,51.8175],[1.0614,51.8131],[1.0642,51.8172],[1.0644,51.8175]]],[[[0.9626,51.9772],[0.971,51.9624],[0.999,51.9639],[1.0187,51.9532],[1.0477,51.9595],[1.0685,51.9503],[1.0539,51.953],[1.0619,51.946],[1.1195,51.9401],[1.1701,51.948],[1.1805,51.9418],[1.2273,51.9395],[1.2462,51.9485],[1.2771,51.9392],[1.2909,51.9487],[1.2966,51.9356],[1.2851,51.9369],[1.2497,51.9162],[1.258,51.912],[1.2538,51.905],[1.2276,51.927],[1.2001,51.9216],[1.1924,51.9115],[1.1591,51.9141],[1.1649,51.9247],[1.143,51.9344],[1.0863,51.9043],[1.0894,51.8966],[1.0613,51.9049],[1.0554,51.8773],[1.0201,51.8756],[1.0102,51.8658],[1.0137,51.8571],[1.043,51.8529],[1.062,51.8216],[1.0462,51.8229],[1.0632,51.8175],[1.0544,51.8108],[1.0128,51.8049],[0.9841,51.8351],[1.021,51.8348],[0.9852,51.839],[0.9776,51.8475],[0.9775,51.8356],[0.9664,51.8294],[0.9822,51.8174],[0.9658,51.8226],[0.9619,51.8331],[0.9434,51.8222],[0.9912,51.8073],[0.9162,51.8114],[0.9207,51.805],[0.937,51.8058],[0.9041,51.8042],[0.8928,51.7799],[0.8893,51.7997],[0.87,51.8056],[0.8614,51.8178],[0.8887,51.8462],[0.9202,51.8453],[0.9082,51.8772],[0.9183,51.8872],[0.9356,51.8764],[0.9571,51.9036],[0.9315,51.9132],[0.9298,51.9262],[0.903,51.9288],[0.8727,51.9183],[0.8676,51.9019],[0.8447,51.8967],[0.7573,51.8795],[0.7535,51.8897],[0.7407,51.8706],[0.7165,51.8712],[0.7228,51.8788],[0.6996,51.9034],[0.7291,51.908],[0.7222,51.9102],[0.7497,51.9548],[0.764,51.9543],[0.7815,51.9665],[0.8109,51.9607],[0.8247,51.9685],[0.8502,51.9608],[0.8897,51.9734],[0.9252,51.9762],[0.9429,51.9707],[0.9626,51.9772]]]]},"properties":{"PCON24CD":"E14001273","PCON24NM":"Harwich and North Essex"}},{"type":"Feature","geometry":{"type":"Polygon","coordinates":[[[0.779,50.9895],[0.7771,50.9754],[0.7843,50.9772],[0.8129,50.942],[0.8414,50.9576],[0.856,50.9531],[0.8679,50.9333],[0.8547,50.9239],[0.772,50.9313],[0.7749,50.9273],[0.7297,50.9134],[0.6586,50.8699],[0.5028,50.8425],[0.5086,50.8509],[0.5212,50.8517],[0.5291,50.8923],[0.5563,50.8941],[0.606,50.8786],[0.6276,50.9018],[0.6169,50.9094],[0.6253,50.9281],[0.6685,50.9321],[0.6904,50.9271],[0.7249,50.9349],[0.7109,50.9566],[0.6758,50.9469],[0.6506,50.9487],[0.6608,50.9835],[0.6809,51.0015],[0.7068,50.9936],[0.7411,51.0006],[0.779,50.9895]]]},"properties":{"PCON24CD":"E14001274","PCON24NM":"Hastings and Rye"}},{"type":"Feature","geometry":{"type":"MultiPolygon","coordinates":[[[[-0.951,50.8238],[-0.9572,50.8076],[-0.9733,50.809],[-0.9527,50.8011],[-0.9674,50.7872],[-0.9512,50.787],[-0.9589,50.7812],[-0.9376,50.7873],[-0.9389,50.7776],[-1.0239,50.7882],[-1.0251,50.796],[-0.9945,50.7984],[-0.9833,50.8207],[-0.9901,50.827],[-0.9676,50.8348],[-0.951,50.8238]]],[[[-0.9988,50.8954],[-0.9604,50.8722],[-0.9636,50.8673],[-0.9387,50.8737],[-0.9265,50.8641],[-0.9345,50.8459],[-0.9745,50.8422],[-0.9812,50.8349],[-0.9988,50.8416],[-1.0008,50.8514],[-1.0026,50.8431],[-1.0206,50.839],[-1.025,50.8264],[-1.0226,50.8521],[-1.0541,50.8565],[-1.0414,50.8779],[-1.0134,50.8756],[-0.9988,50.8954]]]]},"properties":{"PCON24CD":"E14001275","PCON24NM":"Havant"}},{"type":"Feature","geometry":{"type":"Polygon","coordinates":[[[-0.3764,51.5289],[-0.4069,51.4997],[-0.4169,51.4825],[-0.4111,51.4699],[-0.4439,51.4533],[-0.5098,51.4692],[-0.49,51.4947],[-0.4855,51.51],[-0.4502,51.5072],[-0.4414,51.5365],[-0.4168,51.5402],[-0.3764,51.5289]]]},"properties":{"PCON24CD":"E14001276","PCON24NM":"Hayes and Harlington"}},{"type":"Feature","geometry":{"type":"Polygon","coordinates":[[[-2.0928,53.4375],[-2.0794,53.4261],[-2.0263,53.4299],[-2.0137,53.4159],[-1.9923,53.4152],[-2.0046,53.3863],[-2.0338,53.3755],[-2.0311,53.3703],[-2.0406,53.3741],[-2.0682,53.3574],[-2.0951,53.3661],[-2.1279,53.3646],[-2.1173,53.375],[-2.1312,53.3819],[-2.1337,53.3959],[-2.1463,53.393],[-2.156,53.4012],[-2.1266,53.4242],[-2.1307,53.4394],[-2.1159,53.4407],[-2.1025,53.4326],[-2.0928,53.4375]]]},"properties":{"PCON24CD":"E14001277","PCON24NM":"Hazel Grove"}},{"type":"Feature","geometry":{"type":"Polygon","coordinates":[[[-0.4221,51.7408],[-0.4455,51.7265],[-0.467,51.7347],[-0.4825,51.7279],[-0.4696,51.6968],[-0.5155,51.7066],[-0.5243,51.6821],[-0.5487,51.6827],[-0.544,51.6968],[-0.5632,51.7119],[-0.5501,51.7306],[-0.5637,51.7396],[-0.5268,51.7426],[-0.515,51.7692],[-0.4719,51.7725],[-0.4423,51.783],[-0.4228,51.766],[-0.4221,51.7408]]]},"properties":{"PCON24CD":"E14001278","PCON24NM":"Hemel Hempstead"}},{"type":"Feature","geometry":{"type":"Polygon","coordinates":[[[-0.3026,51.6362],[-0.2769,51.6213],[-0.2354,51.6305],[-0.2019,51.6247],[-0.2162,51.6153],[-0.2021,51.6051],[-0.2253,51.5995],[-0.2049,51.5889],[-0.2322,51.571],[-0.2511,51.5703],[-0.2482,51.5843],[-0.3026,51.6362]]]},"properties":{"PCON24CD":"E14001279","PCON24NM":"Hendon"}},{"type":"Feature","geometry":{"type":"Polygon","coordinates":[[[-1.1235,51.7942],[-1.1064,51.7816],[-1.0832,51.7805],[-1.0809,51.7566],[-1.0455,51.7446],[-1.0304,51.7449],[-1.0298,51.7579],[-0.9863,51.7521],[-0.9798,51.7607],[-0.9542,51.7579],[-0.9241,51.7477],[-0.8894,51.7201],[-0.8948,51.6925],[-0.8799,51.6809],[-0.8979,51.6764],[-0.8777,51.6684],[-0.9102,51.6739],[-0.9308,51.6661],[-0.9273,51.6514],[-0.9507,51.6507],[-0.9355,51.6356],[-0.95,51.6289],[-0.9386,51.6178],[-0.9431,51.605],[-0.9169,51.5993],[-0.9415,51.5855],[-0.9384,51.5712],[-0.9017,51.5562],[-0.8969,51.5449],[-0.9001,51.5367],[-0.8785,51.5235],[-0.87,51.5044],[-0.8937,51.4968],[-0.8977,51.487],[-0.9217,51.4679],[-0.9492,51.4595],[-0.9552,51.4653],[-0.9411,51.475],[-0.9575,51.4931],[-0.9984,51.4843],[-1.0073,51.4682],[-1.0377,51.4757],[-1.0513,51.4919],[-1.1019,51.4895],[-1.113,51.5095],[-1.1421,51.5162],[-1.1404,51.5429],[-1.1469,51.5529],[-1.1257,51.5708],[-1.1152,51.619],[-1.1438,51.6252],[-1.1551,51.636],[-1.1805,51.6355],[-1.1795,51.6698],[-1.1648,51.6751],[-1.1571,51.6956],[-1.1694,51.7073],[-1.1855,51.707],[-1.1903,51.727],[-1.1758,51.7335],[-1.194,51.7365],[-1.1949,51.7536],[-1.1802,51.7659],[-1.254,51.7862],[-1.242,51.81],[-1.1945,51.797],[-1.1873,51.8121],[-1.1674,51.8138],[-1.1541,51.7966],[-1.1268,51.7995],[-1.1235,51.7942]]]},"properties":{"PCON24CD":"E14001280","PCON24NM":"Henley and Thame"}},{"type":"Feature","geometry":{"type":"Polygon","coordinates":[[[-2.4679,51.9374],[-2.4397,51.897],[-2.4878,51.8804],[-2.5086,51.8852],[-2.5316,51.8608],[-2.5808,51.8616],[-2.5828,51.8496],[-2.6012,51.8562],[-2.6255,51.839],[-2.6367,51.8431],[-2.6504,51.8261],[-2.6662,51.8356],[-2.6933,51.8338],[-2.6973,51.8448],[-2.7151,51.8402],[-2.7197,51.8489],[-2.7388,51.8366],[-2.7788,51.8659],[-2.7683,51.8804],[-2.8361,51.9061],[-2.8419,51.9177],[-2.8619,51.914],[-2.845,51.9221],[-2.8778,51.9338],[-2.9718,51.905],[-2.9767,51.9275],[-3.0081,51.9271],[-3.0259,51.9573],[-3.0674,51.9831],[-3.0992,52.0227],[-3.0863,52.0402],[-3.0906,52.0505],[-3.1259,52.0783],[-3.1227,52.1031],[-3.1053,52.1054],[-3.1049,52.1167],[-3.0734,52.1205],[-3.062,52.1142],[-3.0701,52.1099],[-3.036,52.1101],[-3.0425,52.1046],[-3.0283,52.1037],[-2.9871,52.1165],[-2.9867,52.1075],[-2.9661,52.1032],[-2.9674,52.0891],[-2.953,52.0867],[-2.946,52.0941],[-2.9144,52.0776],[-2.9115,52.0829],[-2.9051,52.0792],[-2.896,52.1092],[-2.8767,52.1116],[-2.8363,52.0842],[-2.8111,52.0819],[-2.8001,52.0514],[-2.7534,52.0449],[-2.7383,52.0493],[-2.7602,52.0604],[-2.7539,52.0656],[-2.7747,52.0695],[-2.7692,52.0776],[-2.7137,52.0747],[-2.7001,52.0631],[-2.6833,52.0624],[-2.6751,52.0437],[-2.6576,52.0398],[-2.668,52.0318],[-2.6557,52.0209],[-2.6318,52.029],[-2.6377,52.0135],[-2.6247,52.0131],[-2.6198,52.0028],[-2.6339,51.9916],[-2.6014,51.9901],[-2.6144,51.9764],[-2.6556,51.9667],[-2.6616,51.9553],[-2.653,51.9462],[-2.6274,51.9468],[-2.5916,51.9634],[-2.587,51.9579],[-2.6086,51.9369],[-2.5948,51.9209],[-2.5632,51.9317],[-2.546,51.9257],[-2.5127,51.93],[-2.486,51.942],[-2.4679,51.9374]]]},"properties":{"PCON24CD":"E14001281","PCON24NM":"Hereford and South Herefordshire"}},{"type":"Feature","geometry":{"type":"Polygon","coordinates":[[[1.3624,51.3155],[1.3579,51.3115],[1.3714,51.3139],[1.3943,51.2566],[1.3734,51.2514],[1.3533,51.2652],[1.2937,51.2569],[1.2608,51.2272],[1.2063,51.2463],[1.2115,51.2524],[1.1926,51.2572],[1.2122,51.2826],[1.1999,51.2916],[1.214,51.3114],[1.2293,51.316],[1.2248,51.3218],[1.2026,51.323],[1.1212,51.2852],[1.0928,51.3155],[1.0846,51.3147],[1.0927,51.3338],[1.077,51.349],[1.082,51.3691],[1.3151,51.3803],[1.374,51.3904],[1.3695,51.374],[1.393,51.3609],[1.3805,51.3362],[1.3614,51.3378],[1.3517,51.313],[1.3624,51.3155]]]},"properties":{"PCON24CD":"E14001282","PCON24NM":"Herne Bay and Sandwich"}},{"type":"Feature","geometry":{"type":"Polygon","coordinates":[[[0.1956,51.8681],[0.1705,51.8616],[0.1612,51.826],[0.1733,51.8175],[0.1583,51.8135],[0.1506,51.7969],[0.0423,51.7751],[0.0452,51.7862],[0.0299,51.7951],[0.0448,51.7991],[0.0345,51.8097],[0.0264,51.8044],[-0.0053,51.806],[-0.0051,51.7987],[-0.0427,51.8002],[-0.0562,51.7833],[-0.0856,51.7789],[-0.1088,51.7846],[-0.1063,51.7998],[-0.1173,51.8012],[-0.1151,51.8105],[-0.0913,51.8158],[-0.0928,51.8223],[-0.0711,51.8203],[-0.0601,51.8296],[-0.0479,51.8195],[-0.0342,51.8274],[0.0152,51.8298],[0.0582,51.8737],[0.0894,51.8603],[0.117,51.8593],[0.1248,51.8846],[0.1793,51.8956],[0.1749,51.8828],[0.1956,51.8681]]]},"properties":{"PCON24CD":"E14001283","PCON24NM":"Hertford and Stortford"}},{"type":"Feature","geometry":{"type":"Polygon","coordinates":[[[-0.1058,51.6919],[-0.1635,51.6859],[-0.1911,51.6639],[-0.2034,51.6701],[-0.2121,51.6614],[-0.2506,51.6561],[-0.2574,51.6418],[-0.3026,51.6362],[-0.3167,51.6405],[-0.3626,51.6235],[-0.3774,51.6377],[-0.3628,51.666],[-0.3742,51.6741],[-0.3754,51.6925],[-0.372,51.6876],[-0.3553,51.6906],[-0.3541,51.6989],[-0.3269,51.7035],[-0.3223,51.6935],[-0.3,51.6965],[-0.302,51.7081],[-0.277,51.7213],[-0.2864,51.7211],[-0.2843,51.733],[-0.2648,51.738],[-0.239,51.7061],[-0.2184,51.7137],[-0.1725,51.7026],[-0.1479,51.7278],[-0.1548,51.7371],[-0.0921,51.7432],[-0.1141,51.7208],[-0.1058,51.6919]]]},"properties":{"PCON24CD":"E14001284","PCON24NM":"Hertsmere"}},{"type":"Feature","geometry":{"type":"Polygon","coordinates":[[[-1.6483,55.169],[-1.6316,55.1696],[-1.6348,55.1546],[-1.6211,55.1507],[-1.6489,55.1392],[-1.6511,55.1277],[-1.6215,55.1132],[-1.6471,55.1051],[-1.6309,55.0852],[-1.6338,55.0652],[-1.6477,55.0794],[-1.7138,55.0655],[-1.6947,55.0427],[-1.6664,55.0383],[-1.6664,55.0204],[-1.6803,55.0102],[-1.7003,55.0113],[-1.6985,55.0016],[-1.722,55.0096],[-1.7225,55.004],[-1.7421,55.0019],[-1.7257,54.9891],[-1.7396,54.9793],[-1.7861,54.9844],[-1.8128,54.9763],[-1.8337,54.9533],[-1.8269,54.9303],[-1.8411,54.9297],[-1.8527,54.9176],[-1.8207,54.9057],[-1.8544,54.8912],[-1.8669,54.8539],[-1.9154,54.834],[-1.9271,54.8412],[-1.9226,54.8499],[-1.9524,54.8542],[-1.9954,54.87],[-2.0397,54.8482],[-2.0826,54.8382],[-2.1382,54.8424],[-2.1695,54.8036],[-2.1986,54.8067],[-2.2189,54.7824],[-2.2827,54.7983],[-2.3121,54.791],[-2.3274,54.8053],[-2.3484,54.8071],[-2.39,54.8322],[-2.4117,54.8565],[-2.4228,54.8428],[-2.4606,54.8342],[-2.4954,54.8103],[-2.5235,54.806],[-2.5583,54.8167],[-2.5827,54.8459],[-2.5734,54.8535],[-2.6054,54.8844],[-2.5764,54.8967],[-2.5662,54.9192],[-2.5453,54.9292],[-2.5676,54.9409],[-2.5685,54.9584],[-2.5956,54.9635],[-2.6014,54.9713],[-2.5733,54.9876],[-2.5729,55.0164],[-2.483,55.04],[-2.504,55.0624],[-2.4861,55.0824],[-2.5026,55.0908],[-2.5621,55.0835],[-2.5684,55.0963],[-2.5935,55.1051],[-2.5989,55.1246],[-2.6569,55.1361],[-2.6773,55.1555],[-2.6746,55.1759],[-2.6898,55.189],[-2.6668,55.2216],[-2.6314,55.2237],[-2.6302,55.2448],[-2.6115,55.2471],[-2.6468,55.26],[-2.6267,55.2622],[-2.6092,55.2832],[-2.5734,55.2969],[-2.559,55.3179],[-2.5203,55.323],[-2.4811,55.3537],[-2.415,55.3589],[-2.393,55.3474],[-2.3375,55.3673],[-2.2997,55.354],[-2.2811,55.3333],[-2.2496,55.3326],[-2.2442,55.3184],[-2.2207,55.3188],[-2.2106,55.3102],[-2.1717,55.3109],[-2.1639,55.2918],[-2.1489,55.2873],[-2.1585,55.259],[-2.1334,55.2544],[-2.1164,55.2362],[-2.1537,55.2146],[-2.1665,55.1845],[-2.1326,55.1957],[-2.0956,55.1962],[-2.1021,55.1866],[-2.0908,55.1809],[-2.0693,55.1751],[-2.0525,55.179],[-2.0359,55.1901],[-2.0447,55.2012],[-1.9918,55.2098],[-1.9545,55.2073],[-1.9546,55.2144],[-1.9319,55.2163],[-1.9242,55.2484],[-1.9036,55.2438],[-1.8367,55.2766],[-1.8172,55.2618],[-1.8156,55.2709],[-1.8074,55.2653],[-1.7885,55.2694],[-1.7913,55.2766],[-1.7717,55.2807],[-1.7669,55.2914],[-1.7512,55.2872],[-1.744,55.2982],[-1.7193,55.292],[-1.6906,55.3022],[-1.6656,55.2934],[-1.6525,55.2675],[-1.6937,55.2556],[-1.7169,55.2642],[-1.731,55.2551],[-1.7204,55.2374],[-1.7615,55.2201],[-1.7472,55.2069],[-1.7558,55.2046],[-1.7465,55.1785],[-1.7142,55.1746],[-1.7061,55.1496],[-1.671,55.1514],[-1.6653,55.167],[-1.6483,55.169]]]},"properties":{"PCON24CD":"E14001285","PCON24NM":"Hexham"}},{"type":"Feature","geometry":{"type":"Polygon","coordinates":[[[-2.1854,53.6382],[-2.1793,53.6262],[-2.1618,53.6241],[-2.1732,53.6036],[-2.1566,53.5823],[-2.1509,53.5671],[-2.1917,53.5459],[-2.2142,53.5543],[-2.2358,53.5482],[-2.2551,53.5829],[-2.2814,53.5827],[-2.2768,53.5914],[-2.2451,53.6001],[-2.2718,53.6145],[-2.2568,53.6204],[-2.2699,53.6461],[-2.2331,53.6688],[-2.2177,53.669],[-2.2052,53.6544],[-2.1824,53.6483],[-2.1854,53.6382]]]},"properties":{"PCON24CD":"E14001286","PCON24NM":"Heywood and Middleton North"}},{"type":"Feature","geometry":{"type":"Polygon","coordinates":[[[-1.8222,53.5211],[-1.7963,53.5032],[-1.8015,53.481],[-1.7684,53.4648],[-1.7453,53.4622],[-1.7466,53.4261],[-1.73,53.416],[-1.7168,53.4193],[-1.7039,53.4149],[-1.705,53.4051],[-1.6538,53.3919],[-1.6733,53.3694],[-1.6712,53.3494],[-1.6969,53.3348],[-1.7004,53.3236],[-1.7277,53.3191],[-1.7302,53.3387],[-1.761,53.3382],[-1.8226,53.3028],[-1.8175,53.2826],[-1.7903,53.2564],[-1.8443,53.2504],[-1.8743,53.2268],[-1.8313,53.2106],[-1.8316,53.1976],[-1.8423,53.1947],[-1.8728,53.2156],[-1.8827,53.2034],[-1.8866,53.2175],[-1.8954,53.2186],[-1.8976,53.2104],[-1.9108,53.2217],[-1.9185,53.218],[-1.8987,53.2],[-1.9567,53.2137],[-1.9624,53.2262],[-1.9874,53.2136],[-1.9902,53.223],[-1.9749,53.231],[-2.0094,53.2606],[-2.0068,53.3546],[-2.0338,53.3755],[-2.0046,53.3863],[-1.9923,53.4152],[-2.0137,53.4159],[-2.0263,53.4299],[-2.0142,53.4398],[-2.0042,53.4359],[-2.0082,53.4415],[-1.9858,53.4552],[-1.9878,53.4811],[-1.9634,53.5098],[-1.9513,53.5042],[-1.922,53.51],[-1.9268,53.5209],[-1.9096,53.5384],[-1.8941,53.5336],[-1.8735,53.5404],[-1.8418,53.5199],[-1.8222,53.5211]]]},"properties":{"PCON24CD":"E14001287","PCON24NM":"High Peak"}},{"type":"Feature","geometry":{"type":"Polygon","coordinates":[[[-1.3606,52.6765],[-1.3606,52.6625],[-1.3197,52.6475],[-1.3204,52.636],[-1.2899,52.6526],[-1.2644,52.6451],[-1.2614,52.6363],[-1.2431,52.6353],[-1.2619,52.6282],[-1.2646,52.6144],[-1.2745,52.6162],[-1.2746,52.601],[-1.2984,52.5859],[-1.2968,52.5798],[-1.27,52.5748],[-1.2729,52.566],[-1.302,52.5614],[-1.3237,52.5678],[-1.3389,52.5548],[-1.318,52.5151],[-1.3251,52.5011],[-1.5231,52.5706],[-1.5375,52.5896],[-1.5607,52.5961],[-1.5545,52.6148],[-1.5713,52.6356],[-1.5471,52.6422],[-1.5424,52.6536],[-1.5528,52.6685],[-1.5896,52.6873],[-1.5975,52.7004],[-1.5642,52.711],[-1.5454,52.7282],[-1.4986,52.724],[-1.5265,52.7083],[-1.5066,52.6876],[-1.4668,52.7071],[-1.4335,52.7032],[-1.4506,52.6879],[-1.4215,52.6833],[-1.4085,52.6734],[-1.3606,52.6765]]]},"properties":{"PCON24CD":"E14001288","PCON24NM":"Hinckley and Bosworth"}},{"type":"Feature","geometry":{"type":"Polygon","coordinates":[[[-0.2195,52.0367],[-0.2013,52.0098],[-0.2441,51.999],[-0.2603,51.9797],[-0.2464,51.9738],[-0.2439,51.9578],[-0.2278,51.9539],[-0.2323,51.9492],[-0.2089,51.9464],[-0.1973,51.9582],[-0.1882,51.9534],[-0.181,51.9382],[-0.1552,51.9239],[-0.1622,51.9203],[-0.1846,51.9324],[-0.2266,51.9301],[-0.2344,51.9053],[-0.2241,51.8885],[-0.2336,51.8814],[-0.2486,51.8838],[-0.2735,51.8354],[-0.3194,51.8367],[-0.3395,51.8496],[-0.3552,51.8673],[-0.3498,51.8787],[-0.3784,51.9016],[-0.3856,51.9157],[-0.4056,51.9325],[-0.3994,51.9677],[-0.3807,51.9794],[-0.3829,51.9514],[-0.3721,51.9482],[-0.3492,51.9637],[-0.3673,51.9837],[-0.3387,51.9827],[-0.3411,51.9901],[-0.329,51.9954],[-0.343,52.0093],[-0.37,52.0117],[-0.3805,52.0335],[-0.4011,52.0422],[-0.4032,52.0493],[-0.379,52.0585],[-0.3628,52.0474],[-0.3338,52.0508],[-0.3207,52.039],[-0.2764,52.0592],[-0.2737,52.0696],[-0.2404,52.0578],[-0.2385,52.0455],[-0.227,52.0472],[-0.2195,52.0367]]]},"properties":{"PCON24CD":"E14001289","PCON24NM":"Hitchin"}},{"type":"Feature","geometry":{"type":"Polygon","coordinates":[[[-0.1291,51.5488],[-0.1053,51.5186],[-0.1276,51.5127],[-0.1604,51.5373],[-0.1617,51.5487],[-0.1472,51.5488],[-0.1394,51.5582],[-0.1291,51.5488]]]},"properties":{"PCON24CD":"E14001290","PCON24NM":"Holborn and St Pancras"}},{"type":"Feature","geometry":{"type":"Polygon","coordinates":[[[-2.9543,50.8212],[-2.9613,50.8156],[-2.8928,50.8048],[-2.8866,50.7948],[-2.9543,50.7677],[-2.9351,50.7543],[-2.9531,50.7285],[-2.9474,50.7184],[-3.0269,50.6989],[-3.0534,50.7041],[-3.0824,50.7016],[-3.0961,50.6852],[-3.1921,50.6845],[-3.2615,50.6713],[-3.2711,50.6857],[-3.2936,50.6822],[-3.2875,50.6978],[-3.3267,50.6905],[-3.4069,50.7249],[-3.3891,50.7306],[-3.357,50.7258],[-3.348,50.7367],[-3.3297,50.7369],[-3.3295,50.7774],[-3.343,50.7766],[-3.347,50.7845],[-3.3394,50.8129],[-3.4105,50.8046],[-3.4257,50.8119],[-3.4061,50.8233],[-3.4114,50.8364],[-3.434,50.8291],[-3.4642,50.8316],[-3.4704,50.8397],[-3.4593,50.8601],[-3.4775,50.8708],[-3.3867,50.8703],[-3.3638,50.8809],[-3.3615,50.8749],[-3.2827,50.8881],[-3.2773,50.8678],[-3.233,50.895],[-3.2176,50.8929],[-3.2072,50.8771],[-3.1762,50.8771],[-3.1263,50.9017],[-3.0524,50.9083],[-3.055,50.8745],[-3.0326,50.8616],[-3.0368,50.8511],[-2.9736,50.8558],[-2.9698,50.8342],[-2.9543,50.8212]]]},"properties":{"PCON24CD":"E14001291","PCON24NM":"Honiton and Sidmouth"}},{"type":"Feature","geometry":{"type":"Polygon","coordinates":[[[0.313,51.5658],[0.3339,51.5425],[0.2653,51.5322],[0.2637,51.5179],[0.2538,51.5179],[0.2509,51.5288],[0.231,51.525],[0.2298,51.5376],[0.2029,51.5456],[0.2025,51.5563],[0.2117,51.5751],[0.2317,51.5833],[0.194,51.5951],[0.2102,51.6141],[0.197,51.6256],[0.2241,51.6317],[0.2522,51.6178],[0.2646,51.6083],[0.254,51.6016],[0.2699,51.5996],[0.2903,51.5643],[0.313,51.5658]]]},"properties":{"PCON24CD":"E14001292","PCON24NM":"Hornchurch and Upminster"}},{"type":"Feature","geometry":{"type":"Polygon","coordinates":[[[-0.1445,51.6155],[-0.1126,51.5882],[-0.1034,51.5905],[-0.096,51.5707],[-0.1044,51.5648],[-0.1195,51.5755],[-0.1334,51.5729],[-0.1476,51.5862],[-0.1631,51.5844],[-0.1608,51.6199],[-0.1562,51.6275],[-0.1445,51.6155]]]},"properties":{"PCON24CD":"E14001293","PCON24NM":"Hornsey and Friern Barnet"}},{"type":"Feature","geometry":{"type":"Polygon","coordinates":[[[-0.2121,51.0866],[-0.2118,51.0645],[-0.2228,51.0602],[-0.2268,51.0416],[-0.2192,51.0382],[-0.2481,51.031],[-0.2366,51.021],[-0.2453,51.0124],[-0.232,51.0108],[-0.242,50.9907],[-0.2295,50.987],[-0.2411,50.9718],[-0.2387,50.95],[-0.2662,50.9566],[-0.3013,50.9372],[-0.3128,50.9479],[-0.3506,50.9421],[-0.3642,50.9513],[-0.3829,50.9408],[-0.3951,50.9521],[-0.3912,50.9641],[-0.4046,50.9644],[-0.4047,50.9744],[-0.4129,50.9735],[-0.4074,50.9882],[-0.4192,50.9903],[-0.4187,51.0062],[-0.4426,50.9876],[-0.4607,50.9965],[-0.5171,50.9972],[-0.5105,51.008],[-0.4862,51.0101],[-0.4759,51.021],[-0.4732,51.0339],[-0.4839,51.041],[-0.4756,51.0564],[-0.4841,51.0568],[-0.4784,51.0665],[-0.4921,51.0944],[-0.4192,51.1052],[-0.3915,51.1165],[-0.3003,51.1247],[-0.2546,51.1391],[-0.2003,51.1391],[-0.2369,51.1095],[-0.2325,51.0974],[-0.2194,51.0996],[-0.2121,51.0866]]]},"properties":{"PCON24CD":"E14001294","PCON24NM":"Horsham"}},{"type":"Feature","geometry":{"type":"Polygon","coordinates":[[[-1.369,54.8577],[-1.3817,54.8472],[-1.4216,54.8395],[-1.4141,54.8196],[-1.4225,54.8032],[-1.4935,54.8],[-1.4819,54.8097],[-1.5036,54.8375],[-1.5065,54.8711],[-1.5009,54.8871],[-1.4403,54.9121],[-1.4265,54.8918],[-1.3814,54.8816],[-1.3919,54.8758],[-1.369,54.8577]]]},"properties":{"PCON24CD":"E14001295","PCON24NM":"Houghton and Sunderland South"}},{"type":"Feature","geometry":{"type":"Polygon","coordinates":[[[-0.1877,50.8686],[-0.1476,50.8311],[-0.1571,50.8214],[-0.2168,50.8276],[-0.245,50.8638],[-0.2267,50.8782],[-0.1877,50.8686]]]},"properties":{"PCON24CD":"E14001296","PCON24NM":"Hove and Portslade"}},{"type":"Feature","geometry":{"type":"Polygon","coordinates":[[[-1.7314,53.6804],[-1.7345,53.6533],[-1.7102,53.6477],[-1.6992,53.6379],[-1.7044,53.6221],[-1.721,53.6247],[-1.7252,53.6337],[-1.7766,53.6143],[-1.8164,53.6077],[-1.8372,53.6162],[-1.84,53.6279],[-1.8125,53.6405],[-1.8011,53.6657],[-1.8046,53.6726],[-1.8188,53.6729],[-1.7473,53.6946],[-1.7314,53.6804]]]},"properties":{"PCON24CD":"E14001297","PCON24NM":"Huddersfield"}},{"type":"Feature","geometry":{"type":"Polygon","coordinates":[[[-0.0093,52.4622],[0.034,52.4287],[0.019,52.4141],[0.0513,52.3582],[0.0096,52.3417],[-0.0149,52.3126],[-0.0551,52.3155],[-0.0862,52.3083],[-0.1055,52.2879],[-0.1381,52.2766],[-0.1481,52.2846],[-0.1755,52.2802],[-0.1826,52.2568],[-0.2279,52.2708],[-0.2381,52.2552],[-0.2952,52.2621],[-0.277,52.2506],[-0.2866,52.2348],[-0.3345,52.2429],[-0.3435,52.2419],[-0.341,52.2306],[-0.3744,52.233],[-0.3823,52.2711],[-0.3722,52.2735],[-0.375,52.2805],[-0.4218,52.2849],[-0.4358,52.2967],[-0.4361,52.3145],[-0.4654,52.323],[-0.4667,52.3389],[-0.4833,52.3409],[-0.4777,52.3489],[-0.4987,52.3601],[-0.4885,52.374],[-0.4959,52.3795],[-0.4438,52.3839],[-0.4159,52.4038],[-0.4171,52.4116],[-0.3895,52.4218],[-0.3573,52.4243],[-0.3482,52.4132],[-0.3154,52.4294],[-0.3297,52.4482],[-0.2702,52.4528],[-0.2654,52.4447],[-0.2302,52.4457],[-0.204,52.4692],[-0.1826,52.4674],[-0.1815,52.4376],[-0.1706,52.4372],[-0.1712,52.4454],[-0.1551,52.4507],[-0.1356,52.4504],[-0.133,52.4344],[-0.1143,52.4306],[-0.1235,52.4254],[-0.0925,52.4228],[-0.0726,52.443],[-0.0579,52.4372],[-0.0226,52.4638],[-0.0093,52.4622]]]},"properties":{"PCON24CD":"E14001298","PCON24NM":"Huntingdon"}},{"type":"Feature","geometry":{"type":"Polygon","coordinates":[[[-2.3423,53.7948],[-2.3286,53.761],[-2.3141,53.747],[-2.303,53.7484],[-2.3158,53.6953],[-2.3062,53.6837],[-2.3173,53.68],[-2.333,53.6993],[-2.414,53.705],[-2.4386,53.7323],[-2.4463,53.7666],[-2.4658,53.7808],[-2.3967,53.8166],[-2.3987,53.8034],[-2.37,53.8014],[-2.3657,53.7931],[-2.3568,53.7985],[-2.3423,53.7948]]]},"properties":{"PCON24CD":"E14001299","PCON24NM":"Hyndburn"}},{"type":"Feature","geometry":{"type":"Polygon","coordinates":[[[0.1482,51.599],[0.1278,51.5816],[0.0794,51.5743],[0.0808,51.5655],[0.0633,51.5576],[0.0376,51.5939],[0.0562,51.6011],[0.0774,51.5969],[0.0728,51.6047],[0.1382,51.6235],[0.1482,51.599]]]},"properties":{"PCON24CD":"E14001300","PCON24NM":"Ilford North"}},{"type":"Feature","geometry":{"type":"Polygon","coordinates":[[[0.147,51.5757],[0.0948,51.5463],[0.0684,51.5444],[0.0633,51.5576],[0.0808,51.5655],[0.0794,51.5743],[0.1278,51.5816],[0.1482,51.599],[0.147,51.5757]]]},"properties":{"PCON24CD":"E14001301","PCON24NM":"Ilford South"}},{"type":"Feature","geometry":{"type":"Polygon","coordinates":[[[1.2021,52.0371],[1.2236,52.0294],[1.2194,52.0229],[1.181,52.021],[1.1498,52.0336],[1.1296,52.03],[1.1129,52.0346],[1.1073,52.0465],[1.1331,52.0713],[1.1543,52.0721],[1.1518,52.0786],[1.1899,52.0804],[1.2065,52.064],[1.206,52.0412],[1.2021,52.0371]]]},"properties":{"PCON24CD":"E14001302","PCON24NM":"Ipswich"}},{"type":"Feature","geometry":{"type":"Polygon","coordinates":[[[-1.2571,50.5839],[-1.2452,50.5884],[-1.2523,50.5975],[-1.2239,50.6329],[-1.2237,50.6677],[-1.2126,50.6686],[-1.2174,50.6826],[-1.2469,50.6859],[-1.2468,50.7161],[-1.2581,50.715],[-1.2349,50.7433],[-1.2146,50.7341],[-1.1546,50.7333],[-1.1087,50.7207],[-1.0961,50.6944],[-1.1029,50.6999],[-1.1083,50.6935],[-1.0862,50.6943],[-1.0706,50.6872],[-1.0985,50.665],[-1.1317,50.6623],[-1.1604,50.6494],[-1.1854,50.5972],[-1.2571,50.5839]]]},"properties":{"PCON24CD":"E14001303","PCON24NM":"Isle of Wight East"}},{"type":"Feature","geometry":{"type":"Polygon","coordinates":[[[-1.2408,50.7396],[-1.2581,50.715],[-1.2468,50.7161],[-1.2469,50.6859],[-1.2174,50.6826],[-1.2126,50.6686],[-1.2237,50.6677],[-1.2239,50.6329],[-1.2523,50.5975],[-1.2452,50.5884],[-1.2571,50.5839],[-1.3044,50.5774],[-1.3401,50.6021],[-1.389,50.6269],[-1.4481,50.6438],[-1.4844,50.6668],[-1.5865,50.6631],[-1.5482,50.6783],[-1.5221,50.707],[-1.5016,50.7068],[-1.5097,50.7058],[-1.4998,50.698],[-1.4966,50.7009],[-1.5039,50.7057],[-1.4695,50.7096],[-1.4281,50.7259],[-1.4118,50.7244],[-1.422,50.7246],[-1.413,50.7186],[-1.4131,50.7035],[-1.4119,50.7145],[-1.3977,50.7104],[-1.4081,50.7191],[-1.3848,50.7225],[-1.4036,50.7266],[-1.3533,50.7391],[-1.3124,50.7671],[-1.2949,50.762],[-1.283,50.73],[-1.2914,50.7626],[-1.2746,50.7654],[-1.2477,50.7516],[-1.2408,50.7396]]]},"properties":{"PCON24CD":"E14001304","PCON24NM":"Isle of Wight West"}},{"type":"Feature","geometry":{"type":"Polygon","coordinates":[[[-0.1044,51.5648],[-0.0917,51.5602],[-0.0767,51.5461],[-0.1031,51.5462],[-0.1194,51.5578],[-0.1291,51.5488],[-0.1394,51.5582],[-0.1425,51.569],[-0.1195,51.5755],[-0.1044,51.5648]]]},"properties":{"PCON24CD":"E14001305","PCON24NM":"Islington North"}},{"type":"Feature","geometry":{"type":"Polygon","coordinates":[[[-0.0767,51.5461],[-0.0782,51.5367],[-0.097,51.533],[-0.0852,51.5203],[-0.1053,51.5186],[-0.1291,51.5488],[-0.1194,51.5578],[-0.1031,51.5462],[-0.0767,51.5461]]]},"properties":{"PCON24CD":"E14001306","PCON24NM":"Islington South and Finsbury"}},{"type":"Feature","geometry":{"type":"Polygon","coordinates":[[[-1.4514,54.9845],[-1.4491,54.9771],[-1.4606,54.971],[-1.451,54.9647],[-1.4629,54.9593],[-1.4289,54.95],[-1.4527,54.9415],[-1.4501,54.934],[-1.5567,54.93],[-1.5837,54.9417],[-1.5784,54.9646],[-1.5397,54.9618],[-1.5276,54.9842],[-1.4745,54.9865],[-1.4805,54.9749],[-1.4566,54.9774],[-1.4719,54.9861],[-1.4514,54.9845]]]},"properties":{"PCON24CD":"E14001307","PCON24NM":"Jarrow and Gateshead East"}},{"type":"Feature","geometry":{"type":"Polygon","coordinates":[[[-1.7775,53.9229],[-1.7805,53.9134],[-1.8378,53.8869],[-1.8354,53.8756],[-1.8557,53.8586],[-1.869,53.8604],[-1.9267,53.8361],[-1.9373,53.824],[-1.9269,53.8213],[-1.9188,53.7973],[-1.927,53.7875],[-1.9808,53.7864],[-1.9868,53.7962],[-2.0612,53.8256],[-2.0469,53.8295],[-2.0461,53.8501],[-2.0218,53.8715],[-1.9802,53.8711],[-1.9794,53.9011],[-1.9524,53.9035],[-1.9769,53.9264],[-1.9631,53.9334],[-1.9662,53.9516],[-1.9507,53.9567],[-1.928,53.9505],[-1.8795,53.9628],[-1.8608,53.9329],[-1.8362,53.9314],[-1.8477,53.9408],[-1.8051,53.939],[-1.7775,53.9229]]]},"properties":{"PCON24CD":"E14001308","PCON24NM":"Keighley and Ilkley"}},{"type":"Feature","geometry":{"type":"Polygon","coordinates":[[[-1.4612,52.3752],[-1.4204,52.3709],[-1.3974,52.3569],[-1.3455,52.3477],[-1.3173,52.3602],[-1.3203,52.3523],[-1.2967,52.3583],[-1.2888,52.3445],[-1.2542,52.3552],[-1.2381,52.3442],[-1.2654,52.3284],[-1.2092,52.3152],[-1.2338,52.2903],[-1.2159,52.2639],[-1.2669,52.2352],[-1.2847,52.2384],[-1.255,52.1978],[-1.3131,52.1905],[-1.3319,52.1685],[-1.3487,52.1351],[-1.3661,52.1361],[-1.3933,52.119],[-1.3708,52.1175],[-1.3578,52.1013],[-1.3854,52.0941],[-1.4196,52.1176],[-1.4489,52.116],[-1.4472,52.0976],[-1.4773,52.1014],[-1.4993,52.0636],[-1.5436,52.0877],[-1.5509,52.0825],[-1.5608,52.0866],[-1.5834,52.1076],[-1.5661,52.121],[-1.5399,52.1126],[-1.526,52.1283],[-1.543,52.1302],[-1.5545,52.1448],[-1.5756,52.1553],[-1.5848,52.1528],[-1.5856,52.1604],[-1.6053,52.16],[-1.5997,52.1788],[-1.618,52.1749],[-1.6346,52.1811],[-1.6259,52.2008],[-1.6008,52.1979],[-1.5752,52.2173],[-1.602,52.2253],[-1.6212,52.2138],[-1.6259,52.2263],[-1.607,52.2379],[-1.6249,52.2384],[-1.6213,52.2445],[-1.6459,52.2583],[-1.6692,52.258],[-1.6765,52.2698],[-1.6676,52.2855],[-1.6855,52.2828],[-1.7238,52.2985],[-1.7338,52.2935],[-1.7617,52.308],[-1.7796,52.3643],[-1.7459,52.3549],[-1.7352,52.3701],[-1.7205,52.3726],[-1.7185,52.3558],[-1.6939,52.351],[-1.6843,52.3631],[-1.6609,52.3657],[-1.6484,52.3567],[-1.6225,52.3662],[-1.6011,52.3893],[-1.5676,52.3847],[-1.5524,52.3639],[-1.5247,52.3794],[-1.5139,52.369],[-1.5045,52.3778],[-1.4612,52.3752]],[[-1.4441,52.341],[-1.457,52.3341],[-1.475,52.3362],[-1.487,52.3265],[-1.4725,52.2951],[-1.4815,52.2896],[-1.5089,52.3002],[-1.5082,52.3125],[-1.5564,52.3262],[-1.5435,52.3128],[-1.5728,52.306],[-1.5698,52.2974],[-1.5796,52.3025],[-1.6059,52.2934],[-1.6175,52.2618],[-1.5735,52.2514],[-1.5656,52.2318],[-1.5278,52.2252],[-1.5163,52.2408],[-1.5,52.2376],[-1.4777,52.2617],[-1.4352,52.2728],[-1.4485,52.2941],[-1.4247,52.2943],[-1.42,52.3122],[-1.407,52.3192],[-1.436,52.3284],[-1.4441,52.341]]]},"properties":{"PCON24CD":"E14001309","PCON24NM":"Kenilworth and Southam"}},{"type":"Feature","geometry":{"type":"Polygon","coordinates":[[[-0.1849,51.5195],[-0.1707,51.5099],[-0.1795,51.4978],[-0.1585,51.5022],[-0.1558,51.4947],[-0.1791,51.4871],[-0.2024,51.4917],[-0.2202,51.5117],[-0.2284,51.5303],[-0.2061,51.5259],[-0.1999,51.5168],[-0.1849,51.5195]]]},"properties":{"PCON24CD":"E14001310","PCON24NM":"Kensington and Bayswater"}},{"type":"Feature","geometry":{"type":"Polygon","coordinates":[[[-0.7422,52.517],[-0.722,52.505],[-0.7416,52.4701],[-0.7379,52.4581],[-0.7091,52.4599],[-0.6728,52.4842],[-0.634,52.4791],[-0.6319,52.4646],[-0.6641,52.4545],[-0.6545,52.4482],[-0.6587,52.4343],[-0.6276,52.4349],[-0.6139,52.4196],[-0.6284,52.3826],[-0.6211,52.3694],[-0.6537,52.3481],[-0.6828,52.3496],[-0.7004,52.3644],[-0.727,52.3612],[-0.7478,52.3472],[-0.7788,52.3538],[-0.7887,52.3473],[-0.7963,52.3617],[-0.8311,52.3762],[-0.8406,52.3929],[-0.8737,52.4027],[-0.8893,52.3978],[-0.8869,52.4234],[-0.8644,52.4342],[-0.9044,52.4422],[-0.9013,52.4598],[-0.8824,52.4713],[-0.898,52.4869],[-0.8821,52.4932],[-0.8834,52.5138],[-0.8632,52.5283],[-0.8201,52.5155],[-0.7749,52.5183],[-0.7572,52.5109],[-0.7422,52.517]]]},"properties":{"PCON24CD":"E14001311","PCON24NM":"Kettering"}},{"type":"Feature","geometry":{"type":"Polygon","coordinates":[[[-0.2472,51.4096],[-0.2466,51.3992],[-0.2759,51.3971],[-0.261,51.3796],[-0.2885,51.3621],[-0.306,51.3352],[-0.3307,51.329],[-0.328,51.3522],[-0.3074,51.3784],[-0.3177,51.3937],[-0.3085,51.4135],[-0.281,51.4106],[-0.2615,51.4168],[-0.2587,51.4096],[-0.2472,51.4096]]]},"properties":{"PCON24CD":"E14001312","PCON24NM":"Kingston and Surbiton"}},{"type":"Feature","geometry":{"type":"Polygon","coordinates":[[[-0.2513,53.7336],[-0.2866,53.7425],[-0.3311,53.7383],[-0.3299,53.7478],[-0.3364,53.7596],[-0.328,53.7659],[-0.3495,53.7786],[-0.3287,53.778],[-0.3164,53.7876],[-0.3486,53.8089],[-0.3161,53.8133],[-0.2783,53.7821],[-0.2523,53.7813],[-0.2543,53.7635],[-0.2415,53.7548],[-0.2513,53.7336]]]},"properties":{"PCON24CD":"E14001313","PCON24NM":"Kingston upon Hull East"}},{"type":"Feature","geometry":{"type":"Polygon","coordinates":[[[-0.3299,53.7478],[-0.3676,53.7437],[-0.3593,53.7458],[-0.3887,53.7539],[-0.4057,53.77],[-0.4522,53.7687],[-0.447,53.7936],[-0.4088,53.7953],[-0.4104,53.8052],[-0.3857,53.8016],[-0.3486,53.8089],[-0.3164,53.7876],[-0.3287,53.778],[-0.3495,53.7786],[-0.328,53.7659],[-0.3364,53.7596],[-0.3299,53.7478]]]},"properties":{"PCON24CD":"E14001314","PCON24NM":"Kingston upon Hull North and Cottingham"}},{"type":"Feature","geometry":{"type":"Polygon","coordinates":[[[-0.3299,53.7478],[-0.3311,53.7383],[-0.4146,53.7206],[-0.4658,53.7154],[-0.4826,53.7587],[-0.4522,53.7687],[-0.4057,53.77],[-0.3887,53.7539],[-0.3593,53.7458],[-0.3676,53.7437],[-0.3299,53.7478]]]},"properties":{"PCON24CD":"E14001315","PCON24NM":"Kingston upon Hull West and Haltemprice"}},{"type":"Feature","geometry":{"type":"Polygon","coordinates":[[[-2.1338,52.6336],[-2.1371,52.6298],[-2.153,52.6297],[-2.1803,52.6049],[-2.1964,52.6066],[-2.1892,52.5888],[-2.2069,52.5866],[-2.1803,52.5745],[-2.1755,52.5544],[-2.1335,52.5541],[-2.1356,52.5345],[-2.1522,52.5257],[-2.1462,52.5116],[-2.159,52.5065],[-2.1426,52.5023],[-2.1365,52.4871],[-2.1743,52.4638],[-2.1649,52.4302],[-2.1677,52.4238],[-2.2695,52.4386],[-2.295,52.4489],[-2.2874,52.4553],[-2.3127,52.4892],[-2.2914,52.5117],[-2.2609,52.5241],[-2.2692,52.5307],[-2.2564,52.5417],[-2.2825,52.5534],[-2.2619,52.5691],[-2.3003,52.593],[-2.322,52.5936],[-2.3211,52.6147],[-2.3096,52.6074],[-2.2562,52.6098],[-2.2329,52.6477],[-2.1651,52.6304],[-2.1515,52.6487],[-2.1338,52.6336]]]},"properties":{"PCON24CD":"E14001316","PCON24NM":"Kingswinford and South Staffordshire"}},{"type":"Feature","geometry":{"type":"Polygon","coordinates":[[[-2.825,53.4852],[-2.8187,53.4669],[-2.8044,53.4672],[-2.7951,53.4432],[-2.805,53.4387],[-2.7874,53.429],[-2.8133,53.4173],[-2.8173,53.4047],[-2.8057,53.3992],[-2.8373,53.3999],[-2.8562,53.395],[-2.8797,53.4057],[-2.8451,53.4132],[-2.8528,53.4269],[-2.8675,53.4287],[-2.8713,53.4527],[-2.9003,53.4692],[-2.9144,53.465],[-2.9191,53.4781],[-2.888,53.5038],[-2.8652,53.4921],[-2.8498,53.4931],[-2.8444,53.4841],[-2.825,53.4852]]]},"properties":{"PCON24CD":"E14001317","PCON24NM":"Knowsley"}},{"type":"Feature","geometry":{"type":"Polygon","coordinates":[[[-2.5714,54.0147],[-2.5807,54.0001],[-2.5575,53.9749],[-2.6169,53.9522],[-2.6375,53.9585],[-2.6508,53.9523],[-2.616,53.9228],[-2.6166,53.8998],[-2.6299,53.8933],[-2.6867,53.8904],[-2.7098,53.8536],[-2.7467,53.8508],[-2.7362,53.8234],[-2.7595,53.8264],[-2.7709,53.8404],[-2.8002,53.8331],[-2.7984,53.8244],[-2.826,53.82],[-2.8409,53.8313],[-2.8701,53.8314],[-2.8576,53.8426],[-2.8901,53.846],[-2.8758,53.857],[-2.8846,53.8631],[-2.9101,53.8645],[-2.9442,53.8507],[-2.9767,53.8646],[-2.9685,53.8771],[-2.9997,53.8943],[-2.9996,53.9286],[-2.925,53.95],[-2.9107,53.9462],[-2.9301,53.9447],[-2.9062,53.9385],[-2.8803,53.9435],[-2.8825,53.9463],[-2.8641,53.9533],[-2.8868,53.9584],[-2.861,53.955],[-2.8694,53.9597],[-2.8572,53.9576],[-2.8619,53.9646],[-2.8363,53.9546],[-2.854,53.9652],[-2.8359,53.9637],[-2.8719,53.9703],[-2.8792,53.9791],[-2.856,53.9996],[-2.823,53.9949],[-2.8328,53.9985],[-2.8358,54.0109],[-2.8309,54.0261],[-2.8443,54.0434],[-2.8238,54.0553],[-2.8363,54.0608],[-2.7928,54.0694],[-2.7647,54.0559],[-2.7759,54.0413],[-2.7414,54.0339],[-2.7653,54.0126],[-2.7299,54.0095],[-2.7327,54.0028],[-2.7019,54.009],[-2.6776,54.0241],[-2.6312,54.0211],[-2.6095,54.027],[-2.5714,54.0147]]]},"properties":{"PCON24CD":"E14001318","PCON24NM":"Lancaster and Wyre"}},{"type":"Feature","geometry":{"type":"Polygon","coordinates":[[[-1.5767,53.8422],[-1.5766,53.8314],[-1.5609,53.8271],[-1.5689,53.8238],[-1.5361,53.8076],[-1.528,53.8102],[-1.5309,53.7967],[-1.5656,53.7942],[-1.6326,53.828],[-1.6143,53.8372],[-1.6299,53.8473],[-1.6156,53.8591],[-1.5938,53.8378],[-1.5767,53.8422]]]},"properties":{"PCON24CD":"E14001319","PCON24NM":"Leeds Central and Headingley"}},{"type":"Feature","geometry":{"type":"Polygon","coordinates":[[[-1.3448,53.8085],[-1.3493,53.7793],[-1.3931,53.78],[-1.3851,53.7471],[-1.4198,53.7447],[-1.4376,53.7611],[-1.4819,53.7663],[-1.4699,53.7763],[-1.4828,53.7889],[-1.4578,53.7907],[-1.4574,53.7992],[-1.4953,53.8016],[-1.5056,53.8097],[-1.5286,53.8046],[-1.5238,53.8177],[-1.4769,53.8299],[-1.4803,53.8425],[-1.4499,53.8399],[-1.4218,53.8175],[-1.4002,53.8197],[-1.4013,53.7998],[-1.3448,53.8085]]]},"properties":{"PCON24CD":"E14001320","PCON24NM":"Leeds East"}},{"type":"Feature","geometry":{"type":"Polygon","coordinates":[[[-1.4803,53.8425],[-1.4769,53.8299],[-1.5238,53.8177],[-1.528,53.8102],[-1.5361,53.8076],[-1.5689,53.8238],[-1.5609,53.8271],[-1.5766,53.8314],[-1.5767,53.8422],[-1.5637,53.8475],[-1.5883,53.8686],[-1.5894,53.8851],[-1.5606,53.889],[-1.4973,53.8663],[-1.5004,53.8483],[-1.4803,53.8425]]]},"properties":{"PCON24CD":"E14001321","PCON24NM":"Leeds North East"}},{"type":"Feature","geometry":{"type":"Polygon","coordinates":[[[-1.5526,53.903],[-1.5606,53.889],[-1.5894,53.8851],[-1.5883,53.8686],[-1.5637,53.8475],[-1.5938,53.8378],[-1.6156,53.8591],[-1.6299,53.8473],[-1.6143,53.8372],[-1.6326,53.828],[-1.6636,53.8282],[-1.6882,53.8422],[-1.7031,53.8364],[-1.6931,53.853],[-1.7103,53.8635],[-1.7605,53.8636],[-1.8004,53.886],[-1.7875,53.8969],[-1.7563,53.8847],[-1.7254,53.8857],[-1.7171,53.8923],[-1.7321,53.896],[-1.7272,53.9102],[-1.718,53.9085],[-1.7071,53.9191],[-1.6846,53.9106],[-1.6551,53.9125],[-1.6517,53.9056],[-1.6207,53.9034],[-1.5998,53.9097],[-1.5867,53.9013],[-1.5843,53.909],[-1.5687,53.9109],[-1.5526,53.903]]]},"properties":{"PCON24CD":"E14001322","PCON24NM":"Leeds North West"}},{"type":"Feature","geometry":{"type":"Polygon","coordinates":[[[-1.4819,53.7663],[-1.5167,53.7508],[-1.5151,53.743],[-1.559,53.7394],[-1.5754,53.7659],[-1.5896,53.7711],[-1.5656,53.7942],[-1.5309,53.7967],[-1.5286,53.8046],[-1.5056,53.8097],[-1.4953,53.8016],[-1.4574,53.7992],[-1.4578,53.7907],[-1.4828,53.7889],[-1.4699,53.7763],[-1.4819,53.7663]]]},"properties":{"PCON24CD":"E14001323","PCON24NM":"Leeds South"}},{"type":"Feature","geometry":{"type":"Polygon","coordinates":[[[-1.5761,53.7878],[-1.5896,53.7711],[-1.5754,53.7659],[-1.559,53.7394],[-1.5151,53.743],[-1.5167,53.7508],[-1.4925,53.7476],[-1.5015,53.7363],[-1.481,53.7278],[-1.4957,53.7223],[-1.5108,53.7296],[-1.5593,53.699],[-1.5922,53.7185],[-1.6234,53.7185],[-1.6379,53.7477],[-1.6584,53.7455],[-1.6816,53.7565],[-1.642,53.7725],[-1.642,53.7926],[-1.6256,53.8025],[-1.5761,53.7878]]]},"properties":{"PCON24CD":"E14001324","PCON24NM":"Leeds South West and Morley"}},{"type":"Feature","geometry":{"type":"Polygon","coordinates":[[[-1.6326,53.828],[-1.5656,53.7942],[-1.5761,53.7878],[-1.6256,53.8025],[-1.642,53.7926],[-1.6406,53.78],[-1.6742,53.78],[-1.6823,53.7864],[-1.712,53.7831],[-1.7031,53.8364],[-1.6882,53.8422],[-1.6636,53.8282],[-1.6326,53.828]]]},"properties":{"PCON24CD":"E14001325","PCON24NM":"Leeds West and Pudsey"}},{"type":"Feature","geometry":{"type":"Polygon","coordinates":[[[-1.0486,52.655],[-1.047,52.6346],[-1.069,52.6187],[-1.0744,52.6276],[-1.1265,52.6447],[-1.1291,52.6654],[-1.1147,52.6727],[-1.0751,52.6696],[-1.0486,52.655]]]},"properties":{"PCON24CD":"E14001326","PCON24NM":"Leicester East"}},{"type":"Feature","geometry":{"type":"Polygon","coordinates":[[[-1.069,52.6187],[-1.0966,52.6165],[-1.1037,52.5959],[-1.1202,52.5975],[-1.1593,52.5817],[-1.1593,52.5912],[-1.1416,52.5969],[-1.1362,52.6102],[-1.149,52.6168],[-1.1265,52.6447],[-1.0744,52.6276],[-1.069,52.6187]]]},"properties":{"PCON24CD":"E14001327","PCON24NM":"Leicester South"}},{"type":"Feature","geometry":{"type":"Polygon","coordinates":[[[-1.1291,52.6654],[-1.1265,52.6447],[-1.149,52.6168],[-1.1362,52.6102],[-1.1416,52.5969],[-1.1593,52.5912],[-1.1742,52.5928],[-1.1655,52.6131],[-1.216,52.6345],[-1.2073,52.6426],[-1.1907,52.6404],[-1.1792,52.6763],[-1.161,52.6906],[-1.146,52.6895],[-1.1291,52.6654]]]},"properties":{"PCON24CD":"E14001328","PCON24NM":"Leicester West"}},{"type":"Feature","geometry":{"type":"Polygon","coordinates":[[[-2.4511,53.5286],[-2.4324,53.5224],[-2.4346,53.5127],[-2.4718,53.5054],[-2.4678,53.4911],[-2.5526,53.4678],[-2.5491,53.4615],[-2.5703,53.4585],[-2.5767,53.4461],[-2.6154,53.4636],[-2.6079,53.4934],[-2.5965,53.4897],[-2.5824,53.5015],[-2.5666,53.4994],[-2.559,53.5114],[-2.5382,53.5134],[-2.5418,53.5203],[-2.527,53.5064],[-2.5289,53.5231],[-2.5058,53.539],[-2.4511,53.5286]]]},"properties":{"PCON24CD":"E14001329","PCON24NM":"Leigh and Atherton"}},{"type":"Feature","geometry":{"type":"Polygon","coordinates":[[[0.1209,50.9213],[0.1447,50.914],[0.1571,50.9178],[0.1851,50.8781],[0.2076,50.882],[0.2281,50.8708],[0.2348,50.8769],[0.241,50.8418],[0.253,50.8361],[0.2724,50.8425],[0.3118,50.8374],[0.3145,50.8293],[0.3035,50.8251],[0.3139,50.8087],[0.2875,50.813],[0.2769,50.8048],[0.2674,50.8106],[0.2588,50.7994],[0.2459,50.8055],[0.2277,50.8009],[0.2339,50.7954],[0.2164,50.7747],[0.2098,50.7385],[0.1489,50.7591],[0.122,50.7583],[0.0684,50.7818],[0.0558,50.7816],[0.0578,50.7761],[0.0292,50.7829],[0.0299,50.7948],[0.0094,50.8023],[0.014,50.8107],[-0.0029,50.82],[-0.046,50.8218],[-0.0369,50.8412],[-0.0735,50.8412],[-0.0849,50.8731],[-0.0975,50.8779],[-0.1218,50.8734],[-0.1353,50.8781],[-0.1198,50.9423],[-0.1053,50.9433],[-0.1064,50.963],[-0.0812,50.9623],[-0.0826,50.9486],[-0.0718,50.9497],[-0.0685,50.9613],[-0.05,50.9591],[-0.0513,50.9468],[-0.0311,50.9403],[-0.026,50.9195],[-0.0155,50.9286],[-0.026,50.8928],[-0.0396,50.8938],[-0.0452,50.88],[0.0157,50.8876],[0.0129,50.897],[0.0345,50.9055],[0.0307,50.914],[0.0475,50.9151],[0.0566,50.9259],[0.1126,50.9152],[0.1209,50.9213]]]},"properties":{"PCON24CD":"E14001330","PCON24NM":"Lewes"}},{"type":"Feature","geometry":{"type":"Polygon","coordinates":[[[0.0115,51.4567],[0.0294,51.4417],[0.0254,51.4357],[0.0377,51.4333],[0.0345,51.4235],[0.0255,51.429],[-0.0077,51.4145],[-0.0399,51.4243],[-0.0256,51.4497],[-0.0031,51.4591],[0.0115,51.4567]]]},"properties":{"PCON24CD":"E14001331","PCON24NM":"Lewisham East"}},{"type":"Feature","geometry":{"type":"Polygon","coordinates":[[[-0.022,51.4837],[-0.0171,51.4804],[-0.0227,51.4754],[-0.0192,51.4772],[-0.0151,51.468],[0.018,51.4738],[0.0093,51.464],[0.0115,51.4567],[-0.0031,51.4591],[-0.0256,51.4497],[-0.034,51.4585],[-0.0461,51.4569],[-0.054,51.4879],[-0.0323,51.493],[-0.022,51.4837]]]},"properties":{"PCON24CD":"E14001332","PCON24NM":"Lewisham North"}},{"type":"Feature","geometry":{"type":"Polygon","coordinates":[[[-0.0256,51.4497],[-0.0399,51.4243],[-0.0739,51.4262],[-0.0637,51.4442],[-0.0857,51.456],[-0.0788,51.4639],[-0.0501,51.4595],[-0.0475,51.4651],[-0.0461,51.4569],[-0.034,51.4585],[-0.0256,51.4497]]]},"properties":{"PCON24CD":"E14001333","PCON24NM":"Lewisham West and East Dulwich"}},{"type":"Feature","geometry":{"type":"Polygon","coordinates":[[[0.0376,51.5939],[0.0636,51.5573],[0.0503,51.564],[0.0463,51.5548],[-0.0172,51.5516],[-0.03,51.5614],[-0.0154,51.5764],[0.0149,51.5833],[0.0125,51.5954],[0.0376,51.5939]]]},"properties":{"PCON24CD":"E14001334","PCON24NM":"Leyton and Wanstead"}},{"type":"Feature","geometry":{"type":"Polygon","coordinates":[[[-1.67,52.7736],[-1.6969,52.753],[-1.6923,52.7442],[-1.7042,52.7321],[-1.7243,52.7301],[-1.7325,52.7061],[-1.7785,52.6945],[-1.7772,52.6834],[-1.8335,52.6594],[-1.842,52.6439],[-1.8938,52.6489],[-1.9051,52.6432],[-1.9181,52.65],[-1.9128,52.6582],[-1.9337,52.6616],[-1.9454,52.6563],[-1.9546,52.6627],[-1.9593,52.6841],[-1.9155,52.7106],[-1.9377,52.7163],[-1.9108,52.7512],[-1.9116,52.7593],[-1.944,52.7737],[-1.9581,52.7985],[-1.9514,52.8081],[-1.9679,52.8243],[-1.9367,52.8482],[-1.9342,52.8662],[-1.961,52.8705],[-1.9704,52.8855],[-1.9255,52.8792],[-1.8903,52.8607],[-1.8416,52.8545],[-1.83,52.8425],[-1.8027,52.8543],[-1.7778,52.8448],[-1.7801,52.8204],[-1.7043,52.8123],[-1.6796,52.7893],[-1.6848,52.7784],[-1.67,52.7736]]]},"properties":{"PCON24CD":"E14001335","PCON24NM":"Lichfield"}},{"type":"Feature","geometry":{"type":"Polygon","coordinates":[[[-0.4951,53.2253],[-0.5338,53.2132],[-0.5307,53.1991],[-0.5096,53.1927],[-0.5184,53.1892],[-0.5089,53.1825],[-0.5222,53.1798],[-0.5162,53.1643],[-0.4947,53.1666],[-0.4915,53.1559],[-0.5275,53.1517],[-0.5293,53.1589],[-0.5604,53.1614],[-0.5526,53.1863],[-0.6138,53.2027],[-0.6536,53.2424],[-0.6484,53.2532],[-0.6223,53.258],[-0.5951,53.2452],[-0.5143,53.254],[-0.496,53.2472],[-0.4951,53.2253]]]},"properties":{"PCON24CD":"E14001336","PCON24NM":"Lincoln"}},{"type":"Feature","geometry":{"type":"Polygon","coordinates":[[[-2.8373,53.3999],[-2.822,53.3807],[-2.8562,53.3788],[-2.8535,53.3635],[-2.8404,53.3473],[-2.8188,53.348],[-2.8187,53.3398],[-2.8323,53.3373],[-2.8279,53.3315],[-2.8544,53.3274],[-2.9254,53.3561],[-2.9078,53.3698],[-2.9212,53.386],[-2.9066,53.393],[-2.881,53.3875],[-2.8797,53.4057],[-2.8562,53.395],[-2.8373,53.3999]]]},"properties":{"PCON24CD":"E14001337","PCON24NM":"Liverpool Garston"}},{"type":"Feature","geometry":{"type":"Polygon","coordinates":[[[-2.94,53.4325],[-2.9478,53.4212],[-2.9628,53.4138],[-2.9481,53.387],[-2.968,53.3757],[-3.0018,53.4103],[-3.0086,53.4379],[-2.9753,53.4432],[-2.94,53.4325]]]},"properties":{"PCON24CD":"E14001338","PCON24NM":"Liverpool Riverside"}},{"type":"Feature","geometry":{"type":"Polygon","coordinates":[[[-2.9191,53.4781],[-2.9144,53.465],[-2.9003,53.4692],[-2.8713,53.4527],[-2.8706,53.4425],[-2.889,53.4389],[-2.9025,53.4477],[-2.9272,53.4282],[-2.9753,53.4432],[-2.9738,53.4628],[-2.9602,53.468],[-2.9517,53.491],[-2.9451,53.4943],[-2.9191,53.4781]]]},"properties":{"PCON24CD":"E14001339","PCON24NM":"Liverpool Walton"}},{"type":"Feature","geometry":{"type":"Polygon","coordinates":[[[-2.8817,53.408],[-2.881,53.3875],[-2.9066,53.393],[-2.9212,53.386],[-2.9078,53.3698],[-2.9254,53.3561],[-2.968,53.3757],[-2.9481,53.387],[-2.9628,53.4138],[-2.9478,53.4212],[-2.9327,53.4195],[-2.9217,53.4053],[-2.8817,53.408]]]},"properties":{"PCON24CD":"E14001340","PCON24NM":"Liverpool Wavertree"}},{"type":"Feature","geometry":{"type":"Polygon","coordinates":[[[-2.8706,53.4425],[-2.8675,53.4287],[-2.8528,53.4269],[-2.8451,53.4132],[-2.9217,53.4053],[-2.9327,53.4195],[-2.9478,53.4212],[-2.94,53.4325],[-2.9272,53.4282],[-2.9025,53.4477],[-2.889,53.4389],[-2.8706,53.4425]]]},"properties":{"PCON24CD":"E14001341","PCON24NM":"Liverpool West Derby"}},{"type":"Feature","geometry":{"type":"Polygon","coordinates":[[[-1.0364,52.8159],[-1.0466,52.781],[-1.1208,52.7622],[-1.1089,52.7537],[-1.1228,52.7419],[-1.1101,52.7316],[-1.1254,52.7283],[-1.1335,52.7329],[-1.1353,52.7269],[-1.181,52.7227],[-1.2035,52.7465],[-1.2471,52.7364],[-1.2669,52.7475],[-1.2875,52.734],[-1.3003,52.7465],[-1.3345,52.757],[-1.319,52.7854],[-1.2787,52.7832],[-1.2764,52.8003],[-1.2619,52.8104],[-1.2345,52.8021],[-1.2259,52.7917],[-1.1977,52.7894],[-1.1633,52.8065],[-1.1309,52.8058],[-1.1169,52.8196],[-1.0744,52.8247],[-1.0717,52.814],[-1.0364,52.8159]]]},"properties":{"PCON24CD":"E14001342","PCON24NM":"Loughborough"}},{"type":"Feature","geometry":{"type":"Polygon","coordinates":[[[0.3217,53.2666],[0.247,53.2549],[0.2202,53.236],[0.1604,53.2569],[0.1339,53.2482],[0.1113,53.2517],[0.1144,53.2203],[0.1311,53.2165],[0.1183,53.1959],[0.1309,53.1929],[0.1184,53.1806],[0.131,53.1733],[0.1253,53.1592],[0.1414,53.1287],[0.1052,53.1205],[0.104,53.1274],[0.0889,53.1264],[0.0717,53.1114],[0.051,53.1148],[0.0316,53.1031],[0.0139,53.1036],[0.0114,53.1104],[-0.0041,53.1055],[0.0001,53.1175],[-0.0215,53.1144],[-0.037,53.1256],[-0.0498,53.1243],[-0.0403,53.1122],[-0.0592,53.1138],[-0.0676,53.0868],[-0.1147,53.0683],[-0.1,53.0453],[-0.1385,53.0456],[-0.138,53.03],[-0.1961,53.0696],[-0.1966,53.0834],[-0.2193,53.0963],[-0.2262,53.1249],[-0.2897,53.1794],[-0.3023,53.2104],[-0.276,53.2342],[-0.2802,53.2498],[-0.3004,53.2621],[-0.2898,53.264],[-0.3008,53.264],[-0.3019,53.2753],[-0.3164,53.2795],[-0.3175,53.2983],[-0.2956,53.303],[-0.3103,53.32],[-0.2933,53.3345],[-0.2755,53.3218],[-0.2553,53.33],[-0.2559,53.3441],[-0.2049,53.3719],[-0.2294,53.3981],[-0.206,53.4084],[-0.2145,53.4286],[-0.1805,53.4407],[-0.1203,53.4336],[-0.0822,53.4512],[-0.1078,53.4699],[-0.0898,53.4777],[-0.0955,53.486],[-0.0753,53.4893],[-0.065,53.5187],[-0.0148,53.5154],[0.0155,53.5279],[0.0335,53.5221],[0.0206,53.5184],[0.0353,53.5192],[0.0369,53.5105],[0.0361,53.5217],[0.0407,53.508],[0.0444,53.5142],[0.0611,53.5124],[0.0268,53.5297],[0.0766,53.5132],[0.0867,53.5157],[0.0845,53.4994],[0.0907,53.4919],[0.1013,53.4946],[0.1008,53.4846],[0.1151,53.4843],[0.1039,53.492],[0.1213,53.4838],[0.1029,53.4933],[0.1129,53.4946],[0.1089,53.5051],[0.1293,53.4992],[0.1346,53.4849],[0.1432,53.4854],[0.1386,53.4949],[0.1467,53.4929],[0.1736,53.471],[0.1653,53.4738],[0.1794,53.4434],[0.1905,53.4383],[0.1754,53.437],[0.1912,53.4374],[0.2111,53.4174],[0.1895,53.4173],[0.2131,53.4166],[0.2064,53.4102],[0.2122,53.4158],[0.2144,53.4086],[0.2142,53.416],[0.2314,53.4024],[0.2745,53.3322],[0.3217,53.2666]]]},"properties":{"PCON24CD":"E14001343","PCON24NM":"Louth and Horncastle"}},{"type":"Feature","geometry":{"type":"Polygon","coordinates":[[[1.7402,52.5321],[1.7637,52.4816],[1.7566,52.472],[1.7577,52.4769],[1.7109,52.4748],[1.7562,52.4715],[1.7334,52.4467],[1.7277,52.4001],[1.6836,52.4179],[1.684,52.4407],[1.6429,52.4245],[1.586,52.441],[1.5548,52.4362],[1.5528,52.4592],[1.5681,52.4747],[1.5861,52.4787],[1.6271,52.4623],[1.6708,52.4765],[1.6823,52.4955],[1.6718,52.5039],[1.6543,52.5014],[1.6286,52.526],[1.6677,52.5503],[1.7021,52.5447],[1.726,52.5306],[1.7402,52.5321]]]},"properties":{"PCON24CD":"E14001344","PCON24NM":"Lowestoft"}},{"type":"Feature","geometry":{"type":"Polygon","coordinates":[[[-0.3856,51.9157],[-0.3784,51.9016],[-0.4839,51.8883],[-0.5059,51.9006],[-0.4785,51.9173],[-0.4857,51.9227],[-0.4378,51.9277],[-0.4217,51.9257],[-0.4191,51.9123],[-0.3856,51.9157]]]},"properties":{"PCON24CD":"E14001345","PCON24NM":"Luton North"}},{"type":"Feature","geometry":{"type":"Polygon","coordinates":[[[-0.4839,51.8883],[-0.3784,51.9016],[-0.3498,51.8787],[-0.3552,51.8673],[-0.3395,51.8496],[-0.3633,51.8421],[-0.3741,51.8292],[-0.4215,51.8502],[-0.4475,51.8476],[-0.4701,51.8558],[-0.4783,51.8531],[-0.4712,51.8455],[-0.5018,51.8368],[-0.5112,51.8259],[-0.5023,51.8155],[-0.5197,51.8051],[-0.5536,51.8268],[-0.5437,51.8246],[-0.5376,51.8315],[-0.5836,51.8703],[-0.6201,51.8855],[-0.652,51.8869],[-0.6603,51.8945],[-0.6323,51.9086],[-0.6158,51.8888],[-0.5711,51.8995],[-0.5444,51.8864],[-0.5498,51.8779],[-0.5216,51.8763],[-0.5131,51.8696],[-0.493,51.875],[-0.5011,51.882],[-0.4839,51.8883]]]},"properties":{"PCON24CD":"E14001346","PCON24NM":"Luton South and South Bedfordshire"}},{"type":"Feature","geometry":{"type":"Polygon","coordinates":[[[-2.0311,53.3703],[-2.0068,53.3546],[-2.0094,53.2606],[-1.9749,53.231],[-1.9902,53.223],[-1.9874,53.2136],[-2.0017,53.193],[-2.0461,53.1928],[-2.0702,53.1717],[-2.1119,53.1686],[-2.1407,53.1836],[-2.172,53.1902],[-2.191,53.1771],[-2.2105,53.1788],[-2.2279,53.2],[-2.2604,53.2049],[-2.302,53.2254],[-2.3094,53.2463],[-2.2749,53.2604],[-2.254,53.2554],[-2.2197,53.2647],[-2.2295,53.2726],[-2.2072,53.289],[-2.2101,53.3032],[-2.1849,53.3327],[-2.1537,53.3279],[-2.139,53.3673],[-2.0951,53.3661],[-2.0682,53.3574],[-2.0406,53.3741],[-2.0311,53.3703]]]},"properties":{"PCON24CD":"E14001347","PCON24NM":"Macclesfield"}},{"type":"Feature","geometry":{"type":"Polygon","coordinates":[[[-0.6623,51.4879],[-0.6542,51.4706],[-0.662,51.4443],[-0.6306,51.4422],[-0.6313,51.4145],[-0.679,51.43],[-0.6965,51.4109],[-0.6676,51.3846],[-0.7353,51.365],[-0.7342,51.3912],[-0.7176,51.4146],[-0.7241,51.4306],[-0.7656,51.427],[-0.7787,51.4214],[-0.7759,51.4089],[-0.8007,51.4038],[-0.7925,51.4088],[-0.8,51.4412],[-0.8181,51.4432],[-0.8338,51.4641],[-0.8218,51.4726],[-0.8294,51.4871],[-0.8174,51.5073],[-0.8539,51.5261],[-0.8427,51.5448],[-0.791,51.5528],[-0.774,51.567],[-0.7571,51.5648],[-0.7164,51.577],[-0.7118,51.5648],[-0.6965,51.5652],[-0.6912,51.5568],[-0.7034,51.5115],[-0.6623,51.4879]]]},"properties":{"PCON24CD":"E14001348","PCON24NM":"Maidenhead"}},{"type":"Feature","geometry":{"type":"Polygon","coordinates":[[[0.4927,51.3013],[0.5477,51.285],[0.5284,51.2638],[0.5407,51.2443],[0.512,51.247],[0.4967,51.2582],[0.4601,51.2589],[0.4313,51.2491],[0.4327,51.2689],[0.3925,51.2642],[0.3844,51.2717],[0.3945,51.2988],[0.4048,51.3007],[0.4006,51.3107],[0.4279,51.3134],[0.4309,51.298],[0.4489,51.2996],[0.4579,51.313],[0.4687,51.3018],[0.4927,51.3013]]]},"properties":{"PCON24CD":"E14001349","PCON24NM":"Maidstone and Malling"}},{"type":"Feature","geometry":{"type":"Polygon","coordinates":[[[-2.5692,53.5475],[-2.5289,53.5231],[-2.527,53.5064],[-2.5418,53.5203],[-2.5382,53.5134],[-2.559,53.5114],[-2.5666,53.4994],[-2.5824,53.5015],[-2.5965,53.4897],[-2.6079,53.4934],[-2.6121,53.4811],[-2.6455,53.4803],[-2.6663,53.4997],[-2.699,53.502],[-2.7304,53.5206],[-2.7178,53.5273],[-2.7047,53.5619],[-2.6983,53.5328],[-2.6842,53.5308],[-2.6477,53.541],[-2.6373,53.535],[-2.626,53.5397],[-2.6116,53.5301],[-2.579,53.5419],[-2.581,53.5496],[-2.5692,53.5475]]]},"properties":{"PCON24CD":"E14001350","PCON24NM":"Makerfield"}},{"type":"Feature","geometry":{"type":"MultiPolygon","coordinates":[[[[0.7877,51.7223],[0.7701,51.7191],[0.7546,51.7249],[0.7698,51.7268],[0.7877,51.7223]]],[[[0.7212,51.7306],[0.7262,51.7171],[0.7081,51.7196],[0.7212,51.7306]]],[[[0.602,51.7089],[0.6259,51.6969],[0.6428,51.7021],[0.6585,51.696],[0.6855,51.7062],[0.6455,51.7241],[0.65,51.7457],[0.6654,51.7387],[0.6666,51.7481],[0.6957,51.7511],[0.7424,51.7318],[0.7359,51.7295],[0.7137,51.7376],[0.7055,51.7238],[0.6992,51.7262],[0.7112,51.7135],[0.747,51.7115],[0.746,51.7049],[0.7692,51.7084],[0.7378,51.6872],[0.7569,51.6907],[0.767,51.7027],[0.7976,51.7079],[0.7935,51.7181],[0.8197,51.7211],[0.8522,51.7133],[0.8906,51.7404],[0.931,51.746],[0.949,51.7295],[0.9385,51.6918],[0.9471,51.6872],[0.9381,51.6884],[0.947,51.6855],[0.9321,51.6859],[0.9487,51.6833],[0.9315,51.6792],[0.9465,51.6774],[0.9328,51.6751],[0.9464,51.6756],[0.9339,51.6734],[0.9443,51.6739],[0.9327,51.6666],[0.9422,51.664],[0.9345,51.6328],[0.9043,51.6225],[0.7939,51.6257],[0.7647,51.6385],[0.7461,51.6328],[0.5884,51.6309],[0.587,51.6234],[0.5563,51.6167],[0.5208,51.6188],[0.5146,51.627],[0.4945,51.6236],[0.4468,51.6267],[0.4429,51.6467],[0.4022,51.651],[0.4001,51.6623],[0.4126,51.6709],[0.3767,51.6985],[0.4047,51.7087],[0.4351,51.7019],[0.4473,51.714],[0.4455,51.6887],[0.4691,51.7087],[0.4949,51.7099],[0.4972,51.7033],[0.5202,51.7018],[0.5132,51.7111],[0.5216,51.742],[0.5934,51.7554],[0.5895,51.7302],[0.6111,51.723],[0.602,51.7089]]]]},"properties":{"PCON24CD":"E14001351","PCON24NM":"Maldon"}},{"type":"Feature","geometry":{"type":"Polygon","coordinates":[[[-2.1197,53.5057],[-2.1361,53.4919],[-2.1575,53.4944],[-2.169,53.4885],[-2.1499,53.4709],[-2.2633,53.4757],[-2.2451,53.4861],[-2.2503,53.508],[-2.2452,53.5122],[-2.2277,53.5033],[-2.2292,53.4916],[-2.1464,53.5211],[-2.1197,53.5057]]]},"properties":{"PCON24CD":"E14001352","PCON24NM":"Manchester Central"}},{"type":"Feature","geometry":{"type":"Polygon","coordinates":[[[-2.1942,53.4718],[-2.2052,53.4406],[-2.2581,53.439],[-2.2572,53.447],[-2.2715,53.4507],[-2.253,53.4613],[-2.2653,53.4727],[-2.2633,53.4757],[-2.1942,53.4718]]]},"properties":{"PCON24CD":"E14001353","PCON24NM":"Manchester Rusholme"}},{"type":"Feature","geometry":{"type":"Polygon","coordinates":[[[-2.2052,53.4406],[-2.2187,53.4217],[-2.2077,53.4201],[-2.2126,53.407],[-2.2381,53.4008],[-2.2398,53.4117],[-2.2537,53.4094],[-2.2514,53.4221],[-2.2635,53.4161],[-2.2997,53.4373],[-2.2715,53.4507],[-2.2572,53.447],[-2.2581,53.439],[-2.2052,53.4406]]]},"properties":{"PCON24CD":"E14001354","PCON24NM":"Manchester Withington"}},{"type":"Feature","geometry":{"type":"Polygon","coordinates":[[[-1.1676,53.1159],[-1.2399,53.1396],[-1.2409,53.153],[-1.2283,53.1524],[-1.229,53.1633],[-1.214,53.1661],[-1.2299,53.1785],[-1.1953,53.187],[-1.2094,53.2177],[-1.1238,53.2246],[-1.1033,53.2356],[-1.0948,53.2286],[-1.1112,53.1989],[-1.153,53.1751],[-1.1111,53.1534],[-1.1301,53.1416],[-1.1202,53.1191],[-1.1471,53.122],[-1.1676,53.1159]]]},"properties":{"PCON24CD":"E14001355","PCON24NM":"Mansfield"}},{"type":"Feature","geometry":{"type":"Polygon","coordinates":[[[-2.2199,51.4418],[-2.2349,51.4209],[-2.2042,51.4003],[-2.0881,51.4053],[-2.0825,51.4129],[-2.034,51.4193],[-2.0294,51.4368],[-2.0084,51.4277],[-2.0001,51.4358],[-1.9753,51.4271],[-1.9753,51.404],[-1.8929,51.4141],[-1.8774,51.4035],[-1.8847,51.386],[-1.9225,51.3603],[-1.9074,51.3422],[-1.9126,51.3289],[-1.8984,51.3218],[-1.9173,51.3016],[-1.8947,51.2432],[-1.913,51.252],[-1.9342,51.2445],[-1.9678,51.2505],[-1.9787,51.2444],[-1.9735,51.2383],[-2.0066,51.2323],[-2.0202,51.2445],[-2.0374,51.2386],[-2.0374,51.2492],[-2.061,51.2475],[-2.0721,51.2548],[-2.0836,51.2356],[-2.0903,51.2622],[-2.076,51.2843],[-2.088,51.3097],[-2.1047,51.3085],[-2.1056,51.2951],[-2.1341,51.2896],[-2.1603,51.3094],[-2.1551,51.3164],[-2.1751,51.3119],[-2.1785,51.3237],[-2.1603,51.325],[-2.1556,51.3341],[-2.1658,51.3445],[-2.1584,51.3535],[-2.1923,51.35],[-2.2126,51.3299],[-2.2316,51.3326],[-2.2334,51.3091],[-2.2783,51.3024],[-2.2851,51.3095],[-2.272,51.3143],[-2.2731,51.3229],[-2.3002,51.3323],[-2.2961,51.3425],[-2.3443,51.3455],[-2.3102,51.3575],[-2.3075,51.365],[-2.2998,51.3621],[-2.2903,51.3726],[-2.2967,51.3949],[-2.2819,51.3972],[-2.2908,51.4057],[-2.2785,51.4159],[-2.2946,51.4288],[-2.2852,51.4579],[-2.2415,51.4725],[-2.2271,51.462],[-2.2331,51.4456],[-2.2199,51.4418]]]},"properties":{"PCON24CD":"E14001356","PCON24NM":"Melksham and Devizes"}},{"type":"Feature","geometry":{"type":"Polygon","coordinates":[[[-0.7058,52.8381],[-0.6821,52.8118],[-0.6641,52.7567],[-0.7517,52.7367],[-0.7765,52.7439],[-0.8134,52.7291],[-0.8218,52.7157],[-0.786,52.6948],[-0.7821,52.6705],[-0.8055,52.6475],[-0.8223,52.6473],[-0.8095,52.6576],[-0.8295,52.6588],[-0.8347,52.6731],[-0.8588,52.6738],[-0.8556,52.685],[-0.8929,52.6737],[-0.9119,52.6772],[-0.916,52.6711],[-0.9491,52.6805],[-0.9619,52.6733],[-0.9803,52.6819],[-1.0137,52.6551],[-1.0486,52.655],[-1.0751,52.6696],[-1.1147,52.6727],[-1.1006,52.6829],[-1.1198,52.7026],[-1.1254,52.7283],[-1.1101,52.7316],[-1.1228,52.7419],[-1.1089,52.7537],[-1.1208,52.7622],[-1.0466,52.781],[-1.0364,52.8159],[-1.0219,52.8221],[-0.9827,52.8207],[-0.9771,52.8407],[-0.9595,52.8438],[-0.9281,52.8661],[-0.9406,52.8768],[-0.8855,52.8926],[-0.8576,52.9056],[-0.8629,52.9131],[-0.8244,52.9418],[-0.8339,52.9459],[-0.8218,52.9591],[-0.8129,52.9575],[-0.7962,52.9767],[-0.7783,52.9769],[-0.7784,52.9593],[-0.755,52.9496],[-0.7769,52.9048],[-0.7585,52.9005],[-0.7666,52.8868],[-0.7427,52.8832],[-0.7058,52.8381]]]},"properties":{"PCON24CD":"E14001357","PCON24NM":"Melton and Syston"}},{"type":"Feature","geometry":{"type":"Polygon","coordinates":[[[-1.7332,52.4921],[-1.6772,52.4364],[-1.6666,52.4355],[-1.6623,52.4443],[-1.6416,52.4433],[-1.6245,52.4635],[-1.5955,52.4559],[-1.5952,52.4399],[-1.6083,52.4388],[-1.6145,52.428],[-1.6034,52.4078],[-1.6011,52.3893],[-1.6225,52.3662],[-1.6484,52.3567],[-1.6609,52.3657],[-1.6843,52.3631],[-1.6939,52.351],[-1.7185,52.3558],[-1.7205,52.3726],[-1.7352,52.3701],[-1.7459,52.3549],[-1.7796,52.3643],[-1.7758,52.348],[-1.8042,52.3628],[-1.7595,52.4029],[-1.7649,52.4126],[-1.7874,52.4138],[-1.7991,52.4242],[-1.7811,52.4322],[-1.7825,52.4511],[-1.7596,52.4519],[-1.7599,52.4947],[-1.7332,52.4921]]]},"properties":{"PCON24CD":"E14001358","PCON24NM":"Meriden and Solihull East"}},{"type":"Feature","geometry":{"type":"Polygon","coordinates":[[[-0.443,52.1157],[-0.4414,52.1042],[-0.4114,52.0789],[-0.3754,52.0652],[-0.379,52.0585],[-0.4032,52.0493],[-0.4011,52.0422],[-0.3805,52.0335],[-0.37,52.0117],[-0.343,52.0093],[-0.329,51.9954],[-0.3411,51.9901],[-0.3387,51.9827],[-0.3673,51.9837],[-0.3492,51.9637],[-0.3721,51.9482],[-0.3829,51.9514],[-0.3807,51.9794],[-0.3994,51.9677],[-0.4056,51.9325],[-0.3856,51.9157],[-0.4191,51.9123],[-0.4217,51.9257],[-0.4378,51.9277],[-0.4857,51.9227],[-0.4785,51.9173],[-0.4915,51.9063],[-0.4959,51.9173],[-0.5148,51.9233],[-0.5188,51.9378],[-0.5447,51.9354],[-0.5623,51.9443],[-0.5906,51.934],[-0.653,51.9692],[-0.6457,51.9722],[-0.6617,51.9997],[-0.6435,52.0109],[-0.651,52.0185],[-0.6402,52.0241],[-0.643,52.0372],[-0.669,52.0487],[-0.5918,52.1107],[-0.5861,52.0967],[-0.5546,52.1107],[-0.5109,52.0973],[-0.4719,52.1198],[-0.443,52.1157]]]},"properties":{"PCON24CD":"E14001359","PCON24NM":"Mid Bedfordshire"}},{"type":"Feature","geometry":{"type":"Polygon","coordinates":[[[-0.859,51.8592],[-0.849,51.8483],[-0.839,51.8556],[-0.831,51.8522],[-0.8273,51.8317],[-0.8607,51.8258],[-0.8186,51.7924],[-0.7844,51.7966],[-0.7558,51.775],[-0.7426,51.7823],[-0.7503,51.7927],[-0.7418,51.7983],[-0.6928,51.7587],[-0.6734,51.7685],[-0.6129,51.7474],[-0.6032,51.7279],[-0.6176,51.7296],[-0.6432,51.7105],[-0.6336,51.6981],[-0.6182,51.6962],[-0.6252,51.688],[-0.6416,51.6891],[-0.6515,51.6743],[-0.6841,51.6805],[-0.7162,51.6766],[-0.7056,51.6647],[-0.7263,51.6582],[-0.7274,51.6506],[-0.7577,51.6463],[-0.7642,51.6567],[-0.7943,51.6649],[-0.8092,51.654],[-0.8315,51.6561],[-0.8394,51.6495],[-0.8697,51.6634],[-0.8716,51.6477],[-0.8878,51.6425],[-0.8829,51.6359],[-0.9183,51.642],[-0.9203,51.6235],[-0.9507,51.6507],[-0.9273,51.6514],[-0.9308,51.6661],[-0.9102,51.6739],[-0.8777,51.6684],[-0.8979,51.6764],[-0.8799,51.6809],[-0.8948,51.6925],[-0.8894,51.7201],[-0.9241,51.7477],[-0.9542,51.7579],[-0.9798,51.7607],[-0.9863,51.7521],[-1.0298,51.7579],[-1.0304,51.7449],[-1.0455,51.7446],[-1.0809,51.7566],[-1.0832,51.7805],[-1.1064,51.7816],[-1.1235,51.7942],[-1.1249,51.8075],[-1.1101,51.8173],[-1.1408,51.8347],[-1.1216,51.8453],[-1.0784,51.8293],[-1.0471,51.8398],[-1.062,51.8441],[-1.0646,51.8687],[-1.0776,51.8767],[-1.069,51.8873],[-1.0935,51.8939],[-1.0794,51.9172],[-1.0867,51.9226],[-1.0559,51.9426],[-1.0206,51.935],[-1.0061,51.9434],[-0.9881,51.9414],[-0.9767,51.956],[-0.9207,51.9447],[-0.9032,51.9222],[-0.9183,51.9067],[-0.9737,51.893],[-0.9865,51.8762],[-0.9428,51.8578],[-0.8973,51.8578],[-0.8882,51.8684],[-0.859,51.8592]]]},"properties":{"PCON24CD":"E14001360","PCON24NM":"Mid Buckinghamshire"}},{"type":"Feature","geometry":{"type":"Polygon","coordinates":[[[-2.4066,53.1741],[-2.4306,53.1767],[-2.4565,53.1569],[-2.4691,53.1528],[-2.4997,53.1642],[-2.5459,53.1506],[-2.5666,53.1623],[-2.5799,53.197],[-2.6253,53.2068],[-2.6144,53.2212],[-2.5664,53.2276],[-2.5781,53.2446],[-2.559,53.2558],[-2.5427,53.256],[-2.5571,53.26],[-2.5288,53.2727],[-2.4737,53.269],[-2.4589,53.2242],[-2.4754,53.2089],[-2.4621,53.1993],[-2.4307,53.198],[-2.4066,53.1741]]]},"properties":{"PCON24CD":"E14001361","PCON24NM":"Mid Cheshire"}},{"type":"Feature","geometry":{"type":"Polygon","coordinates":[[[-1.3328,52.9782],[-1.3254,52.9682],[-1.3402,52.9573],[-1.3258,52.9494],[-1.3418,52.9419],[-1.3254,52.9388],[-1.358,52.9274],[-1.3708,52.8948],[-1.3786,52.9012],[-1.4028,52.9005],[-1.4406,52.9111],[-1.4232,52.9144],[-1.4162,52.9314],[-1.4452,52.9382],[-1.4676,52.9557],[-1.5014,52.93],[-1.5255,52.933],[-1.5441,52.9242],[-1.5701,52.9358],[-1.6041,52.9369],[-1.6071,52.9472],[-1.5994,52.9626],[-1.571,52.9666],[-1.5714,52.974],[-1.6022,52.9858],[-1.5993,52.9984],[-1.5768,53.0021],[-1.5788,53.0147],[-1.567,53.0129],[-1.5718,53.0239],[-1.5469,53.018],[-1.5465,53.0063],[-1.5344,53.0074],[-1.5229,52.9964],[-1.4973,52.9992],[-1.5139,53.0428],[-1.4817,53.0475],[-1.4431,53.0366],[-1.4701,53.0078],[-1.4634,52.9828],[-1.4092,52.977],[-1.3854,52.9823],[-1.3711,52.9731],[-1.3328,52.9782]]]},"properties":{"PCON24CD":"E14001362","PCON24NM":"Mid Derbyshire"}},{"type":"Feature","geometry":{"type":"Polygon","coordinates":[[[-1.8818,50.8652],[-1.9046,50.8233],[-1.9329,50.8209],[-1.9277,50.8067],[-1.9419,50.7999],[-1.937,50.7827],[-1.9196,50.784],[-1.9199,50.7738],[-1.9101,50.7753],[-1.946,50.7487],[-1.9754,50.7381],[-1.9874,50.7397],[-1.9867,50.7524],[-2.0127,50.7485],[-2.0135,50.7371],[-2.0379,50.7212],[-2.0275,50.7292],[-2.0538,50.729],[-2.0418,50.7259],[-2.0427,50.7145],[-2.0675,50.7151],[-2.0719,50.7079],[-2.0577,50.7056],[-2.0737,50.706],[-2.0711,50.6981],[-2.0795,50.6947],[-2.0789,50.6895],[-2.0658,50.687],[-2.0545,50.6999],[-2.0261,50.7074],[-2.0185,50.7007],[-2.0348,50.7021],[-2.0247,50.6876],[-2.053,50.6779],[-2.0252,50.6845],[-2.0266,50.6781],[-2.0471,50.6704],[-2.0294,50.6743],[-2.0807,50.6506],[-2.1222,50.6623],[-2.126,50.6763],[-2.1511,50.679],[-2.1491,50.6923],[-2.1706,50.7021],[-2.1929,50.6999],[-2.2374,50.7178],[-2.2275,50.7426],[-2.2424,50.7556],[-2.266,50.7599],[-2.2578,50.7776],[-2.2324,50.7812],[-2.1969,50.766],[-2.1613,50.7742],[-2.1595,50.7676],[-2.141,50.7708],[-2.1348,50.781],[-2.1631,50.8016],[-2.1288,50.8054],[-2.1107,50.8149],[-2.1154,50.8202],[-2.0714,50.8398],[-2.0586,50.837],[-2.0372,50.8486],[-2.0179,50.848],[-1.9795,50.882],[-1.9141,50.8629],[-1.8955,50.8787],[-1.8957,50.8692],[-1.8818,50.8652]]]},"properties":{"PCON24CD":"E14001363","PCON24NM":"Mid Dorset and North Poole"}},{"type":"Feature","geometry":{"type":"Polygon","coordinates":[[[-1.1254,52.7283],[-1.1198,52.7026],[-1.1006,52.6829],[-1.1291,52.6654],[-1.146,52.6895],[-1.161,52.6906],[-1.1792,52.6763],[-1.1907,52.6404],[-1.2073,52.6426],[-1.216,52.6345],[-1.1655,52.6131],[-1.168,52.6014],[-1.195,52.6005],[-1.2085,52.6181],[-1.246,52.6086],[-1.2646,52.6144],[-1.2619,52.6282],[-1.2431,52.6353],[-1.2614,52.6363],[-1.2644,52.6451],[-1.2899,52.6526],[-1.3204,52.636],[-1.3197,52.6475],[-1.3606,52.6625],[-1.3606,52.6765],[-1.3426,52.6902],[-1.3511,52.6942],[-1.2917,52.7094],[-1.2471,52.7364],[-1.2035,52.7465],[-1.181,52.7227],[-1.1353,52.7269],[-1.1335,52.7329],[-1.1254,52.7283]]]},"properties":{"PCON24CD":"E14001364","PCON24NM":"Mid Leicestershire"}},{"type":"Feature","geometry":{"type":"Polygon","coordinates":[[[1.0976,52.6498],[1.0896,52.6474],[1.099,52.6351],[1.1344,52.6329],[1.1377,52.6274],[1.1274,52.6223],[1.1336,52.6018],[1.1219,52.5995],[1.0982,52.6107],[1.0781,52.6003],[1.0922,52.5916],[1.0888,52.5704],[1.0809,52.5708],[1.0614,52.5374],[1.0929,52.5212],[1.0793,52.4996],[1.0856,52.471],[1.0968,52.4656],[1.0731,52.4547],[1.0629,52.4332],[1.0337,52.4347],[1.0016,52.4484],[0.9669,52.4343],[0.9478,52.4548],[0.923,52.4472],[0.9124,52.4791],[0.8782,52.4778],[0.8811,52.4639],[0.8269,52.4556],[0.7567,52.472],[0.7699,52.5066],[0.7943,52.504],[0.8226,52.5116],[0.7919,52.5588],[0.8052,52.5643],[0.8028,52.5713],[0.7736,52.5671],[0.7626,52.58],[0.7957,52.5898],[0.8363,52.618],[0.7744,52.6182],[0.7498,52.6519],[0.7546,52.6735],[0.6969,52.7009],[0.7182,52.7218],[0.7011,52.7362],[0.6681,52.7406],[0.6887,52.752],[0.6901,52.77],[0.7079,52.7885],[0.7958,52.7691],[0.8394,52.8111],[0.8654,52.8074],[0.8908,52.7907],[0.9176,52.8033],[0.9384,52.788],[0.9508,52.8047],[0.9758,52.807],[0.9956,52.7953],[1.0002,52.7658],[1.0448,52.769],[1.0511,52.7504],[1.0802,52.741],[1.0886,52.7232],[1.1052,52.7147],[1.0842,52.7025],[1.1083,52.6825],[1.0976,52.6498]]]},"properties":{"PCON24CD":"E14001365","PCON24NM":"Mid Norfolk"}},{"type":"Feature","geometry":{"type":"Polygon","coordinates":[[[-0.1064,50.963],[-0.1053,50.9433],[-0.1198,50.9423],[-0.135,50.8867],[-0.1681,50.8808],[-0.1658,50.8923],[-0.1778,50.8905],[-0.1877,50.8686],[-0.2267,50.8782],[-0.2392,50.8679],[-0.2487,50.8731],[-0.2442,50.9074],[-0.2237,50.9118],[-0.232,50.9358],[-0.2248,50.9484],[-0.2387,50.95],[-0.2411,50.9718],[-0.2295,50.987],[-0.242,50.9907],[-0.232,51.0108],[-0.2453,51.0124],[-0.2366,51.021],[-0.2481,51.031],[-0.2192,51.0382],[-0.1947,51.0381],[-0.1973,51.0575],[-0.1677,51.061],[-0.1549,51.0367],[-0.1248,51.0399],[-0.1123,51.0357],[-0.1046,51.0161],[-0.077,51.0196],[-0.0542,51.0079],[-0.0931,50.9792],[-0.1151,50.9761],[-0.1064,50.963]]]},"properties":{"PCON24CD":"E14001366","PCON24NM":"Mid Sussex"}},{"type":"Feature","geometry":{"type":"Polygon","coordinates":[[[-1.1986,54.5829],[-1.1723,54.5593],[-1.2226,54.5414],[-1.2366,54.5442],[-1.229,54.5322],[-1.2843,54.5286],[-1.2793,54.5178],[-1.2912,54.5126],[-1.3005,54.5328],[-1.286,54.544],[-1.3096,54.5455],[-1.3096,54.5647],[-1.2654,54.5687],[-1.2547,54.5906],[-1.1986,54.5829]]]},"properties":{"PCON24CD":"E14001367","PCON24NM":"Middlesbrough and Thornaby East"}},{"type":"Feature","geometry":{"type":"Polygon","coordinates":[[[-0.7918,54.5583],[-0.8004,54.551],[-0.8271,54.5485],[-0.8486,54.53],[-0.8485,54.488],[-0.8808,54.497],[-0.953,54.488],[-1.0034,54.503],[-1.0369,54.494],[-1.0947,54.5067],[-1.1185,54.4982],[-1.2793,54.5178],[-1.2843,54.5286],[-1.229,54.5322],[-1.2366,54.5442],[-1.2226,54.5414],[-1.1723,54.5593],[-1.1667,54.5541],[-1.1991,54.5445],[-1.1616,54.5251],[-1.1645,54.5368],[-1.1479,54.5393],[-1.1281,54.5606],[-1.0698,54.5772],[-1.0612,54.5645],[-1.034,54.5745],[-0.9947,54.5763],[-0.9896,54.5696],[-0.9363,54.5881],[-0.8983,54.5713],[-0.8534,54.5718],[-0.7918,54.5583]]]},"properties":{"PCON24CD":"E14001368","PCON24NM":"Middlesbrough South and East Cleveland"}},{"type":"Feature","geometry":{"type":"Polygon","coordinates":[[[-0.669,52.0487],[-0.643,52.0372],[-0.6402,52.0241],[-0.651,52.0185],[-0.6435,52.0109],[-0.6617,51.9997],[-0.6457,51.9722],[-0.653,51.9692],[-0.7001,51.9844],[-0.6959,51.9901],[-0.7198,52.0129],[-0.7574,52.0149],[-0.7762,51.9997],[-0.8031,52.0127],[-0.8163,52.0054],[-0.8272,52.0152],[-0.8108,52.0269],[-0.7997,52.0239],[-0.7943,52.03],[-0.8036,52.0343],[-0.7482,52.0563],[-0.7391,52.0666],[-0.7204,52.0679],[-0.669,52.0487]]]},"properties":{"PCON24CD":"E14001369","PCON24NM":"Milton Keynes Central"}},{"type":"Feature","geometry":{"type":"Polygon","coordinates":[[[-0.5918,52.1107],[-0.669,52.0487],[-0.7204,52.0679],[-0.7391,52.0666],[-0.7482,52.0563],[-0.8036,52.0343],[-0.7943,52.03],[-0.7997,52.0239],[-0.8108,52.0269],[-0.8272,52.0152],[-0.8713,52.0402],[-0.8524,52.0507],[-0.8627,52.0609],[-0.8396,52.0638],[-0.8313,52.072],[-0.8467,52.0915],[-0.8695,52.1],[-0.8715,52.1118],[-0.887,52.1142],[-0.8808,52.1263],[-0.832,52.1313],[-0.832,52.1437],[-0.814,52.1425],[-0.802,52.1587],[-0.7921,52.1513],[-0.7779,52.1688],[-0.7653,52.1711],[-0.7619,52.1635],[-0.7017,52.1933],[-0.6681,52.195],[-0.6274,52.1815],[-0.6307,52.155],[-0.6408,52.1528],[-0.6355,52.1393],[-0.6072,52.1339],[-0.5918,52.1107]]]},"properties":{"PCON24CD":"E14001370","PCON24NM":"Milton Keynes North"}},{"type":"Feature","geometry":{"type":"Polygon","coordinates":[[[-0.1404,51.4193],[-0.1481,51.4129],[-0.1275,51.4123],[-0.1254,51.3988],[-0.1343,51.3908],[-0.1652,51.388],[-0.1748,51.3934],[-0.2003,51.3849],[-0.2098,51.3883],[-0.2182,51.3802],[-0.2346,51.3906],[-0.2209,51.3967],[-0.2288,51.4071],[-0.2141,51.4092],[-0.1982,51.395],[-0.1788,51.4243],[-0.1404,51.4193]]]},"properties":{"PCON24CD":"E14001371","PCON24NM":"Mitcham and Morden"}},{"type":"Feature","geometry":{"type":"Polygon","coordinates":[[[-2.3677,54.3561],[-2.3098,54.3243],[-2.3245,54.3032],[-2.3191,54.2572],[-2.3377,54.2376],[-2.3623,54.2498],[-2.373,54.2401],[-2.3968,54.2394],[-2.4056,54.2249],[-2.4609,54.2267],[-2.534,54.1577],[-2.5606,54.153],[-2.5633,54.1227],[-2.5448,54.1171],[-2.524,54.0946],[-2.5095,54.0954],[-2.4643,54.0753],[-2.4695,54.0462],[-2.4923,54.0401],[-2.5014,54.0208],[-2.5273,54.0262],[-2.5471,54.0141],[-2.5714,54.0147],[-2.6095,54.027],[-2.6312,54.0211],[-2.6776,54.0241],[-2.7019,54.009],[-2.7327,54.0028],[-2.7299,54.0095],[-2.7653,54.0126],[-2.7414,54.0339],[-2.7759,54.0413],[-2.7647,54.0559],[-2.7928,54.0694],[-2.8363,54.0608],[-2.8238,54.0553],[-2.8443,54.0434],[-2.8309,54.0261],[-2.8358,54.0109],[-2.8533,54.0056],[-2.8449,54.0149],[-2.8605,54.0039],[-2.871,54.0144],[-2.8647,54.005],[-2.8779,54.0063],[-2.881,53.9895],[-2.8873,54.0018],[-2.8861,53.9911],[-2.9001,53.992],[-2.904,54.0222],[-2.9244,54.0313],[-2.9063,54.0394],[-2.8824,54.0724],[-2.8466,54.0776],[-2.8195,54.0888],[-2.8143,54.0949],[-2.8215,54.089],[-2.8266,54.1004],[-2.7803,54.1356],[-2.7984,54.1274],[-2.8021,54.1433],[-2.8098,54.1323],[-2.8246,54.1403],[-2.8278,54.1476],[-2.8106,54.155],[-2.8283,54.1533],[-2.8379,54.1742],[-2.8635,54.1825],[-2.8641,54.192],[-2.826,54.2055],[-2.801,54.2318],[-2.7553,54.2402],[-2.7488,54.2292],[-2.7403,54.2325],[-2.74,54.2463],[-2.7636,54.2479],[-2.756,54.2808],[-2.7243,54.2897],[-2.7151,54.3034],[-2.7011,54.3003],[-2.707,54.2887],[-2.694,54.2831],[-2.6958,54.2714],[-2.6372,54.2683],[-2.5854,54.2741],[-2.5716,54.2973],[-2.5838,54.3082],[-2.5675,54.3255],[-2.5728,54.3509],[-2.5884,54.3589],[-2.5797,54.391],[-2.5545,54.3867],[-2.5372,54.394],[-2.5137,54.3679],[-2.4837,54.3774],[-2.4627,54.3684],[-2.4438,54.376],[-2.4209,54.3658],[-2.3823,54.3713],[-2.3677,54.3561]]]},"properties":{"PCON24CD":"E14001372","PCON24NM":"Morecambe and Lunesdale"}},{"type":"Feature","geometry":{"type":"Polygon","coordinates":[[[-1.5311,50.9512],[-1.51,50.9501],[-1.5031,50.9362],[-1.4841,50.9305],[-1.4741,50.9117],[-1.479,50.9165],[-1.4878,50.9076],[-1.4783,50.9119],[-1.4591,50.9007],[-1.4266,50.8968],[-1.3782,50.8546],[-1.3575,50.8495],[-1.3606,50.8429],[-1.3403,50.8427],[-1.3394,50.8266],[-1.3246,50.8262],[-1.326,50.8165],[-1.3086,50.8148],[-1.345,50.7857],[-1.4082,50.7857],[-1.413,50.784],[-1.3926,50.7774],[-1.4105,50.7694],[-1.5024,50.754],[-1.5196,50.7541],[-1.5456,50.7729],[-1.621,50.7626],[-1.6371,50.7847],[-1.6791,50.7919],[-1.6888,50.7845],[-1.6351,50.8468],[-1.6363,50.8585],[-1.6711,50.8639],[-1.6873,50.8805],[-1.6772,50.905],[-1.6834,50.9114],[-1.6964,50.9076],[-1.6873,50.9472],[-1.6769,50.9497],[-1.6617,50.9453],[-1.635,50.9592],[-1.5901,50.9513],[-1.5841,50.9621],[-1.5445,50.9693],[-1.5311,50.9512]]]},"properties":{"PCON24CD":"E14001373","PCON24NM":"New Forest East"}},{"type":"Feature","geometry":{"type":"MultiPolygon","coordinates":[[[[-1.5527,50.7092],[-1.5565,50.7077],[-1.5551,50.7143],[-1.5527,50.7092]]],[[[-1.8358,51.0095],[-1.8154,50.9859],[-1.8003,50.9914],[-1.7544,50.9779],[-1.7196,50.9768],[-1.6769,50.9497],[-1.6873,50.9472],[-1.6938,50.9261],[-1.6964,50.9076],[-1.6834,50.9114],[-1.6772,50.905],[-1.6873,50.8805],[-1.6711,50.8639],[-1.6363,50.8585],[-1.6351,50.8468],[-1.6888,50.7845],[-1.6791,50.7919],[-1.6371,50.7847],[-1.621,50.7626],[-1.5456,50.7729],[-1.5347,50.7626],[-1.5259,50.7446],[-1.5419,50.7398],[-1.531,50.737],[-1.5585,50.7208],[-1.5805,50.7183],[-1.56,50.7087],[-1.6404,50.7321],[-1.6919,50.7373],[-1.6818,50.7519],[-1.7442,50.7475],[-1.739,50.7633],[-1.7488,50.7795],[-1.7879,50.7666],[-1.8121,50.8068],[-1.8036,50.83],[-1.7906,50.8363],[-1.8025,50.843],[-1.8071,50.8633],[-1.8295,50.8553],[-1.8509,50.8587],[-1.8486,50.8899],[-1.8165,50.9039],[-1.8107,50.9272],[-1.8418,50.9317],[-1.8736,50.9172],[-1.9208,50.9614],[-1.9555,50.9783],[-1.9568,50.9898],[-1.9499,50.9823],[-1.9279,50.9977],[-1.8867,50.9995],[-1.8745,51.0063],[-1.8739,50.9845],[-1.8534,51.0047],[-1.8358,51.0095]]]]},"properties":{"PCON24CD":"E14001374","PCON24NM":"New Forest West"}},{"type":"Feature","geometry":{"type":"Polygon","coordinates":[[[-0.7868,53.3843],[-0.7752,53.3778],[-0.7911,53.3635],[-0.7745,53.3644],[-0.7586,53.3538],[-0.7665,53.3301],[-0.75,53.3242],[-0.7471,53.3043],[-0.751,53.2936],[-0.7635,53.2994],[-0.7781,53.2839],[-0.7643,53.2727],[-0.7771,53.2469],[-0.7351,53.2439],[-0.7342,53.254],[-0.688,53.2584],[-0.6666,53.2397],[-0.6759,53.2176],[-0.6976,53.2202],[-0.7148,53.2076],[-0.7306,53.2108],[-0.764,53.1826],[-0.7182,53.1773],[-0.7154,53.1369],[-0.7324,53.1278],[-0.7168,53.1162],[-0.7296,53.0979],[-0.6951,53.0663],[-0.7135,53.066],[-0.7162,53.0591],[-0.7496,53.0551],[-0.7608,53.0294],[-0.7884,53.0259],[-0.7958,53.0106],[-0.8041,53.0125],[-0.7783,52.9769],[-0.7962,52.9767],[-0.8129,52.9575],[-0.8218,52.9591],[-0.8339,52.9459],[-0.8244,52.9418],[-0.8629,52.9131],[-0.8576,52.9056],[-0.8855,52.8926],[-0.9096,52.9099],[-0.9241,52.9065],[-0.9301,52.9129],[-0.9214,52.9346],[-0.9724,52.9284],[-0.9858,52.9427],[-0.9783,52.9501],[-1.0338,52.9584],[-1.0376,52.9836],[-1.0166,52.9802],[-1.0071,52.9855],[-0.976,52.9863],[-0.927,53.0238],[-0.9583,53.0397],[-0.9634,53.0532],[-0.9869,53.0463],[-1.0212,53.059],[-1.0393,53.0836],[-1.0513,53.0854],[-1.0284,53.0894],[-1.0296,53.0978],[-0.9968,53.1116],[-1.0219,53.1235],[-1.0045,53.1378],[-0.9854,53.1329],[-0.9563,53.1475],[-0.953,53.1532],[-0.9673,53.1588],[-0.9571,53.1676],[-0.9905,53.1771],[-0.9814,53.1751],[-0.9658,53.1991],[-0.9438,53.2039],[-0.9391,53.2123],[-0.9613,53.2333],[-1.007,53.2363],[-1.0275,53.2609],[-0.9981,53.2709],[-0.986,53.2643],[-0.9549,53.2685],[-0.9479,53.2748],[-0.9718,53.2831],[-0.9706,53.2974],[-0.9342,53.3038],[-0.9046,53.3008],[-0.9026,53.3177],[-0.8719,53.3217],[-0.8714,53.3281],[-0.9221,53.325],[-0.9263,53.3422],[-0.9621,53.3429],[-0.9569,53.3523],[-0.9237,53.3565],[-0.9329,53.3588],[-0.9267,53.3746],[-0.9449,53.4071],[-0.9208,53.412],[-0.9061,53.3994],[-0.8494,53.3841],[-0.7868,53.3843]]]},"properties":{"PCON24CD":"E14001375","PCON24NM":"Newark"}},{"type":"Feature","geometry":{"type":"Polygon","coordinates":[[[-1.3557,51.5468],[-1.3486,51.5278],[-1.3336,51.5225],[-1.3278,51.4855],[-1.3104,51.4851],[-1.2918,51.4729],[-1.2772,51.4772],[-1.2658,51.4656],[-1.2422,51.463],[-1.2382,51.4547],[-1.261,51.4323],[-1.2324,51.4121],[-1.216,51.4113],[-1.2218,51.3936],[-1.2091,51.3891],[-1.2195,51.3872],[-1.221,51.3676],[-1.4112,51.3729],[-1.4285,51.3567],[-1.4441,51.3549],[-1.4297,51.3365],[-1.4983,51.3294],[-1.4856,51.3477],[-1.5006,51.3563],[-1.4954,51.3697],[-1.5556,51.3955],[-1.5529,51.41],[-1.571,51.4153],[-1.5651,51.422],[-1.5265,51.424],[-1.524,51.4475],[-1.5824,51.4943],[-1.5847,51.5249],[-1.57,51.5474],[-1.555,51.5534],[-1.531,51.5461],[-1.5146,51.5512],[-1.4707,51.5286],[-1.4644,51.5385],[-1.4478,51.5364],[-1.4266,51.5456],[-1.4228,51.5358],[-1.4049,51.5472],[-1.3889,51.5399],[-1.369,51.5522],[-1.3557,51.5468]]]},"properties":{"PCON24CD":"E14001376","PCON24NM":"Newbury"}},{"type":"Feature","geometry":{"type":"Polygon","coordinates":[[[-1.6803,55.0102],[-1.657,54.9984],[-1.6164,54.9954],[-1.6,54.9697],[-1.6305,54.9591],[-1.7213,54.9678],[-1.7396,54.9793],[-1.7257,54.9891],[-1.7421,55.0019],[-1.7225,55.004],[-1.722,55.0096],[-1.6985,55.0016],[-1.7003,55.0113],[-1.6803,55.0102]]]},"properties":{"PCON24CD":"E14001377","PCON24NM":"Newcastle upon Tyne Central and West"}},{"type":"Feature","geometry":{"type":"Polygon","coordinates":[[[-1.4859,54.9886],[-1.5018,54.9885],[-1.5178,54.9964],[-1.5025,54.9885],[-1.5308,54.984],[-1.5397,54.9618],[-1.6,54.9697],[-1.603,54.9792],[-1.587,54.9858],[-1.5937,54.998],[-1.5582,55.0055],[-1.5592,55.0122],[-1.5115,55.0186],[-1.4865,55.0002],[-1.4859,54.9886]]]},"properties":{"PCON24CD":"E14001378","PCON24NM":"Newcastle upon Tyne East and Wallsend"}},{"type":"Feature","geometry":{"type":"Polygon","coordinates":[[[-1.5592,55.0122],[-1.5582,55.0055],[-1.5937,54.998],[-1.587,54.9858],[-1.603,54.9792],[-1.6164,54.9954],[-1.657,54.9984],[-1.6803,55.0102],[-1.6664,55.0204],[-1.6664,55.0383],[-1.6304,55.0341],[-1.6298,55.0415],[-1.5864,55.0392],[-1.5792,55.0283],[-1.5503,55.0253],[-1.5592,55.0122]]]},"properties":{"PCON24CD":"E14001379","PCON24NM":"Newcastle upon Tyne North"}},{"type":"Feature","geometry":{"type":"Polygon","coordinates":[[[-2.2817,53.0803],[-2.2663,53.0544],[-2.2544,53.0633],[-2.2279,53.0637],[-2.2025,53.02],[-2.2178,53.0039],[-2.2043,52.9814],[-2.2271,52.9763],[-2.2554,52.988],[-2.3043,52.9942],[-2.3032,52.9848],[-2.3235,52.9782],[-2.3707,52.9775],[-2.383,53.0078],[-2.3704,53.0145],[-2.3842,53.0262],[-2.3851,53.0481],[-2.3751,53.0545],[-2.3476,53.0562],[-2.3168,53.0812],[-2.2817,53.0803]]]},"properties":{"PCON24CD":"E14001380","PCON24NM":"Newcastle-under-Lyme"}},{"type":"Feature","geometry":{"type":"Polygon","coordinates":[[[-3.4517,50.6425],[-3.4439,50.6016],[-3.425,50.612],[-3.467,50.5781],[-3.4684,50.563],[-3.4998,50.5405],[-3.5011,50.5459],[-3.5098,50.5429],[-3.4974,50.5383],[-3.5065,50.5208],[-3.5091,50.5166],[-3.5208,50.5177],[-3.5299,50.5046],[-3.5648,50.487],[-3.5698,50.4907],[-3.5842,50.4777],[-3.6031,50.4845],[-3.6138,50.4693],[-3.6452,50.4611],[-3.6588,50.4646],[-3.6555,50.4721],[-3.6698,50.4621],[-3.7276,50.4977],[-3.7166,50.5042],[-3.6794,50.4936],[-3.6739,50.5016],[-3.7232,50.5214],[-3.713,50.5271],[-3.6848,50.5213],[-3.6605,50.5348],[-3.6597,50.5587],[-3.6412,50.576],[-3.6268,50.5753],[-3.6144,50.5921],[-3.5891,50.5851],[-3.5508,50.5996],[-3.551,50.6218],[-3.5194,50.6366],[-3.5093,50.6554],[-3.4517,50.6425]]]},"properties":{"PCON24CD":"E14001381","PCON24NM":"Newton Abbot"}},{"type":"Feature","geometry":{"type":"Polygon","coordinates":[[[-1.4566,54.747],[-1.4626,54.7344],[-1.432,54.7354],[-1.3946,54.7189],[-1.4017,54.6999],[-1.3898,54.6826],[-1.3728,54.6922],[-1.3446,54.6908],[-1.3309,54.6822],[-1.3479,54.6624],[-1.3412,54.6502],[-1.3808,54.6438],[-1.4098,54.6185],[-1.4509,54.6106],[-1.4434,54.5906],[-1.4678,54.6005],[-1.5586,54.5921],[-1.5528,54.5823],[-1.5833,54.5809],[-1.5934,54.5951],[-1.5842,54.6105],[-1.6062,54.6034],[-1.6068,54.6175],[-1.6185,54.6192],[-1.6033,54.6779],[-1.6359,54.6769],[-1.6783,54.704],[-1.6482,54.7079],[-1.5953,54.7302],[-1.5797,54.7399],[-1.5815,54.7505],[-1.537,54.7372],[-1.4942,54.7561],[-1.4566,54.747]]]},"properties":{"PCON24CD":"E14001382","PCON24NM":"Newton Aycliffe and Spennymoor"}},{"type":"Feature","geometry":{"type":"Polygon","coordinates":[[[-1.2552,53.649],[-1.2279,53.6173],[-1.2482,53.6164],[-1.258,53.592],[-1.3078,53.5754],[-1.3487,53.5833],[-1.3767,53.6065],[-1.4004,53.5987],[-1.4476,53.6127],[-1.4837,53.5949],[-1.4916,53.6028],[-1.5014,53.5998],[-1.4904,53.6181],[-1.5123,53.6241],[-1.4721,53.6436],[-1.473,53.6754],[-1.4673,53.6852],[-1.4488,53.6888],[-1.4508,53.698],[-1.4213,53.7016],[-1.4136,53.7108],[-1.3521,53.7042],[-1.3517,53.6852],[-1.3352,53.6826],[-1.2853,53.6458],[-1.2552,53.649]]]},"properties":{"PCON24CD":"E14001383","PCON24NM":"Normanton and Hemsworth"}},{"type":"Feature","geometry":{"type":"Polygon","coordinates":[[[-0.2866,52.2348],[-0.2997,52.2199],[-0.2944,52.2084],[-0.2618,52.2099],[-0.2407,52.1902],[-0.2607,52.1764],[-0.2167,52.1588],[-0.2348,52.1447],[-0.1715,52.1395],[-0.1544,52.1444],[-0.1445,52.1382],[-0.1576,52.0804],[-0.1725,52.0602],[-0.195,52.0624],[-0.2195,52.0367],[-0.227,52.0472],[-0.2385,52.0455],[-0.2404,52.0578],[-0.2737,52.0696],[-0.2764,52.0592],[-0.3207,52.039],[-0.3338,52.0508],[-0.3628,52.0474],[-0.379,52.0585],[-0.3754,52.0652],[-0.4114,52.0789],[-0.4414,52.1042],[-0.443,52.1157],[-0.4091,52.1292],[-0.4142,52.1401],[-0.403,52.1456],[-0.4111,52.1568],[-0.4586,52.1673],[-0.4928,52.1486],[-0.5015,52.1202],[-0.5218,52.1159],[-0.5043,52.1028],[-0.5109,52.0973],[-0.5546,52.1107],[-0.5861,52.0967],[-0.6072,52.1339],[-0.6355,52.1393],[-0.6408,52.1528],[-0.6307,52.155],[-0.6274,52.1815],[-0.6681,52.195],[-0.6373,52.2273],[-0.6537,52.2683],[-0.6033,52.2788],[-0.5657,52.2535],[-0.5418,52.2561],[-0.5312,52.2704],[-0.542,52.2899],[-0.5141,52.3147],[-0.5198,52.3177],[-0.4654,52.323],[-0.4361,52.3145],[-0.4358,52.2967],[-0.4218,52.2849],[-0.375,52.2805],[-0.3722,52.2735],[-0.3823,52.2711],[-0.3744,52.233],[-0.341,52.2306],[-0.3435,52.2419],[-0.3345,52.2429],[-0.2866,52.2348]]]},"properties":{"PCON24CD":"E14001384","PCON24NM":"North Bedfordshire"}},{"type":"Feature","geometry":{"type":"MultiPolygon","coordinates":[[[[-4.7269,50.6829],[-4.7266,50.6826],[-4.7271,50.6826],[-4.7269,50.6829]]],[[[-4.4239,50.7645],[-4.4087,50.7624],[-4.4144,50.7744],[-4.3936,50.7782],[-4.381,50.7705],[-4.385,50.7478],[-4.3616,50.7188],[-4.3693,50.7023],[-4.3489,50.6895],[-4.3335,50.6413],[-4.3003,50.6339],[-4.3116,50.5861],[-4.3069,50.5786],[-4.2913,50.5839],[-4.2861,50.5749],[-4.286,50.5847],[-4.2711,50.5822],[-4.2795,50.5692],[-4.2595,50.55],[-4.2688,50.5353],[-4.271,50.517],[-4.2954,50.513],[-4.3143,50.5243],[-4.3326,50.5218],[-4.3361,50.5344],[-4.3514,50.5338],[-4.3479,50.5426],[-4.3639,50.5556],[-4.3508,50.5692],[-4.3929,50.5755],[-4.4016,50.5618],[-4.3942,50.5548],[-4.4209,50.5419],[-4.4802,50.5407],[-4.5051,50.5594],[-4.5344,50.5427],[-4.5507,50.5614],[-4.5665,50.5599],[-4.5894,50.5404],[-4.6107,50.5345],[-4.6087,50.4959],[-4.6191,50.4872],[-4.6116,50.4752],[-4.6191,50.4595],[-4.6348,50.4554],[-4.6363,50.4428],[-4.66,50.4505],[-4.6816,50.4333],[-4.7057,50.4343],[-4.705,50.4292],[-4.7426,50.4221],[-4.761,50.4274],[-4.7648,50.4366],[-4.7982,50.4294],[-4.8092,50.4428],[-4.8122,50.4322],[-4.837,50.4178],[-4.8431,50.4369],[-4.8772,50.4278],[-4.8811,50.4135],[-4.907,50.4029],[-4.9467,50.4094],[-4.9684,50.4],[-4.9726,50.4137],[-4.9939,50.4214],[-4.9949,50.4341],[-5.0092,50.4347],[-5.0077,50.4434],[-5.0435,50.4478],[-5.0419,50.4644],[-5.0319,50.4676],[-5.0396,50.4739],[-5.0348,50.4937],[-5.0468,50.4978],[-5.024,50.5087],[-5.0284,50.5177],[-5.0226,50.5265],[-5.0365,50.5495],[-4.9839,50.5422],[-4.9721,50.5578],[-4.9451,50.5691],[-4.9496,50.5566],[-4.9351,50.549],[-4.9309,50.53],[-4.9247,50.5312],[-4.9314,50.5648],[-4.9158,50.5759],[-4.9354,50.5869],[-4.9214,50.5932],[-4.9083,50.5845],[-4.8852,50.5823],[-4.8598,50.5951],[-4.8324,50.5921],[-4.7962,50.5981],[-4.7704,50.6224],[-4.7587,50.6528],[-4.7645,50.6698],[-4.7433,50.6764],[-4.7351,50.6715],[-4.7298,50.6736],[-4.7261,50.6841],[-4.6802,50.696],[-4.6807,50.7046],[-4.6546,50.7163],[-4.6539,50.7398],[-4.6345,50.741],[-4.6253,50.7532],[-4.5619,50.7813],[-4.5584,50.8288],[-4.5467,50.83],[-4.5561,50.8369],[-4.5699,50.9037],[-4.546,50.9288],[-4.4561,50.9289],[-4.4627,50.9135],[-4.421,50.8661],[-4.4337,50.8655],[-4.4422,50.8469],[-4.4468,50.8082],[-4.4935,50.7929],[-4.4513,50.7857],[-4.4239,50.7645]]]]},"properties":{"PCON24CD":"E14001385","PCON24NM":"North Cornwall"}},{"type":"Feature","geometry":{"type":"Polygon","coordinates":[[[-1.6658,51.9875],[-1.6625,51.964],[-1.6325,51.9557],[-1.6152,51.9377],[-1.6455,51.9223],[-1.6333,51.8996],[-1.6587,51.8966],[-1.6671,51.877],[-1.6864,51.8663],[-1.6764,51.8503],[-1.6865,51.8345],[-1.6778,51.813],[-1.6869,51.7982],[-1.7195,51.7832],[-1.7007,51.7706],[-1.687,51.7399],[-1.6937,51.7216],[-1.7055,51.713],[-1.7341,51.7183],[-1.7469,51.7115],[-1.7681,51.7362],[-1.8209,51.7183],[-1.8362,51.7414],[-1.8492,51.7399],[-1.8572,51.7518],[-1.8957,51.7584],[-1.9072,51.7671],[-1.9203,51.758],[-1.9328,51.7626],[-1.9441,51.7258],[-1.962,51.7378],[-1.9837,51.7334],[-1.9893,51.7389],[-2.0092,51.734],[-2.007,51.7235],[-2.0373,51.7395],[-2.0557,51.734],[-2.0524,51.7001],[-2.0776,51.7031],[-2.0953,51.6956],[-2.1237,51.7062],[-2.1589,51.6864],[-2.2006,51.6928],[-2.2105,51.6962],[-2.2114,51.7204],[-2.1406,51.7204],[-2.1282,51.7247],[-2.1332,51.7301],[-2.1867,51.7378],[-2.1814,51.7444],[-2.1954,51.7561],[-2.2227,51.7585],[-2.2353,51.772],[-2.2611,51.7541],[-2.2903,51.7565],[-2.3214,51.7818],[-2.3492,51.7848],[-2.3546,51.7947],[-2.3463,51.8027],[-2.3585,51.8076],[-2.3625,51.8227],[-2.3497,51.8297],[-2.3523,51.8459],[-2.3076,51.8469],[-2.2982,51.8326],[-2.2991,51.8246],[-2.2629,51.8076],[-2.2493,51.8252],[-2.2275,51.8283],[-2.2234,51.8212],[-2.1773,51.8559],[-2.1976,51.8717],[-2.187,51.8757],[-2.2034,51.8837],[-2.1915,51.8958],[-2.2046,51.8972],[-2.1715,51.9003],[-2.1778,51.9086],[-2.166,51.9166],[-2.1408,51.9098],[-2.1369,51.8996],[-2.1424,51.8845],[-2.1262,51.8875],[-2.1278,51.8797],[-2.0975,51.8789],[-2.0923,51.8712],[-2.0768,51.8729],[-2.0465,51.8583],[-2.0253,51.8643],[-2.0102,51.9029],[-1.9942,51.915],[-1.9612,51.9025],[-1.9294,51.9047],[-1.9122,51.8876],[-1.896,51.8943],[-1.8536,51.8934],[-1.8807,51.8968],[-1.8684,51.9081],[-1.8879,51.9119],[-1.8872,51.9262],[-1.9232,51.9349],[-1.9317,51.9573],[-1.9109,51.9694],[-1.8971,51.9603],[-1.8746,51.9651],[-1.8684,51.9806],[-1.8834,51.9837],[-1.8654,51.9952],[-1.8193,51.9874],[-1.8017,51.9969],[-1.8391,52.0068],[-1.825,52.0309],[-1.8346,52.0437],[-1.8634,52.0534],[-1.8744,52.07],[-1.8466,52.0794],[-1.8318,52.0728],[-1.8189,52.0854],[-1.8127,52.0787],[-1.8023,52.0969],[-1.7677,52.1126],[-1.7459,52.0928],[-1.7286,52.1001],[-1.7307,52.0733],[-1.7131,52.0666],[-1.7017,52.0728],[-1.7051,52.0596],[-1.6886,52.0518],[-1.694,52.0395],[-1.6638,52.0313],[-1.6245,52.039],[-1.6175,52.0334],[-1.6658,51.9974],[-1.6658,51.9875]]]},"properties":{"PCON24CD":"E14001386","PCON24NM":"North Cotswolds"}},{"type":"Feature","geometry":{"type":"MultiPolygon","coordinates":[[[[-4.1907,51.0548],[-4.1907,51.0547],[-4.1908,51.0548],[-4.1907,51.0548]]],[[[-3.7698,51.2377],[-3.7206,51.2331],[-3.7332,51.2227],[-3.725,51.1796],[-3.7863,51.1719],[-3.8392,51.1769],[-3.8345,51.1384],[-3.8043,51.1157],[-3.7199,51.0808],[-3.6925,51.0806],[-3.6467,51.0581],[-3.5945,51.0552],[-3.6147,51.0155],[-3.6009,50.9916],[-3.6288,51.0058],[-3.6196,50.9682],[-3.5979,50.9672],[-3.5958,50.9452],[-3.624,50.9218],[-3.7281,50.9108],[-3.7347,50.8907],[-3.7559,50.8764],[-3.7833,50.9025],[-3.817,50.9018],[-3.8168,50.9146],[-3.8291,50.907],[-3.9042,50.9051],[-3.9044,50.9274],[-3.9542,50.9177],[-3.9967,50.926],[-3.9939,50.9484],[-3.961,50.9558],[-3.9583,50.9815],[-3.9837,50.9821],[-4.0115,50.9673],[-4.0361,50.9812],[-4.0343,51.0076],[-4.064,51.0103],[-4.0861,51.0027],[-4.121,51.0109],[-4.1161,51.0193],[-4.1603,51.0144],[-4.1784,51.0243],[-4.2027,51.0206],[-4.1797,51.0487],[-4.1798,51.0675],[-4.1516,51.0735],[-4.153,51.0802],[-4.1637,51.0836],[-4.1631,51.1007],[-4.1666,51.0805],[-4.1854,51.0762],[-4.1891,51.0663],[-4.2168,51.0764],[-4.2225,51.1177],[-4.2402,51.121],[-4.2359,51.1309],[-4.2613,51.1429],[-4.2238,51.1442],[-4.2162,51.1516],[-4.2115,51.1784],[-4.2293,51.1885],[-4.2106,51.1905],[-4.2016,51.2003],[-4.1776,51.1973],[-4.1141,51.2115],[-4.0981,51.2109],[-4.0878,51.2173],[-4.0387,51.2067],[-4.0279,51.2164],[-3.9583,51.2191],[-3.9257,51.2319],[-3.892,51.2238],[-3.8537,51.2346],[-3.8135,51.2311],[-3.7868,51.2462],[-3.7698,51.2377]]]]},"properties":{"PCON24CD":"E14001387","PCON24NM":"North Devon"}},{"type":"Feature","geometry":{"type":"Polygon","coordinates":[[[-2.218,51.0552],[-2.1925,51.0369],[-2.1726,51.0011],[-2.1198,50.9782],[-2.1207,50.9615],[-2.1018,50.945],[-2.0683,50.9512],[-2.0366,50.9722],[-1.9938,50.9758],[-1.9853,50.9847],[-1.9568,50.9898],[-1.9555,50.9783],[-1.9208,50.9614],[-1.8736,50.9172],[-1.8418,50.9317],[-1.8107,50.9272],[-1.8165,50.9039],[-1.8486,50.8899],[-1.8509,50.8587],[-1.8551,50.854],[-1.8618,50.8648],[-1.8957,50.8692],[-1.8955,50.8787],[-1.9141,50.8629],[-1.9795,50.882],[-2.0179,50.848],[-2.0372,50.8486],[-2.0586,50.837],[-2.0714,50.8398],[-2.1154,50.8202],[-2.1107,50.8149],[-2.1288,50.8054],[-2.1631,50.8016],[-2.1348,50.781],[-2.141,50.7708],[-2.1595,50.7676],[-2.1613,50.7742],[-2.1969,50.766],[-2.2324,50.7812],[-2.2578,50.7776],[-2.266,50.7599],[-2.2615,50.7552],[-2.2845,50.749],[-2.3037,50.7303],[-2.3261,50.7392],[-2.3404,50.7218],[-2.3272,50.7179],[-2.3798,50.7104],[-2.3865,50.7435],[-2.4228,50.7497],[-2.4209,50.7552],[-2.3685,50.7639],[-2.376,50.7772],[-2.368,50.7857],[-2.3057,50.7633],[-2.2944,50.7738],[-2.3171,50.7994],[-2.3037,50.804],[-2.3122,50.8166],[-2.2914,50.8231],[-2.3141,50.8491],[-2.3794,50.8474],[-2.3993,50.8371],[-2.3956,50.8624],[-2.4226,50.8574],[-2.424,50.8671],[-2.4353,50.867],[-2.4284,50.8845],[-2.3993,50.9013],[-2.409,50.9218],[-2.4467,50.9297],[-2.4149,50.9606],[-2.3444,50.979],[-2.3549,50.9909],[-2.3769,50.9908],[-2.3813,51.0049],[-2.33,51.0413],[-2.35,51.0689],[-2.3259,51.0797],[-2.2686,51.0687],[-2.2447,51.0723],[-2.218,51.0552]]]},"properties":{"PCON24CD":"E14001388","PCON24NM":"North Dorset"}},{"type":"Feature","geometry":{"type":"Polygon","coordinates":[[[-1.5065,54.8711],[-1.5036,54.8375],[-1.5164,54.8348],[-1.5143,54.8284],[-1.5842,54.8231],[-1.6225,54.8114],[-1.6411,54.8145],[-1.6478,54.8258],[-1.6642,54.8254],[-1.6547,54.8065],[-1.7065,54.8051],[-1.7175,54.7954],[-1.737,54.7984],[-1.7381,54.7906],[-1.7786,54.7993],[-1.7961,54.7887],[-1.8037,54.7939],[-1.7915,54.8014],[-1.8419,54.8027],[-1.8712,54.7918],[-1.8813,54.7784],[-1.9161,54.7965],[-1.9453,54.7971],[-1.9755,54.7708],[-1.9929,54.7763],[-2.0052,54.7948],[-2.0317,54.799],[-2.0293,54.8173],[-2.0142,54.8287],[-1.9524,54.8542],[-1.9226,54.8499],[-1.9271,54.8412],[-1.9154,54.834],[-1.8814,54.8466],[-1.8719,54.8352],[-1.8271,54.8381],[-1.8092,54.828],[-1.8009,54.8412],[-1.7906,54.8358],[-1.7759,54.8471],[-1.7439,54.8881],[-1.7122,54.8988],[-1.7096,54.9073],[-1.6748,54.9093],[-1.6756,54.8981],[-1.6493,54.893],[-1.6506,54.8793],[-1.5942,54.902],[-1.5799,54.8778],[-1.5594,54.882],[-1.5619,54.8757],[-1.5318,54.8782],[-1.5065,54.8711]]]},"properties":{"PCON24CD":"E14001389","PCON24NM":"North Durham"}},{"type":"Feature","geometry":{"type":"Polygon","coordinates":[[[0.1716,52.738],[0.1536,52.6822],[0.1847,52.6779],[0.1838,52.6557],[0.1696,52.6528],[0.1761,52.6445],[0.2191,52.622],[0.1916,52.6015],[0.1996,52.5827],[0.2184,52.5724],[0.2057,52.5657],[0.2172,52.5605],[0.2047,52.5547],[0.2052,52.5478],[0.2146,52.5491],[0.2038,52.5454],[0.2131,52.5382],[0.2058,52.5339],[0.2306,52.5279],[0.2061,52.5196],[0.2363,52.5073],[0.1238,52.421],[0.1265,52.4379],[0.1067,52.4253],[0.0874,52.4297],[0.0553,52.4144],[0.0436,52.4181],[0.0562,52.3978],[0.0344,52.3857],[0.019,52.4141],[0.034,52.4287],[-0.0093,52.4622],[-0.0389,52.4733],[-0.0385,52.5018],[-0.0527,52.502],[-0.0546,52.5134],[-0.0697,52.5168],[-0.0709,52.5059],[-0.0904,52.4963],[-0.0976,52.5017],[-0.1144,52.4891],[-0.1886,52.5373],[-0.1857,52.545],[-0.1979,52.5508],[-0.187,52.5685],[-0.0128,52.5942],[-0.0313,52.6615],[0.0215,52.6649],[0.0486,52.6814],[0.0441,52.7144],[0.0636,52.7274],[0.089,52.7236],[0.133,52.7393],[0.1716,52.738]]]},"properties":{"PCON24CD":"E14001390","PCON24NM":"North East Cambridgeshire"}},{"type":"Feature","geometry":{"type":"Polygon","coordinates":[[[-1.3247,53.3288],[-1.299,53.3325],[-1.2886,53.3262],[-1.2957,53.315],[-1.282,53.3095],[-1.322,53.309],[-1.3107,53.2979],[-1.324,53.2953],[-1.3219,53.2886],[-1.3013,53.2639],[-1.3313,53.2572],[-1.3525,53.2626],[-1.3498,53.2687],[-1.4111,53.267],[-1.4232,53.2827],[-1.4585,53.2831],[-1.4641,53.268],[-1.4807,53.2634],[-1.4707,53.2573],[-1.4816,53.2465],[-1.4715,53.2394],[-1.484,53.2325],[-1.4799,53.2226],[-1.4208,53.2125],[-1.4014,53.2137],[-1.3956,53.2227],[-1.3593,53.1842],[-1.3937,53.1712],[-1.4012,53.1523],[-1.4241,53.1511],[-1.4545,53.163],[-1.4698,53.1198],[-1.4868,53.1229],[-1.5478,53.182],[-1.5483,53.1999],[-1.5156,53.2027],[-1.569,53.2231],[-1.5721,53.241],[-1.5572,53.2496],[-1.5658,53.2614],[-1.585,53.2627],[-1.5894,53.2788],[-1.5786,53.2865],[-1.5975,53.2958],[-1.5991,53.3113],[-1.5849,53.3216],[-1.5806,53.3118],[-1.5617,53.316],[-1.5617,53.3064],[-1.5392,53.3045],[-1.4961,53.3164],[-1.4582,53.3203],[-1.4599,53.3307],[-1.4421,53.3374],[-1.4209,53.3346],[-1.4087,53.342],[-1.3888,53.3364],[-1.3899,53.3185],[-1.3376,53.3159],[-1.3247,53.3288]]]},"properties":{"PCON24CD":"E14001391","PCON24NM":"North East Derbyshire"}},{"type":"Feature","geometry":{"type":"Polygon","coordinates":[[[-0.9861,51.3628],[-0.9237,51.366],[-0.8781,51.3526],[-0.8429,51.3523],[-0.831,51.3475],[-0.8243,51.3291],[-0.839,51.3223],[-0.8355,51.3003],[-0.7971,51.3024],[-0.8028,51.2925],[-0.7903,51.2822],[-0.8075,51.2753],[-0.8047,51.2451],[-0.8489,51.2107],[-0.9043,51.2099],[-0.9512,51.2004],[-0.9738,51.186],[-0.9894,51.1909],[-1.0711,51.1878],[-1.068,51.2246],[-1.0913,51.2204],[-1.0917,51.231],[-1.1119,51.2318],[-1.1096,51.2376],[-1.0654,51.2579],[-1.0621,51.2807],[-1.0416,51.3023],[-1.0545,51.305],[-1.0708,51.2977],[-1.0734,51.3192],[-1.0977,51.3221],[-1.0899,51.3375],[-1.1102,51.3443],[-1.1155,51.3742],[-1.0866,51.3839],[-1.0501,51.3581],[-0.9861,51.3628]]]},"properties":{"PCON24CD":"E14001392","PCON24NM":"North East Hampshire"}},{"type":"Feature","geometry":{"type":"Polygon","coordinates":[[[0.0682,52.0058],[0.0694,51.983],[0.0965,51.9843],[0.1168,51.9516],[0.1248,51.8846],[0.117,51.8593],[0.0894,51.8603],[0.0582,51.8737],[0.0152,51.8298],[-0.0342,51.8274],[-0.0479,51.8195],[-0.0601,51.8296],[-0.0711,51.8203],[-0.0928,51.8223],[-0.0913,51.8158],[-0.1151,51.8105],[-0.1173,51.8012],[-0.1063,51.7998],[-0.1088,51.7846],[-0.0856,51.7789],[-0.0921,51.7432],[-0.1384,51.7373],[-0.1414,51.7737],[-0.1667,51.7926],[-0.148,51.799],[-0.1836,51.8151],[-0.1684,51.8312],[-0.1541,51.8354],[-0.1389,51.8619],[-0.1291,51.8659],[-0.1272,51.8582],[-0.1209,51.8668],[-0.1426,51.8842],[-0.1378,51.9025],[-0.1622,51.9203],[-0.1552,51.9239],[-0.181,51.9382],[-0.1882,51.9534],[-0.1973,51.9582],[-0.2089,51.9464],[-0.2323,51.9492],[-0.2278,51.9539],[-0.2439,51.9578],[-0.2464,51.9738],[-0.2603,51.9797],[-0.2441,51.999],[-0.2013,52.0098],[-0.2195,52.0367],[-0.195,52.0624],[-0.1725,52.0602],[-0.1576,52.0804],[-0.1475,52.0695],[-0.1551,52.0531],[-0.1337,52.0462],[-0.1266,52.0209],[-0.0196,52.0636],[0.0035,52.0499],[0.0403,52.0533],[0.0682,52.0058]]]},"properties":{"PCON24CD":"E14001393","PCON24NM":"North East Hertfordshire"}},{"type":"Feature","geometry":{"type":"Polygon","coordinates":[[[-2.4031,51.4316],[-2.4443,51.4224],[-2.4383,51.4133],[-2.451,51.4028],[-2.4286,51.3897],[-2.4089,51.3918],[-2.4248,51.3603],[-2.4524,51.367],[-2.4451,51.378],[-2.4759,51.3753],[-2.4992,51.359],[-2.5243,51.3615],[-2.5087,51.3485],[-2.4682,51.3492],[-2.4646,51.344],[-2.4616,51.3249],[-2.4713,51.3147],[-2.4587,51.305],[-2.4878,51.3012],[-2.4967,51.2905],[-2.5578,51.3027],[-2.6274,51.2828],[-2.6386,51.2948],[-2.6949,51.318],[-2.6872,51.3304],[-2.7079,51.3378],[-2.6905,51.3495],[-2.6942,51.3798],[-2.6797,51.3601],[-2.6687,51.3606],[-2.6766,51.3419],[-2.659,51.3415],[-2.6444,51.3751],[-2.63,51.3752],[-2.627,51.3871],[-2.6141,51.3809],[-2.6227,51.3894],[-2.6031,51.3888],[-2.5901,51.3975],[-2.5708,51.3994],[-2.5588,51.4112],[-2.536,51.4111],[-2.5263,51.4348],[-2.5105,51.4288],[-2.5393,51.4457],[-2.5185,51.4557],[-2.4871,51.4531],[-2.4779,51.4685],[-2.4621,51.4516],[-2.4026,51.4386],[-2.4031,51.4316]]]},"properties":{"PCON24CD":"E14001394","PCON24NM":"North East Somerset and Hanham"}},{"type":"Feature","geometry":{"type":"Polygon","coordinates":[[[-2.6181,52.3069],[-2.6632,52.304],[-2.6399,52.2863],[-2.5979,52.2816],[-2.6283,52.2612],[-2.629,52.2404],[-2.5742,52.2527],[-2.5317,52.2533],[-2.5259,52.2482],[-2.4957,52.2569],[-2.5031,52.2774],[-2.4514,52.2851],[-2.428,52.2706],[-2.4681,52.256],[-2.4747,52.2414],[-2.465,52.2344],[-2.4231,52.2372],[-2.3842,52.2252],[-2.4039,52.2215],[-2.3927,52.2086],[-2.4079,52.2027],[-2.4221,52.1723],[-2.4352,52.1682],[-2.415,52.1452],[-2.3794,52.1551],[-2.3514,52.1446],[-2.3521,52.1035],[-2.338,52.0899],[-2.3514,52.0214],[-2.3929,52.013],[-2.399,51.9961],[-2.4132,51.9941],[-2.4373,51.9972],[-2.4366,52.0148],[-2.4634,52.014],[-2.464,52.0232],[-2.4789,52.0225],[-2.492,52.0077],[-2.471,51.9947],[-2.4949,51.9811],[-2.4922,51.9641],[-2.5009,51.9606],[-2.4656,51.9517],[-2.4679,51.9374],[-2.486,51.942],[-2.5127,51.93],[-2.546,51.9257],[-2.5632,51.9317],[-2.5948,51.9209],[-2.6086,51.9369],[-2.587,51.9579],[-2.5916,51.9634],[-2.6274,51.9468],[-2.653,51.9462],[-2.6616,51.9553],[-2.6556,51.9667],[-2.6144,51.9764],[-2.6014,51.9901],[-2.6339,51.9916],[-2.6198,52.0028],[-2.6247,52.0131],[-2.6377,52.0135],[-2.6318,52.029],[-2.6557,52.0209],[-2.668,52.0318],[-2.6576,52.0398],[-2.6751,52.0437],[-2.6833,52.0624],[-2.7001,52.0631],[-2.7137,52.0747],[-2.7692,52.0776],[-2.7747,52.0695],[-2.7539,52.0656],[-2.7602,52.0604],[-2.7383,52.0493],[-2.7534,52.0449],[-2.8001,52.0514],[-2.8111,52.0819],[-2.8363,52.0842],[-2.8767,52.1116],[-2.896,52.1092],[-2.9051,52.0792],[-2.9115,52.0829],[-2.9144,52.0776],[-2.946,52.0941],[-2.953,52.0867],[-2.9674,52.0891],[-2.9661,52.1032],[-2.9867,52.1075],[-2.9871,52.1165],[-3.0283,52.1037],[-3.0425,52.1046],[-3.036,52.1101],[-3.0701,52.1099],[-3.062,52.1142],[-3.0734,52.1205],[-3.1049,52.1167],[-3.1419,52.1279],[-3.1359,52.1379],[-3.0937,52.1443],[-3.0725,52.1558],[-3.0825,52.163],[-3.0989,52.1547],[-3.1224,52.1634],[-3.0947,52.1837],[-3.1021,52.2027],[-3.0721,52.2131],[-3.073,52.2359],[-3.0442,52.2379],[-3.0483,52.2502],[-3.0359,52.2568],[-3.0058,52.2643],[-2.9772,52.2597],[-2.9496,52.2695],[-3.0126,52.2792],[-3.0009,52.3218],[-2.9668,52.3294],[-2.9547,52.3492],[-2.9331,52.3501],[-2.9389,52.3611],[-2.9261,52.367],[-2.9008,52.3673],[-2.9223,52.3751],[-2.9177,52.3863],[-2.8931,52.3741],[-2.8884,52.3852],[-2.855,52.3955],[-2.8054,52.3883],[-2.8073,52.3759],[-2.7925,52.3753],[-2.7924,52.3569],[-2.7327,52.3555],[-2.7484,52.3349],[-2.767,52.3362],[-2.7142,52.3088],[-2.6798,52.312],[-2.6891,52.3166],[-2.6651,52.3423],[-2.6239,52.3214],[-2.6181,52.3069]]]},"properties":{"PCON24CD":"E14001395","PCON24NM":"North Herefordshire"}},{"type":"Feature","geometry":{"type":"MultiPolygon","coordinates":[[[[0.9125,52.964],[0.8917,52.9619],[0.9025,52.966],[0.9125,52.964]]],[[[0.9053,52.9681],[0.8797,52.9591],[0.8866,52.9626],[0.8757,52.9673],[0.8861,52.9641],[0.8942,52.9708],[0.9053,52.9681]]],[[[0.8781,52.9759],[0.8837,52.965],[0.8667,52.9761],[0.8721,52.9691],[0.8679,52.9734],[0.8548,52.9667],[0.8666,52.9787],[0.8781,52.9759]]],[[[1.0069,52.9743],[1.1242,52.9513],[1.301,52.9328],[1.4321,52.8818],[1.5865,52.8017],[1.6749,52.7426],[1.6393,52.7343],[1.6193,52.7176],[1.5502,52.6991],[1.5494,52.6815],[1.519,52.6869],[1.5122,52.6816],[1.5119,52.69],[1.4944,52.6872],[1.4881,52.6933],[1.4739,52.6893],[1.461,52.7056],[1.4414,52.7015],[1.4344,52.6896],[1.4186,52.6919],[1.424,52.7035],[1.4024,52.7157],[1.4059,52.7325],[1.3973,52.7291],[1.3876,52.7401],[1.357,52.7463],[1.3148,52.7797],[1.3082,52.8068],[1.2889,52.8047],[1.2741,52.8188],[1.2546,52.8134],[1.2511,52.8205],[1.2144,52.8297],[1.1934,52.8153],[1.1726,52.8306],[1.1565,52.8217],[1.1453,52.8239],[1.1496,52.8121],[1.1283,52.8146],[1.0847,52.84],[1.0487,52.8314],[1.017,52.8339],[1.0034,52.8597],[0.9586,52.8623],[0.9416,52.8499],[0.9103,52.8856],[0.9138,52.899],[0.9025,52.9077],[0.8858,52.9074],[0.8854,52.914],[0.8136,52.9179],[0.815,52.9128],[0.7879,52.9079],[0.782,52.9783],[0.8125,52.9733],[0.8454,52.9777],[0.851,52.9578],[0.8696,52.9548],[0.9054,52.9624],[0.9093,52.9569],[0.9106,52.9633],[0.921,52.9662],[0.9365,52.9577],[1.0145,52.963],[1.0106,52.955],[1.0305,52.9666],[1.0029,52.9739],[0.958,52.9693],[0.975,52.9804],[1.0069,52.9743]]]]},"properties":{"PCON24CD":"E14001396","PCON24NM":"North Norfolk"}},{"type":"Feature","geometry":{"type":"MultiPolygon","coordinates":[[[[-1.7791,55.6857],[-1.7787,55.6676],[-1.8029,55.6683],[-1.8155,55.6822],[-1.8548,55.6804],[-1.8511,55.6885],[-1.7791,55.6857]]],[[[-1.9886,55.7689],[-1.988,55.7649],[-2.0042,55.7655],[-1.9381,55.7199],[-1.9117,55.7077],[-1.8706,55.6986],[-1.8742,55.6839],[-1.8856,55.6848],[-1.8732,55.6828],[-1.8716,55.6661],[-1.8415,55.643],[-1.8084,55.6344],[-1.7902,55.6505],[-1.795,55.6592],[-1.7882,55.6567],[-1.7908,55.6473],[-1.7545,55.6234],[-1.7558,55.6183],[-1.7858,55.6171],[-1.7704,55.6034],[-1.7454,55.619],[-1.7226,55.6168],[-1.6396,55.5784],[-1.6522,55.5714],[-1.6456,55.5741],[-1.6188,55.5522],[-1.6315,55.5483],[-1.642,55.5376],[-1.6107,55.5218],[-1.6162,55.5129],[-1.6115,55.5128],[-1.6129,55.4968],[-1.5912,55.4924],[-1.5934,55.4403],[-1.5756,55.4305],[-1.5803,55.4068],[-1.6117,55.385],[-1.5866,55.336],[-1.5729,55.3386],[-1.5493,55.322],[-1.5704,55.2905],[-1.569,55.2717],[-1.5191,55.2069],[-1.5909,55.2056],[-1.6162,55.1976],[-1.6117,55.1929],[-1.6367,55.1904],[-1.6339,55.179],[-1.6483,55.169],[-1.6653,55.167],[-1.671,55.1514],[-1.7061,55.1496],[-1.7142,55.1746],[-1.7465,55.1785],[-1.7558,55.2046],[-1.7472,55.2069],[-1.7615,55.2201],[-1.7204,55.2374],[-1.731,55.2551],[-1.7169,55.2642],[-1.6937,55.2556],[-1.6525,55.2675],[-1.6656,55.2934],[-1.6906,55.3022],[-1.7193,55.292],[-1.744,55.2982],[-1.7512,55.2872],[-1.7669,55.2914],[-1.7717,55.2807],[-1.7913,55.2766],[-1.7885,55.2694],[-1.8074,55.2653],[-1.8156,55.2709],[-1.8172,55.2618],[-1.8367,55.2766],[-1.9036,55.2438],[-1.9242,55.2484],[-1.9319,55.2163],[-1.9546,55.2144],[-1.9545,55.2073],[-1.9918,55.2098],[-2.0447,55.2012],[-2.0359,55.1901],[-2.0525,55.179],[-2.0693,55.1751],[-2.0908,55.1809],[-2.1021,55.1866],[-2.0956,55.1962],[-2.1326,55.1957],[-2.1665,55.1845],[-2.1537,55.2146],[-2.1164,55.2362],[-2.1334,55.2544],[-2.1585,55.259],[-2.1489,55.2873],[-2.1639,55.2918],[-2.1717,55.3109],[-2.2106,55.3102],[-2.2207,55.3188],[-2.2442,55.3184],[-2.2496,55.3326],[-2.2811,55.3333],[-2.2997,55.354],[-2.3462,55.3731],[-2.33,55.3812],[-2.3449,55.3993],[-2.3356,55.4082],[-2.3133,55.4068],[-2.2606,55.4329],[-2.2313,55.4284],[-2.1949,55.4446],[-2.1881,55.4621],[-2.1655,55.4684],[-2.2016,55.4755],[-2.2026,55.4895],[-2.2288,55.5095],[-2.2403,55.5556],[-2.2888,55.5803],[-2.2892,55.6038],[-2.3161,55.6205],[-2.3086,55.6289],[-2.3243,55.6262],[-2.335,55.6345],[-2.3038,55.6472],[-2.2344,55.641],[-2.2483,55.6521],[-2.2185,55.6643],[-2.2187,55.6759],[-2.1672,55.706],[-2.1767,55.7187],[-2.1506,55.7232],[-2.1443,55.7393],[-2.1176,55.7388],[-2.1076,55.7599],[-2.0856,55.762],[-2.0861,55.793],[-2.0345,55.8112],[-1.9886,55.7689]]]]},"properties":{"PCON24CD":"E14001397","PCON24NM":"North Northumberland"}},{"type":"Feature","geometry":{"type":"Polygon","coordinates":[[[-2.3707,52.9775],[-2.3798,52.976],[-2.3871,52.9527],[-2.4134,52.9614],[-2.4055,52.9473],[-2.4252,52.95],[-2.4367,52.9439],[-2.4814,52.8972],[-2.5178,52.8953],[-2.5174,52.8879],[-2.5382,52.8833],[-2.5666,52.8924],[-2.5684,52.884],[-2.623,52.8825],[-2.6676,52.8597],[-2.6479,52.8394],[-2.6603,52.8445],[-2.6605,52.8203],[-2.6327,52.8005],[-2.5938,52.7957],[-2.5899,52.7794],[-2.621,52.7765],[-2.6323,52.7596],[-2.6431,52.7671],[-2.6635,52.7604],[-2.6914,52.7753],[-2.7288,52.7656],[-2.7443,52.7871],[-2.7683,52.7882],[-2.7738,52.7949],[-2.8009,52.7896],[-2.8358,52.7666],[-2.8587,52.7714],[-2.8606,52.7845],[-2.899,52.7802],[-2.9414,52.7891],[-2.9424,52.7781],[-2.9654,52.7705],[-2.9333,52.7523],[-2.9496,52.7459],[-2.9702,52.7482],[-2.9737,52.7357],[-2.991,52.7337],[-2.992,52.7438],[-3.0216,52.7518],[-3.0108,52.7585],[-3.0173,52.7677],[-3.0354,52.764],[-3.039,52.7704],[-3.0525,52.7686],[-3.0478,52.7726],[-3.0795,52.7715],[-3.0917,52.7867],[-3.0866,52.7956],[-3.1183,52.7836],[-3.1584,52.7935],[-3.1532,52.8064],[-3.1684,52.8078],[-3.1513,52.8426],[-3.163,52.8475],[-3.1277,52.8671],[-3.1524,52.8787],[-3.1355,52.885],[-3.1449,52.8929],[-3.1142,52.894],[-3.096,52.9303],[-3.0765,52.9255],[-3.0351,52.9295],[-3.0096,52.9562],[-2.9821,52.9592],[-2.9774,52.9673],[-2.9289,52.9387],[-2.8874,52.9525],[-2.8835,52.9466],[-2.841,52.9426],[-2.8004,52.8955],[-2.7553,52.9246],[-2.7285,52.9252],[-2.7242,52.9571],[-2.7353,52.9699],[-2.7268,52.9833],[-2.6993,52.9954],[-2.6747,52.9857],[-2.6327,52.9967],[-2.5949,52.9796],[-2.5977,52.963],[-2.5864,52.9554],[-2.5613,52.965],[-2.5295,52.9472],[-2.5214,52.9743],[-2.4811,52.9588],[-2.4347,52.9696],[-2.4368,52.9863],[-2.3808,52.9984],[-2.3707,52.9775]]]},"properties":{"PCON24CD":"E14001398","PCON24NM":"North Shropshire"}},{"type":"Feature","geometry":{"type":"Polygon","coordinates":[[[-2.7165,51.5006],[-2.6848,51.4805],[-2.6616,51.4865],[-2.6265,51.4504],[-2.6401,51.4405],[-2.6295,51.4374],[-2.6333,51.4035],[-2.5901,51.3975],[-2.6031,51.3888],[-2.6227,51.3894],[-2.6141,51.3809],[-2.627,51.3871],[-2.63,51.3752],[-2.6444,51.3751],[-2.659,51.3415],[-2.6766,51.3419],[-2.6687,51.3606],[-2.6797,51.3601],[-2.6942,51.3798],[-2.6905,51.3495],[-2.7079,51.3378],[-2.7208,51.3383],[-2.732,51.3504],[-2.7424,51.349],[-2.7466,51.3372],[-2.7712,51.3436],[-2.7826,51.3618],[-2.7777,51.3757],[-2.76,51.3786],[-2.7948,51.3824],[-2.779,51.4029],[-2.8062,51.4131],[-2.8077,51.4203],[-2.8439,51.4263],[-2.8701,51.4112],[-2.8918,51.4161],[-2.8577,51.4483],[-2.7999,51.4852],[-2.7557,51.4938],[-2.7326,51.4925],[-2.7305,51.5023],[-2.7165,51.5006]]]},"properties":{"PCON24CD":"E14001399","PCON24NM":"North Somerset"}},{"type":"Feature","geometry":{"type":"Polygon","coordinates":[[[-1.5027,52.5645],[-1.5493,52.5441],[-1.559,52.5481],[-1.5624,52.5427],[-1.5724,52.5513],[-1.6044,52.5317],[-1.6265,52.54],[-1.6489,52.5206],[-1.6016,52.4951],[-1.5908,52.5002],[-1.5733,52.496],[-1.5552,52.5174],[-1.5239,52.4936],[-1.4864,52.4883],[-1.4716,52.4987],[-1.4535,52.4794],[-1.4708,52.457],[-1.4928,52.4585],[-1.5,52.451],[-1.5399,52.4648],[-1.5612,52.4552],[-1.5899,52.4619],[-1.5955,52.4559],[-1.6245,52.4635],[-1.6416,52.4433],[-1.6623,52.4443],[-1.6666,52.4355],[-1.6772,52.4364],[-1.7535,52.513],[-1.7538,52.5212],[-1.7289,52.5246],[-1.7491,52.5314],[-1.756,52.5554],[-1.7742,52.5646],[-1.7636,52.5709],[-1.788,52.5879],[-1.7417,52.5943],[-1.7293,52.588],[-1.6885,52.5887],[-1.6489,52.5986],[-1.636,52.6196],[-1.6441,52.6208],[-1.6425,52.641],[-1.633,52.6435],[-1.645,52.6575],[-1.5896,52.6873],[-1.5528,52.6685],[-1.5424,52.6536],[-1.5471,52.6422],[-1.5713,52.6356],[-1.5545,52.6148],[-1.5607,52.5961],[-1.5375,52.5896],[-1.5231,52.5706],[-1.5027,52.5645]]]},"properties":{"PCON24CD":"E14001400","PCON24NM":"North Warwickshire and Bedworth"}},{"type":"Feature","geometry":{"type":"Polygon","coordinates":[[[-0.2587,52.6516],[-0.2687,52.6461],[-0.2611,52.6388],[-0.2809,52.6331],[-0.2979,52.6163],[-0.2879,52.6111],[-0.2868,52.5885],[-0.3067,52.5721],[-0.2876,52.5596],[-0.2677,52.5728],[-0.2311,52.5655],[-0.187,52.5685],[-0.1979,52.5508],[-0.1857,52.545],[-0.1886,52.5373],[-0.1144,52.4891],[-0.0976,52.5017],[-0.0904,52.4963],[-0.0709,52.5059],[-0.0697,52.5168],[-0.0546,52.5134],[-0.0527,52.502],[-0.0385,52.5018],[-0.0389,52.4733],[-0.0093,52.4622],[-0.0226,52.4638],[-0.0579,52.4372],[-0.0726,52.443],[-0.0925,52.4228],[-0.1235,52.4254],[-0.1143,52.4306],[-0.133,52.4344],[-0.1356,52.4504],[-0.1551,52.4507],[-0.1712,52.4454],[-0.1706,52.4372],[-0.1815,52.4376],[-0.1826,52.4674],[-0.204,52.4692],[-0.2302,52.4457],[-0.2654,52.4447],[-0.2702,52.4528],[-0.3297,52.4482],[-0.3154,52.4294],[-0.3482,52.4132],[-0.3573,52.4243],[-0.3895,52.4218],[-0.3624,52.4335],[-0.3702,52.4399],[-0.3416,52.4669],[-0.3594,52.4898],[-0.3521,52.5034],[-0.4135,52.5255],[-0.4019,52.5481],[-0.4196,52.559],[-0.4073,52.5656],[-0.42,52.5814],[-0.4788,52.5736],[-0.4929,52.5821],[-0.4709,52.6236],[-0.4947,52.6403],[-0.4528,52.6543],[-0.4172,52.6468],[-0.3409,52.6655],[-0.3358,52.6746],[-0.2892,52.6703],[-0.2587,52.6516]]]},"properties":{"PCON24CD":"E14001401","PCON24NM":"North West Cambridgeshire"}},{"type":"Feature","geometry":{"type":"Polygon","coordinates":[[[0.3638,52.0436],[0.3081,52.0196],[0.3412,51.998],[0.3434,51.9743],[0.396,51.9521],[0.3921,51.9385],[0.4134,51.9298],[0.3919,51.9161],[0.4025,51.9043],[0.3849,51.9016],[0.427,51.8749],[0.418,51.8574],[0.4311,51.8318],[0.4468,51.829],[0.5193,51.8504],[0.5302,51.8296],[0.5225,51.8222],[0.5341,51.8108],[0.5238,51.8034],[0.5721,51.7519],[0.5325,51.7443],[0.5102,51.757],[0.51,51.7727],[0.5001,51.7721],[0.5008,51.7631],[0.4842,51.7648],[0.4831,51.7532],[0.441,51.7564],[0.4349,51.748],[0.4473,51.737],[0.4473,51.714],[0.4351,51.7019],[0.4047,51.7087],[0.3606,51.6904],[0.3389,51.7015],[0.3335,51.7187],[0.3475,51.7304],[0.3467,51.7676],[0.2994,51.7719],[0.2975,51.79],[0.2814,51.7895],[0.2862,51.8252],[0.3323,51.8394],[0.3274,51.8552],[0.3083,51.8488],[0.2846,51.8665],[0.2681,51.8615],[0.2128,51.8746],[0.1956,51.8681],[0.1749,51.8828],[0.1793,51.8956],[0.1248,51.8846],[0.1168,51.9516],[0.0965,51.9843],[0.0694,51.983],[0.0682,52.0058],[0.0923,52.0217],[0.1057,52.0603],[0.1191,52.06],[0.1281,52.0473],[0.1511,52.0529],[0.1664,52.0482],[0.1676,52.055],[0.1899,52.0602],[0.1832,52.0732],[0.2035,52.0927],[0.2352,52.089],[0.2516,52.0768],[0.2762,52.0927],[0.3638,52.0436]]]},"properties":{"PCON24CD":"E14001402","PCON24NM":"North West Essex"}},{"type":"Feature","geometry":{"type":"Polygon","coordinates":[[[-1.221,51.3676],[-1.1769,51.3573],[-1.1158,51.3605],[-1.1102,51.3443],[-1.0899,51.3375],[-1.0977,51.3221],[-1.0734,51.3192],[-1.0698,51.2876],[-1.0886,51.2903],[-1.0847,51.286],[-1.1129,51.2756],[-1.149,51.2766],[-1.1514,51.2895],[-1.1774,51.2974],[-1.1783,51.282],[-1.19,51.2866],[-1.2206,51.2686],[-1.2143,51.2633],[-1.2486,51.1911],[-1.3088,51.1947],[-1.3409,51.1846],[-1.3416,51.2057],[-1.3582,51.212],[-1.3689,51.2024],[-1.3837,51.2149],[-1.4211,51.2237],[-1.4438,51.2],[-1.4841,51.1946],[-1.513,51.2058],[-1.5324,51.2051],[-1.5165,51.2189],[-1.4922,51.218],[-1.4923,51.2249],[-1.5134,51.2448],[-1.536,51.2486],[-1.5298,51.2608],[-1.5406,51.2608],[-1.5426,51.2812],[-1.5228,51.2871],[-1.5194,51.296],[-1.5336,51.3162],[-1.5275,51.3384],[-1.4983,51.3294],[-1.4297,51.3365],[-1.4441,51.3549],[-1.4285,51.3567],[-1.4112,51.3729],[-1.221,51.3676]]]},"properties":{"PCON24CD":"E14001403","PCON24NM":"North West Hampshire"}},{"type":"Feature","geometry":{"type":"Polygon","coordinates":[[[-1.2619,52.8104],[-1.2764,52.8003],[-1.2787,52.7832],[-1.319,52.7854],[-1.3345,52.757],[-1.3003,52.7465],[-1.2875,52.734],[-1.2669,52.7475],[-1.2471,52.7364],[-1.2917,52.7094],[-1.3511,52.6942],[-1.3426,52.6902],[-1.3606,52.6765],[-1.4085,52.6734],[-1.4215,52.6833],[-1.4506,52.6879],[-1.4335,52.7032],[-1.4668,52.7071],[-1.5066,52.6876],[-1.5265,52.7083],[-1.4986,52.724],[-1.5454,52.7282],[-1.5625,52.7506],[-1.5548,52.762],[-1.5039,52.7675],[-1.494,52.759],[-1.4685,52.7669],[-1.4559,52.7771],[-1.4628,52.7869],[-1.4425,52.7929],[-1.4437,52.8026],[-1.4177,52.8016],[-1.3879,52.833],[-1.3944,52.8368],[-1.3606,52.8554],[-1.3511,52.8533],[-1.3455,52.8673],[-1.3257,52.8659],[-1.3193,52.8729],[-1.2679,52.8734],[-1.2744,52.8361],[-1.2619,52.8104]]]},"properties":{"PCON24CD":"E14001404","PCON24NM":"North West Leicestershire"}},{"type":"Feature","geometry":{"type":"MultiPolygon","coordinates":[[[[0.782,52.9783],[0.7899,52.8999],[0.817,52.9001],[0.8216,52.8929],[0.8069,52.8794],[0.7949,52.8835],[0.791,52.8599],[0.7278,52.8553],[0.7251,52.8429],[0.7563,52.8164],[0.7079,52.7885],[0.6901,52.77],[0.6887,52.752],[0.6681,52.7406],[0.7011,52.7362],[0.7182,52.7218],[0.6969,52.7009],[0.6538,52.7041],[0.6477,52.6907],[0.626,52.7018],[0.6055,52.6971],[0.561,52.7014],[0.5019,52.6868],[0.4868,52.6983],[0.3869,52.6881],[0.3822,52.7262],[0.3072,52.7259],[0.2938,52.7325],[0.2752,52.6795],[0.2481,52.6741],[0.2266,52.6487],[0.1838,52.6557],[0.1847,52.6779],[0.1536,52.6822],[0.1716,52.738],[0.1863,52.7353],[0.2722,52.7728],[0.245,52.7845],[0.2657,52.8139],[0.2851,52.8118],[0.2784,52.8161],[0.2876,52.8192],[0.2904,52.8131],[0.3155,52.8188],[0.3446,52.8143],[0.3344,52.8102],[0.3459,52.8136],[0.3389,52.8076],[0.3521,52.8094],[0.3453,52.8033],[0.3538,52.8063],[0.3624,52.7967],[0.3923,52.7474],[0.3746,52.7843],[0.3815,52.7888],[0.3742,52.7853],[0.3628,52.8017],[0.3703,52.8024],[0.3583,52.8078],[0.3812,52.8134],[0.3576,52.8122],[0.4026,52.8368],[0.4116,52.8326],[0.4051,52.8377],[0.433,52.8531],[0.4446,52.8534],[0.4496,52.8424],[0.4449,52.8729],[0.4902,52.948],[0.5416,52.9752],[0.5693,52.9753],[0.5616,52.9719],[0.5763,52.964],[0.5864,52.9729],[0.587,52.9659],[0.5922,52.971],[0.5901,52.9647],[0.6035,52.9658],[0.5879,52.9771],[0.6177,52.9727],[0.6139,52.966],[0.6262,52.9674],[0.6228,52.9738],[0.6716,52.9775],[0.6688,52.9701],[0.6386,52.9709],[0.6435,52.9662],[0.6847,52.9675],[0.7001,52.9735],[0.68,52.9695],[0.6938,52.979],[0.7155,52.9718],[0.748,52.9748],[0.7463,52.9662],[0.7476,52.9726],[0.7317,52.9727],[0.7316,52.9611],[0.7578,52.9694],[0.7536,52.9751],[0.7645,52.9766],[0.7506,52.9767],[0.782,52.9783]]],[[[0.6954,52.9869],[0.751,52.9782],[0.7217,52.9825],[0.7166,52.9774],[0.7189,52.9828],[0.711,52.9787],[0.7035,52.9838],[0.7009,52.9792],[0.7034,52.9852],[0.6976,52.9807],[0.6904,52.987],[0.6965,52.9809],[0.6854,52.9832],[0.6821,52.9774],[0.6859,52.9867],[0.6581,52.9863],[0.6954,52.9869]]]]},"properties":{"PCON24CD":"E14001405","PCON24NM":"North West Norfolk"}},{"type":"Feature","geometry":{"type":"Polygon","coordinates":[[[-0.8153,52.275],[-0.8289,52.2688],[-0.8211,52.2609],[-0.8687,52.2494],[-0.8614,52.2402],[-0.8964,52.2308],[-0.914,52.2304],[-0.9168,52.242],[-0.955,52.262],[-0.898,52.2807],[-0.8851,52.2754],[-0.8739,52.2827],[-0.8276,52.281],[-0.8153,52.275]]]},"properties":{"PCON24CD":"E14001406","PCON24NM":"Northampton North"}},{"type":"Feature","geometry":{"type":"Polygon","coordinates":[[[-0.7914,52.2422],[-0.8409,52.237],[-0.8302,52.2235],[-0.837,52.2117],[-0.8781,52.1951],[-0.8923,52.197],[-0.8943,52.1861],[-0.9677,52.2187],[-0.9618,52.2595],[-0.955,52.262],[-0.9168,52.242],[-0.914,52.2304],[-0.8964,52.2308],[-0.8614,52.2402],[-0.8687,52.2494],[-0.8211,52.2609],[-0.8289,52.2688],[-0.8153,52.275],[-0.7914,52.2422]]]},"properties":{"PCON24CD":"E14001407","PCON24NM":"Northampton South"}},{"type":"Feature","geometry":{"type":"Polygon","coordinates":[[[1.2409,52.6822],[1.2488,52.6684],[1.2923,52.6849],[1.2999,52.6741],[1.3302,52.669],[1.354,52.6786],[1.3651,52.6531],[1.3561,52.6504],[1.3723,52.6438],[1.3677,52.6244],[1.3253,52.6232],[1.3284,52.6297],[1.3152,52.635],[1.2833,52.6416],[1.2593,52.6385],[1.2616,52.6521],[1.2485,52.6477],[1.2222,52.6731],[1.2066,52.6609],[1.2176,52.673],[1.2063,52.6983],[1.2191,52.7043],[1.217,52.6933],[1.2409,52.6822]]]},"properties":{"PCON24CD":"E14001408","PCON24NM":"Norwich North"}},{"type":"Feature","geometry":{"type":"Polygon","coordinates":[[[1.38,52.6122],[1.3876,52.6046],[1.4137,52.6212],[1.4347,52.6201],[1.4545,52.5946],[1.4847,52.5878],[1.4978,52.5713],[1.5184,52.5758],[1.5224,52.5627],[1.5406,52.5556],[1.5218,52.5624],[1.5184,52.5752],[1.4979,52.5708],[1.485,52.5867],[1.4537,52.5944],[1.4341,52.6197],[1.4148,52.621],[1.3875,52.604],[1.3685,52.6236],[1.3282,52.6233],[1.2855,52.5959],[1.2692,52.6018],[1.2579,52.5981],[1.2436,52.6171],[1.2315,52.6181],[1.2306,52.6309],[1.2129,52.6271],[1.2039,52.6447],[1.2307,52.655],[1.2485,52.6477],[1.2616,52.6521],[1.2593,52.6385],[1.2833,52.6416],[1.3152,52.635],[1.3284,52.6297],[1.3253,52.6232],[1.3677,52.6244],[1.38,52.6122]]]},"properties":{"PCON24CD":"E14001409","PCON24NM":"Norwich South"}},{"type":"Feature","geometry":{"type":"Polygon","coordinates":[[[-1.0861,52.9486],[-1.0997,52.942],[-1.1695,52.9441],[-1.1611,52.9557],[-1.1842,52.9608],[-1.1768,52.9792],[-1.1524,52.9966],[-1.1383,52.9948],[-1.1425,52.9863],[-1.1228,52.9835],[-1.1201,52.9678],[-1.0861,52.9486]]]},"properties":{"PCON24CD":"E14001410","PCON24NM":"Nottingham East"}},{"type":"Feature","geometry":{"type":"Polygon","coordinates":[[[-1.1827,53.0186],[-1.1435,53.0065],[-1.1768,52.9792],[-1.1842,52.9608],[-1.1979,52.9599],[-1.2261,52.9812],[-1.2455,52.9852],[-1.232,52.9676],[-1.2408,52.9631],[-1.2644,52.9679],[-1.2817,52.9971],[-1.2413,53.0312],[-1.2293,53.0088],[-1.2077,53.0187],[-1.1827,53.0186]]]},"properties":{"PCON24CD":"E14001411","PCON24NM":"Nottingham North and Kimberley"}},{"type":"Feature","geometry":{"type":"Polygon","coordinates":[[[-1.1842,52.9608],[-1.1611,52.9557],[-1.1695,52.9441],[-1.1316,52.9429],[-1.141,52.9322],[-1.1523,52.937],[-1.1586,52.9],[-1.1751,52.8895],[-1.2139,52.9044],[-1.2109,52.9122],[-1.199,52.9095],[-1.1823,52.9173],[-1.2447,52.9495],[-1.2408,52.9631],[-1.232,52.9676],[-1.2455,52.9852],[-1.2261,52.9812],[-1.1979,52.9599],[-1.1842,52.9608]]]},"properties":{"PCON24CD":"E14001412","PCON24NM":"Nottingham South"}},{"type":"Feature","geometry":{"type":"Polygon","coordinates":[[[-1.4173,52.5345],[-1.4289,52.5162],[-1.4075,52.5153],[-1.4039,52.5024],[-1.4211,52.496],[-1.4504,52.5005],[-1.4637,52.4908],[-1.4716,52.4987],[-1.4864,52.4883],[-1.5239,52.4936],[-1.5552,52.5174],[-1.5733,52.496],[-1.5908,52.5002],[-1.6016,52.4951],[-1.6489,52.5206],[-1.6265,52.54],[-1.6044,52.5317],[-1.5724,52.5513],[-1.5624,52.5427],[-1.559,52.5481],[-1.5493,52.5441],[-1.5027,52.5645],[-1.4173,52.5345]]]},"properties":{"PCON24CD":"E14001413","PCON24NM":"Nuneaton"}},{"type":"Feature","geometry":{"type":"Polygon","coordinates":[[[0.1125,51.4734],[0.1242,51.4622],[0.1156,51.4503],[0.1709,51.4412],[0.1644,51.4286],[0.1538,51.4275],[0.1529,51.4087],[0.1045,51.4152],[0.0747,51.4321],[0.0874,51.4433],[0.0823,51.4616],[0.0982,51.4755],[0.1125,51.4734]]]},"properties":{"PCON24CD":"E14001414","PCON24NM":"Old Bexley and Sidcup"}},{"type":"Feature","geometry":{"type":"Polygon","coordinates":[[[-2.0095,53.6168],[-1.9427,53.5616],[-1.9129,53.5516],[-1.9096,53.5384],[-1.9268,53.5209],[-1.922,53.51],[-1.9513,53.5042],[-1.9969,53.5221],[-2.0188,53.5214],[-2.0305,53.5302],[-2.0549,53.5314],[-2.0619,53.5223],[-2.0921,53.5206],[-2.101,53.5282],[-2.111,53.5251],[-2.1165,53.5379],[-2.0936,53.5662],[-2.1236,53.5744],[-2.1258,53.5865],[-2.1106,53.5997],[-2.0599,53.5925],[-2.0358,53.6029],[-2.0268,53.6242],[-2.023,53.6158],[-2.0095,53.6168]]]},"properties":{"PCON24CD":"E14001415","PCON24NM":"Oldham East and Saddleworth"}},{"type":"Feature","geometry":{"type":"Polygon","coordinates":[[[-2.0921,53.5206],[-2.1197,53.5057],[-2.1464,53.5211],[-2.1562,53.5158],[-2.1702,53.5277],[-2.186,53.5291],[-2.172,53.5551],[-2.1509,53.5671],[-2.1566,53.5823],[-2.1258,53.5865],[-2.1236,53.5744],[-2.0936,53.5662],[-2.1165,53.5379],[-2.111,53.5251],[-2.101,53.5282],[-2.0921,53.5206]]]},"properties":{"PCON24CD":"E14001416","PCON24NM":"Oldham West, Chadderton and Royton"}},{"type":"Feature","geometry":{"type":"Polygon","coordinates":[[[0.1489,51.4084],[0.1624,51.3925],[0.1477,51.3928],[0.1521,51.3697],[0.137,51.3442],[0.1185,51.3441],[0.1179,51.3296],[0.085,51.316],[0.0857,51.2931],[0.0424,51.2927],[0.0426,51.3013],[0.0505,51.304],[0.0399,51.3493],[0.0658,51.3894],[0.0594,51.4039],[0.0954,51.395],[0.0885,51.4064],[0.1045,51.4152],[0.1489,51.4084]]]},"properties":{"PCON24CD":"E14001417","PCON24NM":"Orpington"}},{"type":"Feature","geometry":{"type":"Polygon","coordinates":[[[-1.5545,53.7028],[-1.5528,53.6764],[-1.5287,53.6562],[-1.5137,53.6641],[-1.4935,53.6607],[-1.473,53.6754],[-1.4721,53.6436],[-1.5123,53.6241],[-1.4904,53.6181],[-1.5014,53.5998],[-1.531,53.5931],[-1.5576,53.6059],[-1.5912,53.6068],[-1.588,53.5935],[-1.6026,53.5849],[-1.5962,53.577],[-1.6156,53.563],[-1.6482,53.5622],[-1.6695,53.5532],[-1.699,53.5538],[-1.7333,53.5851],[-1.7597,53.587],[-1.7549,53.6003],[-1.7766,53.6143],[-1.7252,53.6337],[-1.721,53.6247],[-1.7044,53.6221],[-1.6829,53.6281],[-1.6675,53.6222],[-1.612,53.6268],[-1.6247,53.654],[-1.5903,53.6611],[-1.6152,53.6776],[-1.5919,53.6893],[-1.6025,53.6922],[-1.5984,53.6998],[-1.5711,53.7064],[-1.5593,53.699],[-1.5545,53.7028]]]},"properties":{"PCON24CD":"E14001418","PCON24NM":"Ossett and Denby Dale"}},{"type":"Feature","geometry":{"type":"Polygon","coordinates":[[[-1.1883,51.7168],[-1.2223,51.711],[-1.2679,51.7426],[-1.264,51.7488],[-1.2477,51.7444],[-1.2383,51.7548],[-1.2507,51.7635],[-1.254,51.7862],[-1.1802,51.7659],[-1.1949,51.7536],[-1.194,51.7365],[-1.1758,51.7335],[-1.1903,51.727],[-1.1883,51.7168]]]},"properties":{"PCON24CD":"E14001419","PCON24NM":"Oxford East"}},{"type":"Feature","geometry":{"type":"Polygon","coordinates":[[[-1.2527,51.7865],[-1.2507,51.7635],[-1.2383,51.7548],[-1.2477,51.7444],[-1.264,51.7488],[-1.2679,51.7426],[-1.2413,51.7252],[-1.2221,51.6882],[-1.231,51.6727],[-1.2781,51.6687],[-1.2879,51.6524],[-1.3081,51.6631],[-1.3368,51.6538],[-1.3694,51.663],[-1.3532,51.6729],[-1.3546,51.6961],[-1.3445,51.7042],[-1.3308,51.6946],[-1.3203,51.7155],[-1.3227,51.7202],[-1.332,51.7134],[-1.3432,51.7332],[-1.3714,51.7354],[-1.3637,51.7722],[-1.3355,51.7854],[-1.3064,51.7901],[-1.3027,51.781],[-1.2837,51.7963],[-1.2581,51.7935],[-1.2527,51.7865]]]},"properties":{"PCON24CD":"E14001420","PCON24NM":"Oxford West and Abingdon"}},{"type":"Feature","geometry":{"type":"Polygon","coordinates":[[[-0.054,51.4879],[-0.0475,51.4651],[-0.0501,51.4595],[-0.0788,51.4639],[-0.074,51.469],[-0.093,51.472],[-0.0859,51.4778],[-0.1018,51.4923],[-0.054,51.4879]]]},"properties":{"PCON24CD":"E14001421","PCON24NM":"Peckham"}},{"type":"Feature","geometry":{"type":"Polygon","coordinates":[[[-2.0461,53.8501],[-2.0469,53.8295],[-2.1123,53.8057],[-2.1286,53.8198],[-2.1919,53.8232],[-2.2037,53.8334],[-2.2193,53.8254],[-2.2322,53.8365],[-2.2438,53.8273],[-2.2539,53.831],[-2.2771,53.8236],[-2.2698,53.815],[-2.2827,53.8074],[-2.3025,53.8138],[-2.302,53.8211],[-2.3423,53.7948],[-2.3568,53.7985],[-2.3657,53.7931],[-2.37,53.8014],[-2.3987,53.8034],[-2.3967,53.8166],[-2.4124,53.8098],[-2.4108,53.8383],[-2.4204,53.8403],[-2.409,53.8591],[-2.4247,53.8594],[-2.3885,53.8925],[-2.3533,53.8999],[-2.3515,53.9061],[-2.2844,53.9002],[-2.2592,53.882],[-2.2342,53.8873],[-2.223,53.8963],[-2.2458,53.9333],[-2.1845,53.9522],[-2.1823,53.9354],[-2.1322,53.9265],[-2.1133,53.9156],[-2.103,53.8909],[-2.0814,53.8757],[-2.0899,53.8682],[-2.0461,53.8501]]]},"properties":{"PCON24CD":"E14001422","PCON24NM":"Pendle and Clitheroe"}},{"type":"Feature","geometry":{"type":"Polygon","coordinates":[[[-1.5576,53.6059],[-1.5755,53.5983],[-1.5742,53.5869],[-1.5587,53.5751],[-1.5407,53.574],[-1.5411,53.5631],[-1.5187,53.5633],[-1.4975,53.5535],[-1.5075,53.5388],[-1.4823,53.5267],[-1.4904,53.5099],[-1.4552,53.4718],[-1.4333,53.4383],[-1.4518,53.4393],[-1.4639,53.428],[-1.4752,53.4375],[-1.4925,53.4366],[-1.5193,53.4256],[-1.5628,53.4259],[-1.5774,53.4373],[-1.626,53.4476],[-1.6661,53.4429],[-1.73,53.416],[-1.7466,53.4261],[-1.7453,53.4622],[-1.7684,53.4648],[-1.8015,53.481],[-1.7963,53.5032],[-1.8222,53.5211],[-1.8043,53.537],[-1.7558,53.5367],[-1.7301,53.5468],[-1.7232,53.5599],[-1.7041,53.5602],[-1.699,53.5538],[-1.6695,53.5532],[-1.6482,53.5622],[-1.6156,53.563],[-1.5962,53.577],[-1.6026,53.5849],[-1.588,53.5935],[-1.5912,53.6068],[-1.5576,53.6059]]]},"properties":{"PCON24CD":"E14001423","PCON24NM":"Penistone and Stocksbridge"}},{"type":"Feature","geometry":{"type":"Polygon","coordinates":[[[-3.0991,54.9319],[-3.0537,54.948],[-3.0087,54.9468],[-3.0013,54.9361],[-3.0105,54.9198],[-2.9731,54.9136],[-2.9839,54.9125],[-2.9781,54.9021],[-2.9914,54.8967],[-2.9838,54.876],[-2.9657,54.8691],[-2.9435,54.8775],[-2.9244,54.8679],[-2.8888,54.8723],[-2.8514,54.85],[-2.8487,54.8331],[-2.7994,54.8187],[-2.7564,54.8229],[-2.7496,54.8291],[-2.7292,54.8187],[-2.6898,54.8192],[-2.7012,54.8336],[-2.6801,54.8353],[-2.6553,54.8547],[-2.6037,54.8533],[-2.5827,54.8459],[-2.5583,54.8167],[-2.5235,54.806],[-2.4954,54.8103],[-2.4606,54.8342],[-2.4228,54.8428],[-2.4117,54.8565],[-2.39,54.8322],[-2.3484,54.8071],[-2.3274,54.8053],[-2.3121,54.791],[-2.3257,54.7266],[-2.3555,54.6972],[-2.4112,54.7073],[-2.4657,54.7005],[-2.5068,54.6755],[-2.5349,54.6764],[-2.6043,54.6468],[-2.6219,54.6615],[-2.6403,54.6628],[-2.6415,54.6731],[-2.6849,54.6654],[-2.6812,54.6555],[-2.6995,54.6623],[-2.7546,54.6462],[-2.8767,54.7059],[-2.916,54.6969],[-2.9894,54.7284],[-2.983,54.7194],[-2.9958,54.6945],[-3.0638,54.7001],[-3.0819,54.6953],[-3.0872,54.6861],[-3.0546,54.6798],[-3.0867,54.6636],[-3.0943,54.6439],[-3.087,54.6127],[-3.0444,54.6142],[-3.0343,54.6028],[-3.0074,54.5953],[-3.0371,54.5809],[-3.0183,54.575],[-3.0288,54.5669],[-3.0167,54.5616],[-3.0258,54.53],[-3.0153,54.5255],[-3.0135,54.5011],[-3.0762,54.4894],[-3.0978,54.4719],[-3.1095,54.474],[-3.1126,54.4615],[-3.1364,54.4707],[-3.1671,54.4541],[-3.1968,54.4656],[-3.2193,54.482],[-3.2136,54.4966],[-3.3058,54.5301],[-3.3553,54.5355],[-3.3784,54.5759],[-3.4232,54.5939],[-3.3761,54.6197],[-3.3914,54.6266],[-3.3825,54.6385],[-3.3484,54.6431],[-3.366,54.6505],[-3.4201,54.648],[-3.4433,54.6609],[-3.4571,54.6571],[-3.4635,54.6754],[-3.5038,54.7055],[-3.5146,54.7062],[-3.5077,54.7168],[-3.4939,54.7125],[-3.5069,54.718],[-3.4369,54.7585],[-3.4378,54.8019],[-3.3999,54.8674],[-3.3675,54.8911],[-3.338,54.9003],[-3.2856,54.8783],[-3.2873,54.8915],[-3.275,54.8878],[-3.2625,54.8951],[-3.2638,54.8891],[-3.2495,54.9007],[-3.2524,54.9112],[-3.2717,54.8995],[-3.3085,54.9116],[-3.3143,54.9203],[-3.2851,54.9416],[-3.2653,54.943],[-3.2688,54.9371],[-3.2321,54.9531],[-3.2044,54.9537],[-3.1534,54.9319],[-3.1189,54.9254],[-3.0841,54.9298],[-3.0991,54.9319]]]},"properties":{"PCON24CD":"E14001424","PCON24NM":"Penrith and Solway"}},{"type":"Feature","geometry":{"type":"Polygon","coordinates":[[[-0.0313,52.6615],[-0.0128,52.5942],[-0.187,52.5685],[-0.2311,52.5655],[-0.2677,52.5728],[-0.2876,52.5596],[-0.3067,52.5721],[-0.2868,52.5885],[-0.2879,52.6111],[-0.2979,52.6163],[-0.2809,52.6331],[-0.2611,52.6388],[-0.2687,52.6461],[-0.2587,52.6516],[-0.206,52.6681],[-0.1929,52.6524],[-0.18,52.6606],[-0.1411,52.6515],[-0.1022,52.6722],[-0.0878,52.6668],[-0.0637,52.6752],[-0.0313,52.6615]]]},"properties":{"PCON24CD":"E14001425","PCON24NM":"Peterborough"}},{"type":"Feature","geometry":{"type":"Polygon","coordinates":[[[-4.0855,50.3905],[-4.1358,50.4006],[-4.1566,50.3851],[-4.1796,50.3967],[-4.1945,50.3921],[-4.2047,50.3991],[-4.1923,50.4247],[-4.1655,50.4197],[-4.1657,50.4268],[-4.1559,50.4364],[-4.1357,50.4329],[-4.1135,50.4442],[-4.1101,50.4324],[-4.0792,50.419],[-4.0855,50.3905]]]},"properties":{"PCON24CD":"E14001426","PCON24NM":"Plymouth Moor View"}},{"type":"Feature","geometry":{"type":"Polygon","coordinates":[[[-4.0855,50.3905],[-4.1085,50.3656],[-4.1014,50.3827],[-4.1155,50.3621],[-4.1528,50.3624],[-4.1544,50.3675],[-4.1641,50.3589],[-4.1637,50.3694],[-4.1825,50.3671],[-4.1822,50.378],[-4.1929,50.3901],[-4.1796,50.3967],[-4.1566,50.3851],[-4.1358,50.4006],[-4.0855,50.3905]]]},"properties":{"PCON24CD":"E14001427","PCON24NM":"Plymouth Sutton and Devonport"}},{"type":"Feature","geometry":{"type":"Polygon","coordinates":[[[-1.2552,53.649],[-1.2853,53.6458],[-1.3352,53.6826],[-1.3517,53.6852],[-1.3521,53.7042],[-1.4136,53.7108],[-1.4213,53.7016],[-1.4508,53.698],[-1.4702,53.7051],[-1.4618,53.7085],[-1.4698,53.712],[-1.4283,53.7214],[-1.399,53.7194],[-1.3758,53.7296],[-1.3007,53.7418],[-1.2685,53.7149],[-1.2294,53.7149],[-1.2263,53.7099],[-1.2198,53.7144],[-1.1991,53.6949],[-1.2444,53.6925],[-1.2552,53.649]]]},"properties":{"PCON24CD":"E14001428","PCON24NM":"Pontefract, Castleford and Knottingley"}},{"type":"Feature","geometry":{"type":"MultiPolygon","coordinates":[[[[-2.0424,50.7183],[-2.0424,50.7181],[-2.0426,50.7182],[-2.0424,50.7183]]],[[[-1.9874,50.7397],[-1.9754,50.7381],[-1.946,50.7487],[-1.9258,50.7368],[-1.9282,50.7282],[-1.9059,50.7237],[-1.902,50.7083],[-1.9469,50.6826],[-1.934,50.6991],[-1.9523,50.7041],[-1.9582,50.7156],[-1.9921,50.7127],[-1.9843,50.7193],[-1.995,50.7299],[-1.9898,50.7372],[-2.0115,50.7313],[-1.9885,50.7075],[-2.0407,50.719],[-2.0135,50.7371],[-2.0127,50.7485],[-1.9867,50.7524],[-1.9874,50.7397]]]]},"properties":{"PCON24CD":"E14001429","PCON24NM":"Poole"}},{"type":"Feature","geometry":{"type":"Polygon","coordinates":[[[-0.0078,51.5253],[0.006,51.5076],[-0.0058,51.5051],[-0.0085,51.4871],[-0.0254,51.4903],[-0.0299,51.5089],[-0.0455,51.5094],[-0.0597,51.5028],[-0.0787,51.5077],[-0.0404,51.511],[-0.037,51.5242],[-0.0078,51.5253]]]},"properties":{"PCON24CD":"E14001430","PCON24NM":"Poplar and Limehouse"}},{"type":"Feature","geometry":{"type":"MultiPolygon","coordinates":[[[[-1.0926,50.8151],[-1.1015,50.8136],[-1.0965,50.8206],[-1.0926,50.8151]]],[[[-1.0442,50.8317],[-1.0442,50.7993],[-1.0681,50.8012],[-1.064,50.8116],[-1.0937,50.811],[-1.0906,50.8165],[-1.1002,50.8267],[-1.0845,50.8248],[-1.0758,50.837],[-1.0442,50.8317]]],[[[-1.0226,50.8521],[-1.0251,50.8265],[-1.0363,50.8354],[-1.078,50.8373],[-1.0887,50.8285],[-1.1063,50.8379],[-1.1027,50.8461],[-1.114,50.8435],[-1.1158,50.8583],[-1.0226,50.8521]]]]},"properties":{"PCON24CD":"E14001431","PCON24NM":"Portsmouth North"}},{"type":"Feature","geometry":{"type":"Polygon","coordinates":[[[-1.0442,50.7956],[-1.0442,50.7905],[-1.0314,50.7967],[-1.0289,50.7894],[-1.0885,50.7777],[-1.1089,50.7904],[-1.1115,50.8069],[-1.064,50.8116],[-1.0681,50.8012],[-1.0442,50.7993],[-1.0442,50.7956]]]},"properties":{"PCON24CD":"E14001432","PCON24NM":"Portsmouth South"}},{"type":"Feature","geometry":{"type":"Polygon","coordinates":[[[-2.7054,53.7503],[-2.7323,53.7576],[-2.7939,53.7513],[-2.7986,53.7708],[-2.7805,53.7877],[-2.7288,53.7966],[-2.72,53.7765],[-2.6978,53.7785],[-2.6817,53.7995],[-2.6622,53.7903],[-2.6422,53.794],[-2.6211,53.7886],[-2.6353,53.7807],[-2.6222,53.7708],[-2.6566,53.7606],[-2.6634,53.7493],[-2.7054,53.7503]]]},"properties":{"PCON24CD":"E14001433","PCON24NM":"Preston"}},{"type":"Feature","geometry":{"type":"Polygon","coordinates":[[[-0.1878,51.465],[-0.1818,51.4581],[-0.19,51.4415],[-0.2511,51.4326],[-0.2416,51.4431],[-0.2569,51.4619],[-0.2217,51.4723],[-0.1878,51.465]]]},"properties":{"PCON24CD":"E14001434","PCON24NM":"Putney"}},{"type":"Feature","geometry":{"type":"Polygon","coordinates":[[[-0.1887,51.5345],[-0.1768,51.5246],[-0.164,51.5252],[-0.1999,51.5168],[-0.2061,51.5259],[-0.2556,51.534],[-0.2475,51.5433],[-0.2278,51.5361],[-0.2019,51.5453],[-0.1887,51.5345]]]},"properties":{"PCON24CD":"E14001435","PCON24NM":"Queen's Park and Maida Vale"}},{"type":"Feature","geometry":{"type":"Polygon","coordinates":[[[-1.3124,53.5138],[-1.3101,53.4979],[-1.2866,53.4893],[-1.2525,53.4953],[-1.2127,53.4875],[-1.1857,53.5098],[-1.1719,53.5071],[-1.1732,53.4976],[-1.1581,53.4896],[-1.1716,53.4854],[-1.1698,53.4579],[-1.2193,53.4553],[-1.2414,53.4424],[-1.2531,53.446],[-1.2508,53.4408],[-1.2375,53.4412],[-1.2516,53.4095],[-1.2695,53.4227],[-1.2818,53.4648],[-1.2963,53.4717],[-1.3191,53.4446],[-1.333,53.4498],[-1.3608,53.4394],[-1.3536,53.4495],[-1.3639,53.4649],[-1.4013,53.4501],[-1.4049,53.4632],[-1.4201,53.4682],[-1.4477,53.4619],[-1.4552,53.4718],[-1.4522,53.4849],[-1.4411,53.4911],[-1.428,53.4859],[-1.3801,53.5142],[-1.3124,53.5138]]]},"properties":{"PCON24CD":"E14001436","PCON24NM":"Rawmarsh and Conisbrough"}},{"type":"Feature","geometry":{"type":"Polygon","coordinates":[[[0.644,51.5751],[0.6321,51.5705],[0.5684,51.5881],[0.4885,51.5924],[0.5053,51.6013],[0.4945,51.6236],[0.5146,51.627],[0.5208,51.6188],[0.5563,51.6167],[0.587,51.6234],[0.5884,51.6309],[0.7113,51.6353],[0.6993,51.619],[0.7125,51.6012],[0.6964,51.5982],[0.7004,51.5848],[0.6408,51.5911],[0.644,51.5751]]]},"properties":{"PCON24CD":"E14001437","PCON24NM":"Rayleigh and Wickford"}},{"type":"Feature","geometry":{"type":"Polygon","coordinates":[[[-0.9492,51.4595],[-0.9321,51.4411],[-0.9511,51.4456],[-0.9627,51.4338],[-0.9995,51.4367],[-1.0007,51.4298],[-1.0217,51.4357],[-1.0303,51.4478],[-1.005,51.4523],[-1.0073,51.4682],[-0.9984,51.4843],[-0.9575,51.4931],[-0.9411,51.475],[-0.9552,51.4653],[-0.9492,51.4595]]]},"properties":{"PCON24CD":"E14001438","PCON24NM":"Reading Central"}},{"type":"Feature","geometry":{"type":"Polygon","coordinates":[[[-1.1404,51.5429],[-1.1421,51.5162],[-1.113,51.5095],[-1.1019,51.4895],[-1.0513,51.4919],[-1.0377,51.4757],[-1.0073,51.4682],[-1.005,51.4523],[-1.0303,51.4478],[-1.0217,51.4357],[-1.0007,51.4298],[-1.0119,51.3929],[-0.9887,51.3806],[-0.9861,51.3628],[-1.0501,51.3581],[-1.0866,51.3839],[-1.1155,51.3742],[-1.1158,51.3605],[-1.1769,51.3573],[-1.221,51.3676],[-1.2195,51.3872],[-1.2091,51.3891],[-1.2218,51.3936],[-1.216,51.4113],[-1.2324,51.4121],[-1.261,51.4323],[-1.2382,51.4547],[-1.2422,51.463],[-1.2658,51.4656],[-1.2772,51.4772],[-1.2918,51.4729],[-1.3104,51.4851],[-1.3278,51.4855],[-1.3336,51.5225],[-1.3486,51.5278],[-1.3557,51.5468],[-1.338,51.5458],[-1.3287,51.5637],[-1.2607,51.5378],[-1.2046,51.5376],[-1.2047,51.5284],[-1.1404,51.5429]]]},"properties":{"PCON24CD":"E14001439","PCON24NM":"Reading West and Mid Berkshire"}},{"type":"Feature","geometry":{"type":"Polygon","coordinates":[[[-0.9453,54.5875],[-0.9896,54.5696],[-0.9947,54.5763],[-1.034,54.5745],[-1.0612,54.5645],[-1.0698,54.5772],[-1.1281,54.5606],[-1.1479,54.5393],[-1.1645,54.5368],[-1.1616,54.5251],[-1.1991,54.5445],[-1.1667,54.5541],[-1.1986,54.5829],[-1.1602,54.6045],[-1.1467,54.5991],[-1.1575,54.6054],[-1.1518,54.6145],[-1.1323,54.6086],[-1.1508,54.6151],[-1.1543,54.6277],[-1.1354,54.6297],[-1.1369,54.6431],[-1.1128,54.6277],[-1.0526,54.6165],[-1.0005,54.5932],[-0.9615,54.5849],[-0.9453,54.5875]]]},"properties":{"PCON24CD":"E14001440","PCON24NM":"Redcar"}},{"type":"Feature","geometry":{"type":"Polygon","coordinates":[[[-1.881,52.3109],[-1.8865,52.2867],[-1.916,52.275],[-1.9374,52.2761],[-1.9174,52.2183],[-1.9356,52.2041],[-1.9418,52.1772],[-1.962,52.171],[-1.9355,52.1696],[-1.9443,52.1553],[-1.9219,52.153],[-1.9032,52.1334],[-1.9045,52.1226],[-1.9279,52.1246],[-1.9325,52.1094],[-1.9859,52.1211],[-1.9779,52.1266],[-1.9933,52.1332],[-1.9834,52.1511],[-2.0002,52.1668],[-2.0263,52.1701],[-1.9944,52.2059],[-2.0276,52.2232],[-2.0389,52.2192],[-2.0567,52.2264],[-2.0683,52.2426],[-2.1023,52.2418],[-2.1103,52.2639],[-2.1498,52.2754],[-2.1499,52.2894],[-2.1358,52.2942],[-2.1438,52.3027],[-2.1351,52.3121],[-2.1521,52.3209],[-2.1355,52.3307],[-2.1431,52.3467],[-2.1277,52.3522],[-2.1315,52.3471],[-2.1133,52.3372],[-2.1241,52.3145],[-2.0852,52.3135],[-2.0918,52.2886],[-2.0448,52.2877],[-2.0233,52.2781],[-2.0025,52.2796],[-2.002,52.2881],[-1.9842,52.2921],[-1.982,52.3083],[-1.955,52.321],[-1.8919,52.3214],[-1.881,52.3109]]]},"properties":{"PCON24CD":"E14001441","PCON24NM":"Redditch"}},{"type":"Feature","geometry":{"type":"Polygon","coordinates":[[[-0.1875,51.3408],[-0.1565,51.3215],[-0.151,51.3007],[-0.1722,51.2714],[-0.1569,51.2677],[-0.1569,51.2538],[-0.1428,51.246],[-0.1565,51.2113],[-0.212,51.2051],[-0.233,51.2134],[-0.2508,51.2271],[-0.2307,51.2401],[-0.2268,51.2559],[-0.2657,51.2614],[-0.2722,51.2923],[-0.2644,51.2995],[-0.2471,51.298],[-0.2429,51.3213],[-0.1973,51.3436],[-0.1875,51.3408]]]},"properties":{"PCON24CD":"E14001442","PCON24NM":"Reigate"}},{"type":"Feature","geometry":{"type":"Polygon","coordinates":[[[-2.1845,53.9522],[-2.2458,53.9333],[-2.223,53.8963],[-2.2342,53.8873],[-2.2592,53.882],[-2.2844,53.9002],[-2.3515,53.9061],[-2.3533,53.8999],[-2.3885,53.8925],[-2.4247,53.8594],[-2.409,53.8591],[-2.4204,53.8403],[-2.4108,53.8383],[-2.4124,53.8098],[-2.4658,53.7808],[-2.5257,53.7597],[-2.5478,53.7587],[-2.5616,53.7469],[-2.5768,53.7513],[-2.612,53.7386],[-2.6298,53.7172],[-2.652,53.712],[-2.6584,53.7177],[-2.6948,53.7172],[-2.7054,53.7503],[-2.6634,53.7493],[-2.6566,53.7606],[-2.6222,53.7708],[-2.6353,53.7807],[-2.6211,53.7886],[-2.6422,53.794],[-2.6622,53.7903],[-2.6817,53.7995],[-2.6978,53.7785],[-2.72,53.7765],[-2.7288,53.7966],[-2.7805,53.7877],[-2.826,53.82],[-2.7984,53.8244],[-2.8002,53.8331],[-2.7709,53.8404],[-2.7595,53.8264],[-2.7362,53.8234],[-2.7467,53.8508],[-2.7098,53.8536],[-2.6867,53.8904],[-2.6299,53.8933],[-2.6166,53.8998],[-2.616,53.9228],[-2.6508,53.9523],[-2.6375,53.9585],[-2.6169,53.9522],[-2.5575,53.9749],[-2.5807,54.0001],[-2.5714,54.0147],[-2.5471,54.0141],[-2.5273,54.0262],[-2.5014,54.0208],[-2.4923,54.0401],[-2.4695,54.0462],[-2.4258,54.0381],[-2.3741,54.0491],[-2.3573,54.0191],[-2.3396,54.0093],[-2.3523,54.0106],[-2.3522,53.9946],[-2.34,53.9895],[-2.3192,53.9938],[-2.2945,53.9745],[-2.2304,53.9816],[-2.2211,53.9779],[-2.2321,53.9712],[-2.2257,53.9611],[-2.196,53.9696],[-2.1845,53.9522]]]},"properties":{"PCON24CD":"E14001443","PCON24NM":"Ribble Valley"}},{"type":"Feature","geometry":{"type":"Polygon","coordinates":[[[-1.6969,54.536],[-1.6579,54.5346],[-1.6547,54.5247],[-1.6338,54.5254],[-1.634,54.5143],[-1.605,54.5196],[-1.6031,54.5107],[-1.5815,54.513],[-1.5916,54.504],[-1.5792,54.5052],[-1.583,54.4971],[-1.5552,54.485],[-1.5457,54.4712],[-1.5197,54.4711],[-1.5288,54.4848],[-1.5141,54.4838],[-1.5113,54.475],[-1.4915,54.4861],[-1.4988,54.4753],[-1.4755,54.4739],[-1.472,54.4555],[-1.4609,54.4511],[-1.4584,54.4925],[-1.4728,54.5016],[-1.4578,54.5036],[-1.4268,54.4851],[-1.4325,54.4797],[-1.4171,54.477],[-1.4069,54.4936],[-1.3951,54.4857],[-1.381,54.494],[-1.3726,54.4723],[-1.3644,54.466],[-1.3449,54.4724],[-1.3436,54.4642],[-1.3004,54.4758],[-1.2811,54.4906],[-1.2574,54.4873],[-1.2567,54.5011],[-1.2349,54.5103],[-1.1185,54.4982],[-1.0947,54.5067],[-1.0369,54.494],[-1.0165,54.4766],[-0.9835,54.4789],[-0.9721,54.4608],[-1.0339,54.459],[-1.0484,54.4522],[-1.0594,54.4126],[-1.0819,54.405],[-1.0704,54.3957],[-1.0788,54.3882],[-1.0663,54.3626],[-1.0782,54.3602],[-1.099,54.3292],[-1.1222,54.3312],[-1.1218,54.3452],[-1.1575,54.3493],[-1.1722,54.3819],[-1.2087,54.3738],[-1.2372,54.3762],[-1.2546,54.3539],[-1.3269,54.3344],[-1.355,54.3362],[-1.3554,54.3223],[-1.4024,54.3237],[-1.4028,54.3075],[-1.4189,54.3182],[-1.4295,54.3152],[-1.3998,54.2736],[-1.4295,54.2624],[-1.4585,54.2732],[-1.4782,54.2699],[-1.4794,54.2837],[-1.4922,54.2915],[-1.4988,54.2878],[-1.5088,54.3053],[-1.5486,54.3034],[-1.5633,54.3289],[-1.5846,54.3287],[-1.6086,54.3508],[-1.6432,54.3435],[-1.6378,54.3214],[-1.6511,54.2944],[-1.6758,54.2852],[-1.7053,54.2855],[-1.6845,54.2616],[-1.7371,54.2542],[-1.756,54.2394],[-1.8233,54.2475],[-1.8163,54.2407],[-1.8281,54.2316],[-1.8794,54.2203],[-1.8864,54.21],[-1.9681,54.1919],[-2.0111,54.1725],[-2.0458,54.1819],[-2.0609,54.2103],[-2.1,54.232],[-2.1404,54.2253],[-2.1517,54.2356],[-2.172,54.2285],[-2.1978,54.2474],[-2.2292,54.2522],[-2.2833,54.2386],[-2.2928,54.2526],[-2.3051,54.2493],[-2.3191,54.2572],[-2.3245,54.3032],[-2.3098,54.3243],[-2.3677,54.3561],[-2.3446,54.3596],[-2.317,54.3763],[-2.2974,54.3769],[-2.2917,54.3906],[-2.3054,54.3971],[-2.3081,54.4198],[-2.2929,54.4393],[-2.2495,54.4519],[-2.1893,54.449],[-2.1775,54.4616],[-2.1702,54.4582],[-2.1166,54.4623],[-2.0432,54.4836],[-2.0447,54.4752],[-1.9968,54.4669],[-1.9701,54.4515],[-1.9425,54.4534],[-1.8591,54.4819],[-1.8578,54.5035],[-1.8394,54.5084],[-1.793,54.4845],[-1.7761,54.5067],[-1.7797,54.5319],[-1.7331,54.5277],[-1.7213,54.5423],[-1.6969,54.536]]]},"properties":{"PCON24CD":"E14001444","PCON24NM":"Richmond and Northallerton"}},{"type":"Feature","geometry":{"type":"Polygon","coordinates":[[[-0.2273,51.4857],[-0.2217,51.4723],[-0.2569,51.4619],[-0.2416,51.4431],[-0.2511,51.4326],[-0.2472,51.4096],[-0.2587,51.4096],[-0.2615,51.4168],[-0.281,51.4106],[-0.3085,51.4135],[-0.3079,51.4246],[-0.3308,51.4402],[-0.3033,51.4521],[-0.3208,51.4654],[-0.2925,51.4872],[-0.2613,51.4708],[-0.2419,51.4887],[-0.2273,51.4857]]]},"properties":{"PCON24CD":"E14001445","PCON24NM":"Richmond Park"}},{"type":"Feature","geometry":{"type":"Polygon","coordinates":[[[-2.0268,53.6242],[-2.0358,53.6029],[-2.0599,53.5925],[-2.1106,53.5997],[-2.1258,53.5865],[-2.1566,53.5823],[-2.1732,53.6036],[-2.1618,53.6241],[-2.1793,53.6262],[-2.1854,53.6382],[-2.1614,53.6414],[-2.1463,53.6822],[-2.1423,53.678],[-2.1341,53.6857],[-2.1181,53.6712],[-2.0929,53.6702],[-2.0512,53.6837],[-2.0268,53.6242]]]},"properties":{"PCON24CD":"E14001446","PCON24NM":"Rochdale"}},{"type":"Feature","geometry":{"type":"MultiPolygon","coordinates":[[[[0.5826,51.4031],[0.5615,51.4022],[0.5644,51.408],[0.5826,51.4031]]],[[[0.5908,51.4794],[0.6152,51.4751],[0.66,51.4777],[0.6903,51.4594],[0.6713,51.4723],[0.7003,51.4726],[0.7205,51.4598],[0.7235,51.4445],[0.7103,51.4348],[0.6778,51.4332],[0.672,51.448],[0.636,51.4462],[0.619,51.4375],[0.6052,51.4205],[0.6174,51.4284],[0.6238,51.4241],[0.6109,51.4174],[0.5635,51.4096],[0.5325,51.4127],[0.5157,51.4004],[0.5226,51.3851],[0.5375,51.4103],[0.5565,51.3978],[0.5417,51.3966],[0.5362,51.3784],[0.5108,51.3791],[0.4944,51.3526],[0.4517,51.3668],[0.4532,51.3406],[0.4186,51.3479],[0.3999,51.3445],[0.4013,51.353],[0.4311,51.388],[0.4533,51.3914],[0.4519,51.3983],[0.4677,51.3983],[0.4751,51.4129],[0.4892,51.4153],[0.488,51.4433],[0.4543,51.4634],[0.4677,51.4643],[0.4581,51.467],[0.4685,51.4827],[0.5461,51.4871],[0.5908,51.4794]]]]},"properties":{"PCON24CD":"E14001447","PCON24NM":"Rochester and Strood"}},{"type":"Feature","geometry":{"type":"Polygon","coordinates":[[[0.2025,51.5563],[0.19,51.5528],[0.1852,51.5655],[0.1619,51.5616],[0.147,51.5757],[0.1482,51.599],[0.1382,51.6235],[0.197,51.6256],[0.2102,51.6141],[0.194,51.5951],[0.2317,51.5833],[0.2117,51.5751],[0.2025,51.5563]]]},"properties":{"PCON24CD":"E14001448","PCON24NM":"Romford"}},{"type":"Feature","geometry":{"type":"Polygon","coordinates":[[[-1.536,51.2486],[-1.5134,51.2448],[-1.4923,51.2249],[-1.4922,51.218],[-1.5165,51.2189],[-1.5324,51.2051],[-1.513,51.2058],[-1.4841,51.1946],[-1.4438,51.2],[-1.4211,51.2237],[-1.3837,51.2149],[-1.3689,51.2024],[-1.3582,51.212],[-1.3416,51.2057],[-1.3409,51.1846],[-1.3088,51.1947],[-1.3369,51.1591],[-1.3477,51.1595],[-1.3778,51.1363],[-1.3702,51.1291],[-1.4072,51.1205],[-1.4075,51.1111],[-1.4314,51.1168],[-1.4361,51.1124],[-1.4363,51.0979],[-1.4145,51.0957],[-1.4116,51.0697],[-1.4425,51.0565],[-1.4565,51.041],[-1.4419,51.0252],[-1.393,51.0044],[-1.4139,50.9839],[-1.3931,50.9748],[-1.394,50.9647],[-1.374,50.954],[-1.3799,50.9475],[-1.359,50.938],[-1.3806,50.9324],[-1.398,50.9379],[-1.4288,50.929],[-1.4238,50.9472],[-1.4495,50.9499],[-1.4773,50.9285],[-1.5031,50.9362],[-1.51,50.9501],[-1.5311,50.9512],[-1.5445,50.9693],[-1.5841,50.9621],[-1.5901,50.9513],[-1.6198,50.9586],[-1.6029,50.9785],[-1.6197,50.983],[-1.6289,50.999],[-1.5974,51.0097],[-1.5994,51.0237],[-1.6324,51.0328],[-1.6349,51.0404],[-1.6278,51.0782],[-1.6373,51.0922],[-1.6263,51.1173],[-1.663,51.1272],[-1.654,51.1563],[-1.6723,51.1785],[-1.6688,51.1908],[-1.6928,51.203],[-1.6897,51.2148],[-1.6336,51.2176],[-1.6076,51.2528],[-1.5776,51.2556],[-1.5458,51.2453],[-1.536,51.2486]]]},"properties":{"PCON24CD":"E14001449","PCON24NM":"Romsey and Southampton North"}},{"type":"Feature","geometry":{"type":"Polygon","coordinates":[[[-2.1733,53.723],[-2.1463,53.6822],[-2.1614,53.6414],[-2.1854,53.6382],[-2.1824,53.6483],[-2.2052,53.6544],[-2.2177,53.669],[-2.2331,53.6688],[-2.2699,53.6461],[-2.2568,53.6204],[-2.2718,53.6145],[-2.2952,53.6402],[-2.3002,53.667],[-2.3167,53.6549],[-2.3712,53.6671],[-2.3626,53.6559],[-2.3701,53.6319],[-2.4217,53.6238],[-2.4387,53.6461],[-2.4503,53.6414],[-2.4538,53.622],[-2.473,53.6166],[-2.5113,53.627],[-2.5324,53.6649],[-2.5154,53.6917],[-2.5398,53.7022],[-2.5395,53.7147],[-2.5029,53.7137],[-2.4931,53.7288],[-2.4854,53.7219],[-2.4657,53.7292],[-2.4577,53.7169],[-2.4386,53.7323],[-2.414,53.705],[-2.333,53.6993],[-2.3173,53.68],[-2.3062,53.6837],[-2.3158,53.6953],[-2.303,53.7484],[-2.2953,53.752],[-2.2686,53.7423],[-2.2517,53.755],[-2.2326,53.7376],[-2.1733,53.723]]]},"properties":{"PCON24CD":"E14001450","PCON24NM":"Rossendale and Darwen"}},{"type":"Feature","geometry":{"type":"Polygon","coordinates":[[[-1.116,53.4073],[-1.1156,53.3972],[-1.1346,53.39],[-1.1305,53.3756],[-1.146,53.369],[-1.1385,53.3559],[-1.1626,53.3568],[-1.1568,53.345],[-1.141,53.3467],[-1.1387,53.3414],[-1.1997,53.3114],[-1.2032,53.3042],[-1.2307,53.3086],[-1.2439,53.3016],[-1.282,53.3095],[-1.2957,53.315],[-1.2886,53.3262],[-1.299,53.3325],[-1.3247,53.3288],[-1.3306,53.3511],[-1.3625,53.3685],[-1.3504,53.3707],[-1.3512,53.3776],[-1.331,53.374],[-1.3254,53.3794],[-1.3446,53.4033],[-1.3345,53.4073],[-1.3402,53.4147],[-1.3222,53.419],[-1.322,53.43],[-1.312,53.4302],[-1.3086,53.4195],[-1.2695,53.4227],[-1.2516,53.4095],[-1.2402,53.4345],[-1.1703,53.4353],[-1.1605,53.4244],[-1.136,53.4245],[-1.1459,53.4123],[-1.116,53.4073]]]},"properties":{"PCON24CD":"E14001451","PCON24NM":"Rother Valley"}},{"type":"Feature","geometry":{"type":"Polygon","coordinates":[[[-1.2695,53.4227],[-1.3086,53.4195],[-1.312,53.4302],[-1.322,53.43],[-1.3222,53.419],[-1.3402,53.4147],[-1.3345,53.4073],[-1.3446,53.4033],[-1.3254,53.3794],[-1.331,53.374],[-1.3512,53.3776],[-1.3504,53.3707],[-1.3625,53.3685],[-1.3914,53.3833],[-1.3758,53.3937],[-1.3935,53.42],[-1.3804,53.4242],[-1.4085,53.4203],[-1.4333,53.4383],[-1.4477,53.4619],[-1.4201,53.4682],[-1.4049,53.4632],[-1.4013,53.4501],[-1.3639,53.4649],[-1.3536,53.4495],[-1.3608,53.4394],[-1.333,53.4498],[-1.3191,53.4446],[-1.2963,53.4717],[-1.2818,53.4648],[-1.2695,53.4227]]]},"properties":{"PCON24CD":"E14001452","PCON24NM":"Rotherham"}},{"type":"Feature","geometry":{"type":"Polygon","coordinates":[[[-1.3251,52.5011],[-1.2407,52.4401],[-1.2016,52.3967],[-1.1749,52.3563],[-1.2381,52.3442],[-1.2542,52.3552],[-1.2888,52.3445],[-1.2967,52.3583],[-1.3203,52.3523],[-1.3173,52.3602],[-1.3455,52.3477],[-1.3974,52.3569],[-1.4204,52.3709],[-1.4629,52.3764],[-1.4314,52.3968],[-1.4379,52.4104],[-1.4239,52.4333],[-1.4708,52.457],[-1.4535,52.4794],[-1.4637,52.4908],[-1.4504,52.5005],[-1.4211,52.496],[-1.4039,52.5024],[-1.4075,52.5153],[-1.4289,52.5162],[-1.4173,52.5345],[-1.3251,52.5011]]]},"properties":{"PCON24CD":"E14001453","PCON24NM":"Rugby"}},{"type":"Feature","geometry":{"type":"Polygon","coordinates":[[[-0.3682,51.6207],[-0.3573,51.6029],[-0.3705,51.6056],[-0.3626,51.5874],[-0.4008,51.5653],[-0.408,51.5748],[-0.4312,51.5676],[-0.4523,51.5732],[-0.4428,51.5796],[-0.5006,51.5997],[-0.4971,51.6317],[-0.4571,51.6123],[-0.4454,51.6197],[-0.4014,51.6132],[-0.3682,51.6207]]]},"properties":{"PCON24CD":"E14001454","PCON24NM":"Ruislip, Northwood and Pinner"}},{"type":"Feature","geometry":{"type":"Polygon","coordinates":[[[-2.5952,53.3225],[-2.6091,53.3121],[-2.62,53.3203],[-2.6241,53.3094],[-2.6451,53.3101],[-2.6416,53.305],[-2.6852,53.3155],[-2.701,53.3057],[-2.6714,53.2837],[-2.6449,53.283],[-2.6496,53.2666],[-2.669,53.2544],[-2.6897,53.2574],[-2.6906,53.2393],[-2.7118,53.2345],[-2.7165,53.2162],[-2.8479,53.1944],[-2.8679,53.2124],[-2.859,53.2177],[-2.8763,53.2414],[-2.8913,53.2535],[-2.9119,53.256],[-2.8763,53.2624],[-2.8926,53.2862],[-2.8851,53.2953],[-2.8556,53.292],[-2.8573,53.2869],[-2.8396,53.2987],[-2.8464,53.3069],[-2.816,53.3062],[-2.7888,53.2954],[-2.7524,53.3148],[-2.7634,53.3277],[-2.7543,53.3432],[-2.719,53.3448],[-2.6994,53.3567],[-2.6746,53.3537],[-2.6306,53.364],[-2.6315,53.346],[-2.6066,53.343],[-2.6191,53.3311],[-2.5952,53.3225]]]},"properties":{"PCON24CD":"E14001455","PCON24NM":"Runcorn and Helsby"}},{"type":"Feature","geometry":{"type":"Polygon","coordinates":[[[-0.5228,51.4353],[-0.5104,51.4296],[-0.5124,51.4172],[-0.4932,51.4119],[-0.4847,51.3868],[-0.4765,51.3901],[-0.4627,51.3784],[-0.4428,51.3898],[-0.4321,51.384],[-0.4469,51.3738],[-0.4309,51.3662],[-0.4335,51.3569],[-0.411,51.3623],[-0.3913,51.3447],[-0.328,51.3522],[-0.3307,51.329],[-0.3603,51.3118],[-0.3969,51.3128],[-0.3947,51.298],[-0.4053,51.2949],[-0.4095,51.3031],[-0.44,51.3047],[-0.4457,51.3241],[-0.4372,51.3274],[-0.4623,51.33],[-0.4637,51.3406],[-0.4814,51.3496],[-0.5156,51.3389],[-0.5485,51.348],[-0.5552,51.3619],[-0.5697,51.3603],[-0.5977,51.3855],[-0.5467,51.4006],[-0.5399,51.4224],[-0.5475,51.4263],[-0.5599,51.4143],[-0.5556,51.4415],[-0.5228,51.4353]]]},"properties":{"PCON24CD":"E14001456","PCON24NM":"Runnymede and Weybridge"}},{"type":"Feature","geometry":{"type":"Polygon","coordinates":[[[-0.8855,52.8926],[-0.9406,52.8768],[-0.9281,52.8661],[-0.9595,52.8438],[-0.9771,52.8407],[-0.9827,52.8207],[-1.0219,52.8221],[-1.0364,52.8159],[-1.0717,52.814],[-1.0744,52.8247],[-1.1169,52.8196],[-1.1309,52.8058],[-1.1633,52.8065],[-1.1977,52.7894],[-1.2259,52.7917],[-1.2345,52.8021],[-1.2619,52.8104],[-1.2744,52.8361],[-1.2679,52.8734],[-1.2401,52.8801],[-1.2397,52.8923],[-1.2205,52.8956],[-1.2139,52.9044],[-1.1751,52.8895],[-1.1586,52.9],[-1.1523,52.937],[-1.141,52.9322],[-1.1316,52.9429],[-1.0997,52.942],[-1.0733,52.9559],[-1.0417,52.9512],[-1.0338,52.9584],[-0.9783,52.9501],[-0.9858,52.9427],[-0.9724,52.9284],[-0.9214,52.9346],[-0.9301,52.9129],[-0.9241,52.9065],[-0.9096,52.9099],[-0.8855,52.8926]]]},"properties":{"PCON24CD":"E14001457","PCON24NM":"Rushcliffe"}},{"type":"Feature","geometry":{"type":"Polygon","coordinates":[[[-0.3045,52.7461],[-0.278,52.7108],[-0.3611,52.6812],[-0.3628,52.6601],[-0.4172,52.6468],[-0.4528,52.6543],[-0.4947,52.6403],[-0.5172,52.6424],[-0.5403,52.626],[-0.5529,52.6014],[-0.5442,52.5929],[-0.5581,52.5945],[-0.5719,52.5858],[-0.5815,52.5959],[-0.5887,52.5868],[-0.603,52.5887],[-0.6609,52.5689],[-0.6978,52.5457],[-0.7156,52.5224],[-0.7572,52.5109],[-0.7749,52.5183],[-0.8201,52.5155],[-0.8632,52.5283],[-0.8834,52.5138],[-0.8857,52.5237],[-0.9177,52.5348],[-0.9296,52.5587],[-0.921,52.565],[-0.9414,52.5796],[-0.9365,52.5993],[-0.9632,52.5999],[-0.9847,52.618],[-1.0422,52.5983],[-1.0625,52.6042],[-1.0705,52.6181],[-1.047,52.6346],[-1.0486,52.655],[-1.0137,52.6551],[-0.9803,52.6819],[-0.9619,52.6733],[-0.9491,52.6805],[-0.916,52.6711],[-0.9119,52.6772],[-0.8929,52.6737],[-0.8556,52.685],[-0.8588,52.6738],[-0.8347,52.6731],[-0.8295,52.6588],[-0.8095,52.6576],[-0.8223,52.6473],[-0.8055,52.6475],[-0.7821,52.6705],[-0.786,52.6948],[-0.8218,52.7157],[-0.8134,52.7291],[-0.7765,52.7439],[-0.7517,52.7367],[-0.6641,52.7567],[-0.6821,52.8118],[-0.7058,52.8381],[-0.6758,52.8482],[-0.6877,52.8695],[-0.6237,52.8908],[-0.5957,52.8892],[-0.5833,52.8812],[-0.5926,52.8472],[-0.5823,52.8335],[-0.5366,52.8312],[-0.4967,52.8381],[-0.4723,52.8329],[-0.4439,52.8444],[-0.4297,52.8366],[-0.404,52.8439],[-0.3993,52.8236],[-0.4197,52.8204],[-0.4073,52.7613],[-0.3994,52.7547],[-0.3045,52.7461]]]},"properties":{"PCON24CD":"E14001458","PCON24NM":"Rutland and Stamford"}},{"type":"Feature","geometry":{"type":"Polygon","coordinates":[[[-2.3382,53.5336],[-2.3104,53.5271],[-2.2813,53.5007],[-2.2721,53.5098],[-2.2503,53.508],[-2.2451,53.4861],[-2.2822,53.4649],[-2.3295,53.48],[-2.3268,53.4959],[-2.3529,53.4959],[-2.3332,53.5191],[-2.3544,53.5247],[-2.3537,53.5351],[-2.3382,53.5336]]]},"properties":{"PCON24CD":"E14001459","PCON24NM":"Salford"}},{"type":"Feature","geometry":{"type":"Polygon","coordinates":[[[-1.6198,50.9586],[-1.635,50.9592],[-1.6617,50.9453],[-1.6769,50.9497],[-1.7196,50.9768],[-1.7544,50.9779],[-1.8003,50.9914],[-1.8154,50.9859],[-1.8358,51.0095],[-1.8534,51.0047],[-1.8739,50.9845],[-1.8745,51.0063],[-1.8867,50.9995],[-1.9279,50.9977],[-1.9499,50.9823],[-1.9568,50.9898],[-1.9853,50.9847],[-1.9938,50.9758],[-2.0366,50.9722],[-2.0683,50.9512],[-2.1018,50.945],[-2.1207,50.9615],[-2.1198,50.9782],[-2.1726,51.0011],[-2.1925,51.0369],[-2.218,51.0552],[-2.1692,51.1193],[-2.1476,51.1275],[-2.0169,51.114],[-1.9974,51.1439],[-2.0118,51.1477],[-2.0033,51.1791],[-1.991,51.1847],[-1.9358,51.1588],[-1.9172,51.1413],[-1.9208,51.1317],[-1.9119,51.128],[-1.9211,51.13],[-1.9436,51.111],[-1.9124,51.1191],[-1.9166,51.1138],[-1.8903,51.0963],[-1.8769,51.1002],[-1.8679,51.0904],[-1.86,51.0962],[-1.8501,51.0921],[-1.841,51.1028],[-1.8274,51.0908],[-1.8084,51.1004],[-1.8068,51.1099],[-1.795,51.1057],[-1.7677,51.1519],[-1.7299,51.1703],[-1.7146,51.17],[-1.6928,51.203],[-1.6688,51.1908],[-1.6723,51.1785],[-1.654,51.1563],[-1.663,51.1272],[-1.6263,51.1173],[-1.6373,51.0922],[-1.6278,51.0782],[-1.6349,51.0404],[-1.6324,51.0328],[-1.5994,51.0237],[-1.5974,51.0097],[-1.6289,50.999],[-1.6197,50.983],[-1.6029,50.9785],[-1.6198,50.9586]]]},"properties":{"PCON24CD":"E14001460","PCON24NM":"Salisbury"}},{"type":"Feature","geometry":{"type":"Polygon","coordinates":[[[-0.3025,54.2274],[-0.3044,54.2149],[-0.3258,54.2177],[-0.3451,54.21],[-0.4077,54.2188],[-0.4212,54.2124],[-0.4711,54.212],[-0.52,54.1978],[-0.5377,54.2004],[-0.5504,54.1926],[-0.5664,54.2024],[-0.5991,54.1997],[-0.6185,54.2055],[-0.5979,54.2362],[-0.6134,54.2786],[-0.6046,54.2981],[-0.5677,54.3139],[-0.622,54.3444],[-0.6326,54.376],[-0.6613,54.3665],[-0.6695,54.3744],[-0.6871,54.3731],[-0.7114,54.3571],[-0.733,54.3553],[-0.7532,54.3686],[-0.7942,54.3543],[-0.8237,54.3825],[-0.9504,54.4089],[-0.9878,54.396],[-1.0269,54.4153],[-1.0594,54.4126],[-1.0484,54.4522],[-1.0339,54.459],[-0.9721,54.4608],[-0.9835,54.4789],[-1.0165,54.4766],[-1.0369,54.494],[-1.0034,54.503],[-0.953,54.488],[-0.8808,54.497],[-0.8485,54.488],[-0.8486,54.53],[-0.8271,54.5485],[-0.8004,54.551],[-0.7918,54.5583],[-0.7668,54.5502],[-0.7435,54.5282],[-0.7128,54.533],[-0.6928,54.5207],[-0.6821,54.5196],[-0.6704,54.5008],[-0.6096,54.4933],[-0.5737,54.4814],[-0.5264,54.4501],[-0.5327,54.4334],[-0.5242,54.4173],[-0.486,54.4043],[-0.4701,54.3934],[-0.4327,54.3402],[-0.4171,54.3314],[-0.4074,54.2935],[-0.3851,54.2878],[-0.3967,54.2745],[-0.3687,54.2485],[-0.3025,54.2274]]]},"properties":{"PCON24CD":"E14001461","PCON24NM":"Scarborough and Whitby"}},{"type":"Feature","geometry":{"type":"MultiPolygon","coordinates":[[[[-0.5208,53.6852],[-0.5357,53.6813],[-0.5537,53.6903],[-0.5208,53.6852]]],[[[-0.5297,53.6786],[-0.5366,53.6565],[-0.5282,53.6507],[-0.6277,53.648],[-0.627,53.6257],[-0.6427,53.6218],[-0.5941,53.5968],[-0.5987,53.5711],[-0.5624,53.5447],[-0.5022,53.5502],[-0.501,53.5421],[-0.4909,53.5459],[-0.5013,53.5375],[-0.4307,53.5463],[-0.4083,53.5323],[-0.4051,53.5176],[-0.4876,53.5052],[-0.4866,53.4805],[-0.4717,53.4749],[-0.5518,53.4595],[-0.6298,53.4582],[-0.6245,53.5128],[-0.7396,53.5199],[-0.7479,53.5681],[-0.7309,53.5819],[-0.7385,53.5932],[-0.731,53.6055],[-0.6996,53.612],[-0.7133,53.6407],[-0.6878,53.6754],[-0.6849,53.6728],[-0.6949,53.6945],[-0.6107,53.7145],[-0.5863,53.6933],[-0.5297,53.6786]]]]},"properties":{"PCON24CD":"E14001462","PCON24NM":"Scunthorpe"}},{"type":"Feature","geometry":{"type":"Polygon","coordinates":[[[-3.0141,53.6113],[-3.0322,53.5985],[-3.036,53.5872],[-3.0207,53.5837],[-3.0216,53.574],[-3.0405,53.5651],[-3.0445,53.5407],[-3.025,53.539],[-2.9729,53.5154],[-2.963,53.5238],[-2.9776,53.5459],[-2.955,53.546],[-2.923,53.5252],[-2.8817,53.5205],[-2.888,53.5038],[-2.9191,53.4781],[-2.9451,53.4943],[-2.9517,53.491],[-2.9802,53.4973],[-3.0088,53.4853],[-3.0213,53.4938],[-3.0479,53.4771],[-3.0637,53.5055],[-3.0628,53.53],[-3.0683,53.5199],[-3.0857,53.5254],[-3.1019,53.5371],[-3.1042,53.5545],[-3.0666,53.6097],[-3.0365,53.6088],[-3.0257,53.617],[-3.0141,53.6113]]]},"properties":{"PCON24CD":"E14001463","PCON24NM":"Sefton Central"}},{"type":"Feature","geometry":{"type":"Polygon","coordinates":[[[-0.9234,53.8807],[-0.9482,53.8616],[-0.9406,53.8235],[-0.9201,53.8161],[-0.9345,53.8018],[-0.9283,53.7656],[-0.9736,53.7499],[-0.9608,53.736],[-0.911,53.7327],[-0.9037,53.7184],[-0.9577,53.7148],[-0.9626,53.7008],[-0.9805,53.705],[-0.9803,53.6969],[-1.0389,53.6939],[-1.0617,53.7068],[-1.0749,53.7039],[-1.0811,53.6845],[-1.1034,53.6695],[-1.0487,53.6561],[-1.0661,53.6489],[-1.1216,53.6467],[-1.1349,53.6327],[-1.1551,53.6432],[-1.1892,53.6359],[-1.2098,53.6432],[-1.2175,53.6242],[-1.2328,53.6211],[-1.2552,53.649],[-1.2444,53.6925],[-1.1991,53.6949],[-1.2198,53.7144],[-1.2263,53.7099],[-1.2294,53.7149],[-1.2685,53.7149],[-1.3007,53.7418],[-1.3758,53.7296],[-1.399,53.7194],[-1.4283,53.7214],[-1.4346,53.7257],[-1.4158,53.7347],[-1.4198,53.7447],[-1.3851,53.7471],[-1.3931,53.78],[-1.3493,53.7793],[-1.3448,53.8085],[-1.3136,53.8097],[-1.3033,53.8169],[-1.2584,53.8037],[-1.2426,53.8086],[-1.2412,53.8177],[-1.2275,53.8176],[-1.2212,53.8027],[-1.1721,53.8018],[-1.1624,53.8152],[-1.192,53.8279],[-1.1973,53.8538],[-1.1834,53.8498],[-1.173,53.8561],[-1.1661,53.8469],[-1.1444,53.8499],[-1.1382,53.8398],[-1.1185,53.8545],[-1.1272,53.8648],[-1.0912,53.8858],[-1.065,53.8746],[-1.0082,53.8899],[-0.9928,53.8752],[-0.944,53.8881],[-0.9234,53.8807]]]},"properties":{"PCON24CD":"E14001464","PCON24NM":"Selby"}},{"type":"Feature","geometry":{"type":"Polygon","coordinates":[[[0.2967,51.3971],[0.2999,51.3797],[0.2832,51.3699],[0.2746,51.3397],[0.2885,51.3373],[0.2846,51.3251],[0.2651,51.3136],[0.2585,51.2973],[0.2646,51.257],[0.2473,51.2553],[0.2478,51.2381],[0.231,51.2322],[0.2219,51.2446],[0.1975,51.234],[0.188,51.2181],[0.1738,51.2262],[0.142,51.2214],[0.1269,51.2294],[0.1056,51.2224],[0.0889,51.2272],[0.079,51.2199],[0.0428,51.2246],[0.0582,51.2478],[0.0424,51.2927],[0.0857,51.2931],[0.085,51.316],[0.1179,51.3296],[0.1185,51.3441],[0.137,51.3442],[0.1521,51.3697],[0.1477,51.3928],[0.1624,51.3925],[0.1489,51.4084],[0.1635,51.4068],[0.184,51.4248],[0.2146,51.4343],[0.2336,51.4269],[0.2457,51.4077],[0.2776,51.4069],[0.2967,51.3971]]]},"properties":{"PCON24CD":"E14001465","PCON24NM":"Sevenoaks"}},{"type":"Feature","geometry":{"type":"Polygon","coordinates":[[[-1.4333,53.4383],[-1.4085,53.4203],[-1.4598,53.3881],[-1.4808,53.3901],[-1.5007,53.4024],[-1.5116,53.3998],[-1.5291,53.4087],[-1.5112,53.4165],[-1.5193,53.4256],[-1.4925,53.4366],[-1.4752,53.4375],[-1.4639,53.428],[-1.4518,53.4393],[-1.4333,53.4383]]]},"properties":{"PCON24CD":"E14001466","PCON24NM":"Sheffield Brightside and Hillsborough"}},{"type":"Feature","geometry":{"type":"Polygon","coordinates":[[[-1.4598,53.3881],[-1.4539,53.3852],[-1.4879,53.3499],[-1.5082,53.3597],[-1.5027,53.3713],[-1.5141,53.3769],[-1.4971,53.3869],[-1.5181,53.3907],[-1.5116,53.3998],[-1.5007,53.4024],[-1.4808,53.3901],[-1.4598,53.3881]]]},"properties":{"PCON24CD":"E14001467","PCON24NM":"Sheffield Central"}},{"type":"Feature","geometry":{"type":"Polygon","coordinates":[[[-1.5193,53.4256],[-1.5112,53.4165],[-1.5291,53.4087],[-1.5116,53.3998],[-1.5181,53.3907],[-1.4971,53.3869],[-1.5141,53.3769],[-1.5027,53.3713],[-1.5082,53.3597],[-1.4879,53.3499],[-1.5143,53.3341],[-1.4961,53.3164],[-1.5392,53.3045],[-1.5617,53.3064],[-1.5617,53.316],[-1.5806,53.3118],[-1.5849,53.3216],[-1.5991,53.3113],[-1.6092,53.3227],[-1.6276,53.3162],[-1.6327,53.3208],[-1.6123,53.3432],[-1.5905,53.3459],[-1.6635,53.3666],[-1.6538,53.3919],[-1.705,53.4051],[-1.7039,53.4149],[-1.7168,53.4193],[-1.6661,53.4429],[-1.626,53.4476],[-1.5774,53.4373],[-1.5628,53.4259],[-1.5193,53.4256]]]},"properties":{"PCON24CD":"E14001468","PCON24NM":"Sheffield Hallam"}},{"type":"Feature","geometry":{"type":"Polygon","coordinates":[[[-1.4421,53.3374],[-1.4599,53.3307],[-1.4582,53.3203],[-1.4961,53.3164],[-1.5143,53.3341],[-1.4879,53.3499],[-1.4539,53.3852],[-1.4065,53.3746],[-1.4255,53.3608],[-1.3964,53.3552],[-1.4421,53.3374]]]},"properties":{"PCON24CD":"E14001469","PCON24NM":"Sheffield Heeley"}},{"type":"Feature","geometry":{"type":"Polygon","coordinates":[[[-1.3625,53.3685],[-1.3306,53.3511],[-1.3247,53.3288],[-1.3376,53.3159],[-1.3899,53.3185],[-1.3888,53.3364],[-1.4087,53.342],[-1.4209,53.3346],[-1.4421,53.3374],[-1.3964,53.3552],[-1.4255,53.3608],[-1.4065,53.3746],[-1.4598,53.3881],[-1.4085,53.4203],[-1.3804,53.4242],[-1.3935,53.42],[-1.3758,53.3937],[-1.3914,53.3833],[-1.3625,53.3685]]]},"properties":{"PCON24CD":"E14001470","PCON24NM":"Sheffield South East"}},{"type":"Feature","geometry":{"type":"Polygon","coordinates":[[[-1.0071,52.9855],[-1.0381,52.9956],[-1.0341,53.0049],[-1.0524,53.0105],[-1.0294,53.0232],[-1.0494,53.0335],[-1.1094,53.0296],[-1.1124,53.0209],[-1.1304,53.0281],[-1.1318,53.0226],[-1.1438,53.0434],[-1.1565,53.0471],[-1.1718,53.0432],[-1.1827,53.0186],[-1.2077,53.0187],[-1.2293,53.0088],[-1.2413,53.0312],[-1.2576,53.0409],[-1.2286,53.052],[-1.2262,53.0813],[-1.1643,53.1033],[-1.1779,53.1148],[-1.1471,53.122],[-1.1202,53.1191],[-1.1301,53.1416],[-1.1111,53.1534],[-1.153,53.1751],[-1.1112,53.1989],[-1.0948,53.2286],[-1.1033,53.2356],[-1.0275,53.2609],[-1.007,53.2363],[-0.9613,53.2333],[-0.9391,53.2123],[-0.9438,53.2039],[-0.9658,53.1991],[-0.9814,53.1751],[-0.9905,53.1771],[-0.9571,53.1676],[-0.9673,53.1588],[-0.953,53.1532],[-0.9563,53.1475],[-0.9854,53.1329],[-1.0045,53.1378],[-1.0219,53.1235],[-0.9968,53.1116],[-1.0296,53.0978],[-1.0284,53.0894],[-1.0513,53.0854],[-1.0393,53.0836],[-1.0212,53.059],[-0.9869,53.0463],[-0.9634,53.0532],[-0.9583,53.0397],[-0.927,53.0238],[-0.976,52.9863],[-1.0071,52.9855]]]},"properties":{"PCON24CD":"E14001471","PCON24NM":"Sherwood Forest"}},{"type":"Feature","geometry":{"type":"Polygon","coordinates":[[[-1.7272,53.9102],[-1.7321,53.896],[-1.7171,53.8923],[-1.7254,53.8857],[-1.7563,53.8847],[-1.7875,53.8969],[-1.8004,53.886],[-1.7605,53.8636],[-1.7103,53.8635],[-1.7136,53.8523],[-1.7292,53.8568],[-1.7528,53.8431],[-1.7345,53.8252],[-1.768,53.819],[-1.7752,53.8293],[-1.7775,53.8241],[-1.7995,53.8272],[-1.8374,53.8213],[-1.8522,53.8108],[-1.8815,53.8092],[-1.8665,53.7976],[-1.8956,53.7809],[-1.927,53.7875],[-1.9188,53.7973],[-1.9269,53.8213],[-1.9373,53.824],[-1.9267,53.8361],[-1.869,53.8604],[-1.8557,53.8586],[-1.8354,53.8756],[-1.8378,53.8869],[-1.7805,53.9134],[-1.7775,53.9229],[-1.7456,53.923],[-1.7272,53.9102]]]},"properties":{"PCON24CD":"E14001472","PCON24NM":"Shipley"}},{"type":"Feature","geometry":{"type":"Polygon","coordinates":[[[-2.6635,52.7604],[-2.6601,52.7316],[-2.5974,52.7183],[-2.6054,52.7068],[-2.6574,52.695],[-2.6762,52.7021],[-2.7126,52.699],[-2.7098,52.6917],[-2.7443,52.6796],[-2.7315,52.6632],[-2.7505,52.6653],[-2.7689,52.6539],[-2.7892,52.6543],[-2.8062,52.6359],[-2.8819,52.6279],[-2.8898,52.6125],[-2.8729,52.6063],[-2.878,52.6011],[-2.8956,52.6009],[-2.9017,52.6285],[-2.9321,52.6228],[-2.929,52.6143],[-2.9555,52.6142],[-2.9508,52.624],[-2.9663,52.6367],[-2.954,52.6421],[-2.9556,52.6613],[-3.0186,52.6524],[-3.0447,52.6656],[-3.047,52.6913],[-3.0225,52.7067],[-3.0215,52.7242],[-3.0006,52.7203],[-2.9776,52.7266],[-2.9781,52.7154],[-2.9656,52.7144],[-2.9617,52.7256],[-2.9737,52.7357],[-2.9702,52.7482],[-2.9496,52.7459],[-2.9333,52.7523],[-2.9654,52.7705],[-2.9424,52.7781],[-2.9414,52.7891],[-2.899,52.7802],[-2.8606,52.7845],[-2.8587,52.7714],[-2.8358,52.7666],[-2.8009,52.7896],[-2.7738,52.7949],[-2.7683,52.7882],[-2.7443,52.7871],[-2.7288,52.7656],[-2.6914,52.7753],[-2.6635,52.7604]]]},"properties":{"PCON24CD":"E14001473","PCON24NM":"Shrewsbury"}},{"type":"Feature","geometry":{"type":"MultiPolygon","coordinates":[[[[0.683,51.4126],[0.6945,51.3968],[0.6726,51.3984],[0.6659,51.4063],[0.683,51.4126]]],[[[0.7637,51.382],[0.7644,51.3629],[0.7345,51.3457],[0.7669,51.3623],[0.778,51.3614],[0.7512,51.3247],[0.746,51.3306],[0.7274,51.3201],[0.7192,51.3329],[0.702,51.3167],[0.645,51.3362],[0.6135,51.335],[0.6044,51.3257],[0.6014,51.3333],[0.6349,51.3664],[0.6233,51.3692],[0.6334,51.389],[0.6269,51.3747],[0.648,51.3976],[0.6701,51.3733],[0.687,51.3917],[0.7029,51.3924],[0.6952,51.3798],[0.7144,51.3842],[0.6965,51.42],[0.7278,51.4204],[0.7162,51.4131],[0.7263,51.3991],[0.7637,51.382]]],[[[0.6788,51.4235],[0.6878,51.4144],[0.6601,51.4176],[0.6788,51.4235]]],[[[0.9014,51.4168],[0.9502,51.3721],[0.8968,51.3545],[0.8577,51.3704],[0.8567,51.3649],[0.8405,51.3716],[0.8513,51.3648],[0.8394,51.3636],[0.8063,51.3723],[0.7662,51.37],[0.7643,51.3883],[0.7327,51.4003],[0.7217,51.4144],[0.7325,51.4089],[0.7469,51.4153],[0.7354,51.4244],[0.7494,51.4461],[0.7914,51.4393],[0.8239,51.4256],[0.9014,51.4168]]]]},"properties":{"PCON24CD":"E14001474","PCON24NM":"Sittingbourne and Sheppey"}},{"type":"Feature","geometry":{"type":"Polygon","coordinates":[[[-1.3673,54.1676],[-1.3902,54.1582],[-1.3855,54.1465],[-1.4061,54.1337],[-1.4193,54.1324],[-1.4314,54.1453],[-1.4557,54.1436],[-1.449,54.1309],[-1.4883,54.1236],[-1.4954,54.1163],[-1.4871,54.1045],[-1.5137,54.1032],[-1.5304,54.0938],[-1.5207,54.0756],[-1.5226,54.0671],[-1.5027,54.0589],[-1.519,54.0548],[-1.5186,54.0456],[-1.5387,54.0464],[-1.5218,54.0377],[-1.5212,54.0215],[-1.5407,54.0197],[-1.5409,54.0262],[-1.5685,54.0343],[-1.5899,54.0258],[-1.6078,54.0289],[-1.6232,53.9975],[-1.5921,53.9838],[-1.5819,53.9869],[-1.576,53.9756],[-1.5615,53.9776],[-1.5643,53.96],[-1.5436,53.9549],[-1.5395,53.944],[-1.5662,53.9256],[-1.5539,53.9219],[-1.5526,53.903],[-1.5687,53.9109],[-1.5843,53.909],[-1.5867,53.9013],[-1.5998,53.9097],[-1.6207,53.9034],[-1.6517,53.9056],[-1.6551,53.9125],[-1.6846,53.9106],[-1.7071,53.9191],[-1.718,53.9085],[-1.7456,53.923],[-1.7775,53.9229],[-1.8051,53.939],[-1.8477,53.9408],[-1.8362,53.9314],[-1.8608,53.9329],[-1.8795,53.9628],[-1.928,53.9505],[-1.9507,53.9567],[-1.9662,53.9516],[-1.9631,53.9334],[-1.9769,53.9264],[-1.9524,53.9035],[-1.9794,53.9011],[-1.9802,53.8711],[-2.0218,53.8715],[-2.0461,53.8501],[-2.0899,53.8682],[-2.0814,53.8757],[-2.103,53.8909],[-2.1133,53.9156],[-2.1322,53.9265],[-2.1823,53.9354],[-2.1845,53.9522],[-2.196,53.9696],[-2.2257,53.9611],[-2.2321,53.9712],[-2.2211,53.9779],[-2.2304,53.9816],[-2.2945,53.9745],[-2.3192,53.9938],[-2.34,53.9895],[-2.3522,53.9946],[-2.3523,54.0106],[-2.3396,54.0093],[-2.3573,54.0191],[-2.3741,54.0491],[-2.4258,54.0381],[-2.4695,54.0462],[-2.4643,54.0753],[-2.5095,54.0954],[-2.524,54.0946],[-2.5448,54.1171],[-2.5633,54.1227],[-2.5606,54.153],[-2.534,54.1577],[-2.4609,54.2267],[-2.4056,54.2249],[-2.3968,54.2394],[-2.373,54.2401],[-2.3623,54.2498],[-2.3377,54.2376],[-2.3191,54.2572],[-2.3051,54.2493],[-2.2928,54.2526],[-2.2833,54.2386],[-2.2292,54.2522],[-2.1978,54.2474],[-2.172,54.2285],[-2.1517,54.2356],[-2.1404,54.2253],[-2.1,54.232],[-2.0609,54.2103],[-2.0458,54.1819],[-2.0111,54.1725],[-1.9681,54.1919],[-1.8864,54.21],[-1.8794,54.2203],[-1.8281,54.2316],[-1.8163,54.2407],[-1.8233,54.2475],[-1.756,54.2394],[-1.7371,54.2542],[-1.6845,54.2616],[-1.6751,54.2471],[-1.6486,54.2503],[-1.6365,54.2396],[-1.6469,54.2369],[-1.6254,54.2303],[-1.621,54.2189],[-1.6379,54.1898],[-1.5956,54.1902],[-1.5888,54.1968],[-1.5979,54.201],[-1.5816,54.2049],[-1.5606,54.1911],[-1.5281,54.1948],[-1.4951,54.2033],[-1.4846,54.2203],[-1.4748,54.2062],[-1.4428,54.2161],[-1.4322,54.1861],[-1.394,54.1815],[-1.3673,54.1676]]]},"properties":{"PCON24CD":"E14001475","PCON24NM":"Skipton and Ripon"}},{"type":"Feature","geometry":{"type":"Polygon","coordinates":[[[-0.4951,53.2253],[-0.3819,53.232],[-0.3524,53.2279],[-0.3194,53.1849],[-0.2897,53.1794],[-0.2262,53.1249],[-0.2193,53.0963],[-0.1966,53.0834],[-0.1961,53.0696],[-0.2109,53.0699],[-0.225,53.03],[-0.202,53.006],[-0.2627,53.0046],[-0.3788,52.9748],[-0.4576,52.9841],[-0.4789,52.9772],[-0.4888,52.9841],[-0.5112,52.9816],[-0.4995,52.9864],[-0.5074,52.9911],[-0.5319,52.9898],[-0.5228,53.0496],[-0.5849,53.0457],[-0.6899,53.0598],[-0.7059,53.052],[-0.7162,53.0591],[-0.7135,53.066],[-0.6951,53.0663],[-0.7296,53.0979],[-0.7168,53.1162],[-0.7324,53.1278],[-0.7154,53.1369],[-0.7182,53.1773],[-0.764,53.1826],[-0.7306,53.2108],[-0.7148,53.2076],[-0.6976,53.2202],[-0.6759,53.2176],[-0.6666,53.2397],[-0.6536,53.2424],[-0.6138,53.2027],[-0.5526,53.1863],[-0.5604,53.1614],[-0.5293,53.1589],[-0.5275,53.1517],[-0.4915,53.1559],[-0.4947,53.1666],[-0.5162,53.1643],[-0.5222,53.1798],[-0.5089,53.1825],[-0.5184,53.1892],[-0.5096,53.1927],[-0.5307,53.1991],[-0.5338,53.2132],[-0.4951,53.2253]]]},"properties":{"PCON24CD":"E14001476","PCON24NM":"Sleaford and North Hykeham"}},{"type":"Feature","geometry":{"type":"Polygon","coordinates":[[[-0.5287,51.4971],[-0.5638,51.5068],[-0.5521,51.4957],[-0.5656,51.4913],[-0.6006,51.5023],[-0.6077,51.4973],[-0.6265,51.5044],[-0.6422,51.5006],[-0.6593,51.5049],[-0.6599,51.5284],[-0.6305,51.5389],[-0.5899,51.5227],[-0.5673,51.533],[-0.5751,51.5293],[-0.5687,51.5113],[-0.5283,51.51],[-0.5287,51.4971]]]},"properties":{"PCON24CD":"E14001477","PCON24NM":"Slough"}},{"type":"Feature","geometry":{"type":"Polygon","coordinates":[[[-1.951,52.5015],[-1.9381,52.4984],[-1.943,52.4915],[-1.9775,52.4673],[-2.0132,52.4622],[-2.0227,52.4806],[-2.0471,52.4701],[-2.0577,52.4797],[-2.0376,52.483],[-2.032,52.4968],[-2.0068,52.4914],[-1.9982,52.5058],[-1.962,52.5099],[-1.951,52.5015]]]},"properties":{"PCON24CD":"E14001478","PCON24NM":"Smethwick"}},{"type":"Feature","geometry":{"type":"Polygon","coordinates":[[[-1.7825,52.4511],[-1.7811,52.4322],[-1.7991,52.4242],[-1.7874,52.4138],[-1.7649,52.4126],[-1.7595,52.4029],[-1.8042,52.3628],[-1.872,52.3676],[-1.8455,52.3998],[-1.8688,52.4047],[-1.8666,52.411],[-1.8494,52.4108],[-1.8253,52.4293],[-1.8003,52.4583],[-1.7825,52.4511]]]},"properties":{"PCON24CD":"E14001479","PCON24NM":"Solihull West and Shirley"}},{"type":"Feature","geometry":{"type":"Polygon","coordinates":[[[0.5232,51.5644],[0.5053,51.5437],[0.5104,51.5353],[0.5062,51.5383],[0.5217,51.5162],[0.5413,51.5126],[0.4418,51.5008],[0.4234,51.5145],[0.4358,51.5001],[0.4456,51.498],[0.4339,51.4615],[0.4003,51.4539],[0.3996,51.4719],[0.3512,51.4784],[0.3584,51.4937],[0.3381,51.5006],[0.3356,51.5312],[0.3224,51.5405],[0.3339,51.5425],[0.313,51.5658],[0.4751,51.5688],[0.4718,51.5619],[0.4824,51.5583],[0.5004,51.5639],[0.4927,51.5732],[0.4993,51.5927],[0.5235,51.5902],[0.5232,51.5644]]]},"properties":{"PCON24CD":"E14001480","PCON24NM":"South Basildon and East Thurrock"}},{"type":"Feature","geometry":{"type":"Polygon","coordinates":[[[0.4173,52.1593],[0.4175,52.1332],[0.3896,52.1175],[0.3818,52.1027],[0.395,52.096],[0.4046,52.0655],[0.3796,52.0496],[0.3895,52.0363],[0.3638,52.0436],[0.2864,52.0902],[0.2762,52.0927],[0.2516,52.0768],[0.2352,52.089],[0.2035,52.0927],[0.1832,52.0732],[0.1899,52.0602],[0.1676,52.055],[0.1664,52.0482],[0.1511,52.0529],[0.1281,52.0473],[0.1191,52.06],[0.1057,52.0603],[0.0923,52.0217],[0.0682,52.0058],[0.0403,52.0533],[0.0035,52.0499],[-0.0196,52.0636],[-0.1266,52.0209],[-0.1337,52.0462],[-0.1551,52.0531],[-0.1475,52.0695],[-0.1576,52.0804],[-0.1445,52.1382],[-0.1544,52.1444],[-0.1715,52.1395],[-0.2348,52.1447],[-0.2167,52.1588],[-0.1895,52.1692],[-0.1525,52.1696],[-0.1476,52.1581],[-0.072,52.1587],[-0.0697,52.1643],[-0.066,52.1572],[-0.0426,52.1556],[-0.0127,52.1818],[-0.028,52.1853],[-0.0053,52.219],[0.0388,52.2156],[0.038,52.2065],[0.0534,52.2084],[0.0492,52.2151],[0.0687,52.2149],[0.1047,52.1907],[0.1034,52.1579],[0.132,52.1682],[0.1326,52.187],[0.1594,52.1843],[0.1702,52.1919],[0.1599,52.2],[0.1799,52.2023],[0.1673,52.2041],[0.1759,52.2173],[0.1609,52.2208],[0.2116,52.2699],[0.2206,52.2635],[0.2105,52.2495],[0.2544,52.2145],[0.3516,52.1687],[0.4173,52.1593]]]},"properties":{"PCON24CD":"E14001481","PCON24NM":"South Cambridgeshire"}},{"type":"Feature","geometry":{"type":"Polygon","coordinates":[[[-1.6937,51.7216],[-1.6483,51.6841],[-1.6685,51.6804],[-1.6831,51.6901],[-1.6966,51.6921],[-1.711,51.6718],[-1.7626,51.6625],[-1.7811,51.6692],[-1.7992,51.6625],[-1.7886,51.6327],[-1.8279,51.6253],[-1.8423,51.6125],[-1.8263,51.5794],[-1.9462,51.5752],[-1.9395,51.5456],[-1.9672,51.5193],[-2.0043,51.5188],[-2.0195,51.5038],[-2.0394,51.5051],[-2.0357,51.4986],[-2.0641,51.5],[-2.0657,51.4845],[-2.0556,51.48],[-2.0663,51.4815],[-2.0822,51.469],[-2.1324,51.4789],[-2.1496,51.4636],[-2.15,51.4468],[-2.2064,51.4531],[-2.2069,51.4443],[-2.2199,51.4418],[-2.2331,51.4456],[-2.2271,51.462],[-2.2415,51.4725],[-2.2852,51.4579],[-2.2957,51.4586],[-2.2906,51.4869],[-2.3115,51.4873],[-2.3243,51.4975],[-2.2558,51.5221],[-2.2684,51.5497],[-2.2604,51.57],[-2.2827,51.5785],[-2.2944,51.5948],[-2.3311,51.5916],[-2.3656,51.6037],[-2.3704,51.5976],[-2.3947,51.5974],[-2.3889,51.6275],[-2.4006,51.6347],[-2.3882,51.6372],[-2.3697,51.6308],[-2.3601,51.6352],[-2.3396,51.6215],[-2.319,51.622],[-2.323,51.6348],[-2.3072,51.6429],[-2.3153,51.6458],[-2.2835,51.6657],[-2.2872,51.6806],[-2.247,51.6763],[-2.2327,51.6609],[-2.1923,51.6598],[-2.1875,51.6703],[-2.2118,51.6822],[-2.2006,51.6928],[-2.1589,51.6864],[-2.1237,51.7062],[-2.0953,51.6956],[-2.0776,51.7031],[-2.0524,51.7001],[-2.0557,51.734],[-2.0373,51.7395],[-2.007,51.7235],[-2.0092,51.734],[-1.9893,51.7389],[-1.9837,51.7334],[-1.962,51.7378],[-1.9441,51.7258],[-1.9328,51.7626],[-1.9203,51.758],[-1.9072,51.7671],[-1.8957,51.7584],[-1.8572,51.7518],[-1.8492,51.7399],[-1.8362,51.7414],[-1.8209,51.7183],[-1.7681,51.7362],[-1.7469,51.7115],[-1.7341,51.7183],[-1.7055,51.713],[-1.6937,51.7216]]]},"properties":{"PCON24CD":"E14001482","PCON24NM":"South Cotswolds"}},{"type":"Feature","geometry":{"type":"Polygon","coordinates":[[[-1.5441,52.9242],[-1.5552,52.9061],[-1.5417,52.8895],[-1.4995,52.8827],[-1.4937,52.8697],[-1.4641,52.8726],[-1.4382,52.8617],[-1.4236,52.8651],[-1.4298,52.8702],[-1.4028,52.9005],[-1.3786,52.9012],[-1.3708,52.8948],[-1.3397,52.8898],[-1.3499,52.8806],[-1.3193,52.8729],[-1.3257,52.8659],[-1.3455,52.8673],[-1.3511,52.8533],[-1.3606,52.8554],[-1.3944,52.8368],[-1.3879,52.833],[-1.4177,52.8016],[-1.4437,52.8026],[-1.4425,52.7929],[-1.4628,52.7869],[-1.4559,52.7771],[-1.4685,52.7669],[-1.494,52.759],[-1.5039,52.7675],[-1.5548,52.762],[-1.5625,52.7506],[-1.5454,52.7282],[-1.5642,52.711],[-1.5975,52.7004],[-1.6551,52.6988],[-1.6566,52.7217],[-1.7042,52.7321],[-1.6923,52.7442],[-1.6969,52.753],[-1.67,52.7736],[-1.6646,52.7855],[-1.652,52.7795],[-1.6382,52.7867],[-1.627,52.7798],[-1.6193,52.7852],[-1.6111,52.7814],[-1.6143,52.7883],[-1.5889,52.7999],[-1.5917,52.8093],[-1.6105,52.8164],[-1.5854,52.8316],[-1.6352,52.853],[-1.6072,52.867],[-1.6078,52.8814],[-1.6299,52.8914],[-1.6314,52.9059],[-1.6549,52.9062],[-1.6503,52.9445],[-1.6071,52.9472],[-1.6041,52.9369],[-1.5701,52.9358],[-1.5441,52.9242]]]},"properties":{"PCON24CD":"E14001483","PCON24NM":"South Derbyshire"}},{"type":"Feature","geometry":{"type":"Polygon","coordinates":[[[-3.7276,50.4977],[-3.6698,50.4621],[-3.6555,50.4721],[-3.6588,50.4646],[-3.6452,50.4611],[-3.6138,50.4693],[-3.6031,50.4845],[-3.5842,50.4777],[-3.5915,50.4597],[-3.5788,50.44],[-3.5871,50.4211],[-3.5693,50.4119],[-3.5558,50.4162],[-3.5448,50.4021],[-3.5195,50.4032],[-3.5119,50.3959],[-3.5052,50.4],[-3.513,50.4056],[-3.4825,50.4],[-3.5145,50.3735],[-3.5179,50.3464],[-3.5401,50.337],[-3.5735,50.3478],[-3.5643,50.3527],[-3.5763,50.3633],[-3.5686,50.3688],[-3.595,50.3822],[-3.5806,50.3722],[-3.5844,50.3603],[-3.5767,50.3462],[-3.5636,50.3354],[-3.5724,50.3261],[-3.6131,50.3175],[-3.6427,50.2901],[-3.6596,50.239],[-3.6407,50.2218],[-3.681,50.2224],[-3.7209,50.2025],[-3.7375,50.2148],[-3.7733,50.2242],[-3.7613,50.2362],[-3.7263,50.2367],[-3.7391,50.2411],[-3.7203,50.2481],[-3.7541,50.2408],[-3.749,50.256],[-3.7567,50.2548],[-3.7673,50.2631],[-3.7741,50.257],[-3.7649,50.254],[-3.7588,50.2406],[-3.7753,50.2438],[-3.7703,50.2397],[-3.7819,50.2296],[-3.7867,50.2108],[-3.8196,50.2164],[-3.8679,50.2398],[-3.8591,50.2425],[-3.8581,50.2607],[-3.8811,50.2771],[-3.8696,50.2791],[-3.8654,50.2846],[-3.8951,50.2818],[-3.9103,50.2941],[-3.9437,50.2959],[-3.9482,50.3093],[-3.9241,50.3508],[-3.8493,50.3809],[-3.8309,50.37],[-3.8054,50.3779],[-3.835,50.3914],[-3.8193,50.3961],[-3.8183,50.4124],[-3.8731,50.4241],[-3.8781,50.4361],[-3.8956,50.4438],[-3.899,50.4726],[-3.8802,50.4857],[-3.8926,50.5139],[-3.8892,50.5363],[-3.8756,50.5424],[-3.8714,50.5341],[-3.8447,50.5344],[-3.8272,50.5164],[-3.7992,50.5362],[-3.7995,50.5217],[-3.7848,50.5177],[-3.7918,50.5014],[-3.7759,50.4956],[-3.7982,50.4894],[-3.7767,50.4639],[-3.7589,50.4668],[-3.7692,50.4858],[-3.7653,50.5061],[-3.7418,50.508],[-3.7276,50.4977]]]},"properties":{"PCON24CD":"E14001484","PCON24NM":"South Devon"}},{"type":"Feature","geometry":{"type":"MultiPolygon","coordinates":[[[[-2.4557,50.5139],[-2.449,50.5596],[-2.5159,50.6059],[-2.4695,50.5824],[-2.4605,50.571],[-2.4222,50.5693],[-2.4284,50.5661],[-2.4186,50.5463],[-2.4557,50.5139]]],[[[-1.9562,50.692],[-1.9616,50.6863],[-1.988,50.6925],[-1.9562,50.692]]],[[[-2.2374,50.7178],[-2.1929,50.6999],[-2.1706,50.7021],[-2.1491,50.6923],[-2.1511,50.679],[-2.126,50.6763],[-2.1222,50.6623],[-2.0807,50.6506],[-2.0294,50.6743],[-2.0271,50.6681],[-2.0216,50.6821],[-2.0114,50.6827],[-2.0105,50.6709],[-1.9998,50.6757],[-1.9933,50.6673],[-1.9783,50.6769],[-1.9835,50.667],[-1.9681,50.6604],[-1.971,50.6693],[-1.9498,50.6802],[-1.9411,50.6721],[-1.9518,50.6501],[-1.9409,50.641],[-1.9238,50.6421],[-1.9567,50.617],[-1.9556,50.6083],[-1.9439,50.6075],[-1.9512,50.5946],[-2.0263,50.589],[-2.0549,50.5765],[-2.0641,50.5937],[-2.1107,50.5986],[-2.1345,50.6126],[-2.146,50.6085],[-2.158,50.6155],[-2.1985,50.623],[-2.2439,50.6165],[-2.3949,50.6367],[-2.4228,50.636],[-2.4394,50.6275],[-2.4525,50.6141],[-2.4414,50.6097],[-2.451,50.6038],[-2.4324,50.5962],[-2.4503,50.6011],[-2.4704,50.5831],[-2.4971,50.5973],[-2.4957,50.6029],[-2.5097,50.6125],[-2.5051,50.6175],[-2.5227,50.6276],[-2.5252,50.6465],[-2.5023,50.6502],[-2.4945,50.6787],[-2.4637,50.6716],[-2.467,50.6524],[-2.4327,50.6462],[-2.4243,50.6595],[-2.3743,50.6688],[-2.3535,50.7013],[-2.3092,50.7052],[-2.3037,50.7303],[-2.2845,50.749],[-2.2615,50.7552],[-2.266,50.7599],[-2.2424,50.7556],[-2.2275,50.7426],[-2.2374,50.7178]]]]},"properties":{"PCON24CD":"E14001485","PCON24NM":"South Dorset"}},{"type":"Feature","geometry":{"type":"Polygon","coordinates":[[[-4.2688,50.5353],[-4.2482,50.5439],[-4.2323,50.531],[-4.2073,50.5336],[-4.2028,50.5032],[-4.1858,50.5084],[-4.1808,50.5039],[-4.1994,50.4924],[-4.2209,50.4981],[-4.2181,50.4759],[-4.2386,50.464],[-4.2296,50.4558],[-4.2151,50.4666],[-4.2007,50.4364],[-4.2223,50.4262],[-4.2383,50.439],[-4.2239,50.422],[-4.2099,50.4254],[-4.2115,50.4047],[-4.233,50.3936],[-4.2022,50.3884],[-4.2095,50.3857],[-4.1948,50.3719],[-4.2092,50.3689],[-4.1971,50.3596],[-4.2076,50.3469],[-4.1716,50.3572],[-4.1706,50.3468],[-4.2013,50.3329],[-4.1884,50.3177],[-4.2102,50.3183],[-4.2227,50.3117],[-4.2195,50.3246],[-4.2292,50.3335],[-4.3082,50.3614],[-4.4102,50.3641],[-4.4366,50.361],[-4.4727,50.3332],[-4.4975,50.3374],[-4.539,50.3237],[-4.5785,50.3326],[-4.5984,50.3239],[-4.6067,50.329],[-4.633,50.3244],[-4.6385,50.3299],[-4.6088,50.3379],[-4.6311,50.339],[-4.6373,50.3706],[-4.662,50.39],[-4.6849,50.3747],[-4.7023,50.3879],[-4.7145,50.3647],[-4.7504,50.3676],[-4.7711,50.3991],[-4.7378,50.4085],[-4.7426,50.4221],[-4.705,50.4292],[-4.7057,50.4343],[-4.6816,50.4333],[-4.66,50.4505],[-4.6363,50.4428],[-4.6348,50.4554],[-4.6191,50.4595],[-4.6116,50.4752],[-4.6191,50.4872],[-4.6087,50.4959],[-4.6107,50.5345],[-4.5894,50.5404],[-4.5665,50.5599],[-4.5507,50.5614],[-4.5344,50.5427],[-4.5051,50.5594],[-4.4802,50.5407],[-4.4209,50.5419],[-4.3942,50.5548],[-4.4016,50.5618],[-4.3929,50.5755],[-4.3508,50.5692],[-4.3639,50.5556],[-4.3479,50.5426],[-4.3514,50.5338],[-4.3361,50.5344],[-4.3326,50.5218],[-4.3143,50.5243],[-4.2954,50.513],[-4.271,50.517],[-4.2688,50.5353]]]},"properties":{"PCON24CD":"E14001486","PCON24NM":"South East Cornwall"}},{"type":"Feature","geometry":{"type":"Polygon","coordinates":[[[0.027,52.8985],[0.0686,52.9187],[0.0692,52.9082],[0.0564,52.9034],[0.0734,52.9061],[0.077,52.8981],[0.145,52.8851],[0.136,52.8745],[0.1503,52.8824],[0.1763,52.8741],[0.2143,52.829],[0.1972,52.8297],[0.2151,52.8285],[0.2044,52.7816],[0.2168,52.8209],[0.2452,52.8222],[0.2657,52.8139],[0.245,52.7845],[0.2722,52.7728],[0.1863,52.7353],[0.133,52.7393],[0.089,52.7236],[0.0636,52.7274],[0.0441,52.7144],[0.0486,52.6814],[0.0215,52.6649],[-0.0313,52.6615],[-0.0637,52.6752],[-0.0878,52.6668],[-0.1022,52.6722],[-0.1411,52.6515],[-0.18,52.6606],[-0.1929,52.6524],[-0.206,52.6681],[-0.2587,52.6516],[-0.2892,52.6703],[-0.3192,52.6751],[-0.3358,52.6746],[-0.3409,52.6655],[-0.3628,52.6601],[-0.3611,52.6812],[-0.278,52.7108],[-0.3045,52.7461],[-0.2607,52.771],[-0.2763,52.8617],[-0.2709,52.8721],[-0.257,52.8672],[-0.2695,52.877],[-0.2467,52.9288],[-0.1566,52.9122],[-0.1427,52.8849],[-0.1185,52.8824],[-0.0848,52.8645],[-0.0403,52.8685],[0.027,52.8985]]]},"properties":{"PCON24CD":"E14001487","PCON24NM":"South Holland and The Deepings"}},{"type":"Feature","geometry":{"type":"Polygon","coordinates":[[[-1.168,52.6014],[-1.1742,52.5928],[-1.1593,52.5912],[-1.1593,52.5817],[-1.1436,52.588],[-1.1302,52.5622],[-1.1236,52.5689],[-1.0958,52.5656],[-1.0803,52.5556],[-1.0642,52.5621],[-1.0748,52.5404],[-1.0443,52.544],[-1.0308,52.5331],[-1.0155,52.5327],[-1.0167,52.5127],[-1.0357,52.5048],[-1.049,52.4795],[-1.0277,52.4585],[-1.0445,52.4458],[-1.0343,52.4363],[-1.05,52.4222],[-1.0844,52.4363],[-1.1293,52.4161],[-1.1494,52.397],[-1.184,52.3922],[-1.2016,52.3967],[-1.2407,52.4401],[-1.3251,52.5011],[-1.318,52.5151],[-1.3389,52.5548],[-1.3237,52.5678],[-1.302,52.5614],[-1.2729,52.566],[-1.27,52.5748],[-1.2968,52.5798],[-1.2984,52.5859],[-1.2746,52.601],[-1.2745,52.6162],[-1.246,52.6086],[-1.2085,52.6181],[-1.195,52.6005],[-1.168,52.6014]]]},"properties":{"PCON24CD":"E14001488","PCON24NM":"South Leicestershire"}},{"type":"Feature","geometry":{"type":"Polygon","coordinates":[[[1.1907,52.6785],[1.2066,52.6609],[1.2222,52.6731],[1.2485,52.6477],[1.2307,52.655],[1.2039,52.6447],[1.2129,52.6271],[1.2306,52.6309],[1.2315,52.6181],[1.2436,52.6171],[1.2579,52.5981],[1.2692,52.6018],[1.2855,52.5959],[1.3282,52.6233],[1.3685,52.6236],[1.3875,52.604],[1.4148,52.621],[1.4341,52.6197],[1.4537,52.5944],[1.485,52.5867],[1.4979,52.5708],[1.5184,52.5752],[1.5218,52.5624],[1.5406,52.5556],[1.592,52.558],[1.6075,52.574],[1.623,52.5742],[1.6463,52.5886],[1.6486,52.5763],[1.6058,52.5447],[1.6211,52.5397],[1.6286,52.526],[1.6543,52.5014],[1.6718,52.5039],[1.6823,52.4955],[1.6708,52.4765],[1.6271,52.4623],[1.5861,52.4787],[1.5681,52.4747],[1.5528,52.4592],[1.5285,52.4819],[1.5075,52.479],[1.5095,52.5012],[1.4553,52.5041],[1.447,52.5129],[1.3994,52.503],[1.3674,52.5206],[1.349,52.5179],[1.3343,52.4986],[1.3621,52.4891],[1.3449,52.4646],[1.2887,52.4517],[1.2357,52.4639],[1.2153,52.455],[1.1866,52.4841],[1.1474,52.4925],[1.1315,52.5097],[1.1081,52.5178],[1.0895,52.5146],[1.0929,52.5212],[1.0614,52.5374],[1.0809,52.5708],[1.0888,52.5704],[1.0922,52.5916],[1.0781,52.6003],[1.0982,52.6107],[1.1219,52.5995],[1.1336,52.6018],[1.1274,52.6223],[1.1377,52.6274],[1.1344,52.6329],[1.099,52.6351],[1.0896,52.6474],[1.0976,52.6498],[1.1352,52.6429],[1.1473,52.6714],[1.1738,52.6651],[1.1907,52.6785]]]},"properties":{"PCON24CD":"E14001489","PCON24NM":"South Norfolk"}},{"type":"Feature","geometry":{"type":"Polygon","coordinates":[[[-0.6537,52.2683],[-0.6373,52.2273],[-0.6681,52.195],[-0.7017,52.1933],[-0.7619,52.1635],[-0.7653,52.1711],[-0.7779,52.1688],[-0.7921,52.1513],[-0.802,52.1587],[-0.814,52.1425],[-0.832,52.1437],[-0.832,52.1313],[-0.8808,52.1263],[-0.887,52.1142],[-0.8715,52.1118],[-0.8695,52.1],[-0.8467,52.0915],[-0.8313,52.072],[-0.8396,52.0638],[-0.8627,52.0609],[-0.8524,52.0507],[-0.8713,52.0402],[-0.8776,52.0299],[-0.8901,52.0315],[-0.906,52.0212],[-0.9519,52.0815],[-0.9678,52.0709],[-1.0422,52.0737],[-1.0277,52.0637],[-1.0621,52.0627],[-1.122,52.0451],[-1.1367,52.0222],[-1.1181,52.0154],[-1.1343,51.9973],[-1.2006,51.9779],[-1.2416,51.9863],[-1.2827,51.9792],[-1.2888,51.9897],[-1.2782,52.0143],[-1.3129,52.0515],[-1.2975,52.0781],[-1.3182,52.0799],[-1.3212,52.087],[-1.2723,52.0979],[-1.248,52.0957],[-1.2518,52.102],[-1.2409,52.1065],[-1.2447,52.1279],[-1.2281,52.1352],[-1.1918,52.1457],[-1.1374,52.1464],[-1.1575,52.1695],[-1.1442,52.166],[-1.1372,52.1733],[-1.1286,52.1679],[-1.1269,52.1857],[-1.0956,52.1789],[-1.0831,52.1935],[-1.0384,52.1957],[-1.0652,52.2282],[-0.9974,52.2477],[-0.9891,52.2575],[-0.9618,52.2595],[-0.9677,52.2187],[-0.8943,52.1861],[-0.8923,52.197],[-0.8781,52.1951],[-0.837,52.2117],[-0.8302,52.2235],[-0.8409,52.237],[-0.737,52.2471],[-0.6851,52.2774],[-0.6537,52.2683]]]},"properties":{"PCON24CD":"E14001490","PCON24NM":"South Northamptonshire"}},{"type":"Feature","geometry":{"type":"Polygon","coordinates":[[[-2.7054,53.7503],[-2.6948,53.7172],[-2.6584,53.7177],[-2.6776,53.697],[-2.6579,53.6907],[-2.6588,53.6807],[-2.7081,53.6815],[-2.7177,53.666],[-2.6751,53.6657],[-2.6561,53.6477],[-2.6527,53.6327],[-2.6761,53.6235],[-2.6743,53.6159],[-2.6946,53.6158],[-2.6946,53.6266],[-2.7097,53.6178],[-2.7362,53.6237],[-2.7588,53.6147],[-2.793,53.623],[-2.7908,53.6146],[-2.8076,53.6283],[-2.8234,53.668],[-2.8185,53.6859],[-2.8336,53.6971],[-2.827,53.7143],[-2.8355,53.7243],[-2.8212,53.7303],[-2.8361,53.7248],[-2.8428,53.7316],[-2.836,53.737],[-2.845,53.7337],[-2.8447,53.7301],[-2.8554,53.7351],[-2.7939,53.7513],[-2.7323,53.7576],[-2.7054,53.7503]]]},"properties":{"PCON24CD":"E14001491","PCON24NM":"South Ribble"}},{"type":"Feature","geometry":{"type":"Polygon","coordinates":[[[-1.3641,54.943],[-1.3757,54.9369],[-1.4125,54.9358],[-1.4194,54.9299],[-1.4501,54.934],[-1.4527,54.9415],[-1.4289,54.95],[-1.4629,54.9593],[-1.451,54.9647],[-1.4606,54.971],[-1.4491,54.9771],[-1.4514,54.9845],[-1.4258,55.0062],[-1.4122,55.0062],[-1.4109,54.9989],[-1.3566,54.9653],[-1.3641,54.943]]]},"properties":{"PCON24CD":"E14001492","PCON24NM":"South Shields"}},{"type":"Feature","geometry":{"type":"Polygon","coordinates":[[[-2.5101,52.6384],[-2.4865,52.6239],[-2.4381,52.6146],[-2.4164,52.6449],[-2.3856,52.6476],[-2.3568,52.6227],[-2.349,52.6324],[-2.3273,52.6368],[-2.3211,52.6147],[-2.322,52.5936],[-2.3003,52.593],[-2.2619,52.5691],[-2.2825,52.5534],[-2.2564,52.5417],[-2.2692,52.5307],[-2.2609,52.5241],[-2.2914,52.5117],[-2.3127,52.4892],[-2.2874,52.4553],[-2.3118,52.4375],[-2.3635,52.4394],[-2.373,52.4019],[-2.3356,52.3853],[-2.3674,52.3881],[-2.3907,52.3815],[-2.4105,52.3872],[-2.4147,52.3682],[-2.4747,52.3672],[-2.4884,52.3554],[-2.4818,52.3311],[-2.5132,52.3292],[-2.5121,52.3371],[-2.5391,52.3441],[-2.5622,52.3331],[-2.5626,52.3111],[-2.5747,52.3176],[-2.6181,52.3069],[-2.6239,52.3214],[-2.6651,52.3423],[-2.6891,52.3166],[-2.6798,52.312],[-2.7142,52.3088],[-2.767,52.3362],[-2.7484,52.3349],[-2.7327,52.3555],[-2.7924,52.3569],[-2.7925,52.3753],[-2.8073,52.3759],[-2.8054,52.3883],[-2.855,52.3955],[-2.8884,52.3852],[-2.8931,52.3741],[-2.9177,52.3863],[-2.9223,52.3751],[-2.9008,52.3673],[-2.9261,52.367],[-2.9389,52.3611],[-2.9331,52.3501],[-2.9547,52.3492],[-2.9745,52.3547],[-3.0402,52.3443],[-3.0633,52.3492],[-3.1106,52.3772],[-3.1544,52.3877],[-3.1789,52.4094],[-3.2195,52.4212],[-3.2356,52.4425],[-3.2309,52.4532],[-3.1972,52.476],[-3.1802,52.4739],[-3.1115,52.4989],[-3.0292,52.5013],[-3.0324,52.5237],[-3.0015,52.5225],[-2.9942,52.5529],[-3.0142,52.5755],[-3.0873,52.5513],[-3.0854,52.5345],[-3.1315,52.527],[-3.137,52.5326],[-3.1115,52.5414],[-3.1395,52.5857],[-3.1174,52.5858],[-3.0893,52.5996],[-3.0936,52.6093],[-3.0732,52.629],[-3.0598,52.6308],[-3.0836,52.6413],[-3.0511,52.6474],[-3.0447,52.6656],[-3.0186,52.6524],[-2.9556,52.6613],[-2.954,52.6421],[-2.9663,52.6367],[-2.9508,52.624],[-2.9555,52.6142],[-2.929,52.6143],[-2.9321,52.6228],[-2.9017,52.6285],[-2.8956,52.6009],[-2.878,52.6011],[-2.8729,52.6063],[-2.8898,52.6125],[-2.8819,52.6279],[-2.8062,52.6359],[-2.7892,52.6543],[-2.7689,52.6539],[-2.7505,52.6653],[-2.7315,52.6632],[-2.7443,52.6796],[-2.7098,52.6917],[-2.7126,52.699],[-2.6762,52.7021],[-2.6574,52.695],[-2.6243,52.7034],[-2.5556,52.6711],[-2.5484,52.6546],[-2.5101,52.6384]]]},"properties":{"PCON24CD":"E14001493","PCON24NM":"South Shropshire"}},{"type":"Feature","geometry":{"type":"Polygon","coordinates":[[[0.716,52.1777],[0.7231,52.165],[0.7383,52.17],[0.742,52.1593],[0.7615,52.1579],[0.7651,52.1739],[0.7866,52.1779],[0.826,52.1626],[0.8688,52.1656],[0.8816,52.1547],[0.8939,52.1577],[0.8924,52.1505],[0.938,52.1575],[0.9466,52.1455],[0.9515,52.1106],[0.9731,52.1069],[0.9708,52.0957],[1.0038,52.0986],[1.0288,52.0699],[1.0414,52.0686],[1.0466,52.0781],[1.0591,52.0663],[1.0913,52.0654],[1.1076,52.0721],[1.122,52.0615],[1.1073,52.0465],[1.1129,52.0346],[1.1296,52.03],[1.1498,52.0336],[1.2118,51.9965],[1.2673,51.9878],[1.2756,51.9575],[1.243,51.9614],[1.2198,51.9529],[1.1878,51.9555],[1.1635,51.9706],[1.1304,51.9535],[1.0857,51.959],[1.0685,51.9503],[1.0477,51.9595],[1.0187,51.9532],[0.999,51.9639],[0.971,51.9624],[0.9626,51.9772],[0.9429,51.9707],[0.9252,51.9762],[0.8897,51.9734],[0.8502,51.9608],[0.8247,51.9685],[0.8109,51.9607],[0.7815,51.9665],[0.7723,51.9704],[0.7746,51.9826],[0.7597,51.9854],[0.7611,51.9975],[0.7385,52.0107],[0.7406,52.0312],[0.7144,52.0273],[0.6965,52.0393],[0.6994,52.0484],[0.7163,52.0487],[0.7032,52.0653],[0.7121,52.0722],[0.6842,52.087],[0.6569,52.0854],[0.6269,52.129],[0.6372,52.1334],[0.6414,52.1563],[0.6536,52.1615],[0.6917,52.1576],[0.6943,52.1801],[0.716,52.1777]]]},"properties":{"PCON24CD":"E14001494","PCON24NM":"South Suffolk"}},{"type":"Feature","geometry":{"type":"Polygon","coordinates":[[[-3.899,50.4726],[-3.8956,50.4438],[-3.8781,50.4361],[-3.8731,50.4241],[-3.8183,50.4124],[-3.8193,50.3961],[-3.835,50.3914],[-3.8054,50.3779],[-3.8309,50.37],[-3.8493,50.3809],[-3.9241,50.3508],[-3.9526,50.3082],[-3.9919,50.3075],[-4.0428,50.2954],[-4.0711,50.3049],[-4.0333,50.3134],[-4.0532,50.3177],[-4.056,50.3114],[-4.119,50.3194],[-4.1222,50.3504],[-4.1299,50.3589],[-4.1054,50.3565],[-4.1124,50.3594],[-4.0855,50.3905],[-4.0792,50.419],[-4.1101,50.4324],[-4.1135,50.4442],[-4.1357,50.4329],[-4.1559,50.4364],[-4.1767,50.4226],[-4.1898,50.4285],[-4.1627,50.4494],[-4.1565,50.4464],[-4.1551,50.461],[-4.1443,50.4745],[-4.1603,50.4863],[-4.148,50.4879],[-4.1597,50.4932],[-4.1553,50.509],[-4.1333,50.5192],[-4.1191,50.5141],[-4.0962,50.5253],[-4.081,50.5117],[-4.0555,50.5313],[-4.0541,50.5481],[-4.0381,50.552],[-4.0242,50.5395],[-3.9964,50.5435],[-3.9811,50.5342],[-3.9693,50.5126],[-3.976,50.5004],[-3.9458,50.4983],[-3.9488,50.4887],[-3.899,50.4726]]]},"properties":{"PCON24CD":"E14001495","PCON24NM":"South West Devon"}},{"type":"Feature","geometry":{"type":"Polygon","coordinates":[[[-0.4119,51.7321],[-0.405,51.7125],[-0.3808,51.707],[-0.3756,51.6929],[-0.4024,51.7019],[-0.4314,51.6824],[-0.4283,51.6706],[-0.4395,51.6728],[-0.4244,51.655],[-0.4311,51.6421],[-0.3774,51.6377],[-0.3626,51.6235],[-0.4014,51.6132],[-0.4454,51.6197],[-0.4571,51.6123],[-0.4971,51.6317],[-0.5006,51.5997],[-0.5225,51.6051],[-0.5393,51.638],[-0.5369,51.6604],[-0.5228,51.6584],[-0.521,51.668],[-0.5051,51.6731],[-0.5243,51.6821],[-0.5155,51.7066],[-0.4696,51.6968],[-0.4825,51.7279],[-0.467,51.7347],[-0.4455,51.7265],[-0.4221,51.7408],[-0.4119,51.7321]]]},"properties":{"PCON24CD":"E14001496","PCON24NM":"South West Hertfordshire"}},{"type":"Feature","geometry":{"type":"Polygon","coordinates":[[[0.6969,52.7009],[0.7546,52.6735],[0.7498,52.6519],[0.7744,52.6182],[0.8363,52.618],[0.7957,52.5898],[0.7626,52.58],[0.7736,52.5671],[0.8028,52.5713],[0.8052,52.5643],[0.7919,52.5588],[0.8226,52.5116],[0.7943,52.504],[0.7699,52.5066],[0.7567,52.472],[0.8269,52.4556],[0.8811,52.4639],[0.8782,52.4778],[0.9124,52.4791],[0.923,52.4472],[0.9478,52.4548],[0.9669,52.4343],[1.0016,52.4484],[1.0337,52.4347],[1.0629,52.4332],[1.057,52.4201],[1.0428,52.4256],[1.0212,52.4164],[1.034,52.4157],[1.0214,52.406],[1.03,52.3782],[0.9675,52.3701],[0.9311,52.3887],[0.866,52.3905],[0.8542,52.3996],[0.7847,52.3862],[0.766,52.3904],[0.7498,52.3829],[0.7376,52.3951],[0.7124,52.3946],[0.6685,52.4091],[0.7189,52.4496],[0.684,52.4532],[0.6663,52.4625],[0.6422,52.451],[0.6203,52.4543],[0.6156,52.449],[0.5548,52.456],[0.5237,52.4482],[0.4454,52.4474],[0.4293,52.4365],[0.4285,52.4547],[0.3807,52.4795],[0.3671,52.5012],[0.3094,52.5136],[0.2564,52.5077],[0.246,52.4999],[0.2061,52.5196],[0.2306,52.5279],[0.2058,52.5339],[0.2131,52.5382],[0.2038,52.5454],[0.2146,52.5491],[0.2052,52.5478],[0.2047,52.5547],[0.2172,52.5605],[0.2057,52.5657],[0.2184,52.5724],[0.1996,52.5827],[0.1916,52.6015],[0.2191,52.622],[0.1761,52.6445],[0.1696,52.6528],[0.1838,52.6557],[0.2266,52.6487],[0.2481,52.6741],[0.2752,52.6795],[0.2938,52.7325],[0.3072,52.7259],[0.3822,52.7262],[0.3869,52.6881],[0.4868,52.6983],[0.5019,52.6868],[0.561,52.7014],[0.6055,52.6971],[0.626,52.7018],[0.6477,52.6907],[0.6538,52.7041],[0.6969,52.7009]]]},"properties":{"PCON24CD":"E14001497","PCON24NM":"South West Norfolk"}},{"type":"Feature","geometry":{"type":"Polygon","coordinates":[[[-2.0066,51.2323],[-1.9914,51.2285],[-1.9933,51.2144],[-1.977,51.2178],[-1.9725,51.2083],[-1.9575,51.2076],[-1.9559,51.1926],[-2.0033,51.1791],[-2.0118,51.1477],[-1.9974,51.1439],[-2.0169,51.114],[-2.1476,51.1275],[-2.1692,51.1193],[-2.218,51.0552],[-2.2447,51.0723],[-2.2686,51.0687],[-2.3259,51.0797],[-2.3625,51.1016],[-2.3645,51.1189],[-2.3445,51.1247],[-2.3463,51.1305],[-2.2984,51.1754],[-2.2453,51.2539],[-2.2535,51.2898],[-2.2655,51.2962],[-2.28,51.2922],[-2.2783,51.3024],[-2.2334,51.3091],[-2.2316,51.3326],[-2.2126,51.3299],[-2.1923,51.35],[-2.1584,51.3535],[-2.1658,51.3445],[-2.1556,51.3341],[-2.1603,51.325],[-2.1785,51.3237],[-2.1751,51.3119],[-2.1551,51.3164],[-2.1603,51.3094],[-2.1341,51.2896],[-2.1056,51.2951],[-2.1047,51.3085],[-2.088,51.3097],[-2.076,51.2843],[-2.0903,51.2622],[-2.0836,51.2356],[-2.0721,51.2548],[-2.061,51.2475],[-2.0374,51.2492],[-2.0374,51.2386],[-2.0202,51.2445],[-2.0066,51.2323]]]},"properties":{"PCON24CD":"E14001498","PCON24NM":"South West Wiltshire"}},{"type":"Feature","geometry":{"type":"MultiPolygon","coordinates":[[[[-1.4065,50.9166],[-1.3926,50.9047],[-1.3881,50.9061],[-1.3933,50.883],[-1.399,50.8946],[-1.4181,50.9018],[-1.4154,50.9148],[-1.4065,50.9166]]],[[[-1.359,50.938],[-1.324,50.9044],[-1.3639,50.8793],[-1.3843,50.8916],[-1.3849,50.904],[-1.3717,50.9121],[-1.3897,50.9166],[-1.378,50.922],[-1.3806,50.9324],[-1.359,50.938]]]]},"properties":{"PCON24CD":"E14001499","PCON24NM":"Southampton Itchen"}},{"type":"Feature","geometry":{"type":"Polygon","coordinates":[[[-1.3806,50.9324],[-1.378,50.922],[-1.3897,50.9166],[-1.3762,50.9107],[-1.3926,50.9047],[-1.4065,50.9166],[-1.4154,50.9148],[-1.4181,50.9018],[-1.4426,50.9112],[-1.4471,50.9038],[-1.4651,50.9103],[-1.4773,50.9285],[-1.4495,50.9499],[-1.4238,50.9472],[-1.4288,50.929],[-1.398,50.9379],[-1.3806,50.9324]]]},"properties":{"PCON24CD":"E14001500","PCON24NM":"Southampton Test"}},{"type":"Feature","geometry":{"type":"MultiPolygon","coordinates":[[[[0.8375,51.5852],[0.8229,51.5649],[0.8081,51.5856],[0.8301,51.596],[0.8375,51.5852]]],[[[0.8845,51.5685],[0.8664,51.5589],[0.8258,51.5645],[0.8401,51.582],[0.838,51.5936],[0.8668,51.5952],[0.8744,51.6142],[0.9575,51.6205],[0.9299,51.5924],[0.8845,51.5685]]],[[[0.7647,51.6385],[0.7844,51.6243],[0.8654,51.6154],[0.854,51.5958],[0.812,51.6031],[0.8191,51.5976],[0.7964,51.5864],[0.7643,51.5832],[0.8059,51.5861],[0.7934,51.5764],[0.8081,51.5787],[0.8178,51.5619],[0.8507,51.5563],[0.7821,51.5213],[0.6901,51.5353],[0.6924,51.5439],[0.7136,51.5508],[0.7376,51.5419],[0.7411,51.5575],[0.644,51.5751],[0.6408,51.5911],[0.7004,51.5848],[0.6964,51.5982],[0.7125,51.6012],[0.6993,51.619],[0.7113,51.6353],[0.7461,51.6328],[0.7647,51.6385]]]]},"properties":{"PCON24CD":"E14001501","PCON24NM":"Southend East and Rochford"}},{"type":"Feature","geometry":{"type":"Polygon","coordinates":[[[0.6901,51.5353],[0.6269,51.5383],[0.6321,51.5705],[0.644,51.5751],[0.7411,51.5575],[0.7376,51.5419],[0.7136,51.5508],[0.6924,51.5439],[0.6901,51.5353]]]},"properties":{"PCON24CD":"E14001502","PCON24NM":"Southend West and Leigh"}},{"type":"Feature","geometry":{"type":"Polygon","coordinates":[[[-0.1094,51.6455],[-0.1055,51.639],[-0.1195,51.6295],[-0.0996,51.6224],[-0.1027,51.6147],[-0.0873,51.6164],[-0.0768,51.5984],[-0.096,51.5983],[-0.1126,51.5882],[-0.1445,51.6155],[-0.1291,51.6323],[-0.1547,51.6555],[-0.1859,51.6628],[-0.1635,51.6859],[-0.1489,51.681],[-0.1524,51.6669],[-0.1272,51.6668],[-0.1251,51.6515],[-0.1135,51.6538],[-0.1094,51.6455]]]},"properties":{"PCON24CD":"E14001503","PCON24NM":"Southgate and Wood Green"}},{"type":"Feature","geometry":{"type":"Polygon","coordinates":[[[-2.8563,53.7314],[-2.827,53.7143],[-2.8336,53.6971],[-2.8185,53.6859],[-2.8234,53.668],[-2.8076,53.6283],[-2.8094,53.6218],[-2.8484,53.6246],[-2.899,53.6497],[-2.9311,53.6474],[-2.944,53.6379],[-2.9604,53.6387],[-2.9818,53.6222],[-2.9979,53.6267],[-3.0141,53.6113],[-3.0257,53.617],[-3.0365,53.6088],[-3.0666,53.6097],[-3.0587,53.6212],[-3.0057,53.6647],[-3.0141,53.6791],[-2.9829,53.6826],[-2.9872,53.6893],[-2.9776,53.6857],[-2.9673,53.6984],[-2.9716,53.6923],[-2.96,53.6918],[-2.9607,53.6858],[-2.9537,53.6916],[-2.9575,53.6833],[-2.9463,53.6792],[-2.9505,53.6917],[-2.9623,53.6938],[-2.9562,53.6975],[-2.9371,53.6951],[-2.9511,53.6998],[-2.9367,53.7019],[-2.955,53.704],[-2.9438,53.7081],[-2.9318,53.7],[-2.9262,53.7047],[-2.9482,53.7115],[-2.9383,53.7249],[-2.9143,53.7109],[-2.9293,53.7242],[-2.8563,53.7314]]]},"properties":{"PCON24CD":"E14001504","PCON24NM":"Southport"}},{"type":"Feature","geometry":{"type":"Polygon","coordinates":[[[-0.5098,51.4692],[-0.4587,51.4563],[-0.4565,51.4381],[-0.3913,51.4223],[-0.3834,51.4085],[-0.4096,51.4047],[-0.4321,51.384],[-0.4428,51.3898],[-0.4627,51.3784],[-0.4765,51.3901],[-0.4847,51.3868],[-0.4932,51.4119],[-0.5124,51.4172],[-0.5104,51.4296],[-0.5228,51.4353],[-0.5406,51.4584],[-0.53,51.4702],[-0.5098,51.4692]]]},"properties":{"PCON24CD":"E14001505","PCON24NM":"Spelthorne"}},{"type":"Feature","geometry":{"type":"Polygon","coordinates":[[[-1.6816,53.7565],[-1.6584,53.7455],[-1.6379,53.7477],[-1.6323,53.7308],[-1.6383,53.7268],[-1.6517,53.7336],[-1.6652,53.7217],[-1.6544,53.717],[-1.6673,53.6966],[-1.6612,53.6847],[-1.6779,53.675],[-1.664,53.6729],[-1.6611,53.6629],[-1.678,53.6511],[-1.7055,53.6566],[-1.7102,53.6477],[-1.7345,53.6533],[-1.7314,53.6804],[-1.7359,53.7132],[-1.7536,53.7259],[-1.7701,53.7263],[-1.7609,53.7346],[-1.7459,53.7345],[-1.7472,53.7468],[-1.7338,53.7469],[-1.7144,53.7625],[-1.6816,53.7565]]]},"properties":{"PCON24CD":"E14001506","PCON24NM":"Spen Valley"}},{"type":"Feature","geometry":{"type":"Polygon","coordinates":[[[-0.267,51.768],[-0.2416,51.7424],[-0.2551,51.7295],[-0.2648,51.738],[-0.2843,51.733],[-0.2864,51.7211],[-0.277,51.7213],[-0.302,51.7081],[-0.3,51.6965],[-0.3223,51.6935],[-0.3269,51.7035],[-0.3541,51.6989],[-0.3553,51.6906],[-0.372,51.6876],[-0.3808,51.707],[-0.405,51.7125],[-0.4119,51.7321],[-0.3568,51.7345],[-0.3753,51.7463],[-0.3535,51.7559],[-0.3623,51.7589],[-0.3352,51.7797],[-0.3249,51.7789],[-0.3223,51.7671],[-0.3041,51.7728],[-0.285,51.7602],[-0.267,51.768]]]},"properties":{"PCON24CD":"E14001507","PCON24NM":"St Albans"}},{"type":"Feature","geometry":{"type":"Polygon","coordinates":[[[-4.7426,50.4221],[-4.7378,50.4085],[-4.7711,50.3991],[-4.7504,50.3676],[-4.7145,50.3647],[-4.7023,50.3879],[-4.6849,50.3747],[-4.662,50.39],[-4.6373,50.3706],[-4.6311,50.339],[-4.6676,50.3231],[-4.6725,50.3139],[-4.6848,50.3201],[-4.6824,50.338],[-4.6881,50.3397],[-4.6895,50.348],[-4.7568,50.3311],[-4.7669,50.3208],[-4.7527,50.2985],[-4.7641,50.3004],[-4.7812,50.2901],[-4.787,50.2695],[-4.7857,50.2618],[-4.7695,50.2552],[-4.8022,50.26],[-4.8047,50.2788],[-4.8202,50.2666],[-4.8294,50.2696],[-4.8762,50.2535],[-4.8819,50.2707],[-4.8688,50.285],[-4.8731,50.2921],[-4.905,50.2876],[-4.9127,50.3006],[-4.9026,50.3],[-4.8999,50.3213],[-4.9225,50.3301],[-4.9269,50.3609],[-4.9525,50.3594],[-4.9442,50.3433],[-4.9714,50.3454],[-4.973,50.3358],[-4.9935,50.3408],[-5.0065,50.3527],[-4.9948,50.3609],[-5.0013,50.3771],[-4.9841,50.389],[-4.9897,50.3928],[-5.0632,50.3934],[-5.0749,50.405],[-5.1237,50.41],[-5.1024,50.4131],[-5.0998,50.4254],[-5.0775,50.4158],[-5.0548,50.4257],[-5.0435,50.4478],[-5.0077,50.4434],[-5.0092,50.4347],[-4.9949,50.4341],[-4.9939,50.4214],[-4.9726,50.4137],[-4.9684,50.4],[-4.9467,50.4094],[-4.907,50.4029],[-4.8811,50.4135],[-4.8772,50.4278],[-4.8431,50.4369],[-4.837,50.4178],[-4.8122,50.4322],[-4.8092,50.4428],[-4.7982,50.4294],[-4.7648,50.4366],[-4.761,50.4274],[-4.7426,50.4221]]]},"properties":{"PCON24CD":"E14001508","PCON24NM":"St Austell and Newquay"}},{"type":"Feature","geometry":{"type":"Polygon","coordinates":[[[-2.7304,53.5206],[-2.699,53.502],[-2.6663,53.4997],[-2.6455,53.4803],[-2.6121,53.4811],[-2.6154,53.4636],[-2.5767,53.4461],[-2.5853,53.4398],[-2.5987,53.4504],[-2.5962,53.4427],[-2.6275,53.4344],[-2.6339,53.4424],[-2.6767,53.4529],[-2.6822,53.4392],[-2.6936,53.4356],[-2.7167,53.4467],[-2.7124,53.4597],[-2.7409,53.4619],[-2.7554,53.4557],[-2.7913,53.4711],[-2.8187,53.4669],[-2.825,53.4852],[-2.8166,53.5123],[-2.7825,53.5314],[-2.7689,53.5136],[-2.7304,53.5206]]]},"properties":{"PCON24CD":"E14001509","PCON24NM":"St Helens North"}},{"type":"Feature","geometry":{"type":"Polygon","coordinates":[[[-2.6822,53.4392],[-2.6688,53.441],[-2.6753,53.433],[-2.6639,53.4297],[-2.6763,53.3876],[-2.7103,53.3893],[-2.7189,53.3998],[-2.7868,53.4012],[-2.7857,53.4149],[-2.8133,53.4173],[-2.7874,53.429],[-2.805,53.4387],[-2.7951,53.4432],[-2.8044,53.4672],[-2.7913,53.4711],[-2.7554,53.4557],[-2.7409,53.4619],[-2.7124,53.4597],[-2.7167,53.4467],[-2.6936,53.4356],[-2.6822,53.4392]]]},"properties":{"PCON24CD":"E14001510","PCON24NM":"St Helens South and Whiston"}},{"type":"Feature","geometry":{"type":"MultiPolygon","coordinates":[[[[-6.3491,49.8982],[-6.3285,49.8921],[-6.3383,49.8934],[-6.3413,49.8823],[-6.3528,49.8892],[-6.3491,49.8982]]],[[[-6.2758,49.9212],[-6.2878,49.91],[-6.303,49.9115],[-6.3039,49.9032],[-6.3129,49.9132],[-6.3205,49.9089],[-6.3276,49.9126],[-6.3091,49.9166],[-6.3121,49.9285],[-6.2978,49.9368],[-6.2766,49.9288],[-6.2758,49.9212]]],[[[-6.3319,49.9396],[-6.3465,49.9669],[-6.3207,49.9541],[-6.3319,49.9396]]],[[[-6.3495,49.9519],[-6.3557,49.9465],[-6.3603,49.949],[-6.3587,49.967],[-6.3481,49.9557],[-6.3495,49.9519]]],[[[-6.2936,49.9783],[-6.2887,49.9662],[-6.2617,49.9629],[-6.2839,49.9563],[-6.3023,49.9632],[-6.2954,49.9758],[-6.2922,49.9744],[-6.2936,49.9783]]],[[[-5.4692,50.1999],[-5.435,50.1936],[-5.437,50.1761],[-5.3962,50.1721],[-5.3817,50.1586],[-5.328,50.1705],[-5.317,50.196],[-5.2752,50.1787],[-5.2281,50.2053],[-5.197,50.1684],[-5.1789,50.1659],[-5.1835,50.15],[-5.2084,50.1455],[-5.2127,50.1204],[-5.1885,50.1076],[-5.1994,50.0894],[-5.1542,50.0925],[-5.1476,50.0853],[-5.1505,50.0929],[-5.1074,50.0941],[-5.0948,50.0891],[-5.1179,50.0823],[-5.076,50.0856],[-5.0796,50.0688],[-5.0677,50.0676],[-5.0578,50.0528],[-5.0688,50.0351],[-5.0968,50.0264],[-5.0912,50.0157],[-5.1013,50.0042],[-5.1226,50.0092],[-5.1666,50.0038],[-5.1888,49.9739],[-5.1859,49.963],[-5.2102,49.9602],[-5.2195,49.9714],[-5.2457,49.9762],[-5.244,49.9841],[-5.2684,50.0046],[-5.2559,50.0216],[-5.2618,50.0343],[-5.28,50.0419],[-5.2794,50.0564],[-5.3163,50.0852],[-5.3391,50.092],[-5.3632,50.089],[-5.3918,50.1035],[-5.4294,50.0969],[-5.4292,50.1055],[-5.4635,50.1227],[-5.4839,50.1276],[-5.5301,50.1237],[-5.531,50.1143],[-5.5494,50.1065],[-5.5333,50.0885],[-5.535,50.085],[-5.5491,50.0669],[-5.5772,50.0518],[-5.6191,50.0512],[-5.6364,50.04],[-5.6484,50.0438],[-5.6817,50.0379],[-5.6926,50.054],[-5.7132,50.0648],[-5.6886,50.0903],[-5.7101,50.1274],[-5.6731,50.1662],[-5.6291,50.1677],[-5.6007,50.1933],[-5.5909,50.1887],[-5.5388,50.2162],[-5.4773,50.219],[-5.4692,50.1999]]]]},"properties":{"PCON24CD":"E14001511","PCON24NM":"St Ives"}},{"type":"Feature","geometry":{"type":"Polygon","coordinates":[[[0.1299,52.2357],[0.0687,52.2149],[0.0492,52.2151],[0.0534,52.2084],[0.038,52.2065],[0.0388,52.2156],[-0.0053,52.219],[-0.028,52.1853],[-0.0127,52.1818],[-0.0426,52.1556],[-0.066,52.1572],[-0.0697,52.1643],[-0.072,52.1587],[-0.1476,52.1581],[-0.1525,52.1696],[-0.1895,52.1692],[-0.2167,52.1588],[-0.2607,52.1764],[-0.2407,52.1902],[-0.2618,52.2099],[-0.2944,52.2084],[-0.2997,52.2199],[-0.277,52.2506],[-0.2952,52.2621],[-0.2381,52.2552],[-0.2279,52.2708],[-0.1826,52.2568],[-0.1755,52.2802],[-0.1481,52.2846],[-0.1381,52.2766],[-0.1055,52.2879],[-0.0862,52.3083],[-0.0551,52.3155],[-0.0149,52.3126],[0.0096,52.3417],[0.0439,52.3529],[0.1201,52.3197],[0.1014,52.3122],[0.1019,52.3041],[0.0804,52.3044],[0.0633,52.2925],[0.0941,52.2654],[0.1359,52.2756],[0.1308,52.2654],[0.146,52.2535],[0.1299,52.2357]]]},"properties":{"PCON24CD":"E14001512","PCON24NM":"St Neots and Mid Cambridgeshire"}},{"type":"Feature","geometry":{"type":"Polygon","coordinates":[[[-2.2271,52.9763],[-2.2702,52.9634],[-2.278,52.9512],[-2.2639,52.9233],[-2.2405,52.9245],[-2.216,52.902],[-2.2219,52.8897],[-2.2053,52.8859],[-2.1784,52.8943],[-2.1674,52.8692],[-2.1465,52.8684],[-2.1333,52.8572],[-2.1389,52.8471],[-2.0671,52.7973],[-2.0733,52.7798],[-2.0951,52.7811],[-2.0952,52.7864],[-2.0989,52.7732],[-2.1144,52.7688],[-2.1447,52.7836],[-2.1607,52.7427],[-2.178,52.744],[-2.1882,52.7329],[-2.2168,52.7329],[-2.2454,52.7152],[-2.275,52.7428],[-2.3122,52.7408],[-2.385,52.7896],[-2.3713,52.7953],[-2.3777,52.8116],[-2.4163,52.827],[-2.3938,52.8366],[-2.3754,52.8916],[-2.4193,52.8868],[-2.4461,52.874],[-2.4708,52.9059],[-2.4367,52.9439],[-2.4252,52.95],[-2.4055,52.9473],[-2.4134,52.9614],[-2.3871,52.9527],[-2.3798,52.976],[-2.3235,52.9782],[-2.3032,52.9848],[-2.3043,52.9942],[-2.2554,52.988],[-2.2271,52.9763]]]},"properties":{"PCON24CD":"E14001513","PCON24NM":"Stafford"}},{"type":"Feature","geometry":{"type":"Polygon","coordinates":[[[-1.8987,53.2],[-1.8608,53.1885],[-1.8126,53.1544],[-1.8219,53.1367],[-1.7837,53.103],[-1.7942,53.0884],[-1.7757,53.0594],[-1.779,53.0449],[-1.7948,53.0393],[-1.7848,53.0246],[-1.7961,53.0132],[-1.8131,53.0294],[-1.8305,53.033],[-1.856,53.0341],[-1.8715,53.02],[-1.8841,53.0201],[-1.8806,52.9946],[-1.8612,52.9749],[-1.9222,52.9636],[-1.9498,52.9813],[-1.961,52.9711],[-1.9516,52.9603],[-2.0029,52.9587],[-2.0057,52.9721],[-2.0288,52.9784],[-2.0202,52.9836],[-2.0607,52.9823],[-2.0719,52.9712],[-2.0918,52.9853],[-2.0886,52.9971],[-2.1013,52.9956],[-2.129,53.0436],[-2.1166,53.048],[-2.1254,53.0646],[-2.1611,53.0701],[-2.1717,53.0894],[-2.2113,53.1158],[-2.1555,53.1597],[-2.1414,53.1566],[-2.1407,53.1836],[-2.1119,53.1686],[-2.0702,53.1717],[-2.0461,53.1928],[-2.0017,53.193],[-1.9874,53.2136],[-1.9624,53.2262],[-1.9567,53.2137],[-1.8987,53.2]]]},"properties":{"PCON24CD":"E14001514","PCON24NM":"Staffordshire Moorlands"}},{"type":"Feature","geometry":{"type":"Polygon","coordinates":[[[-1.9634,53.5098],[-1.9878,53.4811],[-1.9858,53.4552],[-2.0082,53.4415],[-2.0042,53.4359],[-2.0142,53.4398],[-2.0263,53.4299],[-2.0794,53.4261],[-2.0928,53.4375],[-2.0984,53.4636],[-2.073,53.4718],[-2.0785,53.4773],[-2.0547,53.5112],[-2.0619,53.5223],[-2.0549,53.5314],[-2.0305,53.5302],[-2.0188,53.5214],[-1.9969,53.5221],[-1.9634,53.5098]]]},"properties":{"PCON24CD":"E14001515","PCON24NM":"Stalybridge and Hyde"}},{"type":"Feature","geometry":{"type":"Polygon","coordinates":[[[-0.1622,51.9203],[-0.1378,51.9025],[-0.1426,51.8842],[-0.1209,51.8668],[-0.1272,51.8582],[-0.1291,51.8659],[-0.1389,51.8619],[-0.1541,51.8354],[-0.1684,51.8312],[-0.1785,51.8412],[-0.1695,51.8394],[-0.1668,51.8502],[-0.1835,51.8604],[-0.2067,51.8543],[-0.1995,51.8438],[-0.2146,51.8396],[-0.206,51.8464],[-0.2129,51.8514],[-0.2239,51.8467],[-0.2249,51.8332],[-0.2416,51.8353],[-0.2473,51.8462],[-0.2725,51.8405],[-0.2486,51.8838],[-0.2336,51.8814],[-0.2241,51.8885],[-0.2344,51.9053],[-0.2266,51.9301],[-0.1846,51.9324],[-0.1622,51.9203]]]},"properties":{"PCON24CD":"E14001516","PCON24NM":"Stevenage"}},{"type":"Feature","geometry":{"type":"Polygon","coordinates":[[[-2.1307,53.4394],[-2.1266,53.4242],[-2.156,53.4012],[-2.1463,53.393],[-2.1555,53.3823],[-2.1879,53.3881],[-2.1861,53.3969],[-2.2126,53.407],[-2.2077,53.4201],[-2.1885,53.4367],[-2.1765,53.4331],[-2.166,53.4538],[-2.1417,53.4383],[-2.1307,53.4394]]]},"properties":{"PCON24CD":"E14001517","PCON24NM":"Stockport"}},{"type":"Feature","geometry":{"type":"Polygon","coordinates":[[[-1.1923,54.6295],[-1.2007,54.6229],[-1.173,54.6215],[-1.168,54.6293],[-1.16,54.6113],[-1.1877,54.5897],[-1.1986,54.5829],[-1.2547,54.5906],[-1.2654,54.5687],[-1.3096,54.5647],[-1.3137,54.534],[-1.3311,54.5323],[-1.3272,54.5391],[-1.3397,54.5432],[-1.3287,54.5553],[-1.3409,54.5596],[-1.3245,54.571],[-1.3383,54.5698],[-1.3369,54.5809],[-1.357,54.5783],[-1.3755,54.6019],[-1.3968,54.6047],[-1.4098,54.6185],[-1.3808,54.6438],[-1.3351,54.6313],[-1.3289,54.644],[-1.3164,54.6452],[-1.299,54.628],[-1.2567,54.6234],[-1.2342,54.6289],[-1.2094,54.6217],[-1.1923,54.6295]]]},"properties":{"PCON24CD":"E14001518","PCON24NM":"Stockton North"}},{"type":"Feature","geometry":{"type":"Polygon","coordinates":[[[-1.3096,54.5455],[-1.286,54.544],[-1.3005,54.5328],[-1.2912,54.5126],[-1.2793,54.5178],[-1.2349,54.5103],[-1.2567,54.5011],[-1.2574,54.4873],[-1.2811,54.4906],[-1.3004,54.4758],[-1.3436,54.4642],[-1.3449,54.4724],[-1.3644,54.466],[-1.3726,54.4723],[-1.381,54.494],[-1.3951,54.4857],[-1.4069,54.4936],[-1.4171,54.477],[-1.4325,54.4797],[-1.4268,54.4851],[-1.4578,54.5036],[-1.4728,54.5016],[-1.4584,54.4925],[-1.4609,54.4511],[-1.472,54.4555],[-1.4755,54.4739],[-1.4988,54.4753],[-1.4915,54.4861],[-1.5113,54.475],[-1.5141,54.4838],[-1.5288,54.4848],[-1.5197,54.4711],[-1.5457,54.4712],[-1.5552,54.485],[-1.583,54.4971],[-1.5792,54.5052],[-1.5916,54.504],[-1.5843,54.508],[-1.5483,54.5052],[-1.5443,54.5118],[-1.5296,54.5048],[-1.5111,54.5127],[-1.5136,54.521],[-1.5021,54.5213],[-1.5183,54.5358],[-1.5052,54.5516],[-1.5304,54.5484],[-1.5406,54.5548],[-1.5347,54.5652],[-1.5186,54.5637],[-1.4909,54.5779],[-1.514,54.5954],[-1.4678,54.6005],[-1.4434,54.5906],[-1.4509,54.6106],[-1.4098,54.6185],[-1.3968,54.6047],[-1.3755,54.6019],[-1.357,54.5783],[-1.3369,54.5809],[-1.3383,54.5698],[-1.3245,54.571],[-1.3409,54.5596],[-1.3287,54.5553],[-1.3397,54.5432],[-1.3272,54.5391],[-1.3311,54.5323],[-1.3137,54.534],[-1.3096,54.5455]]]},"properties":{"PCON24CD":"E14001519","PCON24NM":"Stockton West"}},{"type":"Feature","geometry":{"type":"Polygon","coordinates":[[[-2.129,53.0436],[-2.1013,52.9956],[-2.1204,52.9872],[-2.1835,52.991],[-2.2043,52.9814],[-2.2178,53.0039],[-2.2025,53.02],[-2.2084,53.0345],[-2.1698,53.0368],[-2.1722,53.0437],[-2.1589,53.049],[-2.1494,53.039],[-2.129,53.0436]]]},"properties":{"PCON24CD":"E14001520","PCON24NM":"Stoke-on-Trent Central"}},{"type":"Feature","geometry":{"type":"Polygon","coordinates":[[[-2.129,53.0436],[-2.1494,53.039],[-2.1589,53.049],[-2.1722,53.0437],[-2.1698,53.0368],[-2.2084,53.0345],[-2.2279,53.0637],[-2.2544,53.0633],[-2.2663,53.0544],[-2.2817,53.0803],[-2.2532,53.094],[-2.2467,53.0901],[-2.2113,53.1158],[-2.1717,53.0894],[-2.1611,53.0701],[-2.1254,53.0646],[-2.1166,53.048],[-2.129,53.0436]]]},"properties":{"PCON24CD":"E14001521","PCON24NM":"Stoke-on-Trent North"}},{"type":"Feature","geometry":{"type":"Polygon","coordinates":[[[-1.9222,52.9636],[-1.928,52.9597],[-1.9035,52.946],[-1.9102,52.9398],[-1.9269,52.9413],[-1.9405,52.9315],[-1.9711,52.9408],[-2.0416,52.9175],[-2.0786,52.929],[-2.1021,52.9069],[-2.1644,52.9153],[-2.1585,52.9016],[-2.2053,52.8859],[-2.2219,52.8897],[-2.216,52.902],[-2.2405,52.9245],[-2.2639,52.9233],[-2.278,52.9512],[-2.2702,52.9634],[-2.1835,52.991],[-2.1204,52.9872],[-2.0886,52.9971],[-2.0918,52.9853],[-2.0719,52.9712],[-2.0607,52.9823],[-2.0202,52.9836],[-2.0288,52.9784],[-2.0057,52.9721],[-2.0029,52.9587],[-1.9516,52.9603],[-1.961,52.9711],[-1.9498,52.9813],[-1.9222,52.9636]]]},"properties":{"PCON24CD":"E14001522","PCON24NM":"Stoke-on-Trent South"}},{"type":"Feature","geometry":{"type":"Polygon","coordinates":[[[-2.0416,52.9175],[-2.0127,52.9066],[-1.9997,52.8923],[-1.9859,52.8953],[-1.9704,52.8855],[-1.961,52.8705],[-1.9342,52.8662],[-1.9367,52.8482],[-1.9679,52.8243],[-1.9514,52.8081],[-1.9581,52.7985],[-1.944,52.7737],[-1.9731,52.7616],[-2.0185,52.7588],[-2.0311,52.7051],[-2.0546,52.6901],[-2.0505,52.6773],[-2.0019,52.6674],[-1.9866,52.6404],[-1.9909,52.6367],[-2.0295,52.6256],[-2.0302,52.617],[-2.0584,52.6218],[-2.0673,52.6121],[-2.081,52.6119],[-2.1012,52.6351],[-2.1338,52.6336],[-2.1515,52.6487],[-2.1651,52.6304],[-2.2329,52.6477],[-2.2347,52.6559],[-2.2477,52.6567],[-2.2387,52.6637],[-2.2477,52.683],[-2.303,52.683],[-2.3199,52.6954],[-2.3122,52.7408],[-2.275,52.7428],[-2.2454,52.7152],[-2.2168,52.7329],[-2.1882,52.7329],[-2.178,52.744],[-2.1607,52.7427],[-2.1447,52.7836],[-2.1144,52.7688],[-2.0989,52.7732],[-2.0952,52.7864],[-2.0951,52.7811],[-2.0733,52.7798],[-2.0671,52.7973],[-2.1389,52.8471],[-2.1333,52.8572],[-2.1465,52.8684],[-2.1674,52.8692],[-2.1784,52.8943],[-2.1585,52.9016],[-2.1644,52.9153],[-2.1021,52.9069],[-2.0786,52.929],[-2.0416,52.9175]]]},"properties":{"PCON24CD":"E14001523","PCON24NM":"Stone, Great Wyrley and Penkridge"}},{"type":"Feature","geometry":{"type":"Polygon","coordinates":[[[-2.0703,52.4919],[-2.0705,52.4816],[-2.0947,52.4869],[-2.1068,52.4825],[-2.1156,52.4636],[-2.1009,52.4612],[-2.1178,52.4505],[-2.1088,52.4412],[-2.136,52.4263],[-2.1649,52.4302],[-2.1743,52.4638],[-2.1365,52.4871],[-2.1285,52.4817],[-2.1144,52.501],[-2.0965,52.5053],[-2.0703,52.4919]]]},"properties":{"PCON24CD":"E14001524","PCON24NM":"Stourbridge"}},{"type":"Feature","geometry":{"type":"Polygon","coordinates":[[[0.0324,51.5347],[0.0104,51.5409],[0.0007,51.5366],[0.0048,51.5283],[-0.037,51.5242],[-0.0529,51.5349],[-0.0333,51.5447],[-0.0165,51.5433],[-0.0172,51.5516],[0.0354,51.5553],[0.0324,51.5347]]]},"properties":{"PCON24CD":"E14001525","PCON24NM":"Stratford and Bow"}},{"type":"Feature","geometry":{"type":"Polygon","coordinates":[[[-1.8042,52.3628],[-1.7758,52.348],[-1.7617,52.308],[-1.7338,52.2935],[-1.7238,52.2985],[-1.6855,52.2828],[-1.6676,52.2855],[-1.6765,52.2698],[-1.6692,52.258],[-1.6459,52.2583],[-1.6213,52.2445],[-1.6249,52.2384],[-1.607,52.2379],[-1.6259,52.2263],[-1.6212,52.2138],[-1.602,52.2253],[-1.5752,52.2173],[-1.6008,52.1979],[-1.6259,52.2008],[-1.6346,52.1811],[-1.618,52.1749],[-1.5997,52.1788],[-1.6053,52.16],[-1.5856,52.1604],[-1.5848,52.1528],[-1.5756,52.1553],[-1.5545,52.1448],[-1.543,52.1302],[-1.526,52.1283],[-1.5399,52.1126],[-1.5661,52.121],[-1.5834,52.1076],[-1.5608,52.0866],[-1.5509,52.0825],[-1.5436,52.0877],[-1.4993,52.0636],[-1.5243,51.994],[-1.5572,51.9917],[-1.5495,51.9808],[-1.5806,51.973],[-1.6003,51.9769],[-1.5916,51.9704],[-1.6123,51.9554],[-1.6658,51.9875],[-1.6658,51.9974],[-1.6175,52.0334],[-1.6245,52.039],[-1.6638,52.0313],[-1.694,52.0395],[-1.6886,52.0518],[-1.7051,52.0596],[-1.7017,52.0728],[-1.7131,52.0666],[-1.7307,52.0733],[-1.7286,52.1001],[-1.7459,52.0928],[-1.7677,52.1126],[-1.7574,52.1159],[-1.791,52.1202],[-1.7855,52.1321],[-1.8084,52.1399],[-1.8232,52.1364],[-1.8233,52.1459],[-1.8397,52.1527],[-1.8542,52.1385],[-1.8669,52.153],[-1.8898,52.1562],[-1.8942,52.1483],[-1.8851,52.1469],[-1.9032,52.1334],[-1.9219,52.153],[-1.9443,52.1553],[-1.9355,52.1696],[-1.962,52.171],[-1.9418,52.1772],[-1.9356,52.2041],[-1.9174,52.2183],[-1.9374,52.2761],[-1.916,52.275],[-1.8865,52.2867],[-1.881,52.3109],[-1.8686,52.3146],[-1.8649,52.3331],[-1.889,52.3611],[-1.872,52.3676],[-1.8042,52.3628]]]},"properties":{"PCON24CD":"E14001526","PCON24NM":"Stratford-on-Avon"}},{"type":"Feature","geometry":{"type":"Polygon","coordinates":[[[-0.1087,51.4404],[-0.1146,51.4235],[-0.0786,51.4199],[-0.0728,51.4085],[-0.0931,51.395],[-0.1099,51.4053],[-0.1254,51.3988],[-0.1275,51.4123],[-0.1481,51.4129],[-0.1404,51.4193],[-0.1359,51.442],[-0.1287,51.4469],[-0.1087,51.4404]]]},"properties":{"PCON24CD":"E14001527","PCON24NM":"Streatham and Croydon North"}},{"type":"Feature","geometry":{"type":"Polygon","coordinates":[[[-2.2653,53.4727],[-2.253,53.4613],[-2.2715,53.4507],[-2.2997,53.4373],[-2.316,53.4347],[-2.3435,53.4383],[-2.3686,53.4145],[-2.4537,53.4132],[-2.4196,53.4293],[-2.3933,53.4602],[-2.3295,53.48],[-2.2822,53.4649],[-2.2653,53.4727]]]},"properties":{"PCON24CD":"E14001528","PCON24NM":"Stretford and Urmston"}},{"type":"Feature","geometry":{"type":"Polygon","coordinates":[[[-2.3546,51.7947],[-2.3492,51.7848],[-2.3214,51.7818],[-2.2903,51.7565],[-2.2611,51.7541],[-2.2353,51.772],[-2.2227,51.7585],[-2.1954,51.7561],[-2.1814,51.7444],[-2.1867,51.7378],[-2.1332,51.7301],[-2.1282,51.7247],[-2.1406,51.7204],[-2.2114,51.7204],[-2.2105,51.6962],[-2.2006,51.6928],[-2.2118,51.6822],[-2.1875,51.6703],[-2.1923,51.6598],[-2.2327,51.6609],[-2.247,51.6763],[-2.2872,51.6806],[-2.2835,51.6657],[-2.3153,51.6458],[-2.3072,51.6429],[-2.323,51.6348],[-2.319,51.622],[-2.3396,51.6215],[-2.3601,51.6352],[-2.3697,51.6308],[-2.3988,51.6458],[-2.4072,51.6412],[-2.443,51.6525],[-2.4907,51.6448],[-2.4896,51.664],[-2.5408,51.6824],[-2.5027,51.6933],[-2.4726,51.7409],[-2.4371,51.7573],[-2.4073,51.7499],[-2.3857,51.7587],[-2.393,51.7775],[-2.4477,51.7858],[-2.4518,51.7964],[-2.4374,51.8132],[-2.4198,51.8183],[-2.4098,51.805],[-2.3742,51.7935],[-2.3546,51.7947]]]},"properties":{"PCON24CD":"E14001529","PCON24NM":"Stroud"}},{"type":"Feature","geometry":{"type":"Polygon","coordinates":[[[1.684,52.4407],[1.6836,52.4179],[1.7277,52.4001],[1.6749,52.3136],[1.65,52.3002],[1.6333,52.2768],[1.6231,52.1885],[1.5795,52.0874],[1.4772,52.0518],[1.5672,52.091],[1.5414,52.0798],[1.5013,52.0707],[1.4511,52.0442],[1.4627,52.0467],[1.4319,52.0071],[1.3937,51.9865],[1.3953,51.9994],[1.3607,52.0063],[1.3915,51.9894],[1.3893,51.9824],[1.3445,51.9569],[1.32,51.9332],[1.3157,51.9514],[1.2826,51.9661],[1.2803,51.9931],[1.181,52.021],[1.2194,52.0229],[1.2236,52.0294],[1.2021,52.0371],[1.206,52.0412],[1.2267,52.0502],[1.2538,52.0509],[1.2712,52.0839],[1.2853,52.0824],[1.285,52.0955],[1.3206,52.1202],[1.3407,52.1219],[1.3587,52.1145],[1.3897,52.1275],[1.388,52.1372],[1.4002,52.1416],[1.4329,52.1382],[1.416,52.1646],[1.4522,52.1731],[1.4817,52.1672],[1.4879,52.1733],[1.4843,52.1857],[1.4566,52.1897],[1.441,52.2007],[1.4433,52.2149],[1.4644,52.2308],[1.4572,52.2476],[1.4244,52.2602],[1.4117,52.2841],[1.3841,52.2941],[1.384,52.3107],[1.3575,52.3222],[1.3695,52.3463],[1.4222,52.3688],[1.4873,52.3486],[1.4847,52.3326],[1.4979,52.3177],[1.5223,52.3272],[1.5276,52.3163],[1.5663,52.3142],[1.581,52.3215],[1.5626,52.3317],[1.5711,52.3407],[1.56,52.3473],[1.5866,52.3517],[1.5892,52.3702],[1.6323,52.4033],[1.6396,52.4186],[1.6257,52.4284],[1.6429,52.4245],[1.684,52.4407]]]},"properties":{"PCON24CD":"E14001530","PCON24NM":"Suffolk Coastal"}},{"type":"Feature","geometry":{"type":"Polygon","coordinates":[[[-1.3475,54.8606],[-1.369,54.8577],[-1.3919,54.8758],[-1.3814,54.8816],[-1.4265,54.8918],[-1.4403,54.9121],[-1.4068,54.9261],[-1.4125,54.9358],[-1.3757,54.9369],[-1.3641,54.943],[-1.3661,54.9261],[-1.3586,54.9221],[-1.3635,54.9228],[-1.371,54.9117],[-1.357,54.9141],[-1.3616,54.8982],[-1.3475,54.8606]]]},"properties":{"PCON24CD":"E14001531","PCON24NM":"Sunderland Central"}},{"type":"Feature","geometry":{"type":"Polygon","coordinates":[[[-0.5977,51.3855],[-0.5697,51.3603],[-0.5552,51.3619],[-0.5485,51.348],[-0.5769,51.3363],[-0.626,51.3348],[-0.6235,51.3199],[-0.65,51.3086],[-0.6186,51.283],[-0.6547,51.2594],[-0.6506,51.2434],[-0.6988,51.2356],[-0.7065,51.2833],[-0.7311,51.2803],[-0.7442,51.3093],[-0.7755,51.332],[-0.7353,51.365],[-0.6676,51.3846],[-0.6163,51.3835],[-0.6169,51.3925],[-0.5977,51.3855]]]},"properties":{"PCON24CD":"E14001532","PCON24NM":"Surrey Heath"}},{"type":"Feature","geometry":{"type":"Polygon","coordinates":[[[0.1607,51.1373],[0.1512,51.1238],[0.1715,51.1154],[0.2263,51.1245],[0.2446,51.1148],[0.2756,51.1123],[0.2749,51.1207],[0.3252,51.123],[0.3351,51.1055],[0.359,51.1045],[0.3508,51.0841],[0.3738,51.0885],[0.3965,51.0831],[0.3958,51.0739],[0.3614,51.0653],[0.3466,51.0241],[0.354,51.0175],[0.3287,51.0129],[0.3216,50.9967],[0.324,50.9629],[0.3436,50.9591],[0.3359,50.953],[0.3427,50.9394],[0.3668,50.933],[0.3582,50.9135],[0.3743,50.8984],[0.3667,50.8891],[0.3414,50.8927],[0.3388,50.8993],[0.3081,50.8911],[0.3103,50.8652],[0.292,50.8465],[0.3005,50.8396],[0.2724,50.8425],[0.253,50.8361],[0.241,50.8418],[0.2348,50.8769],[0.2281,50.8708],[0.2076,50.882],[0.1851,50.8781],[0.1571,50.9178],[0.1447,50.914],[0.1209,50.9213],[0.1089,50.9336],[0.1189,50.9408],[0.1006,50.9488],[0.1137,50.9599],[0.105,50.9699],[0.1241,50.9809],[0.1619,50.9771],[0.1529,51.0242],[0.1366,51.0416],[0.1139,51.0484],[0.0711,51.0454],[0.0668,51.0619],[0.0326,51.0696],[0.0563,51.0822],[0.0467,51.0863],[0.0492,51.1007],[0.0187,51.1037],[0.0445,51.1106],[0.0281,51.1177],[0.0274,51.1398],[0.1331,51.1473],[0.1607,51.1373]]]},"properties":{"PCON24CD":"E14001533","PCON24NM":"Sussex Weald"}},{"type":"Feature","geometry":{"type":"Polygon","coordinates":[[[-0.2003,51.3849],[-0.1825,51.3768],[-0.1786,51.3616],[-0.1882,51.3603],[-0.1736,51.358],[-0.1875,51.3408],[-0.1973,51.3436],[-0.2208,51.3298],[-0.2298,51.3365],[-0.2173,51.3434],[-0.2227,51.3571],[-0.2454,51.3669],[-0.245,51.3801],[-0.2346,51.3906],[-0.2182,51.3802],[-0.2098,51.3883],[-0.2003,51.3849]]]},"properties":{"PCON24CD":"E14001534","PCON24NM":"Sutton and Cheam"}},{"type":"Feature","geometry":{"type":"Polygon","coordinates":[[[-1.788,52.5879],[-1.7636,52.5709],[-1.7742,52.5646],[-1.756,52.5554],[-1.7491,52.5314],[-1.7289,52.5246],[-1.7538,52.5212],[-1.7535,52.513],[-1.7917,52.5092],[-1.7721,52.5182],[-1.7839,52.5279],[-1.8338,52.5339],[-1.8916,52.5625],[-1.8536,52.6021],[-1.8281,52.6087],[-1.7965,52.5991],[-1.788,52.5879]]]},"properties":{"PCON24CD":"E14001535","PCON24NM":"Sutton Coldfield"}},{"type":"Feature","geometry":{"type":"Polygon","coordinates":[[[-1.6831,51.6901],[-1.7002,51.6709],[-1.6919,51.6522],[-1.6599,51.635],[-1.6737,51.6228],[-1.667,51.6162],[-1.6906,51.6054],[-1.6911,51.5835],[-1.7297,51.5716],[-1.7458,51.5712],[-1.7484,51.564],[-1.7615,51.5721],[-1.7919,51.564],[-1.8263,51.5794],[-1.8423,51.6125],[-1.8279,51.6253],[-1.7886,51.6327],[-1.7992,51.6625],[-1.7811,51.6692],[-1.7626,51.6625],[-1.7275,51.6672],[-1.711,51.6718],[-1.6966,51.6921],[-1.6831,51.6901]]]},"properties":{"PCON24CD":"E14001536","PCON24NM":"Swindon North"}},{"type":"Feature","geometry":{"type":"Polygon","coordinates":[[[-1.8263,51.5794],[-1.7919,51.564],[-1.7615,51.5721],[-1.7484,51.564],[-1.7458,51.5712],[-1.7297,51.5716],[-1.7194,51.5604],[-1.7232,51.541],[-1.732,51.5434],[-1.7247,51.5268],[-1.7699,51.5305],[-1.8117,51.5532],[-1.8442,51.5431],[-1.8651,51.5596],[-1.8601,51.5652],[-1.8451,51.5617],[-1.8384,51.5801],[-1.8263,51.5794]]]},"properties":{"PCON24CD":"E14001537","PCON24NM":"Swindon South"}},{"type":"Feature","geometry":{"type":"Polygon","coordinates":[[[-1.5975,52.7004],[-1.5896,52.6873],[-1.645,52.6575],[-1.633,52.6435],[-1.6425,52.641],[-1.6441,52.6208],[-1.636,52.6196],[-1.6489,52.5986],[-1.6885,52.5887],[-1.7293,52.588],[-1.7417,52.5943],[-1.788,52.5879],[-1.7965,52.5991],[-1.8281,52.6087],[-1.8536,52.6021],[-1.8726,52.5849],[-1.8923,52.5992],[-1.886,52.6154],[-1.916,52.6353],[-1.8938,52.6489],[-1.842,52.6439],[-1.8335,52.6594],[-1.7772,52.6834],[-1.7785,52.6945],[-1.7325,52.7061],[-1.7243,52.7301],[-1.7042,52.7321],[-1.6566,52.7217],[-1.6551,52.6988],[-1.5975,52.7004]]]},"properties":{"PCON24CD":"E14001538","PCON24NM":"Tamworth"}},{"type":"Feature","geometry":{"type":"Polygon","coordinates":[[[-2.314,53.3574],[-2.297,53.3486],[-2.3014,53.3401],[-2.2564,53.3607],[-2.1854,53.3527],[-2.181,53.344],[-2.1942,53.3387],[-2.1849,53.3327],[-2.2101,53.3032],[-2.2072,53.289],[-2.2295,53.2726],[-2.2197,53.2647],[-2.254,53.2554],[-2.2749,53.2604],[-2.3094,53.2463],[-2.3292,53.2532],[-2.3486,53.249],[-2.3638,53.2236],[-2.3963,53.2344],[-2.4012,53.2218],[-2.4142,53.2193],[-2.4102,53.2057],[-2.3726,53.1956],[-2.3687,53.1829],[-2.3783,53.172],[-2.3921,53.1799],[-2.4066,53.1741],[-2.4307,53.198],[-2.4621,53.1993],[-2.4754,53.2089],[-2.4589,53.2242],[-2.4737,53.269],[-2.5288,53.2727],[-2.5571,53.26],[-2.5603,53.2708],[-2.5925,53.272],[-2.6165,53.2878],[-2.6714,53.2837],[-2.701,53.3057],[-2.6852,53.3155],[-2.6416,53.305],[-2.6451,53.3101],[-2.6241,53.3094],[-2.62,53.3203],[-2.6091,53.3121],[-2.5863,53.3294],[-2.5619,53.3233],[-2.5184,53.3424],[-2.5058,53.3555],[-2.5164,53.3631],[-2.5097,53.3894],[-2.4784,53.3962],[-2.4187,53.3863],[-2.3695,53.3636],[-2.34,53.3674],[-2.314,53.3574]]]},"properties":{"PCON24CD":"E14001539","PCON24NM":"Tatton"}},{"type":"Feature","geometry":{"type":"Polygon","coordinates":[[[-2.8882,51.0691],[-2.8931,51.055],[-2.8838,51.0458],[-2.9505,51.0113],[-2.9443,51.0033],[-2.9783,50.998],[-2.9751,50.9732],[-2.9847,50.9633],[-3.0077,50.9571],[-3.0328,50.9363],[-3.0884,50.938],[-3.0846,50.9217],[-3.0524,50.9083],[-3.1263,50.9017],[-3.1442,50.8914],[-3.188,50.9103],[-3.1665,50.9477],[-3.2548,50.9418],[-3.3053,50.9649],[-3.2874,50.9894],[-3.2729,50.9849],[-3.274,50.9778],[-3.2399,50.9914],[-3.2169,50.9868],[-3.1934,51.0002],[-3.1988,51.0137],[-3.1668,51.0143],[-3.1677,51.0225],[-3.1893,51.0251],[-3.1861,51.0322],[-3.1664,51.0347],[-3.1634,51.0506],[-3.1366,51.0721],[-3.0465,51.0656],[-3.0247,51.0598],[-3.0312,51.0479],[-2.9975,51.0538],[-2.9822,51.0408],[-2.9269,51.0616],[-2.9487,51.0734],[-2.9347,51.0833],[-2.9122,51.0852],[-2.8882,51.0691]]]},"properties":{"PCON24CD":"E14001540","PCON24NM":"Taunton and Wellington"}},{"type":"Feature","geometry":{"type":"Polygon","coordinates":[[[-2.4164,52.6449],[-2.4381,52.6146],[-2.4865,52.6239],[-2.5101,52.6384],[-2.4903,52.6587],[-2.4964,52.6733],[-2.4827,52.6763],[-2.4954,52.6998],[-2.4738,52.7],[-2.4745,52.7172],[-2.458,52.7201],[-2.4014,52.6894],[-2.419,52.6629],[-2.4164,52.6449]]]},"properties":{"PCON24CD":"E14001541","PCON24NM":"Telford"}},{"type":"Feature","geometry":{"type":"Polygon","coordinates":[[[-1.9134,52.0445],[-1.8391,52.0068],[-1.8017,51.9969],[-1.8193,51.9874],[-1.8654,51.9952],[-1.8834,51.9837],[-1.8684,51.9806],[-1.8746,51.9651],[-1.8971,51.9603],[-1.9109,51.9694],[-1.9317,51.9573],[-1.9232,51.9349],[-1.8872,51.9262],[-1.8879,51.9119],[-1.8684,51.9081],[-1.8807,51.8968],[-1.8536,51.8934],[-1.896,51.8943],[-1.9122,51.8876],[-1.9294,51.9047],[-1.9612,51.9025],[-1.9942,51.915],[-2.0102,51.9029],[-2.0802,51.916],[-2.088,51.9073],[-2.0992,51.9138],[-2.1276,51.9022],[-2.1315,51.9084],[-2.1369,51.8996],[-2.1408,51.9098],[-2.166,51.9166],[-2.1778,51.9086],[-2.1715,51.9003],[-2.2046,51.8972],[-2.1915,51.8958],[-2.2034,51.8837],[-2.187,51.8757],[-2.2229,51.8591],[-2.238,51.8833],[-2.2604,51.8756],[-2.2496,51.8845],[-2.271,51.9173],[-2.2233,51.9313],[-2.2264,51.9494],[-2.1776,51.9834],[-2.1749,51.9961],[-2.1647,51.9961],[-2.1641,52.0034],[-2.1877,52.0191],[-2.1769,52.0226],[-2.1805,52.0423],[-2.1627,52.0505],[-2.1161,52.0379],[-2.14,52.0273],[-2.1508,52.0066],[-2.1393,51.9994],[-2.1122,52.0153],[-2.0849,52.0105],[-2.0608,52.0147],[-2.0495,52.0038],[-2.0384,52.0046],[-1.9841,52.0359],[-1.9514,52.0377],[-1.9317,52.0299],[-1.9134,52.0445]]]},"properties":{"PCON24CD":"E14001542","PCON24NM":"Tewkesbury"}},{"type":"Feature","geometry":{"type":"Polygon","coordinates":[[[-2.3122,52.7408],[-2.3199,52.6954],[-2.303,52.683],[-2.2477,52.683],[-2.2387,52.6637],[-2.2477,52.6567],[-2.2347,52.6559],[-2.2329,52.6477],[-2.2562,52.6098],[-2.3096,52.6074],[-2.3211,52.6147],[-2.3273,52.6368],[-2.349,52.6324],[-2.3568,52.6227],[-2.3856,52.6476],[-2.4164,52.6449],[-2.419,52.6629],[-2.4014,52.6894],[-2.458,52.7201],[-2.4745,52.7172],[-2.4738,52.7],[-2.4954,52.6998],[-2.4827,52.6763],[-2.4964,52.6733],[-2.4903,52.6587],[-2.5101,52.6384],[-2.5484,52.6546],[-2.5556,52.6711],[-2.6243,52.7034],[-2.6054,52.7068],[-2.5974,52.7183],[-2.6601,52.7316],[-2.6635,52.7604],[-2.6431,52.7671],[-2.6323,52.7596],[-2.621,52.7765],[-2.5899,52.7794],[-2.5938,52.7957],[-2.6327,52.8005],[-2.6605,52.8203],[-2.6603,52.8445],[-2.6479,52.8394],[-2.6676,52.8597],[-2.623,52.8825],[-2.5684,52.884],[-2.5666,52.8924],[-2.5382,52.8833],[-2.5174,52.8879],[-2.5178,52.8953],[-2.4814,52.8972],[-2.4708,52.9059],[-2.4461,52.874],[-2.4193,52.8868],[-2.3754,52.8916],[-2.3938,52.8366],[-2.4163,52.827],[-2.3777,52.8116],[-2.3713,52.7953],[-2.385,52.7896],[-2.3122,52.7408]]]},"properties":{"PCON24CD":"E14001543","PCON24NM":"The Wrekin"}},{"type":"Feature","geometry":{"type":"Polygon","coordinates":[[[-0.3025,54.2274],[-0.2666,54.2161],[-0.2752,54.2168],[-0.2838,54.2097],[-0.2769,54.1861],[-0.2452,54.1665],[-0.2127,54.1577],[-0.2297,54.1324],[-0.2654,54.1406],[-0.3042,54.1363],[-0.3238,54.1503],[-0.3464,54.1469],[-0.3749,54.1541],[-0.3907,54.1765],[-0.4184,54.174],[-0.4332,54.1641],[-0.4271,54.1374],[-0.4585,54.126],[-0.4544,54.1168],[-0.4659,54.1076],[-0.5246,54.0855],[-0.5631,54.094],[-0.6155,54.0705],[-0.6603,54.0631],[-0.6447,54.0551],[-0.6595,54.0372],[-0.687,54.0308],[-0.6835,54.0088],[-0.7305,54.0127],[-0.7343,54.0303],[-0.7992,54.0191],[-0.8007,54.0241],[-0.8763,54.0176],[-0.8937,53.9996],[-0.9948,53.9831],[-0.9719,53.9967],[-0.9754,54.0047],[-0.9847,54.0025],[-0.9669,54.023],[-1.0021,54.0553],[-1.0144,54.0493],[-1.0597,54.0566],[-1.0391,54.0757],[-1.0602,54.0853],[-1.0395,54.0984],[-1.0438,54.1075],[-1.0163,54.1079],[-1.0131,54.1346],[-1.0887,54.1629],[-1.0806,54.1721],[-1.0991,54.1853],[-1.1259,54.1805],[-1.1686,54.2025],[-1.1892,54.2001],[-1.1999,54.213],[-1.197,54.2411],[-1.2181,54.2299],[-1.2556,54.2264],[-1.2667,54.2108],[-1.2854,54.2085],[-1.2909,54.2001],[-1.3098,54.2003],[-1.2662,54.1807],[-1.2627,54.1493],[-1.2769,54.1457],[-1.3337,54.1594],[-1.3438,54.1515],[-1.394,54.1815],[-1.4322,54.1861],[-1.4428,54.2161],[-1.4748,54.2062],[-1.4846,54.2203],[-1.4951,54.2033],[-1.5281,54.1948],[-1.5606,54.1911],[-1.5816,54.2049],[-1.5979,54.201],[-1.5888,54.1968],[-1.5956,54.1902],[-1.6379,54.1898],[-1.621,54.2189],[-1.6254,54.2303],[-1.6469,54.2369],[-1.6365,54.2396],[-1.6486,54.2503],[-1.6751,54.2471],[-1.7053,54.2855],[-1.6758,54.2852],[-1.6511,54.2944],[-1.6378,54.3214],[-1.6432,54.3435],[-1.6086,54.3508],[-1.5846,54.3287],[-1.5633,54.3289],[-1.5486,54.3034],[-1.5088,54.3053],[-1.4988,54.2878],[-1.4922,54.2915],[-1.4794,54.2837],[-1.4782,54.2699],[-1.4585,54.2732],[-1.4295,54.2624],[-1.3998,54.2736],[-1.4295,54.3152],[-1.4189,54.3182],[-1.4028,54.3075],[-1.4024,54.3237],[-1.3554,54.3223],[-1.355,54.3362],[-1.3269,54.3344],[-1.2546,54.3539],[-1.2372,54.3762],[-1.2087,54.3738],[-1.1722,54.3819],[-1.1575,54.3493],[-1.1218,54.3452],[-1.1222,54.3312],[-1.099,54.3292],[-1.0782,54.3602],[-1.0663,54.3626],[-1.0788,54.3882],[-1.0704,54.3957],[-1.0819,54.405],[-1.0594,54.4126],[-1.0269,54.4153],[-0.9878,54.396],[-0.9504,54.4089],[-0.8237,54.3825],[-0.7942,54.3543],[-0.7532,54.3686],[-0.733,54.3553],[-0.7114,54.3571],[-0.6871,54.3731],[-0.6695,54.3744],[-0.6613,54.3665],[-0.6326,54.376],[-0.622,54.3444],[-0.5677,54.3139],[-0.6046,54.2981],[-0.6134,54.2786],[-0.5979,54.2362],[-0.6185,54.2055],[-0.5991,54.1997],[-0.5664,54.2024],[-0.5504,54.1926],[-0.5377,54.2004],[-0.52,54.1978],[-0.4711,54.212],[-0.4212,54.2124],[-0.4077,54.2188],[-0.3451,54.21],[-0.3258,54.2177],[-0.3044,54.2149],[-0.3025,54.2274]]]},"properties":{"PCON24CD":"E14001544","PCON24NM":"Thirsk and Malton"}},{"type":"Feature","geometry":{"type":"Polygon","coordinates":[[[-2.3882,51.6372],[-2.4006,51.6347],[-2.3889,51.6275],[-2.3947,51.5974],[-2.3704,51.5976],[-2.3656,51.6037],[-2.3311,51.5916],[-2.2944,51.5948],[-2.2827,51.5785],[-2.2604,51.57],[-2.2684,51.5497],[-2.2558,51.5221],[-2.3243,51.4975],[-2.3115,51.4873],[-2.2906,51.4869],[-2.2957,51.4586],[-2.2852,51.4579],[-2.2946,51.4288],[-2.3126,51.4224],[-2.325,51.437],[-2.3433,51.4395],[-2.4031,51.4316],[-2.4026,51.4386],[-2.4621,51.4516],[-2.4779,51.4685],[-2.4767,51.4765],[-2.4565,51.4972],[-2.4901,51.5063],[-2.4881,51.5298],[-2.5092,51.5396],[-2.5394,51.5372],[-2.5524,51.5514],[-2.6413,51.5176],[-2.6309,51.5137],[-2.6545,51.5137],[-2.6738,51.5444],[-2.6634,51.5736],[-2.6278,51.6056],[-2.5755,51.6314],[-2.5691,51.6555],[-2.5348,51.6773],[-2.5408,51.6824],[-2.4896,51.664],[-2.4907,51.6448],[-2.443,51.6525],[-2.4072,51.6412],[-2.3988,51.6458],[-2.3882,51.6372]]]},"properties":{"PCON24CD":"E14001545","PCON24NM":"Thornbury and Yate"}},{"type":"Feature","geometry":{"type":"Polygon","coordinates":[[[0.4003,51.4539],[0.3409,51.4523],[0.3184,51.4742],[0.2978,51.4722],[0.2814,51.4614],[0.2118,51.4898],[0.2142,51.496],[0.23,51.4994],[0.2266,51.5066],[0.2419,51.508],[0.2429,51.5244],[0.2509,51.5288],[0.2538,51.5179],[0.2637,51.5179],[0.2653,51.5322],[0.3224,51.5405],[0.3356,51.5312],[0.3381,51.5006],[0.3584,51.4937],[0.3512,51.4784],[0.3996,51.4719],[0.4003,51.4539]]]},"properties":{"PCON24CD":"E14001546","PCON24NM":"Thurrock"}},{"type":"Feature","geometry":{"type":"Polygon","coordinates":[[[-1.9752,52.5559],[-1.9932,52.5235],[-2.0053,52.5259],[-2.0028,52.532],[-2.0223,52.5304],[-2.0295,52.5183],[-2.0484,52.5242],[-2.0632,52.5137],[-2.0777,52.532],[-2.1078,52.5441],[-2.0794,52.5571],[-2.0615,52.5469],[-2.011,52.5691],[-1.9752,52.5559]]]},"properties":{"PCON24CD":"E14001547","PCON24NM":"Tipton and Wednesbury"}},{"type":"Feature","geometry":{"type":"Polygon","coordinates":[[[-3.054,51.2062],[-3.0517,51.2033],[-3.0675,51.1944],[-3.0855,51.1961],[-3.1164,51.1759],[-3.1129,51.1703],[-3.1575,51.1637],[-3.1633,51.1541],[-3.2055,51.1428],[-3.2158,51.1327],[-3.1938,51.1125],[-3.1684,51.1043],[-3.1422,51.1092],[-3.1408,51.0995],[-3.16,51.0909],[-3.1366,51.0721],[-3.1634,51.0506],[-3.1664,51.0347],[-3.1861,51.0322],[-3.1893,51.0251],[-3.1677,51.0225],[-3.1668,51.0143],[-3.1988,51.0137],[-3.1934,51.0002],[-3.2169,50.9868],[-3.2399,50.9914],[-3.274,50.9778],[-3.2729,50.9849],[-3.2874,50.9894],[-3.3053,50.9649],[-3.2548,50.9418],[-3.1665,50.9477],[-3.188,50.9103],[-3.1442,50.8914],[-3.1762,50.8771],[-3.2072,50.8771],[-3.2176,50.8929],[-3.233,50.895],[-3.2773,50.8678],[-3.2827,50.8881],[-3.3615,50.8749],[-3.3638,50.8809],[-3.3867,50.8703],[-3.4775,50.8708],[-3.5116,50.8567],[-3.5507,50.8933],[-3.591,50.905],[-3.5986,50.9142],[-3.6233,50.9138],[-3.624,50.9218],[-3.5958,50.9452],[-3.5979,50.9672],[-3.6196,50.9682],[-3.6288,51.0058],[-3.6009,50.9916],[-3.6147,51.0155],[-3.5945,51.0552],[-3.6467,51.0581],[-3.6925,51.0806],[-3.7199,51.0808],[-3.8043,51.1157],[-3.8345,51.1384],[-3.8392,51.1769],[-3.7863,51.1719],[-3.725,51.1796],[-3.7332,51.2227],[-3.7206,51.2331],[-3.633,51.2237],[-3.6212,51.2166],[-3.5787,51.2321],[-3.5422,51.2323],[-3.4957,51.2236],[-3.4704,51.2082],[-3.4476,51.2089],[-3.4008,51.1824],[-3.2774,51.1796],[-3.1539,51.2088],[-3.1255,51.2114],[-3.0763,51.2013],[-3.054,51.2062]]]},"properties":{"PCON24CD":"E14001548","PCON24NM":"Tiverton and Minehead"}},{"type":"Feature","geometry":{"type":"Polygon","coordinates":[[[0.3367,51.3865],[0.3411,51.325],[0.3796,51.3296],[0.3902,51.3419],[0.4159,51.3385],[0.4073,51.3353],[0.4303,51.3246],[0.4279,51.3134],[0.4006,51.3107],[0.4048,51.3007],[0.3945,51.2988],[0.3844,51.2717],[0.3925,51.2642],[0.4327,51.2689],[0.4313,51.2491],[0.4096,51.253],[0.3787,51.235],[0.4088,51.2217],[0.4003,51.1986],[0.3692,51.2016],[0.3675,51.1949],[0.3417,51.1927],[0.3088,51.2],[0.2773,51.1747],[0.227,51.1841],[0.191,51.1714],[0.2121,51.1516],[0.1804,51.1318],[0.1331,51.1473],[0.05,51.1427],[0.0526,51.1806],[0.0335,51.2112],[0.0428,51.2246],[0.079,51.2199],[0.0889,51.2272],[0.1056,51.2224],[0.1269,51.2294],[0.142,51.2214],[0.1738,51.2262],[0.188,51.2181],[0.1975,51.234],[0.2219,51.2446],[0.231,51.2322],[0.2478,51.2381],[0.2473,51.2553],[0.2646,51.257],[0.2585,51.2973],[0.2651,51.3136],[0.2846,51.3251],[0.2885,51.3373],[0.2746,51.3397],[0.2832,51.3699],[0.2999,51.3797],[0.2967,51.3971],[0.3367,51.3865]]]},"properties":{"PCON24CD":"E14001549","PCON24NM":"Tonbridge"}},{"type":"Feature","geometry":{"type":"Polygon","coordinates":[[[-0.1436,51.4418],[-0.1359,51.442],[-0.1404,51.4193],[-0.1788,51.4243],[-0.19,51.4415],[-0.1818,51.4581],[-0.1436,51.4418]]]},"properties":{"PCON24CD":"E14001550","PCON24NM":"Tooting"}},{"type":"Feature","geometry":{"type":"Polygon","coordinates":[[[-3.5091,50.5166],[-3.5148,50.4818],[-3.4806,50.4635],[-3.5159,50.4538],[-3.5407,50.4611],[-3.5595,50.4233],[-3.5474,50.4058],[-3.5558,50.4162],[-3.5693,50.4119],[-3.5871,50.4211],[-3.5788,50.44],[-3.5915,50.4597],[-3.5842,50.4777],[-3.5698,50.4907],[-3.5648,50.487],[-3.5299,50.5046],[-3.5208,50.5177],[-3.5091,50.5166]]]},"properties":{"PCON24CD":"E14001551","PCON24NM":"Torbay"}},{"type":"Feature","geometry":{"type":"MultiPolygon","coordinates":[[[[-4.2165,51.0636],[-4.2102,51.0524],[-4.1907,51.0547],[-4.1979,51.0337],[-4.1888,51.0412],[-4.2027,51.0206],[-4.1784,51.0243],[-4.1603,51.0144],[-4.1161,51.0193],[-4.121,51.0109],[-4.0861,51.0027],[-4.064,51.0103],[-4.0343,51.0076],[-4.0361,50.9812],[-4.0115,50.9673],[-3.9837,50.9821],[-3.9583,50.9815],[-3.961,50.9558],[-3.9939,50.9484],[-3.9967,50.926],[-3.9542,50.9177],[-3.9044,50.9274],[-3.9042,50.9051],[-3.9202,50.8977],[-3.8986,50.8775],[-3.9259,50.8696],[-3.9035,50.8479],[-3.8838,50.8474],[-3.9057,50.8295],[-3.9405,50.8256],[-3.9589,50.8554],[-3.9954,50.8518],[-3.995,50.8692],[-4.0365,50.8594],[-4.04,50.8685],[-4.052,50.8627],[-4.0687,50.8746],[-4.09,50.8673],[-4.0854,50.8578],[-4.1031,50.8503],[-4.1028,50.8354],[-4.1287,50.8441],[-4.1407,50.8321],[-4.164,50.8309],[-4.1583,50.8154],[-4.1772,50.8072],[-4.1688,50.7977],[-4.1908,50.7897],[-4.1691,50.7916],[-4.1665,50.787],[-4.1842,50.7839],[-4.1632,50.7718],[-4.1535,50.7454],[-4.1252,50.7483],[-4.1153,50.7567],[-4.0835,50.7273],[-4.0443,50.7295],[-4.0617,50.6869],[-4.0459,50.6953],[-4.0192,50.6735],[-3.9733,50.7064],[-3.9359,50.6888],[-3.944,50.6721],[-3.9372,50.6599],[-3.8967,50.6553],[-3.9002,50.6468],[-3.882,50.6383],[-3.8725,50.6126],[-3.8809,50.5844],[-3.8697,50.5713],[-3.8756,50.5424],[-3.8892,50.5363],[-3.8926,50.5139],[-3.8802,50.4857],[-3.899,50.4726],[-3.9488,50.4887],[-3.9458,50.4983],[-3.976,50.5004],[-3.9693,50.5126],[-3.9811,50.5342],[-3.9964,50.5435],[-4.0242,50.5395],[-4.0381,50.552],[-4.0541,50.5481],[-4.0555,50.5313],[-4.081,50.5117],[-4.0962,50.5253],[-4.1191,50.5141],[-4.1333,50.5192],[-4.1553,50.509],[-4.1597,50.4932],[-4.148,50.4879],[-4.1603,50.4863],[-4.1443,50.4745],[-4.1851,50.4342],[-4.2007,50.4364],[-4.2151,50.4666],[-4.2296,50.4558],[-4.2386,50.464],[-4.2181,50.4759],[-4.2209,50.4981],[-4.1994,50.4924],[-4.1808,50.5039],[-4.1858,50.5084],[-4.2028,50.5032],[-4.2073,50.5336],[-4.2323,50.531],[-4.2482,50.5439],[-4.2688,50.5353],[-4.2595,50.55],[-4.2795,50.5692],[-4.2711,50.5822],[-4.286,50.5847],[-4.2861,50.5749],[-4.2913,50.5839],[-4.3069,50.5786],[-4.3116,50.5861],[-4.3003,50.6339],[-4.3335,50.6413],[-4.3489,50.6895],[-4.3693,50.7023],[-4.3616,50.7188],[-4.385,50.7478],[-4.381,50.7705],[-4.3936,50.7782],[-4.4144,50.7744],[-4.4087,50.7624],[-4.4239,50.7645],[-4.4513,50.7857],[-4.4935,50.7929],[-4.4468,50.8082],[-4.4422,50.8469],[-4.4337,50.8655],[-4.421,50.8661],[-4.4627,50.9135],[-4.4561,50.9289],[-4.546,50.9288],[-4.5257,51.0223],[-4.4254,51.0137],[-4.3909,50.9947],[-4.343,50.989],[-4.303,50.9978],[-4.2165,51.0636]]],[[[-4.6664,51.1594],[-4.6709,51.1585],[-4.6806,51.1724],[-4.6774,51.2024],[-4.6533,51.1624],[-4.6664,51.1594]]]]},"properties":{"PCON24CD":"E14001552","PCON24NM":"Torridge and Tavistock"}},{"type":"Feature","geometry":{"type":"Polygon","coordinates":[[[-0.0414,51.6056],[-0.0612,51.5778],[-0.0878,51.5695],[-0.0917,51.5602],[-0.1044,51.5648],[-0.096,51.5707],[-0.1034,51.5905],[-0.096,51.5983],[-0.0768,51.5984],[-0.0856,51.6085],[-0.0414,51.6056]]]},"properties":{"PCON24CD":"E14001553","PCON24NM":"Tottenham"}},{"type":"Feature","geometry":{"type":"Polygon","coordinates":[[[-4.7695,50.2552],[-4.7855,50.2456],[-4.7842,50.2361],[-4.7983,50.2302],[-4.7989,50.2197],[-4.8189,50.2316],[-4.8625,50.236],[-4.917,50.1972],[-4.9337,50.2071],[-4.9559,50.2029],[-4.9736,50.1856],[-4.982,50.1518],[-5.0096,50.1393],[-5.0177,50.149],[-5.0041,50.1506],[-4.9958,50.1622],[-5.0237,50.1573],[-5.0144,50.1905],[-5.0256,50.1822],[-5.0348,50.2039],[-5.0268,50.204],[-5.0241,50.2225],[-5.006,50.2276],[-5.0144,50.2271],[-5.0216,50.2447],[-5.0168,50.2263],[-5.0292,50.2228],[-5.0313,50.2107],[-5.039,50.2127],[-5.0431,50.2043],[-5.0481,50.209],[-5.0439,50.2033],[-5.059,50.1932],[-5.0634,50.1962],[-5.0544,50.1803],[-5.0773,50.1842],[-5.0512,50.1771],[-5.0477,50.1716],[-5.0529,50.1635],[-5.1023,50.1697],[-5.0635,50.1516],[-5.0492,50.1557],[-5.042,50.144],[-5.0551,50.1483],[-5.0669,50.1445],[-5.0925,50.1244],[-5.0996,50.1234],[-5.1197,50.1375],[-5.1448,50.1392],[-5.1171,50.1726],[-5.1218,50.1789],[-5.1497,50.1757],[-5.1518,50.2069],[-5.1224,50.2296],[-5.1965,50.2552],[-5.1493,50.2885],[-5.0932,50.3137],[-5.1388,50.3343],[-5.1332,50.3501],[-5.1517,50.3545],[-5.1465,50.3753],[-5.1531,50.3838],[-5.1518,50.3893],[-5.1436,50.3889],[-5.1472,50.4053],[-5.1237,50.41],[-5.0749,50.405],[-5.0632,50.3934],[-4.9897,50.3928],[-4.9841,50.389],[-5.0013,50.3771],[-4.9948,50.3609],[-5.0065,50.3527],[-4.9935,50.3408],[-4.973,50.3358],[-4.9714,50.3454],[-4.9442,50.3433],[-4.9525,50.3594],[-4.9269,50.3609],[-4.9225,50.3301],[-4.8999,50.3213],[-4.9026,50.3],[-4.9127,50.3006],[-4.905,50.2876],[-4.8731,50.2921],[-4.8688,50.285],[-4.8819,50.2707],[-4.8762,50.2535],[-4.8294,50.2696],[-4.8202,50.2666],[-4.8047,50.2788],[-4.8022,50.26],[-4.7695,50.2552]]]},"properties":{"PCON24CD":"E14001554","PCON24NM":"Truro and Falmouth"}},{"type":"Feature","geometry":{"type":"Polygon","coordinates":[[[0.3842,51.1983],[0.4164,51.1805],[0.4408,51.1765],[0.4677,51.1562],[0.469,51.1433],[0.5099,51.1406],[0.5117,51.1217],[0.4775,51.0945],[0.4816,51.0827],[0.4972,51.0798],[0.4892,51.0636],[0.499,51.0609],[0.5073,51.0745],[0.5303,51.0735],[0.5434,51.0507],[0.5733,51.0385],[0.5935,51.0419],[0.6054,51.0121],[0.5708,51.0035],[0.5417,51.0111],[0.5376,51.0216],[0.4723,51.0304],[0.4633,51.0548],[0.4183,51.0626],[0.3965,51.0831],[0.3738,51.0885],[0.3508,51.0841],[0.359,51.1045],[0.3351,51.1055],[0.3252,51.123],[0.2749,51.1207],[0.2756,51.1123],[0.2446,51.1148],[0.2263,51.1245],[0.1715,51.1154],[0.1512,51.1238],[0.1607,51.1373],[0.1804,51.1318],[0.2121,51.1516],[0.191,51.1714],[0.227,51.1841],[0.2773,51.1747],[0.3088,51.2],[0.3417,51.1927],[0.3675,51.1949],[0.3692,51.2016],[0.3842,51.1983]]]},"properties":{"PCON24CD":"E14001555","PCON24NM":"Tunbridge Wells"}},{"type":"Feature","geometry":{"type":"Polygon","coordinates":[[[-0.3085,51.4135],[-0.3177,51.3937],[-0.3278,51.3918],[-0.3591,51.4119],[-0.3834,51.4085],[-0.3913,51.4223],[-0.3668,51.4416],[-0.3878,51.4494],[-0.373,51.4575],[-0.3772,51.4521],[-0.3462,51.448],[-0.3417,51.459],[-0.3269,51.457],[-0.3208,51.4654],[-0.3033,51.4521],[-0.3308,51.4402],[-0.3079,51.4246],[-0.3085,51.4135]]]},"properties":{"PCON24CD":"E14001556","PCON24NM":"Twickenham"}},{"type":"Feature","geometry":{"type":"Polygon","coordinates":[[[-1.4859,54.9886],[-1.4865,55.0002],[-1.5115,55.0186],[-1.49,55.0386],[-1.5047,55.0402],[-1.5076,55.0482],[-1.4878,55.0536],[-1.4923,55.0661],[-1.4618,55.0744],[-1.4207,55.0196],[-1.4029,55.0146],[-1.4299,55.0133],[-1.456,54.9887],[-1.4859,54.9886]]]},"properties":{"PCON24CD":"E14001557","PCON24NM":"Tynemouth"}},{"type":"Feature","geometry":{"type":"Polygon","coordinates":[[[-0.3859,51.5709],[-0.3778,51.555],[-0.3987,51.5479],[-0.3953,51.5426],[-0.4414,51.5365],[-0.4502,51.5072],[-0.4855,51.51],[-0.4955,51.5385],[-0.4766,51.5592],[-0.4996,51.5967],[-0.4428,51.5796],[-0.4523,51.5732],[-0.4312,51.5676],[-0.408,51.5748],[-0.4008,51.5653],[-0.3859,51.5709]]]},"properties":{"PCON24CD":"E14001558","PCON24NM":"Uxbridge and South Ruislip"}},{"type":"Feature","geometry":{"type":"Polygon","coordinates":[[[-0.1018,51.4923],[-0.0859,51.4778],[-0.093,51.472],[-0.1125,51.4704],[-0.1339,51.4756],[-0.1092,51.5099],[-0.1115,51.4965],[-0.1018,51.4923]]]},"properties":{"PCON24CD":"E14001559","PCON24NM":"Vauxhall and Camberwell Green"}},{"type":"Feature","geometry":{"type":"Polygon","coordinates":[[[-1.4198,53.7447],[-1.4158,53.7347],[-1.4346,53.7257],[-1.4283,53.7214],[-1.4698,53.712],[-1.4618,53.7085],[-1.4702,53.7051],[-1.4508,53.698],[-1.4488,53.6888],[-1.4673,53.6852],[-1.473,53.6754],[-1.4935,53.6607],[-1.5137,53.6641],[-1.5287,53.6562],[-1.5528,53.6764],[-1.5545,53.7028],[-1.5108,53.7296],[-1.4957,53.7223],[-1.481,53.7278],[-1.5015,53.7363],[-1.4925,53.7476],[-1.5167,53.7508],[-1.4819,53.7663],[-1.4376,53.7611],[-1.4198,53.7447]]]},"properties":{"PCON24CD":"E14001560","PCON24NM":"Wakefield and Rothwell"}},{"type":"Feature","geometry":{"type":"Polygon","coordinates":[[[-3.0183,53.4026],[-3.0446,53.404],[-3.069,53.4154],[-3.0876,53.4054],[-3.0857,53.3864],[-3.0938,53.3809],[-3.1246,53.3856],[-3.1433,53.4106],[-3.0412,53.4429],[-3.0183,53.4026]]]},"properties":{"PCON24CD":"E14001561","PCON24NM":"Wallasey"}},{"type":"Feature","geometry":{"type":"Polygon","coordinates":[[[-1.9425,52.5605],[-1.9511,52.5568],[-1.9641,52.5632],[-1.9752,52.5559],[-2.011,52.5691],[-2.0155,52.5964],[-2.0302,52.617],[-2.0295,52.6256],[-1.9909,52.6367],[-1.967,52.6121],[-1.9729,52.5983],[-1.953,52.5998],[-1.9423,52.5914],[-1.9499,52.5723],[-1.9597,52.572],[-1.9425,52.5605]]]},"properties":{"PCON24CD":"E14001562","PCON24NM":"Walsall and Bloxwich"}},{"type":"Feature","geometry":{"type":"Polygon","coordinates":[[[0.0125,51.5954],[0.0149,51.5833],[-0.0154,51.5764],[-0.03,51.5614],[-0.0471,51.5626],[-0.0612,51.5778],[-0.0414,51.6056],[-0.0339,51.6095],[-0.0171,51.6012],[-0.0017,51.6043],[-0.0012,51.5924],[0.0125,51.5954]]]},"properties":{"PCON24CD":"E14001563","PCON24NM":"Walthamstow"}},{"type":"Feature","geometry":{"type":"Polygon","coordinates":[[[-2.4494,53.4159],[-2.4784,53.3962],[-2.5353,53.3839],[-2.562,53.3947],[-2.5785,53.3838],[-2.5914,53.3858],[-2.5978,53.4143],[-2.6086,53.4135],[-2.6143,53.4016],[-2.6285,53.4095],[-2.6721,53.4118],[-2.6639,53.4297],[-2.6753,53.433],[-2.6688,53.441],[-2.6822,53.4392],[-2.6767,53.4529],[-2.6339,53.4424],[-2.6275,53.4344],[-2.5962,53.4427],[-2.5987,53.4504],[-2.5853,53.4398],[-2.5703,53.4585],[-2.5491,53.4615],[-2.5526,53.4678],[-2.4963,53.4809],[-2.4782,53.4435],[-2.4517,53.4269],[-2.4494,53.4159]]]},"properties":{"PCON24CD":"E14001564","PCON24NM":"Warrington North"}},{"type":"Feature","geometry":{"type":"Polygon","coordinates":[[[-2.5097,53.3894],[-2.5164,53.3631],[-2.5058,53.3555],[-2.5184,53.3424],[-2.5619,53.3233],[-2.5863,53.3294],[-2.5952,53.3225],[-2.6191,53.3311],[-2.6066,53.343],[-2.6315,53.346],[-2.6306,53.364],[-2.6746,53.3537],[-2.6915,53.361],[-2.6906,53.3854],[-2.6763,53.3876],[-2.6721,53.4118],[-2.6285,53.4095],[-2.6143,53.4016],[-2.6086,53.4135],[-2.5978,53.4143],[-2.5914,53.3858],[-2.5785,53.3838],[-2.562,53.3947],[-2.5353,53.3839],[-2.5097,53.3894]]]},"properties":{"PCON24CD":"E14001565","PCON24NM":"Warrington South"}},{"type":"Feature","geometry":{"type":"Polygon","coordinates":[[[-1.4441,52.341],[-1.436,52.3284],[-1.407,52.3192],[-1.42,52.3122],[-1.4247,52.2943],[-1.4485,52.2941],[-1.4352,52.2728],[-1.4777,52.2617],[-1.5,52.2376],[-1.5163,52.2408],[-1.5278,52.2252],[-1.5656,52.2318],[-1.5735,52.2514],[-1.6175,52.2618],[-1.6059,52.2934],[-1.5796,52.3025],[-1.5698,52.2974],[-1.5728,52.306],[-1.5435,52.3128],[-1.5564,52.3262],[-1.5082,52.3125],[-1.5089,52.3002],[-1.4815,52.2896],[-1.4725,52.2951],[-1.487,52.3265],[-1.475,52.3362],[-1.457,52.3341],[-1.4441,52.341]]]},"properties":{"PCON24CD":"E14001566","PCON24NM":"Warwick and Leamington"}},{"type":"Feature","geometry":{"type":"Polygon","coordinates":[[[-1.4403,54.9121],[-1.5009,54.8871],[-1.5065,54.8711],[-1.5318,54.8782],[-1.5619,54.8757],[-1.5594,54.882],[-1.5799,54.8778],[-1.5942,54.902],[-1.6506,54.8793],[-1.6493,54.893],[-1.6756,54.8981],[-1.6748,54.9093],[-1.6438,54.9355],[-1.6097,54.9341],[-1.6045,54.9216],[-1.5884,54.9171],[-1.5567,54.93],[-1.4501,54.934],[-1.4194,54.9299],[-1.4125,54.9358],[-1.4068,54.9261],[-1.4403,54.9121]]]},"properties":{"PCON24CD":"E14001567","PCON24NM":"Washington and Gateshead South"}},{"type":"Feature","geometry":{"type":"Polygon","coordinates":[[[-0.3756,51.6929],[-0.3742,51.6741],[-0.3628,51.666],[-0.3774,51.6377],[-0.4311,51.6421],[-0.4244,51.655],[-0.4395,51.6728],[-0.4283,51.6706],[-0.4314,51.6824],[-0.4024,51.7019],[-0.3756,51.6929]]]},"properties":{"PCON24CD":"E14001568","PCON24NM":"Watford"}},{"type":"Feature","geometry":{"type":"Polygon","coordinates":[[[1.5528,52.4592],[1.5548,52.4362],[1.586,52.441],[1.6257,52.4284],[1.6396,52.4186],[1.6323,52.4033],[1.5892,52.3702],[1.5866,52.3517],[1.56,52.3473],[1.5711,52.3407],[1.5626,52.3317],[1.581,52.3215],[1.5663,52.3142],[1.5276,52.3163],[1.5223,52.3272],[1.4979,52.3177],[1.4847,52.3326],[1.4873,52.3486],[1.4222,52.3688],[1.3695,52.3463],[1.3575,52.3222],[1.384,52.3107],[1.3841,52.2941],[1.4016,52.2857],[1.3557,52.2741],[1.3444,52.2821],[1.3473,52.2934],[1.3276,52.2985],[1.3413,52.2844],[1.3398,52.2659],[1.301,52.259],[1.2867,52.2405],[1.2474,52.2287],[1.2256,52.2309],[1.2332,52.2367],[1.2155,52.2572],[1.2283,52.2663],[1.2042,52.2699],[1.209,52.2753],[1.1854,52.2856],[1.1753,52.278],[1.1806,52.2532],[1.1542,52.2486],[1.1418,52.2271],[1.0631,52.2216],[1.0538,52.1997],[1.0226,52.1853],[0.9912,52.2018],[0.9658,52.2015],[0.9613,52.2182],[0.9426,52.2097],[0.9266,52.2132],[0.9176,52.2246],[0.9557,52.2557],[0.911,52.2568],[0.8815,52.2735],[0.8829,52.3001],[0.9002,52.2989],[0.9311,52.3129],[0.9257,52.3274],[0.9327,52.3357],[0.9573,52.3404],[0.9532,52.356],[0.9675,52.3701],[1.03,52.3782],[1.0214,52.406],[1.034,52.4157],[1.0212,52.4164],[1.0428,52.4256],[1.057,52.4201],[1.0731,52.4547],[1.0968,52.4656],[1.0856,52.471],[1.0793,52.4996],[1.0895,52.5146],[1.1081,52.5178],[1.1315,52.5097],[1.1474,52.4925],[1.1866,52.4841],[1.2153,52.455],[1.2357,52.4639],[1.2887,52.4517],[1.3449,52.4646],[1.3621,52.4891],[1.3343,52.4986],[1.349,52.5179],[1.3674,52.5206],[1.3994,52.503],[1.447,52.5129],[1.4553,52.5041],[1.5095,52.5012],[1.5075,52.479],[1.5285,52.4819],[1.5528,52.4592]]]},"properties":{"PCON24CD":"E14001569","PCON24NM":"Waveney Valley"}},{"type":"Feature","geometry":{"type":"Polygon","coordinates":[[[0.9733,51.2686],[0.9982,51.2512],[0.9862,51.2359],[1.0054,51.2085],[0.9897,51.1908],[0.9677,51.1919],[0.9492,51.2051],[0.9338,51.1937],[0.9188,51.1949],[0.9103,51.173],[0.866,51.1752],[0.8365,51.1638],[0.8367,51.153],[0.8481,51.1484],[0.8258,51.1355],[0.8772,51.1097],[0.88,51.1212],[0.8975,51.1131],[0.8951,51.0932],[0.9222,51.0944],[0.9366,51.1069],[0.9532,51.1015],[0.9735,51.1072],[0.9835,51.0911],[0.9673,51.0769],[0.9689,51.0629],[0.9447,51.0548],[0.9342,51.0612],[0.9228,51.0521],[0.9033,51.0505],[0.8945,51.037],[0.8727,51.0528],[0.8697,51.0441],[0.8534,51.0431],[0.8568,51.0326],[0.8391,51.0313],[0.8309,51.0494],[0.779,50.9895],[0.7411,51.0006],[0.7068,50.9936],[0.6809,51.0015],[0.6614,51.0178],[0.6054,51.0121],[0.5935,51.0419],[0.5733,51.0385],[0.5434,51.0507],[0.5303,51.0735],[0.5073,51.0745],[0.499,51.0609],[0.4892,51.0636],[0.4972,51.0798],[0.4816,51.0827],[0.4775,51.0945],[0.5117,51.1217],[0.5099,51.1406],[0.469,51.1433],[0.4677,51.1562],[0.4408,51.1765],[0.4164,51.1805],[0.3842,51.1983],[0.4003,51.1986],[0.4088,51.2217],[0.3787,51.235],[0.4096,51.253],[0.4313,51.2491],[0.4601,51.2589],[0.4967,51.2582],[0.512,51.247],[0.5407,51.2443],[0.5604,51.2311],[0.5734,51.2352],[0.5727,51.2433],[0.5893,51.2445],[0.6039,51.2358],[0.6059,51.2205],[0.6371,51.2221],[0.6433,51.2445],[0.6596,51.2431],[0.6547,51.224],[0.6702,51.2227],[0.6692,51.2146],[0.6989,51.216],[0.7111,51.2244],[0.7254,51.2091],[0.742,51.2082],[0.7825,51.2394],[0.7958,51.2369],[0.7951,51.2285],[0.8222,51.2243],[0.8418,51.2371],[0.8599,51.2308],[0.8635,51.2389],[0.9195,51.2511],[0.9237,51.2594],[0.9491,51.256],[0.955,51.2702],[0.9733,51.2686]]]},"properties":{"PCON24CD":"E14001570","PCON24NM":"Weald of Kent"}},{"type":"Feature","geometry":{"type":"Polygon","coordinates":[[[-0.5198,52.3177],[-0.5141,52.3147],[-0.542,52.2899],[-0.5312,52.2704],[-0.5418,52.2561],[-0.5657,52.2535],[-0.6033,52.2788],[-0.6537,52.2683],[-0.7614,52.3059],[-0.7395,52.3198],[-0.7038,52.3194],[-0.702,52.3257],[-0.6812,52.3282],[-0.6828,52.3496],[-0.6537,52.3481],[-0.6324,52.3616],[-0.6228,52.342],[-0.6349,52.333],[-0.613,52.3336],[-0.5718,52.3187],[-0.5198,52.3177]]]},"properties":{"PCON24CD":"E14001571","PCON24NM":"Wellingborough and Rushden"}},{"type":"Feature","geometry":{"type":"Polygon","coordinates":[[[-2.7079,51.3378],[-2.6872,51.3304],[-2.6949,51.318],[-2.6386,51.2948],[-2.6274,51.2828],[-2.5578,51.3027],[-2.4967,51.2905],[-2.5601,51.239],[-2.5465,51.2262],[-2.5546,51.2108],[-2.5236,51.2033],[-2.5201,51.1737],[-2.5928,51.1424],[-2.6069,51.1443],[-2.6153,51.1623],[-2.6364,51.1584],[-2.717,51.1699],[-2.7294,51.1548],[-2.7454,51.1604],[-2.7447,51.1426],[-2.7594,51.1283],[-2.7524,51.1082],[-2.7649,51.1077],[-2.772,51.0971],[-2.7909,51.0985],[-2.7944,51.1078],[-2.8499,51.1032],[-2.9147,51.1188],[-2.9395,51.1454],[-2.9064,51.1421],[-2.8963,51.1831],[-2.9581,51.1884],[-2.9612,51.1818],[-2.9783,51.1881],[-2.9719,51.2179],[-2.9639,51.2127],[-2.9562,51.2197],[-2.9612,51.2289],[-2.982,51.2339],[-2.9803,51.2592],[-2.9932,51.2616],[-2.9753,51.2963],[-2.961,51.3048],[-2.9099,51.2939],[-2.9148,51.3194],[-2.8957,51.3205],[-2.8936,51.3308],[-2.9086,51.3496],[-2.8954,51.3484],[-2.8924,51.3738],[-2.878,51.3789],[-2.9128,51.3962],[-2.8918,51.4161],[-2.8701,51.4112],[-2.8439,51.4263],[-2.8077,51.4203],[-2.8062,51.4131],[-2.779,51.4029],[-2.7948,51.3824],[-2.76,51.3786],[-2.7777,51.3757],[-2.7826,51.3618],[-2.7712,51.3436],[-2.7466,51.3372],[-2.7424,51.349],[-2.732,51.3504],[-2.7208,51.3383],[-2.7079,51.3378]]]},"properties":{"PCON24CD":"E14001572","PCON24NM":"Wells and Mendip Hills"}},{"type":"Feature","geometry":{"type":"Polygon","coordinates":[[[-0.1684,51.8312],[-0.1836,51.8151],[-0.148,51.799],[-0.1667,51.7926],[-0.1414,51.7737],[-0.1384,51.7373],[-0.1548,51.7371],[-0.1479,51.7278],[-0.1725,51.7026],[-0.2184,51.7137],[-0.239,51.7061],[-0.2551,51.7295],[-0.2416,51.7424],[-0.2773,51.776],[-0.2775,51.7978],[-0.2433,51.8124],[-0.2735,51.8354],[-0.2725,51.8405],[-0.2473,51.8462],[-0.2416,51.8353],[-0.2249,51.8332],[-0.2239,51.8467],[-0.2129,51.8514],[-0.206,51.8464],[-0.2146,51.8396],[-0.1995,51.8438],[-0.2067,51.8543],[-0.1835,51.8604],[-0.1668,51.8502],[-0.1695,51.8394],[-0.1785,51.8412],[-0.1684,51.8312]]]},"properties":{"PCON24CD":"E14001573","PCON24NM":"Welwyn Hatfield"}},{"type":"Feature","geometry":{"type":"Polygon","coordinates":[[[-1.9425,52.5605],[-1.9182,52.5473],[-1.9331,52.5458],[-1.9294,52.5313],[-1.9602,52.5314],[-1.962,52.5099],[-1.9982,52.5058],[-2.0068,52.4914],[-2.032,52.4968],[-2.0376,52.483],[-2.0739,52.4762],[-2.0632,52.5137],[-2.0484,52.5242],[-2.0295,52.5183],[-2.0223,52.5304],[-2.0028,52.532],[-2.0053,52.5259],[-1.9932,52.5235],[-1.9752,52.5559],[-1.9641,52.5632],[-1.9511,52.5568],[-1.9425,52.5605]]]},"properties":{"PCON24CD":"E14001574","PCON24NM":"West Bromwich"}},{"type":"Feature","geometry":{"type":"Polygon","coordinates":[[[-2.4149,50.9606],[-2.4467,50.9297],[-2.409,50.9218],[-2.3993,50.9013],[-2.4284,50.8845],[-2.4353,50.867],[-2.424,50.8671],[-2.4226,50.8574],[-2.3956,50.8624],[-2.3993,50.8371],[-2.3794,50.8474],[-2.3141,50.8491],[-2.2914,50.8231],[-2.3122,50.8166],[-2.3037,50.804],[-2.3171,50.7994],[-2.2944,50.7738],[-2.3057,50.7633],[-2.368,50.7857],[-2.376,50.7772],[-2.3685,50.7639],[-2.4209,50.7552],[-2.4228,50.7497],[-2.3865,50.7435],[-2.3798,50.7104],[-2.3272,50.7179],[-2.3404,50.7218],[-2.3261,50.7392],[-2.3037,50.7303],[-2.3092,50.7052],[-2.3535,50.7013],[-2.3743,50.6688],[-2.4243,50.6595],[-2.4327,50.6462],[-2.467,50.6524],[-2.4637,50.6716],[-2.4945,50.6787],[-2.5023,50.6502],[-2.5252,50.6465],[-2.5227,50.6276],[-2.5051,50.6175],[-2.5097,50.6125],[-2.5175,50.6179],[-2.5351,50.6185],[-2.5604,50.6391],[-2.6115,50.6541],[-2.5175,50.6042],[-2.6374,50.664],[-2.7796,50.7146],[-2.9118,50.7338],[-2.9474,50.7184],[-2.9531,50.7285],[-2.9351,50.7543],[-2.9543,50.7677],[-2.8866,50.7948],[-2.8928,50.8048],[-2.9613,50.8156],[-2.9417,50.8359],[-2.8891,50.85],[-2.8288,50.8487],[-2.8114,50.8634],[-2.7923,50.8528],[-2.7575,50.8669],[-2.7145,50.8639],[-2.7144,50.8712],[-2.6607,50.8871],[-2.6175,50.881],[-2.6095,50.8915],[-2.624,50.908],[-2.604,50.9267],[-2.616,50.9414],[-2.5988,50.9479],[-2.6019,50.9775],[-2.586,50.9769],[-2.5746,50.9867],[-2.5562,50.9795],[-2.5454,50.9851],[-2.5452,50.9996],[-2.5264,50.9919],[-2.5023,50.9938],[-2.4903,50.9728],[-2.4587,50.9497],[-2.4435,50.9585],[-2.4472,50.9679],[-2.428,50.9714],[-2.4149,50.9606]]]},"properties":{"PCON24CD":"E14001575","PCON24NM":"West Dorset"}},{"type":"Feature","geometry":{"type":"Polygon","coordinates":[[[0.0324,51.5347],[0.0413,51.5197],[0.0805,51.5276],[0.0927,51.5257],[0.0981,51.515],[0.0604,51.4984],[0.0202,51.4994],[0.006,51.5076],[-0.0078,51.5253],[0.0048,51.5283],[0.0007,51.5366],[0.0104,51.5409],[0.0324,51.5347]]]},"properties":{"PCON24CD":"E14001576","PCON24NM":"West Ham and Beckton"}},{"type":"Feature","geometry":{"type":"Polygon","coordinates":[[[-2.8076,53.6283],[-2.7908,53.6146],[-2.793,53.623],[-2.7588,53.6147],[-2.7362,53.6237],[-2.7097,53.6178],[-2.6946,53.6266],[-2.6895,53.6043],[-2.6934,53.5894],[-2.7192,53.5761],[-2.7047,53.5619],[-2.7178,53.5273],[-2.7304,53.5206],[-2.7689,53.5136],[-2.7825,53.5314],[-2.8166,53.5123],[-2.825,53.4852],[-2.8444,53.4841],[-2.8498,53.4931],[-2.8652,53.4921],[-2.888,53.5038],[-2.8817,53.5205],[-2.923,53.5252],[-2.955,53.546],[-2.9776,53.5459],[-2.963,53.5238],[-2.9729,53.5154],[-3.025,53.539],[-3.0445,53.5407],[-3.0405,53.5651],[-3.0216,53.574],[-3.0207,53.5837],[-3.036,53.5872],[-3.0322,53.5985],[-2.9979,53.6267],[-2.9818,53.6222],[-2.9604,53.6387],[-2.944,53.6379],[-2.9311,53.6474],[-2.899,53.6497],[-2.8484,53.6246],[-2.8094,53.6218],[-2.8076,53.6283]]]},"properties":{"PCON24CD":"E14001577","PCON24NM":"West Lancashire"}},{"type":"Feature","geometry":{"type":"Polygon","coordinates":[[[0.7124,52.3946],[0.6747,52.357],[0.7384,52.3485],[0.7249,52.2963],[0.6811,52.2885],[0.6649,52.2575],[0.6852,52.2573],[0.6739,52.2489],[0.7051,52.2224],[0.732,52.2283],[0.75,52.2124],[0.7759,52.2108],[0.7711,52.1883],[0.7626,52.1913],[0.7536,52.182],[0.7383,52.1887],[0.7304,52.1786],[0.6943,52.1801],[0.6917,52.1576],[0.6536,52.1615],[0.6414,52.1563],[0.6372,52.1334],[0.6269,52.129],[0.6569,52.0854],[0.582,52.0759],[0.5514,52.0688],[0.5423,52.0577],[0.5111,52.0599],[0.5017,52.0539],[0.4666,52.0784],[0.4536,52.0681],[0.4383,52.0723],[0.4046,52.0655],[0.395,52.096],[0.3818,52.1027],[0.3896,52.1175],[0.4175,52.1332],[0.4173,52.1593],[0.4359,52.1595],[0.4522,52.1732],[0.4707,52.1633],[0.4913,52.1651],[0.5145,52.2268],[0.4949,52.2393],[0.4818,52.2324],[0.427,52.2536],[0.4145,52.2479],[0.4213,52.2397],[0.3712,52.2266],[0.3427,52.2423],[0.361,52.2493],[0.3399,52.2677],[0.3552,52.2793],[0.3589,52.2975],[0.3827,52.2933],[0.4242,52.2559],[0.4989,52.273],[0.5047,52.2847],[0.4576,52.3163],[0.4314,52.3158],[0.4242,52.3292],[0.4426,52.3488],[0.4076,52.3616],[0.3748,52.4097],[0.4454,52.4474],[0.5237,52.4482],[0.5548,52.456],[0.6156,52.449],[0.6203,52.4543],[0.6422,52.451],[0.6663,52.4625],[0.684,52.4532],[0.7189,52.4496],[0.6685,52.4091],[0.7124,52.3946]]]},"properties":{"PCON24CD":"E14001578","PCON24NM":"West Suffolk"}},{"type":"Feature","geometry":{"type":"Polygon","coordinates":[[[-2.2664,52.3236],[-2.2751,52.2723],[-2.2519,52.2668],[-2.2318,52.2499],[-2.2433,52.2219],[-2.2349,52.2115],[-2.2488,52.2107],[-2.2618,52.1819],[-2.2527,52.1836],[-2.2472,52.1696],[-2.2277,52.1636],[-2.2034,52.1673],[-2.1896,52.146],[-2.1649,52.1428],[-2.1964,52.125],[-2.1733,52.1093],[-2.1518,52.1075],[-2.1383,52.1251],[-2.1381,52.1166],[-2.1133,52.1155],[-2.1062,52.1257],[-2.0621,52.129],[-2.0712,52.1016],[-2.0657,52.093],[-2.0349,52.0973],[-2.0425,52.07],[-2.0201,52.0813],[-2.0167,52.0921],[-2.0034,52.0812],[-1.9923,52.0821],[-1.9898,52.0702],[-1.9625,52.0745],[-1.9378,52.0697],[-1.9285,52.064],[-1.9415,52.0522],[-1.9134,52.0445],[-1.9317,52.0299],[-1.9514,52.0377],[-1.9841,52.0359],[-2.0384,52.0046],[-2.0495,52.0038],[-2.0608,52.0147],[-2.0849,52.0105],[-2.1122,52.0153],[-2.1393,51.9994],[-2.1508,52.0066],[-2.14,52.0273],[-2.1161,52.0379],[-2.1627,52.0505],[-2.1805,52.0423],[-2.1769,52.0226],[-2.1877,52.0191],[-2.1641,52.0034],[-2.1647,51.9961],[-2.1811,51.9995],[-2.1851,51.9906],[-2.2206,51.9955],[-2.2514,51.9666],[-2.3004,51.9668],[-2.3126,51.9765],[-2.3266,51.9758],[-2.3247,52.0036],[-2.3525,52.0135],[-2.338,52.0899],[-2.3521,52.1035],[-2.3514,52.1446],[-2.3794,52.1551],[-2.415,52.1452],[-2.4352,52.1682],[-2.4221,52.1723],[-2.4079,52.2027],[-2.3927,52.2086],[-2.4039,52.2215],[-2.3842,52.2252],[-2.4231,52.2372],[-2.465,52.2344],[-2.4747,52.2414],[-2.4681,52.256],[-2.428,52.2706],[-2.4514,52.2851],[-2.5031,52.2774],[-2.4957,52.2569],[-2.5259,52.2482],[-2.5317,52.2533],[-2.5742,52.2527],[-2.629,52.2404],[-2.6283,52.2612],[-2.5979,52.2816],[-2.6399,52.2863],[-2.6632,52.304],[-2.6181,52.3069],[-2.5747,52.3176],[-2.5626,52.3111],[-2.5622,52.3331],[-2.5391,52.3441],[-2.5121,52.3371],[-2.5132,52.3292],[-2.4818,52.3311],[-2.4884,52.3554],[-2.4747,52.3672],[-2.4147,52.3682],[-2.421,52.3331],[-2.4341,52.3227],[-2.3699,52.3268],[-2.3633,52.3149],[-2.334,52.3189],[-2.3109,52.3406],[-2.2992,52.3224],[-2.2739,52.3289],[-2.2664,52.3236]]]},"properties":{"PCON24CD":"E14001579","PCON24NM":"West Worcestershire"}},{"type":"Feature","geometry":{"type":"Polygon","coordinates":[[[-2.9894,54.7284],[-2.916,54.6969],[-2.8767,54.7059],[-2.7546,54.6462],[-2.6995,54.6623],[-2.6812,54.6555],[-2.6849,54.6654],[-2.6415,54.6731],[-2.6403,54.6628],[-2.6219,54.6615],[-2.6043,54.6468],[-2.5349,54.6764],[-2.5068,54.6755],[-2.4657,54.7005],[-2.4112,54.7073],[-2.3555,54.6972],[-2.3276,54.6709],[-2.2929,54.6639],[-2.288,54.6505],[-2.3249,54.6317],[-2.3045,54.5962],[-2.2095,54.5517],[-2.1975,54.5327],[-2.1724,54.5324],[-2.159,54.472],[-2.1702,54.4582],[-2.1775,54.4616],[-2.1893,54.449],[-2.2495,54.4519],[-2.2929,54.4393],[-2.3081,54.4198],[-2.3054,54.3971],[-2.2917,54.3906],[-2.2974,54.3769],[-2.317,54.3763],[-2.3446,54.3596],[-2.3677,54.3561],[-2.3823,54.3713],[-2.4209,54.3658],[-2.4438,54.376],[-2.4627,54.3684],[-2.4837,54.3774],[-2.5137,54.3679],[-2.5372,54.394],[-2.5545,54.3867],[-2.5797,54.391],[-2.5884,54.3589],[-2.5728,54.3509],[-2.5675,54.3255],[-2.5838,54.3082],[-2.5716,54.2973],[-2.5854,54.2741],[-2.6372,54.2683],[-2.6958,54.2714],[-2.694,54.2831],[-2.707,54.2887],[-2.7011,54.3003],[-2.7151,54.3034],[-2.7243,54.2897],[-2.756,54.2808],[-2.7636,54.2479],[-2.74,54.2463],[-2.7403,54.2325],[-2.7488,54.2292],[-2.7553,54.2402],[-2.801,54.2318],[-2.826,54.2055],[-2.8576,54.1943],[-2.8425,54.2056],[-2.8872,54.1991],[-2.902,54.1894],[-2.8961,54.1812],[-2.9107,54.1795],[-2.8994,54.1761],[-2.9223,54.165],[-2.9083,54.1648],[-2.9254,54.1503],[-2.9999,54.1548],[-2.9894,54.1795],[-3.0065,54.1722],[-3.005,54.1803],[-3.0103,54.1769],[-3.0387,54.1973],[-3.023,54.1916],[-3.0347,54.1963],[-3.034,54.2028],[-3.0224,54.2144],[-3.0382,54.227],[-3.0516,54.2248],[-3.0858,54.2769],[-3.1169,54.268],[-3.1039,54.262],[-3.1112,54.2514],[-3.1354,54.2486],[-3.1306,54.2611],[-3.1427,54.2778],[-3.1225,54.3041],[-3.1488,54.3517],[-3.1244,54.377],[-3.1143,54.4206],[-3.157,54.4302],[-3.1671,54.4541],[-3.1364,54.4707],[-3.1126,54.4615],[-3.1095,54.474],[-3.0978,54.4719],[-3.0762,54.4894],[-3.0135,54.5011],[-3.0153,54.5255],[-3.0258,54.53],[-3.0167,54.5616],[-3.0288,54.5669],[-3.0183,54.575],[-3.0371,54.5809],[-3.0074,54.5953],[-3.0343,54.6028],[-3.0444,54.6142],[-3.087,54.6127],[-3.0943,54.6439],[-3.0867,54.6636],[-3.0546,54.6798],[-3.0872,54.6861],[-3.0819,54.6953],[-3.0638,54.7001],[-2.9958,54.6945],[-2.983,54.7194],[-2.9894,54.7284]]]},"properties":{"PCON24CD":"E14001580","PCON24NM":"Westmorland and Lonsdale"}},{"type":"Feature","geometry":{"type":"Polygon","coordinates":[[[-2.9396,51.3964],[-2.9393,51.391],[-2.9173,51.3959],[-2.878,51.3789],[-2.8924,51.3738],[-2.8954,51.3484],[-2.9086,51.3496],[-2.8936,51.3308],[-2.8957,51.3205],[-2.9148,51.3194],[-2.9099,51.2939],[-2.961,51.3048],[-2.9753,51.2963],[-2.9926,51.3003],[-2.983,51.312],[-2.9896,51.3175],[-2.9828,51.3491],[-2.9946,51.3565],[-2.9675,51.3637],[-2.9622,51.3748],[-2.9631,51.3829],[-2.9808,51.3884],[-2.9396,51.3964]]]},"properties":{"PCON24CD":"E14001581","PCON24NM":"Weston-super-Mare"}},{"type":"Feature","geometry":{"type":"Polygon","coordinates":[[[-1.0597,54.0566],[-1.0587,54.0478],[-1.0894,54.048],[-1.1202,54.029],[-1.1408,54.0299],[-1.1491,54.0029],[-1.137,53.9911],[-1.1517,53.9891],[-1.1888,54.0025],[-1.1821,53.9853],[-1.2166,53.9856],[-1.2237,53.9748],[-1.1995,53.9254],[-1.1053,53.8757],[-1.1272,53.8648],[-1.1185,53.8545],[-1.1382,53.8398],[-1.1444,53.8499],[-1.1661,53.8469],[-1.173,53.8561],[-1.1834,53.8498],[-1.1973,53.8538],[-1.192,53.8279],[-1.1624,53.8152],[-1.1721,53.8018],[-1.2212,53.8027],[-1.2275,53.8176],[-1.2412,53.8177],[-1.2426,53.8086],[-1.2584,53.8037],[-1.3033,53.8169],[-1.3136,53.8097],[-1.4013,53.7998],[-1.4002,53.8197],[-1.4218,53.8175],[-1.4499,53.8399],[-1.5004,53.8483],[-1.4973,53.8663],[-1.5606,53.889],[-1.5526,53.903],[-1.5539,53.9219],[-1.5662,53.9256],[-1.5395,53.944],[-1.5436,53.9549],[-1.5176,53.9527],[-1.5068,53.9766],[-1.4836,53.9815],[-1.4877,53.9923],[-1.4572,53.9911],[-1.4425,53.9976],[-1.4212,53.981],[-1.3887,54.0003],[-1.3522,53.9927],[-1.3457,53.9998],[-1.3513,54.0313],[-1.3835,54.0372],[-1.3897,54.0603],[-1.4128,54.0582],[-1.4316,54.073],[-1.452,54.0698],[-1.4707,54.0758],[-1.4727,54.0835],[-1.5045,54.0833],[-1.5207,54.0756],[-1.5304,54.0938],[-1.5137,54.1032],[-1.4871,54.1045],[-1.4954,54.1163],[-1.4883,54.1236],[-1.449,54.1309],[-1.4557,54.1436],[-1.4314,54.1453],[-1.4193,54.1324],[-1.4061,54.1337],[-1.3855,54.1465],[-1.3902,54.1582],[-1.3673,54.1676],[-1.3438,54.1515],[-1.3337,54.1594],[-1.2769,54.1457],[-1.2627,54.1493],[-1.2662,54.1807],[-1.3098,54.2003],[-1.2909,54.2001],[-1.2854,54.2085],[-1.2667,54.2108],[-1.2556,54.2264],[-1.2181,54.2299],[-1.197,54.2411],[-1.1999,54.213],[-1.1892,54.2001],[-1.1686,54.2025],[-1.1259,54.1805],[-1.0991,54.1853],[-1.0806,54.1721],[-1.0887,54.1629],[-1.0131,54.1346],[-1.0163,54.1079],[-1.0438,54.1075],[-1.0395,54.0984],[-1.0602,54.0853],[-1.0391,54.0757],[-1.0597,54.0566]]]},"properties":{"PCON24CD":"E14001582","PCON24NM":"Wetherby and Easingwold"}},{"type":"Feature","geometry":{"type":"Polygon","coordinates":[[[-3.1968,54.4656],[-3.2246,54.4478],[-3.2712,54.4398],[-3.3039,54.4248],[-3.324,54.4053],[-3.3162,54.3991],[-3.4102,54.3623],[-3.4152,54.3494],[-3.4353,54.3434],[-3.503,54.4109],[-3.6384,54.5123],[-3.608,54.5307],[-3.5811,54.5729],[-3.5659,54.6123],[-3.5799,54.6523],[-3.5443,54.6472],[-3.5715,54.6511],[-3.5192,54.6927],[-3.5146,54.7062],[-3.5038,54.7055],[-3.4635,54.6754],[-3.4571,54.6571],[-3.4433,54.6609],[-3.4201,54.648],[-3.366,54.6505],[-3.3484,54.6431],[-3.3825,54.6385],[-3.3914,54.6266],[-3.3761,54.6197],[-3.4232,54.5939],[-3.3784,54.5759],[-3.3553,54.5355],[-3.3058,54.5301],[-3.2136,54.4966],[-3.2193,54.482],[-3.1968,54.4656]]]},"properties":{"PCON24CD":"E14001583","PCON24NM":"Whitehaven and Workington"}},{"type":"Feature","geometry":{"type":"Polygon","coordinates":[[[-2.6906,53.3854],[-2.6915,53.361],[-2.7343,53.3478],[-2.7645,53.3553],[-2.7591,53.3496],[-2.7782,53.3326],[-2.7843,53.3364],[-2.7777,53.3293],[-2.7886,53.3225],[-2.8279,53.3315],[-2.8323,53.3373],[-2.8187,53.3398],[-2.8188,53.348],[-2.8404,53.3473],[-2.8535,53.3635],[-2.8562,53.3788],[-2.822,53.3807],[-2.8373,53.3999],[-2.8057,53.3992],[-2.8173,53.4047],[-2.8133,53.4173],[-2.7857,53.4149],[-2.7868,53.4012],[-2.7189,53.3998],[-2.7103,53.3893],[-2.6906,53.3854]]]},"properties":{"PCON24CD":"E14001584","PCON24NM":"Widnes and Halewood"}},{"type":"Feature","geometry":{"type":"Polygon","coordinates":[[[-2.6259,53.5937],[-2.5777,53.5811],[-2.5596,53.5612],[-2.5692,53.5475],[-2.581,53.5496],[-2.579,53.5419],[-2.6116,53.5301],[-2.626,53.5397],[-2.6373,53.535],[-2.6477,53.541],[-2.6842,53.5308],[-2.6983,53.5328],[-2.7047,53.5619],[-2.7192,53.5761],[-2.6934,53.5894],[-2.6895,53.6043],[-2.6346,53.6083],[-2.6259,53.5937]]]},"properties":{"PCON24CD":"E14001585","PCON24NM":"Wigan"}},{"type":"Feature","geometry":{"type":"Polygon","coordinates":[[[-0.1788,51.4243],[-0.1982,51.395],[-0.2141,51.4092],[-0.2288,51.4071],[-0.2209,51.3967],[-0.245,51.3801],[-0.261,51.3796],[-0.2759,51.3971],[-0.2466,51.3992],[-0.2511,51.4326],[-0.19,51.4415],[-0.1788,51.4243]]]},"properties":{"PCON24CD":"E14001586","PCON24NM":"Wimbledon"}},{"type":"Feature","geometry":{"type":"Polygon","coordinates":[[[-1.2486,51.1911],[-1.2066,51.1807],[-1.1903,51.1838],[-1.1856,51.164],[-1.2144,51.1588],[-1.2136,51.1524],[-1.1844,51.1443],[-1.1781,51.1341],[-1.1317,51.1436],[-1.1121,51.1366],[-1.095,51.1403],[-1.0939,51.1078],[-1.0721,51.1071],[-1.106,51.0906],[-1.1071,51.0789],[-1.0817,51.0464],[-1.0537,51.0472],[-1.0745,51.0326],[-1.0623,51.0203],[-1.0695,50.9937],[-1.0634,50.9777],[-1.0452,50.9686],[-1.0462,50.9546],[-1.0356,50.9515],[-1.0366,50.9317],[-1.0776,50.9135],[-1.0882,50.9225],[-1.1157,50.9069],[-1.1248,50.9097],[-1.1286,50.901],[-1.1538,50.8974],[-1.1771,50.9054],[-1.1725,50.9185],[-1.1843,50.9308],[-1.223,50.9234],[-1.2124,50.9353],[-1.2353,50.9396],[-1.2672,50.9293],[-1.2911,50.9468],[-1.2594,50.9791],[-1.2934,50.9741],[-1.2906,50.9829],[-1.3224,50.9877],[-1.3277,50.9801],[-1.3466,50.9813],[-1.3428,50.9909],[-1.3535,50.9982],[-1.393,51.0044],[-1.4419,51.0252],[-1.4565,51.041],[-1.4425,51.0565],[-1.4116,51.0697],[-1.4145,51.0957],[-1.4363,51.0979],[-1.4361,51.1124],[-1.4314,51.1168],[-1.4075,51.1111],[-1.4072,51.1205],[-1.3702,51.1291],[-1.3778,51.1363],[-1.3477,51.1595],[-1.3369,51.1591],[-1.3088,51.1947],[-1.2486,51.1911]]]},"properties":{"PCON24CD":"E14001587","PCON24NM":"Winchester"}},{"type":"Feature","geometry":{"type":"Polygon","coordinates":[[[-0.5287,51.4971],[-0.49,51.4947],[-0.5098,51.4692],[-0.53,51.4702],[-0.5406,51.4584],[-0.5228,51.4353],[-0.5556,51.4415],[-0.5599,51.4143],[-0.5475,51.4263],[-0.5399,51.4224],[-0.5467,51.4006],[-0.5977,51.3855],[-0.6169,51.3925],[-0.6163,51.3835],[-0.6676,51.3846],[-0.6965,51.4109],[-0.679,51.43],[-0.6313,51.4145],[-0.6306,51.4422],[-0.662,51.4443],[-0.6542,51.4706],[-0.6623,51.4879],[-0.6339,51.4924],[-0.6422,51.5006],[-0.6265,51.5044],[-0.6077,51.4973],[-0.6006,51.5023],[-0.5656,51.4913],[-0.5521,51.4957],[-0.5638,51.5068],[-0.5287,51.4971]]]},"properties":{"PCON24CD":"E14001588","PCON24NM":"Windsor"}},{"type":"Feature","geometry":{"type":"MultiPolygon","coordinates":[[[[-3.1139,53.2944],[-3.123,53.2893],[-3.1141,53.2944],[-3.1139,53.2944]]],[[[-3.1246,53.3856],[-3.0938,53.3809],[-3.0857,53.3864],[-3.04,53.3448],[-3.0211,53.3379],[-2.9991,53.3502],[-2.9802,53.3047],[-3.0261,53.2977],[-3.0742,53.3164],[-3.1126,53.2952],[-3.1239,53.2961],[-3.1162,53.3008],[-3.1274,53.2944],[-3.138,53.2976],[-3.1344,53.308],[-3.133,53.2997],[-3.1239,53.3002],[-3.1307,53.3073],[-3.1071,53.3017],[-3.1268,53.3063],[-3.1126,53.3091],[-3.1265,53.3136],[-3.1191,53.3162],[-3.1293,53.3144],[-3.1227,53.3174],[-3.1356,53.3158],[-3.1364,53.3284],[-3.106,53.3136],[-3.2041,53.3832],[-3.1776,53.3997],[-3.1433,53.4106],[-3.1246,53.3856]]]]},"properties":{"PCON24CD":"E14001589","PCON24NM":"Wirral West"}},{"type":"Feature","geometry":{"type":"MultiPolygon","coordinates":[[[[0.838,51.7734],[0.8562,51.7677],[0.8335,51.7693],[0.838,51.7734]]],[[[0.6865,51.9893],[0.7256,51.9551],[0.7497,51.9548],[0.7222,51.9102],[0.7291,51.908],[0.6996,51.9034],[0.7228,51.8788],[0.7165,51.8712],[0.7407,51.8706],[0.7535,51.8897],[0.7573,51.8795],[0.8447,51.8967],[0.8564,51.8645],[0.8887,51.8462],[0.8614,51.8178],[0.87,51.8056],[0.8893,51.7997],[0.8924,51.7792],[0.8665,51.7928],[0.8723,51.7832],[0.8487,51.7873],[0.8417,51.7823],[0.8299,51.789],[0.8433,51.7808],[0.8773,51.7793],[0.8908,51.7673],[0.8368,51.7739],[0.8318,51.7695],[0.8531,51.7646],[0.8505,51.757],[0.8616,51.7631],[0.8827,51.7577],[0.8562,51.7438],[0.8475,51.7475],[0.853,51.742],[0.8416,51.7388],[0.7923,51.7452],[0.7886,51.7367],[0.7767,51.744],[0.7424,51.7318],[0.6957,51.7511],[0.6666,51.7481],[0.6654,51.7387],[0.65,51.7457],[0.6455,51.7241],[0.6855,51.7062],[0.6585,51.696],[0.6428,51.7021],[0.6259,51.6969],[0.602,51.7089],[0.6111,51.723],[0.5895,51.7302],[0.5934,51.7554],[0.5721,51.7519],[0.5238,51.8034],[0.5341,51.8108],[0.5225,51.8222],[0.5321,51.8379],[0.5746,51.8494],[0.5656,51.865],[0.584,51.8712],[0.6013,51.9216],[0.6394,51.9139],[0.6453,51.9067],[0.6669,51.909],[0.6588,51.9182],[0.68,51.9273],[0.6604,51.9384],[0.6658,51.9524],[0.6747,51.9512],[0.6636,51.9562],[0.6865,51.9893]]]]},"properties":{"PCON24CD":"E14001590","PCON24NM":"Witham"}},{"type":"Feature","geometry":{"type":"Polygon","coordinates":[[[-1.4756,51.838],[-1.4528,51.8114],[-1.4643,51.7852],[-1.457,51.7831],[-1.4785,51.7748],[-1.4694,51.7652],[-1.4308,51.748],[-1.4281,51.7553],[-1.418,51.7508],[-1.4057,51.7736],[-1.3763,51.7638],[-1.3672,51.7731],[-1.3634,51.7618],[-1.3714,51.7354],[-1.3432,51.7332],[-1.332,51.7134],[-1.3227,51.7202],[-1.3203,51.7155],[-1.3308,51.6946],[-1.3445,51.7042],[-1.3546,51.6961],[-1.3532,51.6729],[-1.3694,51.663],[-1.3514,51.6569],[-1.3984,51.6509],[-1.4213,51.6364],[-1.4438,51.6434],[-1.4788,51.6172],[-1.4967,51.6219],[-1.4625,51.6452],[-1.4789,51.6549],[-1.5092,51.6567],[-1.5288,51.6666],[-1.5602,51.6555],[-1.5729,51.6361],[-1.5556,51.6174],[-1.5777,51.6171],[-1.5956,51.6072],[-1.57,51.5474],[-1.5847,51.5249],[-1.6028,51.5183],[-1.6477,51.5719],[-1.655,51.5765],[-1.6765,51.5694],[-1.6911,51.5835],[-1.6906,51.6054],[-1.667,51.6162],[-1.6737,51.6228],[-1.6599,51.635],[-1.6919,51.6522],[-1.7002,51.6709],[-1.6831,51.6901],[-1.6685,51.6804],[-1.6483,51.6841],[-1.6937,51.7216],[-1.687,51.7399],[-1.7007,51.7706],[-1.7195,51.7832],[-1.6869,51.7982],[-1.6778,51.813],[-1.6865,51.8345],[-1.6764,51.8503],[-1.6864,51.8663],[-1.6671,51.877],[-1.6587,51.8966],[-1.6333,51.8996],[-1.6141,51.8841],[-1.5763,51.9021],[-1.5598,51.8996],[-1.5703,51.8855],[-1.5415,51.8667],[-1.5349,51.8446],[-1.5209,51.838],[-1.4756,51.838]]]},"properties":{"PCON24CD":"E14001591","PCON24NM":"Witney"}},{"type":"Feature","geometry":{"type":"Polygon","coordinates":[[[-0.4623,51.33],[-0.489,51.3299],[-0.4755,51.3164],[-0.5008,51.3066],[-0.5103,51.3131],[-0.5298,51.2976],[-0.5402,51.301],[-0.5492,51.2847],[-0.5342,51.2737],[-0.543,51.2658],[-0.6009,51.2861],[-0.6186,51.283],[-0.65,51.3086],[-0.6235,51.3199],[-0.626,51.3348],[-0.5769,51.3363],[-0.5485,51.348],[-0.5156,51.3389],[-0.4814,51.3496],[-0.4637,51.3406],[-0.4623,51.33]]]},"properties":{"PCON24CD":"E14001592","PCON24NM":"Woking"}},{"type":"Feature","geometry":{"type":"Polygon","coordinates":[[[-0.8427,51.5448],[-0.8539,51.5261],[-0.8174,51.5073],[-0.8294,51.4871],[-0.8218,51.4726],[-0.8338,51.4641],[-0.8181,51.4432],[-0.8,51.4412],[-0.7925,51.4088],[-0.8007,51.4038],[-0.7888,51.3718],[-0.8136,51.3703],[-0.8429,51.3523],[-0.8781,51.3526],[-0.9237,51.366],[-0.9861,51.3628],[-0.9887,51.3895],[-0.9738,51.3943],[-0.9716,51.3846],[-0.9462,51.389],[-0.911,51.42],[-0.8933,51.4252],[-0.8999,51.4376],[-0.8651,51.4619],[-0.8888,51.4636],[-0.883,51.4689],[-0.8977,51.487],[-0.8937,51.4968],[-0.87,51.5044],[-0.8785,51.5235],[-0.9001,51.5367],[-0.8969,51.5449],[-0.8797,51.5621],[-0.8427,51.5448]]]},"properties":{"PCON24CD":"E14001593","PCON24NM":"Wokingham"}},{"type":"Feature","geometry":{"type":"Polygon","coordinates":[[[-2.0302,52.617],[-2.0155,52.5964],[-2.0415,52.591],[-2.0665,52.5977],[-2.0778,52.5861],[-2.1012,52.593],[-2.1212,52.5859],[-2.1371,52.6298],[-2.1338,52.6336],[-2.1012,52.6351],[-2.081,52.6119],[-2.0673,52.6121],[-2.0584,52.6218],[-2.0302,52.617]]]},"properties":{"PCON24CD":"E14001594","PCON24NM":"Wolverhampton North East"}},{"type":"Feature","geometry":{"type":"Polygon","coordinates":[[[-2.0155,52.5964],[-2.011,52.5691],[-2.0615,52.5469],[-2.0794,52.5571],[-2.1078,52.5441],[-2.1215,52.5568],[-2.113,52.5621],[-2.1212,52.5859],[-2.1012,52.593],[-2.0778,52.5861],[-2.0665,52.5977],[-2.0415,52.591],[-2.0155,52.5964]]]},"properties":{"PCON24CD":"E14001595","PCON24NM":"Wolverhampton South East"}},{"type":"Feature","geometry":{"type":"Polygon","coordinates":[[[-2.1212,52.5859],[-2.113,52.5621],[-2.1335,52.5541],[-2.1755,52.5544],[-2.1803,52.5745],[-2.2069,52.5866],[-2.1892,52.5888],[-2.1964,52.6066],[-2.1803,52.6049],[-2.153,52.6297],[-2.1371,52.6298],[-2.1212,52.5859]]]},"properties":{"PCON24CD":"E14001596","PCON24NM":"Wolverhampton West"}},{"type":"Feature","geometry":{"type":"Polygon","coordinates":[[[-2.2034,52.1673],[-2.2277,52.1636],[-2.2472,52.1696],[-2.2527,52.1836],[-2.2618,52.1819],[-2.2488,52.2107],[-2.2349,52.2115],[-2.2433,52.2219],[-2.2216,52.2314],[-2.1569,52.2132],[-2.1709,52.1846],[-2.2034,52.1673]]]},"properties":{"PCON24CD":"E14001597","PCON24NM":"Worcester"}},{"type":"Feature","geometry":{"type":"Polygon","coordinates":[[[-2.3295,53.48],[-2.3933,53.4602],[-2.4196,53.4293],[-2.4494,53.4159],[-2.4517,53.4269],[-2.4782,53.4435],[-2.4963,53.4809],[-2.4678,53.4911],[-2.4718,53.5054],[-2.4346,53.5127],[-2.4324,53.5224],[-2.4153,53.512],[-2.3921,53.5119],[-2.3699,53.513],[-2.3544,53.5247],[-2.3332,53.5191],[-2.3529,53.4959],[-2.3268,53.4959],[-2.3295,53.48]]]},"properties":{"PCON24CD":"E14001598","PCON24NM":"Worsley and Eccles"}},{"type":"Feature","geometry":{"type":"Polygon","coordinates":[[[-0.3646,50.8745],[-0.367,50.8606],[-0.3813,50.8632],[-0.4054,50.8546],[-0.3874,50.8187],[-0.3629,50.8198],[-0.3608,50.8135],[-0.436,50.8031],[-0.4952,50.8017],[-0.4894,50.8184],[-0.5156,50.826],[-0.5009,50.8355],[-0.51,50.8395],[-0.4977,50.8474],[-0.4896,50.8736],[-0.4554,50.8969],[-0.4401,50.8776],[-0.4311,50.8928],[-0.4117,50.8865],[-0.4123,50.8796],[-0.3927,50.8933],[-0.3801,50.8856],[-0.3639,50.8885],[-0.3646,50.8745]]]},"properties":{"PCON24CD":"E14001599","PCON24NM":"Worthing West"}},{"type":"Feature","geometry":{"type":"Polygon","coordinates":[[[-0.7274,51.6506],[-0.7258,51.6435],[-0.6973,51.646],[-0.6759,51.6082],[-0.6916,51.6032],[-0.7685,51.6123],[-0.7651,51.5836],[-0.7846,51.5833],[-0.804,51.5655],[-0.791,51.5528],[-0.8427,51.5448],[-0.8797,51.5621],[-0.8969,51.5449],[-0.9017,51.5562],[-0.9384,51.5712],[-0.9415,51.5855],[-0.9169,51.5993],[-0.9431,51.605],[-0.9386,51.6178],[-0.95,51.6289],[-0.9355,51.6356],[-0.9203,51.6235],[-0.9183,51.642],[-0.8829,51.6359],[-0.8878,51.6425],[-0.8716,51.6477],[-0.8697,51.6634],[-0.8394,51.6495],[-0.8315,51.6561],[-0.8092,51.654],[-0.7943,51.6649],[-0.7642,51.6567],[-0.7577,51.6463],[-0.7274,51.6506]]]},"properties":{"PCON24CD":"E14001600","PCON24NM":"Wycombe"}},{"type":"Feature","geometry":{"type":"Polygon","coordinates":[[[-2.1677,52.4238],[-2.1583,52.4093],[-2.134,52.4103],[-2.1262,52.4033],[-2.1377,52.3939],[-2.1192,52.3579],[-2.1431,52.3467],[-2.1746,52.3166],[-2.171,52.3318],[-2.1905,52.3289],[-2.2105,52.3552],[-2.2457,52.361],[-2.2495,52.3457],[-2.2718,52.3326],[-2.2604,52.3283],[-2.2664,52.3236],[-2.2739,52.3289],[-2.2992,52.3224],[-2.3109,52.3406],[-2.334,52.3189],[-2.3633,52.3149],[-2.3699,52.3268],[-2.4341,52.3227],[-2.421,52.3331],[-2.4105,52.3872],[-2.3907,52.3815],[-2.3674,52.3881],[-2.3356,52.3853],[-2.373,52.4019],[-2.3635,52.4394],[-2.3118,52.4375],[-2.2874,52.4553],[-2.295,52.4489],[-2.2695,52.4386],[-2.1677,52.4238]]]},"properties":{"PCON24CD":"E14001601","PCON24NM":"Wyre Forest"}},{"type":"Feature","geometry":{"type":"Polygon","coordinates":[[[-2.2381,53.4008],[-2.2468,53.3961],[-2.2408,53.3596],[-2.2564,53.3607],[-2.3014,53.3401],[-2.297,53.3486],[-2.314,53.3574],[-2.2986,53.3608],[-2.2857,53.3762],[-2.3199,53.4116],[-2.3455,53.4079],[-2.316,53.4347],[-2.2997,53.4373],[-2.2635,53.4161],[-2.2514,53.4221],[-2.2537,53.4094],[-2.2398,53.4117],[-2.2381,53.4008]]]},"properties":{"PCON24CD":"E14001602","PCON24NM":"Wythenshawe and Sale East"}},{"type":"Feature","geometry":{"type":"Polygon","coordinates":[[[-2.5984,50.9595],[-2.5988,50.9479],[-2.616,50.9414],[-2.604,50.9267],[-2.624,50.908],[-2.6095,50.8915],[-2.6175,50.881],[-2.6607,50.8871],[-2.7144,50.8712],[-2.7145,50.8639],[-2.7575,50.8669],[-2.7923,50.8528],[-2.8114,50.8634],[-2.8288,50.8487],[-2.8891,50.85],[-2.9417,50.8359],[-2.9543,50.8212],[-2.9698,50.8342],[-2.9736,50.8558],[-3.0368,50.8511],[-3.0326,50.8616],[-3.055,50.8745],[-3.0524,50.9083],[-3.0846,50.9217],[-3.0884,50.938],[-3.0328,50.9363],[-3.0077,50.9571],[-2.9597,50.9673],[-2.9243,50.9391],[-2.8954,50.951],[-2.8985,50.9585],[-2.864,50.9492],[-2.8528,50.967],[-2.8353,50.9595],[-2.797,50.9704],[-2.7714,50.9359],[-2.748,50.9379],[-2.7296,50.927],[-2.7111,50.9523],[-2.6877,50.9666],[-2.6688,50.9656],[-2.667,50.9743],[-2.6453,50.9781],[-2.6348,50.9605],[-2.6256,50.9666],[-2.5984,50.9595]]]},"properties":{"PCON24CD":"E14001603","PCON24NM":"Yeovil"}},{"type":"Feature","geometry":{"type":"Polygon","coordinates":[[[-1.0585,53.9791],[-1.0634,53.9678],[-1.0537,53.971],[-1.0442,53.9573],[-1.0162,53.9508],[-1.0811,53.9399],[-1.1057,53.9269],[-1.1002,53.9486],[-1.1154,53.9488],[-1.1314,53.938],[-1.1436,53.9405],[-1.1374,53.9688],[-1.1208,53.9763],[-1.1101,53.9658],[-1.0876,53.9815],[-1.0585,53.9791]]]},"properties":{"PCON24CD":"E14001604","PCON24NM":"York Central"}},{"type":"Feature","geometry":{"type":"Polygon","coordinates":[[[-0.9253,53.9915],[-0.9341,53.9685],[-0.9212,53.9604],[-0.9215,53.9214],[-0.9495,53.8939],[-0.9208,53.8907],[-0.9234,53.8807],[-0.944,53.8881],[-0.9928,53.8752],[-1.0082,53.8899],[-1.065,53.8746],[-1.0912,53.8858],[-1.1053,53.8757],[-1.1995,53.9254],[-1.2237,53.9748],[-1.2166,53.9856],[-1.1821,53.9853],[-1.1888,54.0025],[-1.1517,53.9891],[-1.137,53.9911],[-1.1491,54.0029],[-1.1408,54.0299],[-1.1202,54.029],[-1.0894,54.048],[-1.0587,54.0478],[-1.0597,54.0566],[-1.0144,54.0493],[-1.0021,54.0553],[-0.9669,54.023],[-0.9847,54.0025],[-0.9754,54.0047],[-0.9719,53.9967],[-0.9948,53.9831],[-0.9253,53.9915]],[[-1.0585,53.9791],[-1.0876,53.9815],[-1.1101,53.9658],[-1.1208,53.9763],[-1.1374,53.9688],[-1.1436,53.9405],[-1.1314,53.938],[-1.1154,53.9488],[-1.1002,53.9486],[-1.1057,53.9269],[-1.0811,53.9399],[-1.0162,53.9508],[-1.0442,53.9573],[-1.0537,53.971],[-1.0634,53.9678],[-1.0585,53.9791]]]},"properties":{"PCON24CD":"E14001605","PCON24NM":"York Outer"}}]}