{"type":"FeatureCollection","features":[{"type":"Feature","geometry":{"type":"Polygon","coordinates":[[[-3.954,50.3089],[-3.9402,50.3161],[-3.9396,50.3269],[-3.9273,50.3366],[-3.9257,50.3482],[-3.9269,50.3367],[-3.9361,50.325],[-3.9208,50.3304],[-3.928,50.3244],[-3.9349,50.3231],[-3.9426,50.3084],[-3.947,50.3066],[-3.9469,50.3019],[-3.9609,50.3048],[-3.954,50.3089]],[[-3.9475,50.3033],[-3.9475,50.3033],[-3.9475,50.3033],[-3.9475,50.3033]],[[-3.948,50.3046],[-3.948,50.3046],[-3.948,50.3046],[-3.948,50.3046]],[[-3.948,50.3047],[-3.9481,50.3047],[-3.948,50.3046],[-3.948,50.3047]],[[-3.9481,50.3029],[-3.9482,50.3029],[-3.9481,50.3029],[-3.9481,50.3029]],[[-3.9476,50.3032],[-3.9476,50.3032],[-3.9476,50.3032],[-3.9476,50.3032]],[[-3.9477,50.3027],[-3.9477,50.3027],[-3.9478,50.3027],[-3.9477,50.3027]],[[-3.9479,50.3043],[-3.948,50.3043],[-3.948,50.3043],[-3.9479,50.3043]],[[-3.9474,50.3024],[-3.9475,50.3024],[-3.9475,50.3024],[-3.9474,50.3024]],[[-3.9476,50.3025],[-3.9476,50.3025],[-3.9477,50.3025],[-3.9476,50.3025]],[[-3.9476,50.3029],[-3.9476,50.3029],[-3.9477,50.3029],[-3.9476,50.3029]],[[-3.948,50.3044],[-3.9481,50.3043],[-3.9481,50.3043],[-3.948,50.3044]],[[-3.9475,50.3033],[-3.9476,50.3033],[-3.9475,50.3033],[-3.9475,50.3033]],[[-3.9476,50.3033],[-3.9476,50.3033],[-3.9476,50.3033],[-3.9476,50.3033]],[[-3.9474,50.3024],[-3.9474,50.3024],[-3.9474,50.3024],[-3.9474,50.3024]],[[-3.9477,50.3042],[-3.9478,50.3042],[-3.9478,50.3042],[-3.9477,50.3042]],[[-3.9473,50.3036],[-3.9474,50.3036],[-3.9474,50.3036],[-3.9473,50.3036]],[[-3.9479,50.3047],[-3.9479,50.3047],[-3.948,50.3047],[-3.9479,50.3047]],[[-3.9482,50.3032],[-3.9482,50.3032],[-3.9482,50.3032],[-3.9482,50.3032]],[[-3.9479,50.3034],[-3.948,50.3034],[-3.948,50.3034],[-3.9479,50.3034]],[[-3.9474,50.3037],[-3.9474,50.3037],[-3.9474,50.3037],[-3.9474,50.3037]],[[-3.9475,50.3026],[-3.9475,50.3025],[-3.9475,50.3025],[-3.9475,50.3026]],[[-3.9475,50.3021],[-3.9476,50.3021],[-3.9475,50.3021],[-3.9475,50.3021]],[[-3.9547,50.3076],[-3.9547,50.3075],[-3.9547,50.3075],[-3.9547,50.3076]],[[-3.9473,50.3043],[-3.9474,50.3043],[-3.9474,50.3042],[-3.9473,50.3043]],[[-3.9477,50.3027],[-3.9478,50.3027],[-3.9478,50.3027],[-3.9477,50.3027]],[[-3.9477,50.3031],[-3.9478,50.3031],[-3.9479,50.303],[-3.9477,50.3031]],[[-3.9472,50.3029],[-3.9473,50.3029],[-3.9473,50.3029],[-3.9472,50.3029]],[[-3.9475,50.3037],[-3.9476,50.3036],[-3.9476,50.3036],[-3.9475,50.3037]],[[-3.9476,50.3026],[-3.9476,50.3026],[-3.9477,50.3026],[-3.9476,50.3026]],[[-3.9479,50.3045],[-3.948,50.3045],[-3.948,50.3045],[-3.9479,50.3045]],[[-3.9538,50.309],[-3.9538,50.309],[-3.9538,50.3089],[-3.9538,50.309]],[[-3.9473,50.3024],[-3.9473,50.3024],[-3.9474,50.3024],[-3.9473,50.3024]],[[-3.9473,50.3018],[-3.9475,50.3018],[-3.9474,50.3018],[-3.9473,50.3018]],[[-3.9472,50.304],[-3.9473,50.3039],[-3.9473,50.3039],[-3.9472,50.304]],[[-3.9517,50.3091],[-3.9518,50.3091],[-3.9518,50.3091],[-3.9517,50.3091]],[[-3.9479,50.3035],[-3.948,50.3035],[-3.948,50.3035],[-3.9479,50.3035]],[[-3.9545,50.3076],[-3.9546,50.3075],[-3.9546,50.3075],[-3.9545,50.3076]],[[-3.9546,50.3078],[-3.9546,50.3078],[-3.9547,50.3077],[-3.9546,50.3078]],[[-3.925,50.3469],[-3.9251,50.3468],[-3.9251,50.3468],[-3.925,50.3469]],[[-3.9477,50.304],[-3.9477,50.304],[-3.9477,50.3039],[-3.9477,50.304]],[[-3.9477,50.3049],[-3.9477,50.3049],[-3.9478,50.3048],[-3.9477,50.3049]],[[-3.9476,50.3041],[-3.9477,50.3041],[-3.9476,50.3041],[-3.9476,50.3041]],[[-3.9474,50.3041],[-3.9475,50.3041],[-3.9476,50.304],[-3.9474,50.3041]],[[-3.9514,50.3092],[-3.9515,50.3091],[-3.9516,50.3091],[-3.9514,50.3092]],[[-3.9471,50.3019],[-3.9472,50.3019],[-3.9473,50.3019],[-3.9471,50.3019]],[[-3.9513,50.3087],[-3.9515,50.3086],[-3.9514,50.3086],[-3.9513,50.3087]],[[-3.9335,50.3329],[-3.9337,50.3329],[-3.9336,50.3329],[-3.9335,50.3329]],[[-3.9546,50.3075],[-3.9547,50.3074],[-3.9546,50.3074],[-3.9546,50.3075]],[[-3.9474,50.3042],[-3.9475,50.3041],[-3.9474,50.3042],[-3.9474,50.3042]],[[-3.939,50.3252],[-3.9391,50.3252],[-3.9391,50.3252],[-3.939,50.3252]],[[-3.9473,50.304],[-3.9474,50.304],[-3.9474,50.304],[-3.9473,50.304]],[[-3.9541,50.3086],[-3.9542,50.3086],[-3.9542,50.3086],[-3.9541,50.3086]],[[-3.9536,50.3091],[-3.9538,50.3091],[-3.9537,50.309],[-3.9536,50.3091]],[[-3.9258,50.3462],[-3.926,50.346],[-3.9261,50.3459],[-3.9258,50.3462]],[[-3.9328,50.3326],[-3.933,50.3326],[-3.933,50.3324],[-3.9328,50.3326]],[[-3.9509,50.3089],[-3.951,50.3089],[-3.9513,50.3087],[-3.9509,50.3089]],[[-3.9394,50.3254],[-3.9396,50.3254],[-3.9394,50.3253],[-3.9394,50.3254]],[[-3.9506,50.3089],[-3.9507,50.3089],[-3.9509,50.3087],[-3.9506,50.3089]],[[-3.9251,50.3467],[-3.9253,50.3467],[-3.9255,50.3464],[-3.9251,50.3467]],[[-3.9395,50.3256],[-3.9398,50.3257],[-3.9397,50.3255],[-3.9395,50.3256]],[[-3.958,50.3056],[-3.9584,50.3055],[-3.9583,50.3055],[-3.958,50.3056]],[[-3.96,50.3049],[-3.9601,50.305],[-3.9603,50.305],[-3.96,50.3049]],[[-3.9572,50.306],[-3.9575,50.306],[-3.9574,50.3059],[-3.9572,50.306]],[[-3.9389,50.3258],[-3.9392,50.3258],[-3.9391,50.3255],[-3.9389,50.3258]],[[-3.9264,50.3435],[-3.9268,50.3436],[-3.9269,50.3431],[-3.9264,50.3435]],[[-3.933,50.3326],[-3.9336,50.3326],[-3.9331,50.3324],[-3.933,50.3326]],[[-3.9558,50.3065],[-3.9567,50.3062],[-3.9563,50.3061],[-3.9558,50.3065]],[[-3.9389,50.3171],[-3.9396,50.3172],[-3.9392,50.3169],[-3.9389,50.3171]]]},"properties":{"MCZ_NAME":"Erme Estuary","MCZ_CODE":"UKMCZ0059"}},{"type":"Feature","geometry":{"type":"Polygon","coordinates":[[[-4.3553,51.226],[-4.2932,51.2642],[-4.2515,51.2467],[-4.3149,51.1975],[-4.3553,51.226]]]},"properties":{"MCZ_NAME":"Morte Platform","MCZ_CODE":"UKMCZ0063"}},{"type":"Feature","geometry":{"type":"Polygon","coordinates":[[[-3.1816,54.959],[-3.1735,54.9587],[-3.1523,54.9496],[-3.1173,54.9548],[-3.1144,54.9525],[-3.1276,54.9497],[-3.1219,54.9455],[-3.1274,54.9462],[-3.1205,54.9376],[-3.1284,54.942],[-3.1235,54.9354],[-3.131,54.9404],[-3.124,54.9322],[-3.1178,54.9327],[-3.1207,54.9344],[-3.1126,54.9329],[-3.1158,54.9346],[-3.1104,54.9353],[-3.1164,54.9358],[-3.1066,54.9356],[-3.1078,54.9374],[-3.1025,54.9374],[-3.1042,54.9405],[-3.1026,54.9377],[-3.0987,54.9386],[-3.1015,54.9417],[-3.0979,54.9387],[-3.0947,54.9391],[-3.0981,54.942],[-3.0934,54.9388],[-3.0953,54.9422],[-3.09,54.9388],[-3.0936,54.9448],[-3.0925,54.942],[-3.0886,54.9427],[-3.0896,54.939],[-3.0862,54.9435],[-3.0877,54.939],[-3.0785,54.9402],[-3.0695,54.9468],[-3.0701,54.9492],[-3.0641,54.9489],[-3.0666,54.9523],[-3.0384,54.946],[-3.008,54.947],[-2.9978,54.936],[-3.006,54.9306],[-3.0027,54.938],[-3.0096,54.9462],[-3.0357,54.9442],[-3.0366,54.942],[-3.0359,54.9442],[-3.0471,54.9459],[-3.0531,54.9431],[-3.0492,54.9461],[-3.063,54.9452],[-3.067,54.9395],[-3.0868,54.9342],[-3.083,54.9342],[-3.0841,54.9303],[-3.0846,54.9338],[-3.0882,54.9339],[-3.0976,54.9318],[-3.103,54.9288],[-3.0998,54.9281],[-3.1181,54.9275],[-3.119,54.9252],[-3.1201,54.9278],[-3.1438,54.9296],[-3.1381,54.9275],[-3.1551,54.9324],[-3.1565,54.9376],[-3.1785,54.9424],[-3.1872,54.9504],[-3.2096,54.9546],[-3.2322,54.9532],[-3.2479,54.9444],[-3.2651,54.9431],[-3.2647,54.9396],[-3.2689,54.9371],[-3.2653,54.943],[-3.2851,54.9416],[-3.3135,54.9189],[-3.314,54.9153],[-3.3085,54.9116],[-3.2801,54.903],[-3.2694,54.904],[-3.2595,54.9112],[-3.2486,54.9139],[-3.2319,54.9098],[-3.2448,54.9104],[-3.2416,54.9067],[-3.2469,54.9113],[-3.2547,54.9107],[-3.2544,54.9044],[-3.2485,54.9021],[-3.2554,54.9011],[-3.2571,54.8986],[-3.2543,54.8978],[-3.2639,54.8912],[-3.275,54.8888],[-3.2754,54.8919],[-3.2881,54.8925],[-3.2873,54.8894],[-3.2833,54.8889],[-3.2867,54.8882],[-3.284,54.8819],[-3.281,54.8816],[-3.2836,54.8805],[-3.2782,54.8775],[-3.2806,54.8776],[-3.2843,54.8682],[-3.2864,54.8688],[-3.2823,54.8762],[-3.2896,54.8802],[-3.2947,54.8781],[-3.3027,54.8854],[-3.3209,54.8897],[-3.3267,54.8866],[-3.3224,54.8896],[-3.3314,54.8901],[-3.3398,54.8963],[-3.3446,54.8946],[-3.3349,54.8885],[-3.3447,54.8945],[-3.3477,54.8914],[-3.3498,54.8936],[-3.3361,54.8996],[-3.3611,54.8938],[-3.3436,54.9404],[-3.2361,54.9609],[-3.1906,54.9614],[-3.1816,54.959]],[[-3.002,54.9333],[-3.0015,54.9335],[-3.002,54.9335],[-3.002,54.9333]],[[-3.1846,54.9492],[-3.1842,54.9488],[-3.1842,54.9489],[-3.1846,54.9492]],[[-3.2963,54.8811],[-3.2967,54.8817],[-3.2967,54.8814],[-3.2963,54.8811]],[[-3.0945,54.9408],[-3.094,54.941],[-3.0947,54.941],[-3.0945,54.9408]],[[-3.0886,54.939],[-3.0888,54.9393],[-3.0891,54.939],[-3.0886,54.939]],[[-3.2511,54.9019],[-3.2501,54.9022],[-3.2501,54.9026],[-3.2511,54.9019]],[[-3.3007,54.9084],[-3.3007,54.9087],[-3.3014,54.9089],[-3.3007,54.9084]],[[-3.0015,54.9335],[-3.0012,54.9343],[-3.0019,54.9341],[-3.0015,54.9335]],[[-3.1833,54.95],[-3.1831,54.9485],[-3.1826,54.9484],[-3.1833,54.95]],[[-3.0021,54.9346],[-2.9999,54.9362],[-3.0013,54.9369],[-3.0021,54.9346]],[[-3.2887,54.8812],[-3.2879,54.8795],[-3.2853,54.8783],[-3.2887,54.8812]],[[-3.0606,54.9502],[-3.0659,54.9509],[-3.0639,54.949],[-3.0606,54.9502]],[[-3.1312,54.9466],[-3.1453,54.943],[-3.1425,54.9395],[-3.1404,54.9407],[-3.1414,54.9385],[-3.1327,54.9386],[-3.1394,54.9382],[-3.136,54.9335],[-3.1289,54.9326],[-3.1312,54.9466]]]},"properties":{"MCZ_NAME":"Solway Firth","MCZ_CODE":"UKMCZ0069"}},{"type":"Feature","geometry":{"type":"Polygon","coordinates":[[[1.7993,52.0721],[1.7987,52.0932],[1.888,52.1293],[1.9657,52.1432],[1.9393,52.0673],[1.8316,52.0496],[1.7993,52.0721]]]},"properties":{"MCZ_NAME":"Orford Inshore","MCZ_CODE":"UKMCZ0081"}},{"type":"Feature","geometry":{"type":"Polygon","coordinates":[[[-0.0548,53.9033],[0.0422,53.8157],[0.1928,53.692],[0.2127,53.6658],[0.2302,53.6296],[0.2414,53.5878],[0.1512,53.5655],[0.119,53.567],[0.114,53.5751],[0.1387,53.5912],[0.1476,53.603],[0.1418,53.622],[0.1203,53.6586],[0.0963,53.6811],[-0.0371,53.7891],[-0.1219,53.8639],[-0.1556,53.9016],[-0.1626,53.9194],[-0.19,53.9612],[-0.1977,53.9767],[-0.1049,53.9788],[-0.0714,53.9214],[-0.0548,53.9033]]]},"properties":{"MCZ_NAME":"Holderness Inshore","MCZ_CODE":"UKMCZ0035"}},{"type":"Feature","geometry":{"type":"Polygon","coordinates":[[[1.5023,52.9647],[1.555,52.911],[1.5703,52.8772],[1.5417,52.8244],[1.418,52.8922],[1.329,52.9278],[1.2489,52.9456],[1.1188,52.9545],[1.1252,53.0427],[1.1258,53.0456],[1.3651,53.017],[1.5023,52.9647]]]},"properties":{"MCZ_NAME":"Cromer Shoal Chalk Beds","MCZ_CODE":"UKMCZ0031"}},{"type":"Feature","geometry":{"type":"Polygon","coordinates":[[[-1.2294,55.4781],[-1.4054,55.4684],[-1.4115,55.476],[-1.4157,55.5115],[-1.4254,55.5301],[-1.4305,55.5553],[-1.444,55.576],[-1.4251,55.6013],[-1.4189,55.6293],[-1.4268,55.6722],[-1.4351,55.6872],[-1.4484,55.7021],[-1.4534,55.8406],[-1.0245,55.8498],[-1.0015,55.5764],[-1.233,55.5726],[-1.2294,55.4781]]]},"properties":{"MCZ_NAME":"Farnes East","MCZ_CODE":"UKMCZ0043"}},{"type":"Feature","geometry":{"type":"Polygon","coordinates":[[[2.5266,56.0963],[1.8333,56.0899],[1.8401,56.6109],[2.5168,56.6092],[2.5266,56.0963]]]},"properties":{"MCZ_NAME":"Fulmar","MCZ_CODE":"UKMCZ0046"}},{"type":"Feature","geometry":{"type":"Polygon","coordinates":[[[-0.2582,50.2187],[-0.8817,50.1357],[-0.9019,50.32],[-0.2967,50.3813],[-0.2582,50.2187]]]},"properties":{"MCZ_NAME":"Offshore Brighton","MCZ_CODE":"UKMCZ0049"}},{"type":"Feature","geometry":{"type":"Polygon","coordinates":[[[-5.345,49.215],[-5.4991,49.2086],[-5.4991,49.2848],[-4.999,49.4134],[-4.6656,49.6277],[-4.1656,49.5302],[-4.1656,49.4865],[-4.2987,49.4595],[-4.3632,49.4547],[-4.5446,49.3855],[-5.1838,49.2394],[-5.345,49.215]]]},"properties":{"MCZ_NAME":"Western Channel","MCZ_CODE":"UKMCZ0050"}},{"type":"Feature","geometry":{"type":"Polygon","coordinates":[[[-8.3327,50.0039],[-8.0541,50.0042],[-8.0539,49.8245],[-8.3315,49.8251],[-8.3327,50.0039]]]},"properties":{"MCZ_NAME":"North-West of Jones Bank","MCZ_CODE":"UKMCZ0048"}},{"type":"Feature","geometry":{"type":"Polygon","coordinates":[[[1.4628,51.4034],[1.475,51.3812],[1.5047,51.369],[1.5064,51.3559],[1.4682,51.3246],[1.4387,51.3244],[1.4263,51.3328],[1.4422,51.3501],[1.4498,51.3765],[1.441,51.3849],[1.442,51.3872],[1.4257,51.3937],[1.3904,51.3932],[1.364,51.3858],[1.3349,51.3864],[1.3312,51.3825],[1.3148,51.3803],[1.2896,51.3827],[1.2789,51.3779],[1.2537,51.3769],[1.2026,51.3801],[1.1664,51.3745],[1.1635,51.3862],[1.2584,51.3974],[1.4398,51.4106],[1.4628,51.4034]],[[1.4366,51.3889],[1.4365,51.3888],[1.4366,51.3888],[1.4366,51.3889]],[[1.4367,51.3889],[1.4369,51.3888],[1.4371,51.389],[1.4367,51.3889]]]},"properties":{"MCZ_NAME":"Thanet Coast","MCZ_CODE":"UKMCZ0017"}},{"type":"Feature","geometry":{"type":"Polygon","coordinates":[[[-7.3608,50.3746],[-7.7419,50.0759],[-8.0419,50.076],[-8.1994,50.1661],[-8.1994,50.3328],[-7.9993,50.3328],[-7.9993,50.4995],[-7.3609,50.4989],[-7.3608,50.3746]]]},"properties":{"MCZ_NAME":"Greater Haig Fras","MCZ_CODE":"UKMCZ0047"}},{"type":"Feature","geometry":{"type":"Polygon","coordinates":[[[1.2183,51.0271],[1.3005,51.0556],[1.3431,51.018],[1.2565,50.9882],[1.2183,51.0271]]]},"properties":{"MCZ_NAME":"Folkestone Pomerania","MCZ_CODE":"UKMCZ0006"}},{"type":"Feature","geometry":{"type":"Polygon","coordinates":[[[-0.5462,50.745],[-0.3686,50.7463],[-0.3676,50.7362],[-0.4119,50.7075],[-0.5453,50.7063],[-0.5462,50.745]]]},"properties":{"MCZ_NAME":"Kingmere","MCZ_CODE":"UKMCZ0009"}},{"type":"Feature","geometry":{"type":"Polygon","coordinates":[[[-4.6342,51.2162],[-4.6354,51.1498],[-4.7029,51.1507],[-4.7019,51.217],[-4.6342,51.2162]],[[-4.6797,51.1945],[-4.6797,51.1945],[-4.6797,51.1945],[-4.6797,51.1945]],[[-4.6727,51.1606],[-4.6727,51.1606],[-4.6727,51.1606],[-4.6727,51.1606]],[[-4.6802,51.175],[-4.6802,51.175],[-4.6802,51.175],[-4.6802,51.175]],[[-4.6798,51.1944],[-4.6798,51.1944],[-4.6798,51.1944],[-4.6798,51.1944]],[[-4.6604,51.1606],[-4.6604,51.1606],[-4.6604,51.1606],[-4.6604,51.1606]],[[-4.674,51.1615],[-4.674,51.1615],[-4.674,51.1615],[-4.674,51.1615]],[[-4.678,51.1979],[-4.678,51.1979],[-4.6779,51.1979],[-4.678,51.1979]],[[-4.6621,51.1782],[-4.662,51.1782],[-4.6621,51.1782],[-4.6621,51.1782]],[[-4.6758,51.1638],[-4.6758,51.1638],[-4.6758,51.1638],[-4.6758,51.1638]],[[-4.6736,51.1578],[-4.6735,51.1578],[-4.6736,51.1578],[-4.6736,51.1578]],[[-4.6621,51.161],[-4.6621,51.161],[-4.6621,51.161],[-4.6621,51.161]],[[-4.677,51.1847],[-4.6771,51.1847],[-4.677,51.1847],[-4.677,51.1847]],[[-4.6727,51.1604],[-4.6727,51.1604],[-4.6728,51.1604],[-4.6727,51.1604]],[[-4.6727,51.1605],[-4.6727,51.1605],[-4.6727,51.1605],[-4.6727,51.1605]],[[-4.6751,51.187],[-4.6751,51.187],[-4.6751,51.187],[-4.6751,51.187]],[[-4.6758,51.1636],[-4.6759,51.1637],[-4.6759,51.1636],[-4.6758,51.1636]],[[-4.6561,51.1608],[-4.6561,51.1608],[-4.6561,51.1608],[-4.6561,51.1608]],[[-4.6657,51.1608],[-4.6657,51.1608],[-4.6657,51.1608],[-4.6657,51.1608]],[[-4.6744,51.1622],[-4.6744,51.1623],[-4.6744,51.1623],[-4.6744,51.1622]],[[-4.6806,51.1751],[-4.6806,51.1751],[-4.6806,51.175],[-4.6806,51.1751]],[[-4.677,51.1847],[-4.677,51.1847],[-4.677,51.1847],[-4.677,51.1847]],[[-4.6741,51.162],[-4.674,51.1621],[-4.6741,51.1621],[-4.6741,51.162]],[[-4.6726,51.1606],[-4.6727,51.1606],[-4.6726,51.1606],[-4.6726,51.1606]],[[-4.674,51.1615],[-4.674,51.1614],[-4.674,51.1614],[-4.674,51.1615]],[[-4.6777,51.167],[-4.6777,51.167],[-4.6777,51.167],[-4.6777,51.167]],[[-4.6795,51.1937],[-4.6795,51.1937],[-4.6795,51.1938],[-4.6795,51.1937]],[[-4.6782,51.1976],[-4.6782,51.1975],[-4.6781,51.1975],[-4.6782,51.1976]],[[-4.6763,51.1649],[-4.6764,51.1648],[-4.6763,51.1648],[-4.6763,51.1649]],[[-4.6583,51.1621],[-4.6583,51.1621],[-4.6583,51.1621],[-4.6583,51.1621]],[[-4.6758,51.1637],[-4.6758,51.1637],[-4.6758,51.1637],[-4.6758,51.1637]],[[-4.6793,51.1958],[-4.6794,51.1958],[-4.6794,51.1958],[-4.6793,51.1958]],[[-4.6739,51.1632],[-4.6739,51.1633],[-4.6739,51.1632],[-4.6739,51.1632]],[[-4.6778,51.1978],[-4.6778,51.1978],[-4.6778,51.1979],[-4.6778,51.1978]],[[-4.6785,51.1695],[-4.6786,51.1695],[-4.6785,51.1695],[-4.6785,51.1695]],[[-4.6503,51.1623],[-4.6503,51.1624],[-4.6503,51.1623],[-4.6503,51.1623]],[[-4.6794,51.1955],[-4.6794,51.1954],[-4.6794,51.1954],[-4.6794,51.1955]],[[-4.6779,51.1978],[-4.6779,51.1978],[-4.6779,51.1978],[-4.6779,51.1978]],[[-4.6807,51.1724],[-4.6808,51.1723],[-4.6807,51.1723],[-4.6807,51.1724]],[[-4.6581,51.164],[-4.6581,51.1641],[-4.6581,51.1641],[-4.6581,51.164]],[[-4.6777,51.1929],[-4.6778,51.1929],[-4.6778,51.1929],[-4.6777,51.1929]],[[-4.6638,51.1806],[-4.6638,51.1805],[-4.6638,51.1806],[-4.6638,51.1806]],[[-4.6787,51.1741],[-4.6788,51.1741],[-4.6787,51.174],[-4.6787,51.1741]],[[-4.6729,51.1615],[-4.6729,51.1615],[-4.6729,51.1615],[-4.6729,51.1615]],[[-4.6556,51.1609],[-4.6556,51.1609],[-4.6557,51.1609],[-4.6556,51.1609]],[[-4.6779,51.1929],[-4.678,51.193],[-4.678,51.1929],[-4.6779,51.1929]],[[-4.6743,51.1622],[-4.6744,51.1622],[-4.6743,51.1622],[-4.6743,51.1622]],[[-4.6792,51.1934],[-4.6793,51.1934],[-4.6792,51.1934],[-4.6792,51.1934]],[[-4.6532,51.1626],[-4.6533,51.1626],[-4.6532,51.1625],[-4.6532,51.1626]],[[-4.6755,51.1796],[-4.6755,51.1796],[-4.6756,51.1796],[-4.6755,51.1796]],[[-4.6783,51.2013],[-4.6783,51.2013],[-4.6784,51.2013],[-4.6783,51.2013]],[[-4.6537,51.1619],[-4.6538,51.1618],[-4.6538,51.1618],[-4.6537,51.1619]],[[-4.6735,51.1812],[-4.6735,51.1811],[-4.6734,51.1812],[-4.6735,51.1812]],[[-4.6766,51.1792],[-4.6766,51.1792],[-4.6765,51.1791],[-4.6766,51.1792]],[[-4.6555,51.1608],[-4.6554,51.1608],[-4.6555,51.1609],[-4.6555,51.1608]],[[-4.6573,51.1616],[-4.6573,51.1617],[-4.6574,51.1617],[-4.6573,51.1616]],[[-4.6761,51.1918],[-4.676,51.1918],[-4.676,51.1918],[-4.6761,51.1918]],[[-4.6771,51.1669],[-4.6771,51.1669],[-4.677,51.1669],[-4.6771,51.1669]],[[-4.6614,51.1854],[-4.6615,51.1854],[-4.6615,51.1854],[-4.6614,51.1854]],[[-4.6742,51.1632],[-4.6742,51.1633],[-4.6742,51.1633],[-4.6742,51.1632]],[[-4.6522,51.1627],[-4.6523,51.1627],[-4.6524,51.1627],[-4.6522,51.1627]],[[-4.6776,51.1788],[-4.6775,51.1789],[-4.6776,51.1789],[-4.6776,51.1788]],[[-4.6776,51.1929],[-4.6776,51.1929],[-4.6777,51.1929],[-4.6776,51.1929]],[[-4.6712,51.202],[-4.6711,51.202],[-4.6712,51.2021],[-4.6712,51.202]],[[-4.6779,51.178],[-4.6781,51.178],[-4.6779,51.178],[-4.6779,51.178]],[[-4.677,51.1993],[-4.6771,51.1994],[-4.677,51.1993],[-4.677,51.1993]],[[-4.6772,51.1983],[-4.6773,51.1983],[-4.6772,51.1982],[-4.6772,51.1983]],[[-4.6771,51.1663],[-4.6772,51.1664],[-4.6772,51.1663],[-4.6771,51.1663]],[[-4.657,51.1612],[-4.6569,51.1612],[-4.6571,51.1612],[-4.657,51.1612]],[[-4.6578,51.1613],[-4.6578,51.1613],[-4.6576,51.1613],[-4.6578,51.1613]],[[-4.6633,51.1616],[-4.6634,51.1616],[-4.6635,51.1616],[-4.6633,51.1616]],[[-4.6748,51.1796],[-4.6748,51.1797],[-4.6749,51.1797],[-4.6748,51.1796]],[[-4.6583,51.1643],[-4.6583,51.1644],[-4.6584,51.1644],[-4.6583,51.1643]],[[-4.6721,51.1604],[-4.6719,51.1604],[-4.672,51.1605],[-4.6721,51.1604]],[[-4.676,51.1885],[-4.6761,51.1884],[-4.676,51.1884],[-4.676,51.1885]],[[-4.6521,51.1626],[-4.652,51.1627],[-4.6521,51.1627],[-4.6521,51.1626]],[[-4.678,51.1784],[-4.678,51.1783],[-4.678,51.1783],[-4.678,51.1784]],[[-4.6625,51.1614],[-4.6627,51.1614],[-4.6626,51.1613],[-4.6625,51.1614]],[[-4.6789,51.1692],[-4.6789,51.1691],[-4.6788,51.1691],[-4.6789,51.1692]],[[-4.6624,51.1612],[-4.6623,51.1612],[-4.6624,51.1613],[-4.6624,51.1612]],[[-4.6761,51.1794],[-4.6762,51.1794],[-4.6761,51.1794],[-4.6761,51.1794]],[[-4.6653,51.161],[-4.6652,51.1611],[-4.6654,51.1611],[-4.6653,51.161]],[[-4.6785,51.1705],[-4.6786,51.1705],[-4.6785,51.1704],[-4.6785,51.1705]],[[-4.6741,51.1609],[-4.6741,51.161],[-4.6742,51.161],[-4.6741,51.1609]],[[-4.669,51.1977],[-4.669,51.1978],[-4.6691,51.1979],[-4.669,51.1977]],[[-4.6739,51.1621],[-4.6739,51.1621],[-4.674,51.1621],[-4.6739,51.1621]],[[-4.6625,51.1612],[-4.6626,51.1611],[-4.6625,51.1611],[-4.6625,51.1612]],[[-4.6769,51.1841],[-4.6767,51.1841],[-4.6768,51.1841],[-4.6769,51.1841]],[[-4.6509,51.1627],[-4.6508,51.1628],[-4.6509,51.1628],[-4.6509,51.1627]],[[-4.6751,51.1875],[-4.6753,51.1875],[-4.6752,51.1874],[-4.6751,51.1875]],[[-4.6738,51.1609],[-4.6738,51.1608],[-4.6737,51.1608],[-4.6738,51.1609]],[[-4.6775,51.1929],[-4.6774,51.1929],[-4.6773,51.1929],[-4.6775,51.1929]],[[-4.6585,51.1621],[-4.6584,51.1622],[-4.6586,51.1621],[-4.6585,51.1621]],[[-4.6778,51.1924],[-4.6777,51.1925],[-4.6778,51.1925],[-4.6778,51.1924]],[[-4.6775,51.2005],[-4.6776,51.2004],[-4.6774,51.2004],[-4.6775,51.2005]],[[-4.6785,51.1698],[-4.6787,51.1697],[-4.6785,51.1697],[-4.6785,51.1698]],[[-4.6563,51.1629],[-4.6562,51.1628],[-4.6561,51.1629],[-4.6563,51.1629]],[[-4.6498,51.1624],[-4.6496,51.1624],[-4.6498,51.1625],[-4.6498,51.1624]],[[-4.6738,51.1818],[-4.6738,51.1819],[-4.674,51.1817],[-4.6738,51.1818]],[[-4.651,51.1627],[-4.651,51.1626],[-4.651,51.1629],[-4.651,51.1627]],[[-4.6571,51.1617],[-4.6571,51.1618],[-4.6573,51.1617],[-4.6571,51.1617]],[[-4.6796,51.1937],[-4.6796,51.1938],[-4.6797,51.1938],[-4.6796,51.1937]],[[-4.6733,51.1618],[-4.6731,51.1617],[-4.6732,51.1618],[-4.6733,51.1618]],[[-4.6784,51.2024],[-4.6783,51.2024],[-4.6785,51.2024],[-4.6784,51.2024]],[[-4.6563,51.161],[-4.6563,51.1611],[-4.6566,51.1611],[-4.6563,51.161]],[[-4.6737,51.1615],[-4.674,51.1615],[-4.6739,51.1614],[-4.6737,51.1615]],[[-4.6719,51.1593],[-4.6716,51.1594],[-4.6719,51.1593],[-4.6719,51.1593]],[[-4.6741,51.1608],[-4.6743,51.161],[-4.6743,51.1609],[-4.6741,51.1608]],[[-4.6612,51.1608],[-4.6611,51.1609],[-4.6615,51.1609],[-4.6612,51.1608]],[[-4.6802,51.173],[-4.6804,51.173],[-4.6802,51.1728],[-4.6802,51.173]],[[-4.677,51.1841],[-4.6772,51.1841],[-4.6772,51.184],[-4.677,51.1841]],[[-4.6785,51.2019],[-4.6782,51.202],[-4.6786,51.2019],[-4.6785,51.2019]],[[-4.6565,51.1629],[-4.6566,51.163],[-4.6568,51.163],[-4.6565,51.1629]],[[-4.6562,51.161],[-4.6563,51.1609],[-4.6561,51.1608],[-4.6562,51.161]],[[-4.6732,51.1572],[-4.6735,51.1572],[-4.6731,51.1571],[-4.6732,51.1572]],[[-4.6737,51.1606],[-4.6738,51.1608],[-4.674,51.1608],[-4.6737,51.1606]],[[-4.6501,51.1624],[-4.6501,51.1623],[-4.6497,51.1623],[-4.6501,51.1624]],[[-4.6734,51.1616],[-4.6736,51.1618],[-4.6738,51.1617],[-4.6734,51.1616]],[[-4.6805,51.172],[-4.6805,51.1723],[-4.6808,51.1721],[-4.6805,51.172]],[[-4.6504,51.1622],[-4.6509,51.1623],[-4.6509,51.1622],[-4.6504,51.1622]],[[-4.6572,51.1611],[-4.6575,51.1613],[-4.6575,51.1612],[-4.6572,51.1611]],[[-4.6753,51.19],[-4.6756,51.1901],[-4.6757,51.1899],[-4.6753,51.19]],[[-4.6778,51.1788],[-4.6781,51.1787],[-4.6779,51.1786],[-4.6778,51.1788]],[[-4.6796,51.1944],[-4.6792,51.1946],[-4.6796,51.1947],[-4.6796,51.1944]],[[-4.6606,51.1607],[-4.661,51.1606],[-4.6607,51.1605],[-4.6606,51.1607]],[[-4.6507,51.1627],[-4.6509,51.1625],[-4.6503,51.1624],[-4.6507,51.1627]],[[-4.6712,51.1585],[-4.6716,51.1585],[-4.6712,51.1582],[-4.6712,51.1585]],[[-4.6762,51.1912],[-4.6756,51.1915],[-4.6762,51.1916],[-4.6762,51.1912]],[[-4.6754,51.1869],[-4.6754,51.1873],[-4.676,51.1869],[-4.6754,51.1869]],[[-4.6776,51.1917],[-4.6769,51.1923],[-4.6777,51.1921],[-4.6776,51.1917]],[[-4.6523,51.1635],[-4.6536,51.1628],[-4.651,51.1629],[-4.6523,51.1635]],[[-4.6777,51.2025],[-4.6796,51.1941],[-4.6745,51.1903],[-4.6772,51.1893],[-4.6741,51.1855],[-4.6775,51.1853],[-4.6731,51.1802],[-4.6776,51.1788],[-4.6806,51.1725],[-4.6762,51.1641],[-4.671,51.1585],[-4.664,51.1619],[-4.6537,51.1615],[-4.6617,51.1671],[-4.664,51.1906],[-4.67,51.1949],[-4.6702,51.201],[-4.6777,51.2025]]]},"properties":{"MCZ_NAME":"Lundy","MCZ_CODE":"UKMCZ0010"}},{"type":"Feature","geometry":{"type":"Polygon","coordinates":[[[-2.0175,50.3544],[-2.4074,50.3545],[-2.4074,50.417],[-2.0175,50.4169],[-2.0175,50.3544]]]},"properties":{"MCZ_NAME":"South Dorset","MCZ_CODE":"UKMCZ0022"}},{"type":"Feature","geometry":{"type":"Polygon","coordinates":[[[-1.8991,50.6774],[-1.8991,50.6955],[-1.8728,50.6955],[-1.8728,50.6774],[-1.8991,50.6774]]]},"properties":{"MCZ_NAME":"Poole Rocks","MCZ_CODE":"UKMCZ0014"}},{"type":"Feature","geometry":{"type":"Polygon","coordinates":[[[-5.0568,50.0548],[-5.0356,50.0547],[-5.0356,50.0396],[-5.0697,50.0396],[-5.0656,50.0438],[-5.0662,50.0484],[-5.0568,50.0548]],[[-5.0584,50.0516],[-5.0583,50.0516],[-5.0584,50.0517],[-5.0584,50.0516]],[[-5.0594,50.05],[-5.0594,50.05],[-5.0593,50.05],[-5.0594,50.05]],[[-5.0658,50.0459],[-5.0657,50.046],[-5.0658,50.046],[-5.0658,50.0459]],[[-5.0668,50.0426],[-5.0668,50.0426],[-5.0668,50.0427],[-5.0668,50.0426]],[[-5.0668,50.0414],[-5.0667,50.0413],[-5.0667,50.0414],[-5.0668,50.0414]],[[-5.0571,50.0532],[-5.0571,50.0533],[-5.0572,50.0533],[-5.0571,50.0532]],[[-5.059,50.0506],[-5.059,50.0507],[-5.0591,50.0507],[-5.059,50.0506]],[[-5.0556,50.0526],[-5.0555,50.0526],[-5.0555,50.0527],[-5.0556,50.0526]],[[-5.0602,50.0503],[-5.0603,50.0503],[-5.0601,50.0502],[-5.0602,50.0503]],[[-5.0647,50.0488],[-5.0648,50.0487],[-5.0647,50.0487],[-5.0647,50.0488]],[[-5.0598,50.0503],[-5.0597,50.0502],[-5.0596,50.0502],[-5.0598,50.0503]],[[-5.0583,50.0517],[-5.0581,50.0518],[-5.0583,50.0518],[-5.0583,50.0517]],[[-5.0602,50.0506],[-5.0601,50.0507],[-5.0603,50.0507],[-5.0602,50.0506]],[[-5.067,50.0421],[-5.0669,50.0421],[-5.0671,50.0422],[-5.067,50.0421]],[[-5.0619,50.0506],[-5.0621,50.0505],[-5.0619,50.0504],[-5.0619,50.0506]],[[-5.0586,50.0508],[-5.0584,50.0507],[-5.0582,50.0507],[-5.0586,50.0508]],[[-5.0563,50.0524],[-5.0564,50.0526],[-5.0567,50.0525],[-5.0563,50.0524]],[[-5.0648,50.049],[-5.065,50.0489],[-5.0646,50.0489],[-5.0648,50.049]],[[-5.0563,50.0528],[-5.0559,50.0525],[-5.0561,50.0528],[-5.0563,50.0528]]]},"properties":{"MCZ_NAME":"The Manacles","MCZ_CODE":"UKMCZ0018"}},{"type":"Feature","geometry":{"type":"MultiPolygon","coordinates":[[[[-4.6663,50.4077],[-4.6687,50.4011],[-4.6632,50.398],[-4.6608,50.3888],[-4.638,50.3731],[-4.6359,50.3799],[-4.6158,50.3856],[-4.6198,50.382],[-4.6335,50.3794],[-4.636,50.36],[-4.6069,50.3599],[-4.6146,50.3574],[-4.6357,50.3584],[-4.6359,50.3537],[-4.6418,50.3545],[-4.639,50.3541],[-4.641,50.3631],[-4.6389,50.3703],[-4.6496,50.377],[-4.6545,50.3739],[-4.6497,50.3771],[-4.6557,50.38],[-4.6626,50.3908],[-4.6665,50.3904],[-4.6629,50.3911],[-4.6649,50.3954],[-4.6628,50.3919],[-4.6622,50.3944],[-4.669,50.4012],[-4.6677,50.41],[-4.6663,50.4077]]],[[[-4.6663,50.3994],[-4.6665,50.3995],[-4.6666,50.3995],[-4.6663,50.3994]]],[[[-4.6687,50.4011],[-4.6683,50.4015],[-4.6687,50.4013],[-4.6687,50.4011]]],[[[-4.6665,50.4076],[-4.6666,50.4073],[-4.6664,50.4075],[-4.6665,50.4076]]],[[[-4.6644,50.3983],[-4.6638,50.3983],[-4.6642,50.3984],[-4.6644,50.3983]]],[[[-4.6623,50.3897],[-4.6624,50.3903],[-4.6625,50.39],[-4.6623,50.3897]]],[[[-4.6632,50.3921],[-4.6627,50.3911],[-4.6627,50.3915],[-4.6632,50.3921]]],[[[-4.609,50.3386],[-4.6173,50.3341],[-4.6248,50.3348],[-4.609,50.3386]]]]},"properties":{"MCZ_NAME":"Upper Fowey and Pont Pill","MCZ_CODE":"UKMCZ0020"}},{"type":"Feature","geometry":{"type":"Polygon","coordinates":[[[-3.5734,50.273],[-3.5941,50.2332],[-3.5854,50.2264],[-3.5564,50.274],[-3.538,50.319],[-3.5213,50.324],[-3.4814,50.3048],[-3.5003,50.2634],[-3.5265,50.2248],[-3.5075,50.2103],[-3.547,50.1625],[-3.5921,50.1209],[-3.6387,50.0867],[-3.6962,50.1026],[-3.717,50.1017],[-3.7364,50.1507],[-3.7729,50.2236],[-3.7375,50.2148],[-3.7319,50.2071],[-3.7258,50.2082],[-3.7213,50.2019],[-3.7141,50.2064],[-3.7082,50.2054],[-3.7034,50.2112],[-3.6888,50.2162],[-3.6812,50.2224],[-3.6602,50.2206],[-3.6564,50.2178],[-3.6493,50.2219],[-3.6414,50.2213],[-3.6407,50.2233],[-3.6543,50.2276],[-3.6587,50.2351],[-3.652,50.2658],[-3.5734,50.273]],[[-3.7172,50.2037],[-3.7172,50.2038],[-3.7173,50.2038],[-3.7172,50.2037]],[[-3.7113,50.2059],[-3.7113,50.2059],[-3.7113,50.2059],[-3.7113,50.2059]],[[-3.7023,50.2113],[-3.7023,50.2113],[-3.7023,50.2113],[-3.7023,50.2113]],[[-3.7172,50.2037],[-3.7171,50.2037],[-3.7172,50.2037],[-3.7172,50.2037]],[[-3.7265,50.2082],[-3.7265,50.2082],[-3.7265,50.2082],[-3.7265,50.2082]],[[-3.7265,50.2082],[-3.7265,50.2082],[-3.7266,50.2082],[-3.7265,50.2082]],[[-3.7099,50.2062],[-3.7099,50.2062],[-3.7099,50.2062],[-3.7099,50.2062]],[[-3.702,50.2113],[-3.702,50.2113],[-3.702,50.2113],[-3.702,50.2113]],[[-3.6942,50.2143],[-3.6941,50.2143],[-3.6942,50.2143],[-3.6942,50.2143]],[[-3.6928,50.2153],[-3.6928,50.2153],[-3.6928,50.2153],[-3.6928,50.2153]],[[-3.7259,50.208],[-3.7259,50.208],[-3.7259,50.208],[-3.7259,50.208]],[[-3.6877,50.219],[-3.6878,50.219],[-3.6878,50.219],[-3.6877,50.219]],[[-3.7259,50.2079],[-3.7259,50.2079],[-3.7259,50.2079],[-3.7259,50.2079]],[[-3.7259,50.2078],[-3.726,50.2078],[-3.7259,50.2078],[-3.7259,50.2078]],[[-3.6941,50.2143],[-3.6941,50.2143],[-3.6941,50.2143],[-3.6941,50.2143]],[[-3.7015,50.2118],[-3.7015,50.2118],[-3.7014,50.2118],[-3.7015,50.2118]],[[-3.7023,50.2113],[-3.7022,50.2113],[-3.7022,50.2113],[-3.7023,50.2113]],[[-3.7638,50.2199],[-3.7638,50.2199],[-3.7637,50.2199],[-3.7638,50.2199]],[[-3.6953,50.214],[-3.6953,50.214],[-3.6953,50.214],[-3.6953,50.214]],[[-3.7639,50.2199],[-3.7639,50.2199],[-3.7639,50.2199],[-3.7639,50.2199]],[[-3.7113,50.206],[-3.7113,50.206],[-3.7113,50.206],[-3.7113,50.206]],[[-3.7169,50.205],[-3.717,50.205],[-3.7169,50.205],[-3.7169,50.205]],[[-3.7023,50.2113],[-3.7023,50.2113],[-3.7024,50.2113],[-3.7023,50.2113]],[[-3.6929,50.2153],[-3.6929,50.2153],[-3.6929,50.2153],[-3.6929,50.2153]],[[-3.6922,50.2155],[-3.6921,50.2155],[-3.6922,50.2155],[-3.6922,50.2155]],[[-3.6879,50.216],[-3.6879,50.216],[-3.688,50.216],[-3.6879,50.216]],[[-3.6885,50.2179],[-3.6885,50.2179],[-3.6885,50.2179],[-3.6885,50.2179]],[[-3.7086,50.2052],[-3.7086,50.2052],[-3.7086,50.2052],[-3.7086,50.2052]],[[-3.6663,50.2209],[-3.6664,50.2209],[-3.6664,50.2209],[-3.6663,50.2209]],[[-3.7106,50.206],[-3.7105,50.206],[-3.7106,50.206],[-3.7106,50.206]],[[-3.6867,50.2192],[-3.6868,50.2192],[-3.6867,50.2192],[-3.6867,50.2192]],[[-3.7624,50.22],[-3.7624,50.22],[-3.7624,50.22],[-3.7624,50.22]],[[-3.7718,50.2231],[-3.7718,50.2231],[-3.7718,50.223],[-3.7718,50.2231]],[[-3.7097,50.2062],[-3.7098,50.2062],[-3.7098,50.2061],[-3.7097,50.2062]],[[-3.6843,50.2197],[-3.6844,50.2197],[-3.6843,50.2197],[-3.6843,50.2197]],[[-3.7097,50.2061],[-3.7096,50.2062],[-3.7097,50.2062],[-3.7097,50.2061]],[[-3.7163,50.2051],[-3.7163,50.2051],[-3.7163,50.2051],[-3.7163,50.2051]],[[-3.6886,50.2173],[-3.6887,50.2172],[-3.6886,50.2173],[-3.6886,50.2173]],[[-3.6886,50.2184],[-3.6886,50.2183],[-3.6885,50.2183],[-3.6886,50.2184]],[[-3.6929,50.2152],[-3.6928,50.2152],[-3.6928,50.2152],[-3.6929,50.2152]],[[-3.689,50.2172],[-3.689,50.2172],[-3.689,50.2172],[-3.689,50.2172]],[[-3.76,50.2197],[-3.76,50.2197],[-3.76,50.2197],[-3.76,50.2197]],[[-3.6847,50.2196],[-3.6848,50.2195],[-3.6847,50.2195],[-3.6847,50.2196]],[[-3.7675,50.2208],[-3.7676,50.2207],[-3.7675,50.2208],[-3.7675,50.2208]],[[-3.7105,50.206],[-3.7106,50.206],[-3.7105,50.206],[-3.7105,50.206]],[[-3.7086,50.2053],[-3.7085,50.2053],[-3.7086,50.2053],[-3.7086,50.2053]],[[-3.6896,50.2158],[-3.6897,50.2158],[-3.6896,50.2158],[-3.6896,50.2158]],[[-3.6805,50.2223],[-3.6805,50.2223],[-3.6805,50.2223],[-3.6805,50.2223]],[[-3.6857,50.2195],[-3.6857,50.2195],[-3.6857,50.2194],[-3.6857,50.2195]],[[-3.7675,50.2208],[-3.7674,50.2209],[-3.7675,50.2209],[-3.7675,50.2208]],[[-3.6942,50.2142],[-3.6942,50.2142],[-3.6941,50.2142],[-3.6942,50.2142]],[[-3.7636,50.2199],[-3.7636,50.2199],[-3.7636,50.2199],[-3.7636,50.2199]],[[-3.7084,50.2053],[-3.7084,50.2053],[-3.7084,50.2053],[-3.7084,50.2053]],[[-3.7655,50.2204],[-3.7655,50.2204],[-3.7655,50.2204],[-3.7655,50.2204]],[[-3.7116,50.206],[-3.7117,50.2061],[-3.7117,50.2061],[-3.7116,50.206]],[[-3.6429,50.2216],[-3.643,50.2216],[-3.643,50.2215],[-3.6429,50.2216]],[[-3.7597,50.2202],[-3.7597,50.2201],[-3.7596,50.2201],[-3.7597,50.2202]],[[-3.7654,50.2204],[-3.7654,50.2204],[-3.7654,50.2204],[-3.7654,50.2204]],[[-3.7364,50.2123],[-3.7365,50.2123],[-3.7365,50.2122],[-3.7364,50.2123]],[[-3.7108,50.2061],[-3.7109,50.2061],[-3.7109,50.2061],[-3.7108,50.2061]],[[-3.7182,50.2037],[-3.7182,50.2037],[-3.7183,50.2036],[-3.7182,50.2037]],[[-3.6876,50.219],[-3.6877,50.219],[-3.6877,50.2189],[-3.6876,50.219]],[[-3.7088,50.2052],[-3.7089,50.2052],[-3.7088,50.2052],[-3.7088,50.2052]],[[-3.7653,50.2204],[-3.7653,50.2203],[-3.7653,50.2203],[-3.7653,50.2204]],[[-3.7107,50.2061],[-3.7106,50.2061],[-3.7107,50.2061],[-3.7107,50.2061]],[[-3.6872,50.2188],[-3.6872,50.2188],[-3.6872,50.2188],[-3.6872,50.2188]],[[-3.6493,50.2214],[-3.6492,50.2214],[-3.6493,50.2214],[-3.6493,50.2214]],[[-3.6828,50.2214],[-3.6829,50.2213],[-3.6829,50.2213],[-3.6828,50.2214]],[[-3.6919,50.2156],[-3.692,50.2157],[-3.692,50.2156],[-3.6919,50.2156]],[[-3.684,50.2198],[-3.6839,50.2199],[-3.684,50.2198],[-3.684,50.2198]],[[-3.7538,50.2187],[-3.7539,50.2187],[-3.7538,50.2187],[-3.7538,50.2187]],[[-3.7164,50.2051],[-3.7164,50.2052],[-3.7164,50.2051],[-3.7164,50.2051]],[[-3.6884,50.218],[-3.6884,50.2181],[-3.6885,50.2181],[-3.6884,50.218]],[[-3.7115,50.206],[-3.7114,50.206],[-3.7115,50.206],[-3.7115,50.206]],[[-3.644,50.2217],[-3.6439,50.2218],[-3.644,50.2218],[-3.644,50.2217]],[[-3.6781,50.2217],[-3.6781,50.2217],[-3.6781,50.2217],[-3.6781,50.2217]],[[-3.6849,50.2196],[-3.6849,50.2196],[-3.685,50.2195],[-3.6849,50.2196]],[[-3.6937,50.2144],[-3.6937,50.2144],[-3.6937,50.2145],[-3.6937,50.2144]],[[-3.7351,50.2108],[-3.7351,50.2107],[-3.7351,50.2107],[-3.7351,50.2108]],[[-3.6899,50.2158],[-3.6899,50.2158],[-3.69,50.2158],[-3.6899,50.2158]],[[-3.6888,50.2162],[-3.6888,50.2162],[-3.6888,50.2162],[-3.6888,50.2162]],[[-3.752,50.2187],[-3.752,50.2187],[-3.752,50.2187],[-3.752,50.2187]],[[-3.6519,50.2196],[-3.6518,50.2197],[-3.6519,50.2197],[-3.6519,50.2196]],[[-3.6842,50.2203],[-3.6842,50.2203],[-3.6843,50.2202],[-3.6842,50.2203]],[[-3.7116,50.2059],[-3.7115,50.2059],[-3.7116,50.2059],[-3.7116,50.2059]],[[-3.7616,50.22],[-3.7617,50.22],[-3.7616,50.22],[-3.7616,50.22]],[[-3.702,50.2112],[-3.702,50.2113],[-3.702,50.2112],[-3.702,50.2112]],[[-3.7573,50.2191],[-3.7572,50.2191],[-3.7573,50.2191],[-3.7573,50.2191]],[[-3.7099,50.2062],[-3.71,50.2062],[-3.7099,50.2062],[-3.7099,50.2062]],[[-3.6915,50.2158],[-3.6916,50.2158],[-3.6915,50.2158],[-3.6915,50.2158]],[[-3.7122,50.2056],[-3.7122,50.2056],[-3.7123,50.2056],[-3.7122,50.2056]],[[-3.7702,50.2216],[-3.7703,50.2215],[-3.7703,50.2215],[-3.7702,50.2216]],[[-3.7019,50.2112],[-3.7019,50.2112],[-3.702,50.2112],[-3.7019,50.2112]],[[-3.7682,50.2211],[-3.7682,50.2211],[-3.7683,50.2211],[-3.7682,50.2211]],[[-3.6886,50.2172],[-3.6887,50.2172],[-3.6888,50.2172],[-3.6886,50.2172]],[[-3.7385,50.2143],[-3.7386,50.2144],[-3.7387,50.2143],[-3.7385,50.2143]],[[-3.6897,50.2157],[-3.6897,50.2158],[-3.6898,50.2158],[-3.6897,50.2157]],[[-3.7014,50.2118],[-3.7014,50.2117],[-3.7013,50.2118],[-3.7014,50.2118]],[[-3.7107,50.206],[-3.7107,50.206],[-3.7106,50.206],[-3.7107,50.206]],[[-3.7575,50.219],[-3.7575,50.219],[-3.7576,50.2191],[-3.7575,50.219]],[[-3.715,50.2053],[-3.7149,50.2054],[-3.715,50.2054],[-3.715,50.2053]],[[-3.6438,50.2218],[-3.6438,50.2217],[-3.6438,50.2218],[-3.6438,50.2218]],[[-3.6817,50.2215],[-3.6818,50.2216],[-3.6818,50.2215],[-3.6817,50.2215]],[[-3.6841,50.2201],[-3.684,50.2202],[-3.6841,50.2202],[-3.6841,50.2201]],[[-3.6556,50.2177],[-3.6557,50.2176],[-3.6555,50.2177],[-3.6556,50.2177]],[[-3.7539,50.2189],[-3.754,50.2188],[-3.7539,50.2188],[-3.7539,50.2189]],[[-3.6742,50.221],[-3.6743,50.221],[-3.6742,50.221],[-3.6742,50.221]],[[-3.6739,50.221],[-3.6741,50.221],[-3.674,50.221],[-3.6739,50.221]],[[-3.745,50.2161],[-3.745,50.2161],[-3.745,50.2161],[-3.745,50.2161]],[[-3.688,50.216],[-3.688,50.2159],[-3.6879,50.2159],[-3.688,50.216]],[[-3.7498,50.2189],[-3.7498,50.2188],[-3.7498,50.2188],[-3.7498,50.2189]],[[-3.7363,50.2122],[-3.7363,50.2123],[-3.7363,50.2122],[-3.7363,50.2122]],[[-3.6767,50.2214],[-3.6767,50.2214],[-3.6767,50.2214],[-3.6767,50.2214]],[[-3.6422,50.2216],[-3.6423,50.2215],[-3.6422,50.2216],[-3.6422,50.2216]],[[-3.7087,50.2058],[-3.7088,50.2057],[-3.7087,50.2057],[-3.7087,50.2058]],[[-3.6783,50.2218],[-3.6783,50.2217],[-3.6782,50.2217],[-3.6783,50.2218]],[[-3.6859,50.2196],[-3.6859,50.2195],[-3.6858,50.2195],[-3.6859,50.2196]],[[-3.7598,50.2197],[-3.7597,50.2198],[-3.7599,50.2197],[-3.7598,50.2197]],[[-3.7158,50.2055],[-3.7159,50.2055],[-3.7158,50.2055],[-3.7158,50.2055]],[[-3.7462,50.2163],[-3.7462,50.2162],[-3.7461,50.2162],[-3.7462,50.2163]],[[-3.7671,50.2209],[-3.7671,50.2208],[-3.767,50.2208],[-3.7671,50.2209]],[[-3.7157,50.2055],[-3.7158,50.2055],[-3.7157,50.2054],[-3.7157,50.2055]],[[-3.6884,50.2182],[-3.6886,50.2182],[-3.6885,50.2182],[-3.6884,50.2182]],[[-3.7373,50.2144],[-3.7373,50.2143],[-3.7372,50.2144],[-3.7373,50.2144]],[[-3.7087,50.2051],[-3.7086,50.2051],[-3.7087,50.2051],[-3.7087,50.2051]],[[-3.7387,50.2142],[-3.7388,50.2142],[-3.7387,50.2142],[-3.7387,50.2142]],[[-3.6791,50.2217],[-3.6788,50.2218],[-3.679,50.2218],[-3.6791,50.2217]],[[-3.7173,50.2037],[-3.7173,50.2036],[-3.7173,50.2037],[-3.7173,50.2037]],[[-3.7034,50.2091],[-3.7034,50.209],[-3.7033,50.209],[-3.7034,50.2091]],[[-3.7611,50.2204],[-3.7612,50.2204],[-3.7611,50.2204],[-3.7611,50.2204]],[[-3.6616,50.2205],[-3.6616,50.2205],[-3.6617,50.2205],[-3.6616,50.2205]],[[-3.6618,50.2205],[-3.6617,50.2206],[-3.6618,50.2206],[-3.6618,50.2205]],[[-3.7672,50.2207],[-3.7672,50.2206],[-3.7672,50.2206],[-3.7672,50.2207]],[[-3.6829,50.2212],[-3.6829,50.2213],[-3.683,50.2212],[-3.6829,50.2212]],[[-3.7116,50.2059],[-3.7116,50.206],[-3.7117,50.206],[-3.7116,50.2059]],[[-3.6734,50.2211],[-3.6735,50.2211],[-3.6736,50.2211],[-3.6734,50.2211]],[[-3.7597,50.2201],[-3.7598,50.22],[-3.7597,50.22],[-3.7597,50.2201]],[[-3.7654,50.2203],[-3.7655,50.2203],[-3.7654,50.2203],[-3.7654,50.2203]],[[-3.6729,50.2211],[-3.6728,50.2211],[-3.6728,50.2211],[-3.6729,50.2211]],[[-3.6516,50.2201],[-3.6516,50.22],[-3.6515,50.2201],[-3.6516,50.2201]],[[-3.6887,50.2163],[-3.6888,50.2162],[-3.6886,50.2162],[-3.6887,50.2163]],[[-3.719,50.2033],[-3.7191,50.2032],[-3.719,50.2032],[-3.719,50.2033]],[[-3.7712,50.2226],[-3.7712,50.2225],[-3.7711,50.2225],[-3.7712,50.2226]],[[-3.6529,50.2194],[-3.6528,50.2195],[-3.6529,50.2195],[-3.6529,50.2194]],[[-3.7183,50.2037],[-3.7182,50.2038],[-3.7183,50.2038],[-3.7183,50.2037]],[[-3.6735,50.221],[-3.6736,50.221],[-3.6735,50.221],[-3.6735,50.221]],[[-3.6858,50.2194],[-3.6858,50.2195],[-3.6859,50.2195],[-3.6858,50.2194]],[[-3.6686,50.2203],[-3.6687,50.2203],[-3.6686,50.2203],[-3.6686,50.2203]],[[-3.6842,50.2202],[-3.6841,50.2202],[-3.684,50.2203],[-3.6842,50.2202]],[[-3.7016,50.2118],[-3.7017,50.2117],[-3.7016,50.2117],[-3.7016,50.2118]],[[-3.7042,50.2079],[-3.7041,50.2079],[-3.7041,50.208],[-3.7042,50.2079]],[[-3.6845,50.2197],[-3.6845,50.2197],[-3.6846,50.2197],[-3.6845,50.2197]],[[-3.6789,50.2217],[-3.679,50.2217],[-3.6789,50.2217],[-3.6789,50.2217]],[[-3.7019,50.2113],[-3.7018,50.2113],[-3.7018,50.2113],[-3.7019,50.2113]],[[-3.7709,50.2216],[-3.7709,50.2217],[-3.771,50.2216],[-3.7709,50.2216]],[[-3.7576,50.2191],[-3.7577,50.2191],[-3.7577,50.219],[-3.7576,50.2191]],[[-3.772,50.2232],[-3.7719,50.2232],[-3.772,50.2232],[-3.772,50.2232]],[[-3.7265,50.2082],[-3.7266,50.2082],[-3.7266,50.2081],[-3.7265,50.2082]],[[-3.6784,50.2218],[-3.6785,50.2217],[-3.6784,50.2217],[-3.6784,50.2218]],[[-3.7374,50.2144],[-3.7372,50.2144],[-3.7374,50.2144],[-3.7374,50.2144]],[[-3.6949,50.214],[-3.695,50.214],[-3.6949,50.2139],[-3.6949,50.214]],[[-3.7222,50.2019],[-3.7222,50.2018],[-3.7221,50.2018],[-3.7222,50.2019]],[[-3.6841,50.2199],[-3.684,50.2199],[-3.6841,50.22],[-3.6841,50.2199]],[[-3.6845,50.2197],[-3.6844,50.2197],[-3.6844,50.2198],[-3.6845,50.2197]],[[-3.7089,50.2057],[-3.7088,50.2058],[-3.709,50.2058],[-3.7089,50.2057]],[[-3.6868,50.216],[-3.6868,50.2159],[-3.6866,50.2159],[-3.6868,50.216]],[[-3.6828,50.2213],[-3.6826,50.2214],[-3.6828,50.2213],[-3.6828,50.2213]],[[-3.7089,50.205],[-3.709,50.2049],[-3.7089,50.2049],[-3.7089,50.205]],[[-3.7599,50.2198],[-3.7598,50.2199],[-3.7599,50.2199],[-3.7599,50.2198]],[[-3.6536,50.2183],[-3.6533,50.2184],[-3.6535,50.2184],[-3.6536,50.2183]],[[-3.7468,50.2164],[-3.7467,50.2164],[-3.7468,50.2164],[-3.7468,50.2164]],[[-3.6926,50.2154],[-3.6928,50.2154],[-3.6927,50.2154],[-3.6926,50.2154]],[[-3.6556,50.2179],[-3.6556,50.2179],[-3.6558,50.2179],[-3.6556,50.2179]],[[-3.6558,50.2179],[-3.6559,50.2179],[-3.6557,50.2178],[-3.6558,50.2179]],[[-3.7238,50.2036],[-3.7238,50.2036],[-3.724,50.2036],[-3.7238,50.2036]],[[-3.6558,50.2164],[-3.6557,50.2164],[-3.6556,50.2164],[-3.6558,50.2164]],[[-3.7351,50.211],[-3.7351,50.2111],[-3.7353,50.211],[-3.7351,50.211]],[[-3.709,50.2057],[-3.709,50.2056],[-3.7088,50.2057],[-3.709,50.2057]],[[-3.7685,50.2208],[-3.7684,50.2209],[-3.7686,50.2209],[-3.7685,50.2208]],[[-3.7092,50.2055],[-3.7094,50.2055],[-3.7094,50.2055],[-3.7092,50.2055]],[[-3.6839,50.2206],[-3.6837,50.2207],[-3.6839,50.2207],[-3.6839,50.2206]],[[-3.744,50.2152],[-3.7441,50.2151],[-3.7439,50.2151],[-3.744,50.2152]],[[-3.6686,50.2204],[-3.6686,50.2204],[-3.6688,50.2204],[-3.6686,50.2204]],[[-3.7042,50.2075],[-3.7043,50.2075],[-3.7042,50.2075],[-3.7042,50.2075]],[[-3.7065,50.2065],[-3.7066,50.2065],[-3.7065,50.2064],[-3.7065,50.2065]],[[-3.754,50.2187],[-3.7538,50.2188],[-3.754,50.2188],[-3.754,50.2187]],[[-3.6398,50.2194],[-3.6397,50.2194],[-3.6399,50.2194],[-3.6398,50.2194]],[[-3.6503,50.2213],[-3.6504,50.2214],[-3.6504,50.2213],[-3.6503,50.2213]],[[-3.6884,50.2168],[-3.6882,50.2167],[-3.6885,50.2168],[-3.6884,50.2168]],[[-3.6768,50.2214],[-3.6767,50.2214],[-3.6768,50.2215],[-3.6768,50.2214]],[[-3.6842,50.2198],[-3.6841,50.2199],[-3.6842,50.2199],[-3.6842,50.2198]],[[-3.7451,50.2161],[-3.7451,50.2162],[-3.7452,50.2161],[-3.7451,50.2161]],[[-3.6639,50.2203],[-3.6641,50.2203],[-3.664,50.2202],[-3.6639,50.2203]],[[-3.6816,50.2218],[-3.6816,50.2217],[-3.6815,50.2217],[-3.6816,50.2218]],[[-3.7041,50.2076],[-3.7041,50.2075],[-3.704,50.2076],[-3.7041,50.2076]],[[-3.758,50.2189],[-3.7581,50.2191],[-3.7581,50.2189],[-3.758,50.2189]],[[-3.6725,50.221],[-3.6724,50.221],[-3.6723,50.221],[-3.6725,50.221]],[[-3.6818,50.2216],[-3.682,50.2217],[-3.6819,50.2215],[-3.6818,50.2216]],[[-3.6412,50.2212],[-3.6411,50.2211],[-3.641,50.2211],[-3.6412,50.2212]],[[-3.6627,50.2205],[-3.6628,50.2205],[-3.6629,50.2206],[-3.6627,50.2205]],[[-3.6557,50.2177],[-3.6556,50.2178],[-3.6557,50.2178],[-3.6557,50.2177]],[[-3.7678,50.221],[-3.768,50.2211],[-3.7679,50.221],[-3.7678,50.221]],[[-3.753,50.2186],[-3.7531,50.2186],[-3.7531,50.2185],[-3.753,50.2186]],[[-3.6739,50.2211],[-3.6739,50.2212],[-3.6742,50.2212],[-3.6739,50.2211]],[[-3.6824,50.2214],[-3.6824,50.2215],[-3.6826,50.2214],[-3.6824,50.2214]],[[-3.6695,50.2205],[-3.6693,50.2204],[-3.6692,50.2205],[-3.6695,50.2205]],[[-3.6818,50.2217],[-3.6815,50.2218],[-3.6818,50.2218],[-3.6818,50.2217]],[[-3.6548,50.2181],[-3.6547,50.2181],[-3.6546,50.2182],[-3.6548,50.2181]],[[-3.7041,50.2077],[-3.7043,50.2075],[-3.7041,50.2076],[-3.7041,50.2077]],[[-3.7578,50.219],[-3.7578,50.2191],[-3.7579,50.2191],[-3.7578,50.219]],[[-3.735,50.211],[-3.7351,50.2108],[-3.735,50.2108],[-3.735,50.211]],[[-3.7145,50.2055],[-3.7145,50.2056],[-3.7146,50.2055],[-3.7145,50.2055]],[[-3.6923,50.2154],[-3.6921,50.2154],[-3.6922,50.2155],[-3.6923,50.2154]],[[-3.6938,50.2145],[-3.6936,50.2145],[-3.6935,50.2146],[-3.6938,50.2145]],[[-3.6449,50.224],[-3.645,50.2239],[-3.6447,50.224],[-3.6449,50.224]],[[-3.7332,50.209],[-3.7329,50.2091],[-3.733,50.2091],[-3.7332,50.209]],[[-3.6532,50.2191],[-3.6533,50.219],[-3.6531,50.219],[-3.6532,50.2191]],[[-3.744,50.2154],[-3.744,50.2155],[-3.7442,50.2155],[-3.744,50.2154]],[[-3.7065,50.2066],[-3.7063,50.2065],[-3.7064,50.2067],[-3.7065,50.2066]],[[-3.7359,50.2113],[-3.7358,50.2112],[-3.7357,50.2112],[-3.7359,50.2113]],[[-3.7033,50.2091],[-3.7031,50.2092],[-3.7032,50.2093],[-3.7033,50.2091]],[[-3.7039,50.2077],[-3.7036,50.2077],[-3.7037,50.2078],[-3.7039,50.2077]],[[-3.6844,50.2199],[-3.6841,50.22],[-3.6843,50.22],[-3.6844,50.2199]],[[-3.7411,50.2149],[-3.741,50.215],[-3.7412,50.2149],[-3.7411,50.2149]],[[-3.6903,50.2157],[-3.6906,50.2157],[-3.6903,50.2157],[-3.6903,50.2157]],[[-3.7127,50.2057],[-3.7125,50.2059],[-3.7127,50.2058],[-3.7127,50.2057]],[[-3.6896,50.2158],[-3.6894,50.2158],[-3.6893,50.2159],[-3.6896,50.2158]],[[-3.664,50.2203],[-3.664,50.2204],[-3.6642,50.2204],[-3.664,50.2203]],[[-3.7437,50.2153],[-3.7438,50.2154],[-3.744,50.2154],[-3.7437,50.2153]],[[-3.6818,50.2216],[-3.6816,50.2216],[-3.6818,50.2218],[-3.6818,50.2216]],[[-3.7708,50.222],[-3.7706,50.222],[-3.7709,50.2221],[-3.7708,50.222]],[[-3.6847,50.2195],[-3.6844,50.2195],[-3.6846,50.2196],[-3.6847,50.2195]],[[-3.7189,50.2028],[-3.7188,50.2029],[-3.719,50.203],[-3.7189,50.2028]],[[-3.6413,50.2212],[-3.6415,50.2211],[-3.6412,50.221],[-3.6413,50.2212]],[[-3.7245,50.204],[-3.7243,50.204],[-3.7246,50.204],[-3.7245,50.204]],[[-3.7405,50.2147],[-3.7406,50.2146],[-3.7404,50.2146],[-3.7405,50.2147]],[[-3.762,50.2198],[-3.7623,50.2198],[-3.7622,50.2197],[-3.762,50.2198]],[[-3.7068,50.2061],[-3.7068,50.2059],[-3.7067,50.206],[-3.7068,50.2061]],[[-3.6431,50.2237],[-3.6429,50.2237],[-3.643,50.2238],[-3.6431,50.2237]],[[-3.6547,50.2184],[-3.6546,50.2185],[-3.6549,50.2185],[-3.6547,50.2184]],[[-3.6933,50.215],[-3.6929,50.215],[-3.6932,50.215],[-3.6933,50.215]],[[-3.7357,50.2115],[-3.7359,50.2115],[-3.7357,50.2114],[-3.7357,50.2115]],[[-3.7406,50.2147],[-3.7409,50.2146],[-3.7408,50.2146],[-3.7406,50.2147]],[[-3.7085,50.2051],[-3.7086,50.205],[-3.7085,50.2049],[-3.7085,50.2051]],[[-3.6529,50.2274],[-3.6529,50.2273],[-3.6526,50.2275],[-3.6529,50.2274]],[[-3.6552,50.2181],[-3.6556,50.2179],[-3.6554,50.2179],[-3.6552,50.2181]],[[-3.6628,50.2202],[-3.6626,50.2204],[-3.6629,50.2204],[-3.6628,50.2202]],[[-3.7596,50.2198],[-3.7593,50.2195],[-3.7593,50.2197],[-3.7596,50.2198]],[[-3.735,50.2113],[-3.7351,50.2115],[-3.7351,50.2112],[-3.735,50.2113]],[[-3.6582,50.2193],[-3.6584,50.2192],[-3.6582,50.2191],[-3.6582,50.2193]],[[-3.7324,50.2078],[-3.7325,50.2075],[-3.7323,50.2077],[-3.7324,50.2078]],[[-3.7079,50.2053],[-3.7081,50.2053],[-3.7078,50.2051],[-3.7079,50.2053]],[[-3.654,50.2185],[-3.6542,50.2184],[-3.6537,50.2184],[-3.654,50.2185]],[[-3.6884,50.2179],[-3.6885,50.2181],[-3.6888,50.2181],[-3.6884,50.2179]],[[-3.7076,50.2055],[-3.7076,50.2052],[-3.7075,50.2053],[-3.7076,50.2055]],[[-3.6637,50.2204],[-3.6633,50.2205],[-3.6635,50.2205],[-3.6637,50.2204]],[[-3.6421,50.2215],[-3.6416,50.2216],[-3.6419,50.2216],[-3.6421,50.2215]],[[-3.7408,50.2147],[-3.7408,50.2149],[-3.741,50.2148],[-3.7408,50.2147]],[[-3.6589,50.2195],[-3.6592,50.2196],[-3.6593,50.2196],[-3.6589,50.2195]],[[-3.7596,50.2194],[-3.7594,50.2194],[-3.7596,50.2197],[-3.7596,50.2194]],[[-3.7058,50.207],[-3.7053,50.2073],[-3.7058,50.2071],[-3.7058,50.207]],[[-3.6634,50.22],[-3.663,50.2202],[-3.6634,50.2202],[-3.6634,50.22]],[[-3.7373,50.2143],[-3.7377,50.2143],[-3.7374,50.2141],[-3.7373,50.2143]],[[-3.6399,50.2191],[-3.6399,50.2189],[-3.6396,50.2191],[-3.6399,50.2191]],[[-3.6533,50.2192],[-3.6531,50.2191],[-3.653,50.2194],[-3.6533,50.2192]],[[-3.6635,50.2202],[-3.6631,50.2203],[-3.6636,50.2203],[-3.6635,50.2202]],[[-3.762,50.2199],[-3.7618,50.2201],[-3.7623,50.22],[-3.762,50.2199]],[[-3.708,50.2051],[-3.7084,50.2051],[-3.7082,50.205],[-3.708,50.2051]],[[-3.674,50.2211],[-3.6743,50.2212],[-3.6747,50.2211],[-3.674,50.2211]],[[-3.7724,50.2236],[-3.7729,50.2236],[-3.7727,50.2235],[-3.7724,50.2236]],[[-3.7708,50.2222],[-3.7714,50.2225],[-3.7713,50.2223],[-3.7708,50.2222]],[[-3.7498,50.2183],[-3.7494,50.2183],[-3.7497,50.2186],[-3.7498,50.2183]],[[-3.7138,50.206],[-3.7141,50.2064],[-3.714,50.206],[-3.7138,50.206]],[[-3.6584,50.2193],[-3.6587,50.2195],[-3.6589,50.2194],[-3.6584,50.2193]],[[-3.6559,50.2178],[-3.6563,50.2177],[-3.656,50.2176],[-3.6559,50.2178]],[[-3.7328,50.2089],[-3.7329,50.2085],[-3.7327,50.2082],[-3.7328,50.2089]],[[-3.649,50.2214],[-3.6486,50.2217],[-3.6492,50.2216],[-3.649,50.2214]],[[-3.6878,50.216],[-3.6873,50.2158],[-3.6871,50.2158],[-3.6878,50.216]],[[-3.6558,50.217],[-3.6557,50.2169],[-3.6552,50.2169],[-3.6558,50.217]],[[-3.6572,50.2181],[-3.6576,50.2183],[-3.6577,50.218],[-3.6572,50.2181]],[[-3.6405,50.223],[-3.6403,50.2227],[-3.6399,50.223],[-3.6405,50.223]],[[-3.7075,50.2055],[-3.7068,50.2054],[-3.707,50.2058],[-3.7075,50.2055]],[[-3.7092,50.2051],[-3.7087,50.2053],[-3.7092,50.2054],[-3.7092,50.2051]],[[-3.6408,50.2215],[-3.641,50.2212],[-3.6404,50.2213],[-3.6408,50.2215]],[[-3.7224,50.2019],[-3.7224,50.2022],[-3.7231,50.2023],[-3.7224,50.2019]]]},"properties":{"MCZ_NAME":"Skerries Bank and Surrounds","MCZ_CODE":"UKMCZ0015"}},{"type":"Feature","geometry":{"type":"Polygon","coordinates":[[[-3.5115,50.4824],[-3.4546,50.4602],[-3.4545,50.4489],[-3.5344,50.4513],[-3.5471,50.4256],[-3.5361,50.4143],[-3.4769,50.4011],[-3.4788,50.3817],[-3.4962,50.3816],[-3.5038,50.3862],[-3.5033,50.3889],[-3.4927,50.3916],[-3.4824,50.4001],[-3.5041,50.3999],[-3.5129,50.4056],[-3.5217,50.402],[-3.5302,50.4049],[-3.5447,50.4021],[-3.5472,50.4057],[-3.5561,50.4082],[-3.5539,50.4142],[-3.5593,50.4208],[-3.5595,50.4264],[-3.5531,50.4293],[-3.5591,50.4332],[-3.5573,50.4423],[-3.5519,50.4512],[-3.544,50.4535],[-3.5453,50.4557],[-3.5402,50.4582],[-3.5407,50.4611],[-3.5333,50.463],[-3.5289,50.4572],[-3.5159,50.4538],[-3.504,50.4596],[-3.4843,50.4598],[-3.4806,50.4635],[-3.489,50.4638],[-3.4919,50.4703],[-3.5019,50.4728],[-3.4973,50.4758],[-3.5121,50.4797],[-3.5149,50.4824],[-3.5115,50.4824]],[[-3.4812,50.463],[-3.4812,50.463],[-3.4812,50.463],[-3.4812,50.463]],[[-3.4952,50.4707],[-3.4952,50.4707],[-3.4952,50.4707],[-3.4952,50.4707]],[[-3.4916,50.4703],[-3.4916,50.4703],[-3.4916,50.4703],[-3.4916,50.4703]],[[-3.4935,50.3917],[-3.4935,50.3917],[-3.4935,50.3917],[-3.4935,50.3917]],[[-3.4812,50.4631],[-3.4812,50.4631],[-3.4811,50.4631],[-3.4812,50.4631]],[[-3.4952,50.4707],[-3.4952,50.4707],[-3.4952,50.4707],[-3.4952,50.4707]],[[-3.4952,50.4707],[-3.4952,50.4707],[-3.4952,50.4707],[-3.4952,50.4707]],[[-3.4917,50.4703],[-3.4916,50.4703],[-3.4916,50.4704],[-3.4917,50.4703]],[[-3.4956,50.4709],[-3.4956,50.4709],[-3.4956,50.4709],[-3.4956,50.4709]],[[-3.4871,50.4607],[-3.4871,50.4607],[-3.4871,50.4607],[-3.4871,50.4607]],[[-3.4917,50.4704],[-3.4917,50.4703],[-3.4917,50.4704],[-3.4917,50.4704]],[[-3.4906,50.4657],[-3.4906,50.4657],[-3.4906,50.4657],[-3.4906,50.4657]],[[-3.4917,50.4703],[-3.4917,50.4703],[-3.4917,50.4703],[-3.4917,50.4703]],[[-3.4816,50.4642],[-3.4817,50.4642],[-3.4816,50.4642],[-3.4816,50.4642]],[[-3.4815,50.4642],[-3.4815,50.4642],[-3.4815,50.4642],[-3.4815,50.4642]],[[-3.4917,50.4703],[-3.4917,50.4703],[-3.4917,50.4703],[-3.4917,50.4703]],[[-3.4953,50.4708],[-3.4952,50.4708],[-3.4952,50.4708],[-3.4953,50.4708]],[[-3.4919,50.4703],[-3.4919,50.4703],[-3.4919,50.4703],[-3.4919,50.4703]],[[-3.4961,50.4711],[-3.4961,50.4711],[-3.4961,50.4711],[-3.4961,50.4711]],[[-3.4918,50.47],[-3.4918,50.47],[-3.4918,50.47],[-3.4918,50.47]],[[-3.4925,50.3931],[-3.4925,50.3931],[-3.4925,50.3931],[-3.4925,50.3931]],[[-3.4981,50.459],[-3.4981,50.459],[-3.4981,50.459],[-3.4981,50.459]],[[-3.4955,50.4709],[-3.4955,50.4709],[-3.4955,50.4709],[-3.4955,50.4709]],[[-3.4906,50.4655],[-3.4906,50.4655],[-3.4906,50.4655],[-3.4906,50.4655]],[[-3.4906,50.4656],[-3.4906,50.4656],[-3.4906,50.4656],[-3.4906,50.4656]],[[-3.4847,50.4599],[-3.4847,50.4599],[-3.4847,50.4599],[-3.4847,50.4599]],[[-3.4949,50.4703],[-3.4949,50.4703],[-3.4949,50.4704],[-3.4949,50.4703]],[[-3.4942,50.4701],[-3.4941,50.4701],[-3.4941,50.4701],[-3.4942,50.4701]],[[-3.4871,50.4606],[-3.4871,50.4606],[-3.4871,50.4606],[-3.4871,50.4606]],[[-3.5001,50.4011],[-3.5,50.4012],[-3.5001,50.4012],[-3.5001,50.4011]],[[-3.4905,50.4654],[-3.4905,50.4654],[-3.4906,50.4654],[-3.4905,50.4654]],[[-3.5009,50.4006],[-3.5008,50.4006],[-3.5008,50.4006],[-3.5009,50.4006]],[[-3.4906,50.4658],[-3.4906,50.4658],[-3.4906,50.4658],[-3.4906,50.4658]],[[-3.4925,50.3929],[-3.4924,50.3929],[-3.4925,50.3929],[-3.4925,50.3929]],[[-3.4919,50.4702],[-3.4919,50.4702],[-3.4919,50.4702],[-3.4919,50.4702]],[[-3.4932,50.3917],[-3.4932,50.3916],[-3.4932,50.3916],[-3.4932,50.3917]],[[-3.5002,50.4011],[-3.5002,50.4011],[-3.5002,50.4011],[-3.5002,50.4011]],[[-3.4956,50.4708],[-3.4956,50.4708],[-3.4956,50.4708],[-3.4956,50.4708]],[[-3.491,50.4667],[-3.491,50.4667],[-3.491,50.4667],[-3.491,50.4667]],[[-3.4815,50.4642],[-3.4815,50.4642],[-3.4815,50.4642],[-3.4815,50.4642]],[[-3.5212,50.4553],[-3.5212,50.4553],[-3.5212,50.4552],[-3.5212,50.4553]],[[-3.4993,50.4592],[-3.4994,50.4592],[-3.4993,50.4592],[-3.4993,50.4592]],[[-3.4816,50.4642],[-3.4816,50.4642],[-3.4816,50.4642],[-3.4816,50.4642]],[[-3.5208,50.4553],[-3.5208,50.4553],[-3.5208,50.4553],[-3.5208,50.4553]],[[-3.4978,50.3906],[-3.4977,50.3906],[-3.4978,50.3906],[-3.4978,50.3906]],[[-3.4906,50.4658],[-3.4906,50.4659],[-3.4906,50.4659],[-3.4906,50.4658]],[[-3.4905,50.4657],[-3.4905,50.4657],[-3.4905,50.4657],[-3.4905,50.4657]],[[-3.4968,50.3917],[-3.4969,50.3917],[-3.4968,50.3917],[-3.4968,50.3917]],[[-3.5011,50.4722],[-3.5011,50.4722],[-3.5011,50.4722],[-3.5011,50.4722]],[[-3.5209,50.4553],[-3.5208,50.4553],[-3.5209,50.4553],[-3.5209,50.4553]],[[-3.4973,50.3915],[-3.4974,50.3915],[-3.4973,50.3915],[-3.4973,50.3915]],[[-3.5011,50.4719],[-3.5011,50.472],[-3.5011,50.472],[-3.5011,50.4719]],[[-3.4907,50.4655],[-3.4907,50.4655],[-3.4907,50.4655],[-3.4907,50.4655]],[[-3.5208,50.4553],[-3.5208,50.4553],[-3.5208,50.4553],[-3.5208,50.4553]],[[-3.5018,50.4002],[-3.5018,50.4002],[-3.5018,50.4003],[-3.5018,50.4002]],[[-3.5054,50.4788],[-3.5054,50.4788],[-3.5054,50.4788],[-3.5054,50.4788]],[[-3.4954,50.4708],[-3.4954,50.4708],[-3.4954,50.4709],[-3.4954,50.4708]],[[-3.5003,50.4596],[-3.5003,50.4596],[-3.5003,50.4596],[-3.5003,50.4596]],[[-3.5049,50.4788],[-3.5048,50.4788],[-3.5049,50.4788],[-3.5049,50.4788]],[[-3.4981,50.459],[-3.4981,50.459],[-3.4981,50.4589],[-3.4981,50.459]],[[-3.4811,50.463],[-3.4811,50.463],[-3.4811,50.463],[-3.4811,50.463]],[[-3.4884,50.4599],[-3.4884,50.4599],[-3.4884,50.4599],[-3.4884,50.4599]],[[-3.4885,50.4599],[-3.4885,50.4599],[-3.4885,50.4599],[-3.4885,50.4599]],[[-3.4835,50.4633],[-3.4835,50.4634],[-3.4836,50.4633],[-3.4835,50.4633]],[[-3.498,50.4014],[-3.498,50.4015],[-3.498,50.4015],[-3.498,50.4014]],[[-3.5062,50.4792],[-3.5062,50.4792],[-3.5062,50.4792],[-3.5062,50.4792]],[[-3.5038,50.4778],[-3.5038,50.4778],[-3.5038,50.4778],[-3.5038,50.4778]],[[-3.4909,50.4695],[-3.4909,50.4695],[-3.4908,50.4695],[-3.4909,50.4695]],[[-3.4956,50.4707],[-3.4955,50.4707],[-3.4956,50.4708],[-3.4956,50.4707]],[[-3.5037,50.3864],[-3.5036,50.3864],[-3.5037,50.3864],[-3.5037,50.3864]],[[-3.4978,50.4711],[-3.4977,50.4711],[-3.4978,50.4711],[-3.4978,50.4711]],[[-3.4909,50.4582],[-3.4909,50.4581],[-3.4909,50.4581],[-3.4909,50.4582]],[[-3.4961,50.4013],[-3.4961,50.4013],[-3.4961,50.4013],[-3.4961,50.4013]],[[-3.4948,50.4704],[-3.4948,50.4704],[-3.4948,50.4704],[-3.4948,50.4704]],[[-3.54,50.4585],[-3.54,50.4585],[-3.54,50.4585],[-3.54,50.4585]],[[-3.4904,50.4588],[-3.4905,50.4588],[-3.4904,50.4588],[-3.4904,50.4588]],[[-3.4926,50.4584],[-3.4926,50.4584],[-3.4926,50.4584],[-3.4926,50.4584]],[[-3.5014,50.4744],[-3.5014,50.4744],[-3.5014,50.4744],[-3.5014,50.4744]],[[-3.4944,50.4703],[-3.4944,50.4703],[-3.4945,50.4703],[-3.4944,50.4703]],[[-3.5022,50.4597],[-3.5021,50.4597],[-3.5022,50.4597],[-3.5022,50.4597]],[[-3.4832,50.4605],[-3.4832,50.4605],[-3.4832,50.4605],[-3.4832,50.4605]],[[-3.4924,50.3929],[-3.4924,50.3929],[-3.4924,50.3929],[-3.4924,50.3929]],[[-3.491,50.4666],[-3.4909,50.4666],[-3.491,50.4666],[-3.491,50.4666]],[[-3.501,50.3853],[-3.501,50.3854],[-3.501,50.3854],[-3.501,50.3853]],[[-3.4969,50.4714],[-3.4969,50.4714],[-3.4969,50.4714],[-3.4969,50.4714]],[[-3.5054,50.4788],[-3.5053,50.4788],[-3.5053,50.4789],[-3.5054,50.4788]],[[-3.4987,50.4755],[-3.4986,50.4755],[-3.4987,50.4755],[-3.4987,50.4755]],[[-3.4963,50.4712],[-3.4963,50.4711],[-3.4963,50.4711],[-3.4963,50.4712]],[[-3.4962,50.4712],[-3.4962,50.4713],[-3.4962,50.4713],[-3.4962,50.4712]],[[-3.4968,50.4713],[-3.4968,50.4712],[-3.4968,50.4712],[-3.4968,50.4713]],[[-3.5021,50.4597],[-3.5021,50.4597],[-3.502,50.4597],[-3.5021,50.4597]],[[-3.5046,50.4787],[-3.5045,50.4787],[-3.5045,50.4787],[-3.5046,50.4787]],[[-3.5078,50.4794],[-3.5078,50.4793],[-3.5078,50.4794],[-3.5078,50.4794]],[[-3.5212,50.4553],[-3.5212,50.4553],[-3.5212,50.4553],[-3.5212,50.4553]],[[-3.5202,50.4031],[-3.5201,50.4031],[-3.5202,50.4031],[-3.5202,50.4031]],[[-3.4963,50.4013],[-3.4963,50.4013],[-3.4964,50.4013],[-3.4963,50.4013]],[[-3.5157,50.4534],[-3.5157,50.4535],[-3.5157,50.4535],[-3.5157,50.4534]],[[-3.4861,50.4607],[-3.4861,50.4607],[-3.4861,50.4607],[-3.4861,50.4607]],[[-3.5053,50.4789],[-3.5053,50.4789],[-3.5053,50.4789],[-3.5053,50.4789]],[[-3.4978,50.4589],[-3.4978,50.459],[-3.4978,50.459],[-3.4978,50.4589]],[[-3.4962,50.4711],[-3.4962,50.4711],[-3.4963,50.4711],[-3.4962,50.4711]],[[-3.5017,50.4005],[-3.5017,50.4005],[-3.5017,50.4005],[-3.5017,50.4005]],[[-3.485,50.4605],[-3.485,50.4605],[-3.485,50.4605],[-3.485,50.4605]],[[-3.5027,50.4597],[-3.5027,50.4597],[-3.5027,50.4597],[-3.5027,50.4597]],[[-3.5034,50.4002],[-3.5034,50.4002],[-3.5034,50.4002],[-3.5034,50.4002]],[[-3.5019,50.4002],[-3.5019,50.4002],[-3.5019,50.4002],[-3.5019,50.4002]],[[-3.4909,50.4669],[-3.4908,50.467],[-3.4908,50.467],[-3.4909,50.4669]],[[-3.4919,50.4582],[-3.4919,50.4582],[-3.4919,50.4582],[-3.4919,50.4582]],[[-3.4993,50.4591],[-3.4993,50.4591],[-3.4993,50.4591],[-3.4993,50.4591]],[[-3.4966,50.4712],[-3.4965,50.4713],[-3.4966,50.4713],[-3.4966,50.4712]],[[-3.5109,50.4795],[-3.5108,50.4796],[-3.5109,50.4796],[-3.5109,50.4795]],[[-3.4932,50.4013],[-3.4931,50.4014],[-3.4931,50.4014],[-3.4932,50.4013]],[[-3.5462,50.4043],[-3.5461,50.4043],[-3.5461,50.4043],[-3.5462,50.4043]],[[-3.5013,50.4596],[-3.5013,50.4596],[-3.5012,50.4596],[-3.5013,50.4596]],[[-3.4953,50.4707],[-3.4952,50.4707],[-3.4952,50.4707],[-3.4953,50.4707]],[[-3.5018,50.4003],[-3.5017,50.4003],[-3.5018,50.4003],[-3.5018,50.4003]],[[-3.5,50.4011],[-3.5,50.4011],[-3.5,50.4011],[-3.5,50.4011]],[[-3.4927,50.4585],[-3.4927,50.4585],[-3.4927,50.4585],[-3.4927,50.4585]],[[-3.4987,50.4755],[-3.4987,50.4755],[-3.4987,50.4755],[-3.4987,50.4755]],[[-3.5103,50.456],[-3.5103,50.4559],[-3.5103,50.4559],[-3.5103,50.456]],[[-3.502,50.4595],[-3.5019,50.4596],[-3.502,50.4595],[-3.502,50.4595]],[[-3.5052,50.4789],[-3.5052,50.4788],[-3.5052,50.4789],[-3.5052,50.4789]],[[-3.4944,50.4702],[-3.4943,50.4701],[-3.4943,50.4702],[-3.4944,50.4702]],[[-3.5079,50.4794],[-3.5079,50.4794],[-3.5079,50.4794],[-3.5079,50.4794]],[[-3.4967,50.4712],[-3.4966,50.4712],[-3.4966,50.4712],[-3.4967,50.4712]],[[-3.5002,50.4595],[-3.5003,50.4594],[-3.5002,50.4594],[-3.5002,50.4595]],[[-3.504,50.4781],[-3.5041,50.4781],[-3.5041,50.4781],[-3.504,50.4781]],[[-3.5016,50.4595],[-3.5015,50.4595],[-3.5016,50.4596],[-3.5016,50.4595]],[[-3.4908,50.4659],[-3.4908,50.4659],[-3.4908,50.4659],[-3.4908,50.4659]],[[-3.5401,50.4585],[-3.5401,50.4585],[-3.5402,50.4585],[-3.5401,50.4585]],[[-3.5003,50.4718],[-3.5003,50.4717],[-3.5003,50.4717],[-3.5003,50.4718]],[[-3.5544,50.447],[-3.5543,50.4471],[-3.5543,50.4471],[-3.5544,50.447]],[[-3.5109,50.4796],[-3.5108,50.4797],[-3.5109,50.4796],[-3.5109,50.4796]],[[-3.5541,50.4125],[-3.5541,50.4126],[-3.5541,50.4126],[-3.5541,50.4125]],[[-3.4999,50.4715],[-3.4999,50.4715],[-3.4999,50.4716],[-3.4999,50.4715]],[[-3.4815,50.4642],[-3.4815,50.4642],[-3.4814,50.4642],[-3.4815,50.4642]],[[-3.502,50.4595],[-3.5021,50.4595],[-3.502,50.4595],[-3.502,50.4595]],[[-3.4961,50.4712],[-3.4962,50.4711],[-3.4961,50.4711],[-3.4961,50.4712]],[[-3.4904,50.4677],[-3.4903,50.4677],[-3.4904,50.4677],[-3.4904,50.4677]],[[-3.5134,50.454],[-3.5135,50.454],[-3.5134,50.454],[-3.5134,50.454]],[[-3.4977,50.3837],[-3.4976,50.3838],[-3.4977,50.3838],[-3.4977,50.3837]],[[-3.4833,50.4605],[-3.4832,50.4606],[-3.4833,50.4606],[-3.4833,50.4605]],[[-3.5154,50.4537],[-3.5154,50.4537],[-3.5153,50.4537],[-3.5154,50.4537]],[[-3.5542,50.4145],[-3.5542,50.4146],[-3.5542,50.4146],[-3.5542,50.4145]],[[-3.5008,50.3898],[-3.5009,50.3898],[-3.5008,50.3897],[-3.5008,50.3898]],[[-3.4979,50.384],[-3.4978,50.384],[-3.4979,50.384],[-3.4979,50.384]],[[-3.5539,50.412],[-3.5539,50.4121],[-3.5539,50.4121],[-3.5539,50.412]],[[-3.5022,50.4597],[-3.5023,50.4597],[-3.5022,50.4596],[-3.5022,50.4597]],[[-3.5012,50.4721],[-3.5011,50.4721],[-3.5011,50.4722],[-3.5012,50.4721]],[[-3.4938,50.4014],[-3.494,50.4014],[-3.494,50.4013],[-3.4938,50.4014]],[[-3.5245,50.4567],[-3.5246,50.4566],[-3.5245,50.4566],[-3.5245,50.4567]],[[-3.5186,50.4541],[-3.5187,50.4541],[-3.5185,50.4541],[-3.5186,50.4541]],[[-3.5539,50.4118],[-3.5539,50.4118],[-3.5539,50.4119],[-3.5539,50.4118]],[[-3.5017,50.474],[-3.5016,50.474],[-3.5016,50.4741],[-3.5017,50.474]],[[-3.4943,50.4012],[-3.4944,50.4012],[-3.4943,50.4011],[-3.4943,50.4012]],[[-3.4979,50.4015],[-3.4979,50.4015],[-3.4978,50.4015],[-3.4979,50.4015]],[[-3.4949,50.4588],[-3.495,50.4588],[-3.4949,50.4588],[-3.4949,50.4588]],[[-3.4977,50.4016],[-3.4978,50.4015],[-3.4976,50.4015],[-3.4977,50.4016]],[[-3.5469,50.405],[-3.547,50.405],[-3.5468,50.4049],[-3.5469,50.405]],[[-3.5045,50.4785],[-3.5044,50.4785],[-3.5045,50.4785],[-3.5045,50.4785]],[[-3.4969,50.4713],[-3.4968,50.4714],[-3.4969,50.4714],[-3.4969,50.4713]],[[-3.4978,50.3905],[-3.4976,50.3905],[-3.4977,50.3905],[-3.4978,50.3905]],[[-3.5011,50.472],[-3.5011,50.472],[-3.501,50.472],[-3.5011,50.472]],[[-3.5044,50.458],[-3.5044,50.4581],[-3.5045,50.4581],[-3.5044,50.458]],[[-3.4953,50.4706],[-3.4952,50.4706],[-3.4953,50.4707],[-3.4953,50.4706]],[[-3.4942,50.4013],[-3.494,50.4012],[-3.4941,50.4013],[-3.4942,50.4013]],[[-3.491,50.4582],[-3.4909,50.4582],[-3.491,50.4582],[-3.491,50.4582]],[[-3.496,50.4012],[-3.4961,50.4011],[-3.496,50.4012],[-3.496,50.4012]],[[-3.5242,50.4564],[-3.5242,50.4564],[-3.5241,50.4564],[-3.5242,50.4564]],[[-3.4895,50.4548],[-3.4895,50.4547],[-3.4894,50.4547],[-3.4895,50.4548]],[[-3.5001,50.4011],[-3.5002,50.401],[-3.5001,50.401],[-3.5001,50.4011]],[[-3.4978,50.4589],[-3.4978,50.4588],[-3.4977,50.4588],[-3.4978,50.4589]],[[-3.5016,50.4595],[-3.5016,50.4596],[-3.5017,50.4596],[-3.5016,50.4595]],[[-3.4993,50.3843],[-3.4992,50.3843],[-3.4994,50.3843],[-3.4993,50.3843]],[[-3.4992,50.4592],[-3.4992,50.4592],[-3.4991,50.4592],[-3.4992,50.4592]],[[-3.5008,50.4747],[-3.5009,50.4747],[-3.5007,50.4747],[-3.5008,50.4747]],[[-3.492,50.4704],[-3.4921,50.4704],[-3.4919,50.4704],[-3.492,50.4704]],[[-3.4972,50.3824],[-3.4972,50.3824],[-3.497,50.3824],[-3.4972,50.3824]],[[-3.5508,50.4515],[-3.5506,50.4515],[-3.5507,50.4516],[-3.5508,50.4515]],[[-3.4952,50.4706],[-3.4952,50.4705],[-3.4952,50.4704],[-3.4952,50.4706]],[[-3.5542,50.4145],[-3.5543,50.4146],[-3.5543,50.4145],[-3.5542,50.4145]],[[-3.4996,50.459],[-3.4996,50.4591],[-3.4997,50.4591],[-3.4996,50.459]],[[-3.5473,50.4053],[-3.5474,50.4053],[-3.5473,50.4052],[-3.5473,50.4053]],[[-3.502,50.4596],[-3.5019,50.4597],[-3.502,50.4597],[-3.502,50.4596]],[[-3.4944,50.4701],[-3.4944,50.4702],[-3.4946,50.4701],[-3.4944,50.4701]],[[-3.4896,50.459],[-3.4896,50.4589],[-3.4895,50.4589],[-3.4896,50.459]],[[-3.5473,50.4053],[-3.5471,50.4053],[-3.5473,50.4054],[-3.5473,50.4053]],[[-3.4817,50.4643],[-3.4818,50.4642],[-3.4818,50.464],[-3.4817,50.4643]],[[-3.4917,50.4703],[-3.4919,50.4703],[-3.4919,50.4702],[-3.4917,50.4703]],[[-3.4833,50.4604],[-3.4833,50.4604],[-3.4831,50.4603],[-3.4833,50.4604]],[[-3.4845,50.4598],[-3.4846,50.4597],[-3.4844,50.4598],[-3.4845,50.4598]],[[-3.5131,50.4539],[-3.513,50.4538],[-3.513,50.4539],[-3.5131,50.4539]],[[-3.4917,50.3913],[-3.4917,50.3912],[-3.4916,50.3912],[-3.4917,50.3913]],[[-3.4924,50.3915],[-3.4927,50.3915],[-3.4925,50.3914],[-3.4924,50.3915]],[[-3.5542,50.4147],[-3.5541,50.4145],[-3.554,50.4145],[-3.5542,50.4147]],[[-3.5074,50.4544],[-3.5074,50.4543],[-3.5072,50.4543],[-3.5074,50.4544]],[[-3.5208,50.4551],[-3.5209,50.4554],[-3.5211,50.4553],[-3.5208,50.4551]],[[-3.4923,50.3914],[-3.4923,50.3912],[-3.4917,50.3913],[-3.4923,50.3914]],[[-3.4843,50.3938],[-3.4845,50.3936],[-3.4839,50.3936],[-3.4843,50.3938]],[[-3.4789,50.462],[-3.4781,50.4614],[-3.4782,50.4618],[-3.4789,50.462]],[[-3.4873,50.3935],[-3.4874,50.3938],[-3.488,50.3936],[-3.4873,50.3935]],[[-3.4896,50.4563],[-3.4895,50.4549],[-3.4884,50.4559],[-3.4896,50.4563]]]},"properties":{"MCZ_NAME":"Torbay","MCZ_CODE":"UKMCZ0019"}},{"type":"Feature","geometry":{"type":"Polygon","coordinates":[[[-2.4652,50.5719],[-2.4481,50.5583],[-2.4564,50.5425],[-2.5016,50.5715],[-2.5344,50.5493],[-2.5635,50.5577],[-2.5258,50.5866],[-2.6245,50.6378],[-2.6142,50.6392],[-2.6133,50.6534],[-2.5311,50.6121],[-2.4652,50.5719]]]},"properties":{"MCZ_NAME":"Chesil Beach and Stennis Ledges","MCZ_CODE":"UKMCZ0004"}},{"type":"Feature","geometry":{"type":"MultiPolygon","coordinates":[[[[-4.2083,50.516],[-4.2088,50.5134],[-4.2016,50.5134],[-4.2025,50.5032],[-4.1943,50.503],[-4.1928,50.5065],[-4.1854,50.5085],[-4.1804,50.501],[-4.1948,50.4983],[-4.1932,50.4951],[-4.1981,50.4914],[-4.2208,50.4978],[-4.2199,50.4931],[-4.2232,50.4891],[-4.2176,50.4841],[-4.2162,50.4754],[-4.2356,50.4665],[-4.2368,50.4594],[-4.2284,50.4574],[-4.2247,50.4671],[-4.2157,50.4683],[-4.2012,50.4545],[-4.1938,50.4551],[-4.1948,50.4502],[-4.2,50.45],[-4.1952,50.45],[-4.1996,50.4485],[-4.1989,50.4456],[-4.1913,50.4409],[-4.1908,50.4353],[-4.1851,50.4342],[-4.1639,50.457],[-4.1602,50.4555],[-4.1565,50.4584],[-4.1575,50.4624],[-4.1503,50.4652],[-4.1569,50.462],[-4.1546,50.4565],[-4.1621,50.4504],[-4.1566,50.4462],[-4.1627,50.4494],[-4.1663,50.4462],[-4.1656,50.4424],[-4.1756,50.4338],[-4.1898,50.4284],[-4.1853,50.4262],[-4.1866,50.4245],[-4.1766,50.4226],[-4.1597,50.428],[-4.1697,50.4222],[-4.1655,50.4197],[-4.1707,50.4232],[-4.1858,50.4235],[-4.1846,50.4199],[-4.1861,50.4236],[-4.1923,50.4247],[-4.1991,50.4106],[-4.207,50.4105],[-4.2121,50.4168],[-4.2156,50.4151],[-4.211,50.4181],[-4.2102,50.4257],[-4.2225,50.4253],[-4.221,50.4234],[-4.2238,50.422],[-4.223,50.4243],[-4.2297,50.4252],[-4.2239,50.4254],[-4.2282,50.4281],[-4.2273,50.4352],[-4.2383,50.439],[-4.2264,50.4356],[-4.2257,50.4289],[-4.2223,50.4262],[-4.2171,50.4298],[-4.2038,50.4299],[-4.1994,50.4364],[-4.2058,50.4406],[-4.2031,50.4426],[-4.2116,50.4457],[-4.2093,50.4488],[-4.2169,50.4638],[-4.2226,50.4628],[-4.2306,50.455],[-4.2379,50.4578],[-4.2396,50.465],[-4.2504,50.4665],[-4.2393,50.4652],[-4.2191,50.4756],[-4.2189,50.4838],[-4.2244,50.4897],[-4.2308,50.4911],[-4.2236,50.4906],[-4.2207,50.4988],[-4.2005,50.4925],[-4.1948,50.494],[-4.1947,50.4989],[-4.1813,50.5009],[-4.1854,50.5082],[-4.1941,50.5026],[-4.2029,50.503],[-4.202,50.5133],[-4.209,50.5131],[-4.2083,50.516]]],[[[-4.1849,50.4254],[-4.185,50.4254],[-4.185,50.4253],[-4.1849,50.4254]]],[[[-4.2236,50.4224],[-4.2236,50.4224],[-4.2236,50.4225],[-4.2236,50.4224]]],[[[-4.161,50.4487],[-4.161,50.4488],[-4.161,50.4488],[-4.161,50.4487]]],[[[-4.2234,50.4252],[-4.2234,50.4252],[-4.2233,50.4252],[-4.2234,50.4252]]],[[[-4.2195,50.4286],[-4.2196,50.4285],[-4.2196,50.4285],[-4.2195,50.4286]]],[[[-4.1609,50.4488],[-4.1609,50.4489],[-4.1609,50.4489],[-4.1609,50.4488]]],[[[-4.21,50.4966],[-4.21,50.4965],[-4.2099,50.4965],[-4.21,50.4966]]],[[[-4.2099,50.4967],[-4.2099,50.4967],[-4.2098,50.4967],[-4.2099,50.4967]]],[[[-4.2215,50.4272],[-4.2215,50.4273],[-4.2216,50.4272],[-4.2215,50.4272]]],[[[-4.1637,50.4568],[-4.1638,50.4568],[-4.1637,50.4568],[-4.1637,50.4568]]],[[[-4.2101,50.4964],[-4.2101,50.4963],[-4.21,50.4963],[-4.2101,50.4964]]],[[[-4.1731,50.4243],[-4.1732,50.4243],[-4.173,50.4243],[-4.1731,50.4243]]],[[[-4.2231,50.4253],[-4.2232,50.4253],[-4.223,50.4252],[-4.2231,50.4253]]],[[[-4.223,50.4252],[-4.2229,50.4252],[-4.2228,50.4252],[-4.223,50.4252]]],[[[-4.2235,50.4246],[-4.2237,50.4245],[-4.2235,50.4245],[-4.2235,50.4246]]],[[[-4.223,50.4228],[-4.2228,50.4229],[-4.223,50.4229],[-4.223,50.4228]]],[[[-4.2232,50.4251],[-4.2232,50.425],[-4.223,50.4251],[-4.2232,50.4251]]],[[[-4.2172,50.4294],[-4.2173,50.4291],[-4.2173,50.4292],[-4.2172,50.4294]]],[[[-4.1636,50.457],[-4.1638,50.4568],[-4.1637,50.4569],[-4.1636,50.457]]],[[[-4.217,50.4297],[-4.2171,50.4296],[-4.217,50.4296],[-4.217,50.4297]]],[[[-4.2235,50.4225],[-4.2233,50.4228],[-4.2235,50.4226],[-4.2235,50.4225]]],[[[-4.1677,50.4248],[-4.1679,50.4248],[-4.1679,50.4247],[-4.1677,50.4248]]],[[[-4.2277,50.4292],[-4.2277,50.4291],[-4.2275,50.4291],[-4.2277,50.4292]]],[[[-4.2216,50.427],[-4.2217,50.4271],[-4.2218,50.4269],[-4.2216,50.427]]],[[[-4.2233,50.4249],[-4.2235,50.4249],[-4.2234,50.4248],[-4.2233,50.4249]]],[[[-4.2232,50.4253],[-4.2229,50.4253],[-4.2231,50.4254],[-4.2232,50.4253]]],[[[-4.1734,50.4239],[-4.1738,50.4242],[-4.1734,50.4237],[-4.1734,50.4239]]],[[[-4.1732,50.424],[-4.173,50.4239],[-4.173,50.4241],[-4.1732,50.424]]],[[[-4.2239,50.4259],[-4.2239,50.4261],[-4.2241,50.426],[-4.2239,50.4259]]],[[[-4.2179,50.4278],[-4.2176,50.4275],[-4.2177,50.4277],[-4.2179,50.4278]]],[[[-4.2231,50.425],[-4.2229,50.4249],[-4.2227,50.425],[-4.2231,50.425]]],[[[-4.2244,50.4245],[-4.2244,50.4247],[-4.2246,50.4246],[-4.2244,50.4245]]],[[[-4.1959,50.5026],[-4.1954,50.5026],[-4.1956,50.5027],[-4.1959,50.5026]]],[[[-4.195,50.4544],[-4.1946,50.4546],[-4.1949,50.4546],[-4.195,50.4544]]],[[[-4.2171,50.426],[-4.2172,50.4258],[-4.2168,50.4259],[-4.2171,50.426]]],[[[-4.227,50.4336],[-4.2269,50.4339],[-4.2273,50.4335],[-4.227,50.4336]]],[[[-4.2226,50.4236],[-4.2222,50.4235],[-4.2223,50.4239],[-4.2226,50.4236]]],[[[-4.2258,50.4306],[-4.226,50.4304],[-4.2256,50.4304],[-4.2258,50.4306]]],[[[-4.2235,50.4253],[-4.2231,50.4255],[-4.2236,50.4257],[-4.2235,50.4253]]],[[[-4.1713,50.4228],[-4.1713,50.4232],[-4.1716,50.423],[-4.1713,50.4228]]],[[[-4.1966,50.451],[-4.1972,50.4507],[-4.1968,50.4506],[-4.1966,50.451]]],[[[-4.2274,50.4343],[-4.2272,50.4346],[-4.2277,50.4346],[-4.2274,50.4343]]],[[[-4.1952,50.4509],[-4.1947,50.451],[-4.195,50.4512],[-4.1952,50.4509]]],[[[-4.2226,50.4249],[-4.2231,50.4248],[-4.2227,50.4243],[-4.2226,50.4249]]],[[[-4.1956,50.4531],[-4.1952,50.4528],[-4.1952,50.4531],[-4.1956,50.4531]]],[[[-4.224,50.4251],[-4.2254,50.4247],[-4.2238,50.4248],[-4.224,50.4251]]],[[[-4.2267,50.4279],[-4.2271,50.4288],[-4.2277,50.4287],[-4.2267,50.4279]]],[[[-4.1752,50.4229],[-4.176,50.4231],[-4.176,50.4227],[-4.1752,50.4229]]],[[[-4.173,50.4226],[-4.172,50.4226],[-4.1718,50.4232],[-4.173,50.4226]]],[[[-4.1995,50.4509],[-4.2002,50.4509],[-4.2,50.4501],[-4.1995,50.4509]]],[[[-4.1971,50.4524],[-4.1974,50.4533],[-4.1987,50.453],[-4.1971,50.4524]]],[[[-4.1967,50.4534],[-4.1962,50.4526],[-4.1957,50.4533],[-4.1967,50.4534]]],[[[-4.2202,50.4273],[-4.2219,50.4261],[-4.2189,50.4267],[-4.2202,50.4273]]],[[[-4.1958,50.4531],[-4.1968,50.4506],[-4.1953,50.4515],[-4.1958,50.4531]]],[[[-4.1968,50.4511],[-4.2007,50.4515],[-4.1995,50.4501],[-4.1968,50.4511]]],[[[-4.2005,50.4535],[-4.2,50.4513],[-4.1972,50.4519],[-4.2005,50.4535]]],[[[-4.2772,50.4297],[-4.2718,50.4195],[-4.2784,50.4139],[-4.2768,50.4073],[-4.2807,50.3989],[-4.2766,50.3977],[-4.2807,50.3985],[-4.2899,50.3925],[-4.2891,50.388],[-4.288,50.3918],[-4.2871,50.3888],[-4.2814,50.3913],[-4.2851,50.389],[-4.2827,50.3856],[-4.28,50.3877],[-4.2843,50.3841],[-4.2741,50.3767],[-4.2704,50.3802],[-4.2717,50.3869],[-4.2549,50.3833],[-4.2454,50.3869],[-4.2579,50.3884],[-4.2478,50.3906],[-4.2546,50.3938],[-4.2472,50.3939],[-4.2493,50.3917],[-4.2438,50.3892],[-4.2351,50.3934],[-4.231,50.3904],[-4.2355,50.3874],[-4.2334,50.3841],[-4.2493,50.3773],[-4.2492,50.3745],[-4.26,50.3767],[-4.2675,50.3722],[-4.2816,50.3713],[-4.2681,50.3752],[-4.2774,50.3745],[-4.2952,50.3868],[-4.2963,50.3825],[-4.3014,50.3828],[-4.3065,50.3757],[-4.305,50.381],[-4.2968,50.3836],[-4.2956,50.3874],[-4.3086,50.3878],[-4.3087,50.3904],[-4.3251,50.3889],[-4.3022,50.3901],[-4.3016,50.3969],[-4.307,50.4011],[-4.3033,50.4052],[-4.3136,50.4141],[-4.3203,50.4158],[-4.3267,50.4121],[-4.3205,50.4159],[-4.302,50.4075],[-4.3049,50.4072],[-4.3024,50.4044],[-4.3059,50.4011],[-4.2968,50.3999],[-4.3004,50.3994],[-4.2972,50.3973],[-4.3016,50.3939],[-4.3005,50.391],[-4.2936,50.3891],[-4.2916,50.3942],[-4.2829,50.3977],[-4.2788,50.414],[-4.2728,50.4171],[-4.2772,50.4297]]],[[[-4.3111,50.3902],[-4.3112,50.3901],[-4.3111,50.3902],[-4.3111,50.3902]]],[[[-4.2969,50.3828],[-4.2968,50.3828],[-4.2968,50.3828],[-4.2969,50.3828]]],[[[-4.3112,50.39],[-4.3112,50.39],[-4.3112,50.3899],[-4.3112,50.39]]],[[[-4.304,50.4069],[-4.3041,50.4068],[-4.304,50.4068],[-4.304,50.4069]]],[[[-4.2826,50.3979],[-4.2826,50.3978],[-4.2826,50.3979],[-4.2826,50.3979]]],[[[-4.3056,50.3769],[-4.3055,50.377],[-4.3055,50.377],[-4.3056,50.3769]]],[[[-4.282,50.3978],[-4.282,50.3978],[-4.282,50.3978],[-4.282,50.3978]]],[[[-4.283,50.3978],[-4.2829,50.3979],[-4.2829,50.3979],[-4.283,50.3978]]],[[[-4.2531,50.3884],[-4.253,50.3884],[-4.2531,50.3885],[-4.2531,50.3884]]],[[[-4.3021,50.3876],[-4.302,50.3876],[-4.3022,50.3876],[-4.3021,50.3876]]],[[[-4.2823,50.3979],[-4.2823,50.3978],[-4.2823,50.3979],[-4.2823,50.3979]]],[[[-4.3028,50.3928],[-4.3028,50.3928],[-4.3028,50.3927],[-4.3028,50.3928]]],[[[-4.2727,50.3853],[-4.2728,50.3853],[-4.2728,50.3852],[-4.2727,50.3853]]],[[[-4.3031,50.3928],[-4.3031,50.3929],[-4.3031,50.3928],[-4.3031,50.3928]]],[[[-4.3204,50.4159],[-4.3206,50.4158],[-4.3205,50.4158],[-4.3204,50.4159]]],[[[-4.3022,50.3927],[-4.3022,50.3928],[-4.3022,50.3927],[-4.3022,50.3927]]],[[[-4.3025,50.3927],[-4.3025,50.3928],[-4.3025,50.3927],[-4.3025,50.3927]]],[[[-4.3229,50.3893],[-4.323,50.3893],[-4.3233,50.3893],[-4.3229,50.3893]]],[[[-4.3039,50.4069],[-4.3038,50.4069],[-4.3039,50.4069],[-4.3039,50.4069]]],[[[-4.2743,50.4214],[-4.2743,50.4214],[-4.2745,50.4215],[-4.2743,50.4214]]],[[[-4.3018,50.3927],[-4.3019,50.3926],[-4.3019,50.3926],[-4.3018,50.3927]]],[[[-4.2872,50.3888],[-4.2873,50.3888],[-4.2874,50.3888],[-4.2872,50.3888]]],[[[-4.2532,50.3884],[-4.2533,50.3883],[-4.2532,50.3883],[-4.2532,50.3884]]],[[[-4.253,50.3883],[-4.2529,50.3883],[-4.2529,50.3884],[-4.253,50.3883]]],[[[-4.2587,50.3748],[-4.2586,50.3749],[-4.2588,50.3749],[-4.2587,50.3748]]],[[[-4.3257,50.4123],[-4.3258,50.4123],[-4.3256,50.4122],[-4.3257,50.4123]]],[[[-4.2709,50.3868],[-4.2711,50.3869],[-4.271,50.3868],[-4.2709,50.3868]]],[[[-4.2732,50.4183],[-4.273,50.4187],[-4.2729,50.4189],[-4.2732,50.4183]]],[[[-4.2586,50.375],[-4.2585,50.3753],[-4.2587,50.3752],[-4.2586,50.375]]],[[[-4.2725,50.3722],[-4.2723,50.3723],[-4.2725,50.3723],[-4.2725,50.3722]]],[[[-4.2702,50.3723],[-4.2701,50.3724],[-4.27,50.3725],[-4.2702,50.3723]]],[[[-4.2791,50.407],[-4.2789,50.407],[-4.2789,50.4071],[-4.2791,50.407]]],[[[-4.2541,50.3886],[-4.2541,50.3885],[-4.2538,50.3885],[-4.2541,50.3886]]],[[[-4.297,50.3827],[-4.2968,50.383],[-4.2971,50.3829],[-4.297,50.3827]]],[[[-4.306,50.3764],[-4.3057,50.3766],[-4.306,50.3767],[-4.306,50.3764]]],[[[-4.2492,50.391],[-4.2493,50.3909],[-4.249,50.3909],[-4.2492,50.391]]],[[[-4.2768,50.4292],[-4.2769,50.4294],[-4.2774,50.4296],[-4.2768,50.4292]]],[[[-4.2535,50.3886],[-4.2536,50.3884],[-4.2532,50.3885],[-4.2535,50.3886]]],[[[-4.284,50.3879],[-4.2836,50.3882],[-4.284,50.3881],[-4.284,50.3879]]],[[[-4.2593,50.3751],[-4.2589,50.3752],[-4.2593,50.3752],[-4.2593,50.3751]]],[[[-4.2571,50.3888],[-4.2564,50.3891],[-4.2575,50.3888],[-4.2571,50.3888]]],[[[-4.3051,50.3789],[-4.3049,50.3788],[-4.3049,50.3792],[-4.3051,50.3789]]],[[[-4.2524,50.3892],[-4.2528,50.389],[-4.2525,50.3889],[-4.2524,50.3892]]],[[[-4.2559,50.3888],[-4.2563,50.3887],[-4.2557,50.3886],[-4.2559,50.3888]]],[[[-4.3057,50.3772],[-4.306,50.3769],[-4.3058,50.3767],[-4.3057,50.3772]]],[[[-4.2893,50.3926],[-4.2888,50.3926],[-4.2891,50.3931],[-4.2893,50.3926]]],[[[-4.2545,50.3888],[-4.2553,50.3886],[-4.2546,50.3885],[-4.2545,50.3888]]],[[[-4.2729,50.419],[-4.2722,50.4195],[-4.2729,50.4197],[-4.2729,50.419]]],[[[-4.2717,50.3855],[-4.2727,50.3853],[-4.2718,50.3853],[-4.2717,50.3855]]],[[[-4.284,50.3878],[-4.2842,50.3874],[-4.2839,50.3871],[-4.284,50.3878]]],[[[-4.3217,50.3896],[-4.3228,50.3893],[-4.3216,50.3893],[-4.3217,50.3896]]],[[[-4.2579,50.3755],[-4.2584,50.3747],[-4.2577,50.375],[-4.2579,50.3755]]],[[[-4.2458,50.3884],[-4.2485,50.3897],[-4.2473,50.3879],[-4.2458,50.3884]]],[[[-4.2886,50.3877],[-4.2848,50.3844],[-4.2829,50.3859],[-4.2854,50.389],[-4.2886,50.3877]]],[[[-4.2662,50.3723],[-4.2668,50.3695],[-4.2673,50.3719],[-4.2662,50.3723]]],[[[-4.2784,50.3709],[-4.2801,50.3696],[-4.2792,50.3708],[-4.2784,50.3709]]],[[[-4.307,50.3748],[-4.3072,50.375],[-4.3066,50.3757],[-4.307,50.3748]]]]},"properties":{"MCZ_NAME":"Tamar Estuary Sites","MCZ_CODE":"UKMCZ0016"}},{"type":"Feature","geometry":{"type":"Polygon","coordinates":[[[-3.2991,53.8277],[-3.2281,53.8187],[-3.164,53.8201],[-3.1305,53.8371],[-3.1137,53.8369],[-3.1127,53.6537],[-3.3311,53.6529],[-3.2886,53.6765],[-3.2886,53.7581],[-3.337,53.7581],[-3.337,53.8131],[-3.3707,53.8131],[-3.3711,53.8492],[-3.3541,53.8507],[-3.2991,53.8277]]]},"properties":{"MCZ_NAME":"Fylde","MCZ_CODE":"UKMCZ0007"}},{"type":"Feature","geometry":{"type":"MultiPolygon","coordinates":[[[[-3.6078,54.5306],[-3.6136,54.5251],[-3.6385,54.5179],[-3.6398,54.5144],[-3.6359,54.5072],[-3.6271,54.5021],[-3.6196,54.4909],[-3.6082,54.491],[-3.5933,54.4823],[-3.5634,54.4517],[-3.542,54.4388],[-3.5062,54.4105],[-3.5136,54.4081],[-3.5503,54.4404],[-3.566,54.4487],[-3.587,54.4659],[-3.5861,54.4687],[-3.602,54.4838],[-3.6108,54.4801],[-3.6286,54.4835],[-3.6498,54.5032],[-3.6552,54.5144],[-3.6501,54.5238],[-3.6251,54.532],[-3.6185,54.5416],[-3.6031,54.5402],[-3.6078,54.5306]]],[[[-3.5047,54.4103],[-3.4764,54.3863],[-3.4733,54.3755],[-3.4317,54.3423],[-3.4423,54.3399],[-3.4615,54.3576],[-3.4728,54.3585],[-3.4809,54.371],[-3.4777,54.3748],[-3.4787,54.3795],[-3.4874,54.3911],[-3.511,54.4069],[-3.5047,54.4103]]],[[[-3.4377,54.345],[-3.4377,54.3451],[-3.4378,54.3451],[-3.4377,54.345]]],[[[-3.4371,54.3444],[-3.4373,54.3448],[-3.4376,54.3448],[-3.4371,54.3444]]],[[[-3.4566,54.3611],[-3.4566,54.361],[-3.4558,54.3606],[-3.4566,54.3611]]],[[[-3.5055,54.4115],[-3.5041,54.4105],[-3.5057,54.4107],[-3.5055,54.4115]]],[[[-3.5086,54.4093],[-3.5092,54.4088],[-3.51,54.4088],[-3.5086,54.4093]]],[[[-3.4875,54.391],[-3.4879,54.3911],[-3.4875,54.3911],[-3.4875,54.391]]]]},"properties":{"MCZ_NAME":"Cumbria Coast - Zone 1","MCZ_CODE":"UKMCZ0005-01"}},{"type":"Feature","geometry":{"type":"Polygon","coordinates":[[[1.3417,55.9999],[1.3437,55.5008],[-0.014,55.4996],[-0.0182,55.9991],[1.3417,55.9999]]]},"properties":{"MCZ_NAME":"Swallow Sand","MCZ_CODE":"UKMCZ0026"}},{"type":"Feature","geometry":{"type":"Polygon","coordinates":[[[-9.5588,48.4992],[-9.5599,48.1655],[-9.7996,48.1659],[-9.7996,48.4992],[-9.5588,48.4992]]]},"properties":{"MCZ_NAME":"The Canyons","MCZ_CODE":"UKMCZ0027"}},{"type":"Feature","geometry":{"type":"Polygon","coordinates":[[[-6.7945,50.5882],[-6.5121,50.5881],[-6.5121,50.4083],[-6.7934,50.4082],[-6.7945,50.5882]]]},"properties":{"MCZ_NAME":"East of Haig Fras","MCZ_CODE":"UKMCZ0023"}},{"type":"Feature","geometry":{"type":"Polygon","coordinates":[[[-9.0279,49.4994],[-8.638,49.2128],[-9.2465,48.8324],[-9.3995,48.8326],[-9.3995,48.9993],[-9.2828,48.9993],[-9.2828,49.166],[-9.1995,49.166],[-9.1995,49.3327],[-9.0495,49.3327],[-9.0495,49.4994],[-9.0279,49.4994]]]},"properties":{"MCZ_NAME":"South-West Deeps (West)","MCZ_CODE":"UKMCZ0025"}},{"type":"Feature","geometry":{"type":"Polygon","coordinates":[[[-0.4639,55.8734],[-0.4474,55.6482],[-0.758,55.6404],[-0.7775,55.8655],[-0.4639,55.8734]]]},"properties":{"MCZ_NAME":"North East of Farnes Deep","MCZ_CODE":"UKMCZ0024"}},{"type":"Feature","geometry":{"type":"Polygon","coordinates":[[[-4.9059,50.6002],[-4.9131,50.5878],[-4.9193,50.5916],[-4.9186,50.5945],[-4.9246,50.5941],[-4.9212,50.5913],[-4.934,50.5885],[-4.9453,50.5687],[-4.9529,50.5689],[-4.9571,50.5649],[-4.9546,50.5629],[-4.9721,50.5578],[-4.9765,50.5495],[-4.9816,50.5483],[-4.9777,50.5453],[-4.9836,50.5423],[-4.9894,50.5438],[-4.9986,50.5403],[-5.0048,50.5432],[-5.0036,50.5465],[-5.0192,50.5453],[-5.0243,50.5516],[-5.0366,50.5495],[-5.0351,50.5478],[-5.04,50.5451],[-5.0264,50.5417],[-5.023,50.5356],[-5.0266,50.5294],[-5.0228,50.5262],[-5.0304,50.5219],[-5.026,50.5203],[-5.0293,50.5123],[-5.0211,50.5093],[-5.0323,50.5095],[-5.0355,50.5073],[-5.0344,50.5039],[-5.0425,50.5027],[-5.0412,50.499],[-5.0445,50.4975],[-5.133,50.4977],[-5.1333,50.5833],[-5.0336,50.5843],[-4.9966,50.5713],[-4.9488,50.5838],[-4.9364,50.5957],[-4.9059,50.6002]],[[-5.0383,50.5036],[-5.0383,50.5035],[-5.0382,50.5035],[-5.0383,50.5036]],[[-5.0259,50.5516],[-5.0258,50.5516],[-5.0259,50.5516],[-5.0259,50.5516]],[[-4.9791,50.5452],[-4.979,50.5453],[-4.9791,50.5453],[-4.9791,50.5452]],[[-5.0033,50.546],[-5.0032,50.546],[-5.0031,50.546],[-5.0033,50.546]],[[-5.0158,50.5446],[-5.0157,50.5445],[-5.0158,50.5446],[-5.0158,50.5446]],[[-5.0392,50.5465],[-5.0392,50.5465],[-5.0393,50.5465],[-5.0392,50.5465]],[[-4.9559,50.5636],[-4.9559,50.5636],[-4.956,50.5637],[-4.9559,50.5636]],[[-4.9715,50.558],[-4.9714,50.5581],[-4.9715,50.5581],[-4.9715,50.558]],[[-5.0196,50.5506],[-5.0196,50.5506],[-5.0196,50.5505],[-5.0196,50.5506]],[[-5.0373,50.5045],[-5.0374,50.5046],[-5.0373,50.5045],[-5.0373,50.5045]],[[-5.0352,50.5091],[-5.0353,50.509],[-5.0352,50.509],[-5.0352,50.5091]],[[-5.0378,50.5039],[-5.0378,50.5039],[-5.0378,50.5038],[-5.0378,50.5039]],[[-4.9714,50.558],[-4.9713,50.5579],[-4.9713,50.558],[-4.9714,50.558]],[[-5.0424,50.5009],[-5.0423,50.5009],[-5.0423,50.501],[-5.0424,50.5009]],[[-5.0381,50.5468],[-5.0381,50.5469],[-5.0382,50.5469],[-5.0381,50.5468]],[[-4.9771,50.5517],[-4.977,50.5517],[-4.977,50.5518],[-4.9771,50.5517]],[[-4.9731,50.5575],[-4.9731,50.5574],[-4.973,50.5575],[-4.9731,50.5575]],[[-5.0406,50.5029],[-5.0406,50.503],[-5.0407,50.503],[-5.0406,50.5029]],[[-5.0211,50.5502],[-5.0212,50.5502],[-5.0211,50.5501],[-5.0211,50.5502]],[[-5.062,50.5454],[-5.0619,50.5454],[-5.062,50.5455],[-5.062,50.5454]],[[-5.0402,50.5453],[-5.0401,50.5454],[-5.0402,50.5454],[-5.0402,50.5453]],[[-5.0276,50.5164],[-5.0277,50.5163],[-5.0275,50.5163],[-5.0276,50.5164]],[[-5.0289,50.5155],[-5.029,50.5153],[-5.0289,50.5154],[-5.0289,50.5155]],[[-5.0368,50.5469],[-5.0367,50.547],[-5.0368,50.547],[-5.0368,50.5469]],[[-5.0388,50.5035],[-5.0389,50.5035],[-5.0388,50.5034],[-5.0388,50.5035]],[[-5.0352,50.506],[-5.0351,50.5061],[-5.0352,50.5061],[-5.0352,50.506]],[[-5.028,50.5189],[-5.0281,50.519],[-5.0282,50.519],[-5.028,50.5189]],[[-5.0289,50.5095],[-5.0289,50.5094],[-5.0288,50.5095],[-5.0289,50.5095]],[[-5.0197,50.5506],[-5.0198,50.5507],[-5.0198,50.5505],[-5.0197,50.5506]],[[-5.0377,50.504],[-5.0376,50.5039],[-5.0376,50.504],[-5.0377,50.504]],[[-5.0304,50.5153],[-5.0304,50.5152],[-5.0303,50.5151],[-5.0304,50.5153]],[[-5.0413,50.5027],[-5.0412,50.5028],[-5.0413,50.5027],[-5.0413,50.5027]],[[-5.0195,50.5504],[-5.0194,50.5504],[-5.0193,50.5504],[-5.0195,50.5504]],[[-5.0615,50.5446],[-5.0615,50.5445],[-5.0613,50.5445],[-5.0615,50.5446]],[[-5.0299,50.524],[-5.0299,50.5242],[-5.03,50.5242],[-5.0299,50.524]],[[-5.0381,50.5445],[-5.0379,50.5446],[-5.038,50.5446],[-5.0381,50.5445]],[[-5.0255,50.5283],[-5.0254,50.5284],[-5.0255,50.5284],[-5.0255,50.5283]],[[-5.0365,50.5051],[-5.0363,50.5051],[-5.0365,50.5052],[-5.0365,50.5051]],[[-5.0458,50.4979],[-5.0459,50.4978],[-5.0457,50.4977],[-5.0458,50.4979]],[[-4.9725,50.5576],[-4.9725,50.5574],[-4.9724,50.5574],[-4.9725,50.5576]],[[-4.971,50.5579],[-4.9711,50.5577],[-4.9709,50.558],[-4.971,50.5579]],[[-4.9766,50.5518],[-4.9769,50.5517],[-4.9767,50.5517],[-4.9766,50.5518]],[[-4.9558,50.5632],[-4.9555,50.5633],[-4.9558,50.5633],[-4.9558,50.5632]],[[-5.0288,50.5155],[-5.0286,50.5155],[-5.0287,50.5156],[-5.0288,50.5155]],[[-5.026,50.5514],[-5.026,50.5512],[-5.026,50.5515],[-5.026,50.5514]],[[-5.0348,50.5092],[-5.0349,50.509],[-5.0347,50.5091],[-5.0348,50.5092]],[[-5.0306,50.5096],[-5.0305,50.5095],[-5.0303,50.5096],[-5.0306,50.5096]],[[-5.0436,50.4988],[-5.0435,50.4987],[-5.0434,50.4989],[-5.0436,50.4988]],[[-5.0589,50.5455],[-5.059,50.5454],[-5.0588,50.5454],[-5.0589,50.5455]],[[-5.0258,50.5407],[-5.0257,50.5407],[-5.0259,50.5409],[-5.0258,50.5407]],[[-5.0284,50.5197],[-5.0277,50.5199],[-5.0283,50.5198],[-5.0284,50.5197]],[[-5.004,50.5446],[-5.0043,50.5443],[-5.0041,50.5444],[-5.004,50.5446]],[[-4.9776,50.5507],[-4.9778,50.5506],[-4.9777,50.5503],[-4.9776,50.5507]],[[-5.0286,50.5168],[-5.0283,50.5167],[-5.0284,50.5168],[-5.0286,50.5168]],[[-5.0212,50.5501],[-5.0213,50.5498],[-5.0211,50.5498],[-5.0212,50.5501]],[[-5.0263,50.541],[-5.0261,50.5411],[-5.0265,50.5413],[-5.0263,50.541]],[[-5.0277,50.5142],[-5.0281,50.5141],[-5.0278,50.514],[-5.0277,50.5142]],[[-4.9821,50.5482],[-4.9818,50.5479],[-4.9816,50.5478],[-4.9821,50.5482]],[[-5.0289,50.517],[-5.0292,50.5169],[-5.0288,50.5168],[-5.0289,50.517]],[[-5.0205,50.5504],[-5.0206,50.55],[-5.0202,50.5501],[-5.0205,50.5504]],[[-4.9725,50.557],[-4.9726,50.5574],[-4.9728,50.5572],[-4.9725,50.557]],[[-5.0299,50.5121],[-5.0297,50.5124],[-5.03,50.5124],[-5.0299,50.5121]],[[-5.0429,50.5461],[-5.043,50.5459],[-5.0427,50.5458],[-5.0429,50.5461]],[[-5.0398,50.5463],[-5.0399,50.5461],[-5.0392,50.5464],[-5.0398,50.5463]],[[-5.0355,50.509],[-5.0357,50.5087],[-5.0351,50.5088],[-5.0355,50.509]],[[-5.036,50.5046],[-5.0356,50.5047],[-5.0361,50.5049],[-5.036,50.5046]],[[-4.9955,50.5719],[-4.9958,50.5715],[-4.9955,50.5714],[-4.9955,50.5719]],[[-5.0351,50.5064],[-5.0343,50.5065],[-5.0349,50.5066],[-5.0351,50.5064]],[[-4.9202,50.5947],[-4.9209,50.5946],[-4.9201,50.5946],[-4.9202,50.5947]],[[-5.0209,50.5505],[-5.021,50.5498],[-5.0208,50.5499],[-5.0209,50.5505]],[[-5.0577,50.5454],[-5.0578,50.5451],[-5.0571,50.5451],[-5.0577,50.5454]],[[-4.9988,50.5723],[-4.999,50.5726],[-4.9994,50.5721],[-4.9988,50.5723]],[[-5.0196,50.5504],[-5.0202,50.5504],[-5.0198,50.55],[-5.0196,50.5504]],[[-5.029,50.5158],[-5.0295,50.5159],[-5.0293,50.5152],[-5.029,50.5158]],[[-5.029,50.5159],[-5.0289,50.5162],[-5.0295,50.5163],[-5.029,50.5159]],[[-5.0361,50.5085],[-5.0364,50.5077],[-5.0357,50.5084],[-5.0361,50.5085]],[[-5.0252,50.5368],[-5.0258,50.5363],[-5.0249,50.5366],[-5.0252,50.5368]],[[-5.0298,50.5158],[-5.0302,50.515],[-5.0295,50.5152],[-5.0298,50.5158]],[[-5.0374,50.5078],[-5.0374,50.5073],[-5.0367,50.507],[-5.0374,50.5078]],[[-4.9741,50.5544],[-4.9733,50.5554],[-4.9743,50.5552],[-4.9741,50.5544]],[[-4.9736,50.5566],[-4.9743,50.5558],[-4.9731,50.5558],[-4.9736,50.5566]],[[-5.0617,50.545],[-5.0631,50.545],[-5.0617,50.5446],[-5.0617,50.545]],[[-5.027,50.5263],[-5.0285,50.5256],[-5.0275,50.5256],[-5.027,50.5263]],[[-4.9147,50.5976],[-4.9157,50.5966],[-4.9138,50.5964],[-4.9147,50.5976]]]},"properties":{"MCZ_NAME":"Padstow Bay and Surrounds","MCZ_CODE":"UKMCZ0012"}},{"type":"Feature","geometry":{"type":"Polygon","coordinates":[[[0.4935,51.3935],[0.4986,51.3923],[0.5067,51.3973],[0.5186,51.3869],[0.523,51.398],[0.5156,51.4002],[0.5229,51.3998],[0.5324,51.4127],[0.5635,51.4095],[0.5766,51.4158],[0.6109,51.4174],[0.6238,51.4241],[0.6173,51.4284],[0.6138,51.423],[0.6052,51.4205],[0.6101,51.4226],[0.6123,51.4296],[0.6181,51.4311],[0.619,51.4374],[0.6269,51.4376],[0.6283,51.4425],[0.6332,51.4449],[0.6295,51.4422],[0.6314,51.4411],[0.6359,51.4462],[0.6451,51.4437],[0.6583,51.4492],[0.6629,51.4472],[0.6634,51.4436],[0.672,51.448],[0.669,51.4438],[0.6761,51.4397],[0.6769,51.4369],[0.6735,51.4346],[0.6769,51.4333],[0.7133,51.4356],[0.7235,51.4467],[0.7216,51.4583],[0.7112,51.465],[0.7341,51.4636],[0.7715,51.4527],[0.7861,51.4403],[0.7693,51.4409],[0.744,51.4477],[0.7455,51.4405],[0.7371,51.4319],[0.7361,51.4215],[0.7203,51.4171],[0.6969,51.4206],[0.6988,51.4102],[0.7055,51.4084],[0.6987,51.4096],[0.6959,51.4072],[0.7,51.3992],[0.7046,51.3985],[0.7019,51.3962],[0.7052,51.3951],[0.7047,51.3984],[0.7069,51.3978],[0.7059,51.3946],[0.7192,51.3881],[0.714,51.384],[0.6952,51.3798],[0.6948,51.3849],[0.7029,51.3925],[0.6869,51.3917],[0.6825,51.3803],[0.6716,51.3763],[0.6706,51.3732],[0.6717,51.3772],[0.6665,51.379],[0.6669,51.383],[0.6631,51.3824],[0.6656,51.383],[0.6625,51.3827],[0.6623,51.3852],[0.6609,51.3832],[0.6576,51.3926],[0.6482,51.3976],[0.64,51.3951],[0.641,51.3876],[0.6301,51.3807],[0.6285,51.3731],[0.6229,51.3773],[0.6249,51.3812],[0.6346,51.3857],[0.6346,51.3891],[0.6195,51.3882],[0.6219,51.3824],[0.6164,51.378],[0.6121,51.3788],[0.5968,51.3868],[0.6021,51.3906],[0.5946,51.3865],[0.5929,51.3903],[0.561,51.3948],[0.5619,51.3979],[0.5543,51.3975],[0.5484,51.4074],[0.5377,51.4103],[0.5327,51.407],[0.5226,51.3851],[0.5136,51.3843],[0.5072,51.394],[0.4963,51.3875],[0.4916,51.3803],[0.4714,51.3738],[0.4695,51.3769],[0.4904,51.3824],[0.4919,51.3917],[0.4977,51.3918],[0.4935,51.3935]],[[0.6505,51.4461],[0.6505,51.4461],[0.6505,51.4461],[0.6505,51.4461]],[[0.6407,51.4424],[0.6407,51.4424],[0.6407,51.4424],[0.6407,51.4424]],[[0.6496,51.4458],[0.6496,51.4458],[0.6496,51.4458],[0.6496,51.4458]],[[0.6408,51.4424],[0.6408,51.4424],[0.6408,51.4424],[0.6408,51.4424]],[[0.6384,51.4414],[0.6384,51.4414],[0.6384,51.4414],[0.6384,51.4414]],[[0.6009,51.3841],[0.6009,51.3841],[0.6009,51.3841],[0.6009,51.3841]],[[0.7436,51.4432],[0.7437,51.4431],[0.7437,51.4432],[0.7436,51.4432]],[[0.5996,51.3851],[0.5996,51.3851],[0.5996,51.3851],[0.5996,51.3851]],[[0.6004,51.3849],[0.6003,51.3849],[0.6004,51.3849],[0.6004,51.3849]],[[0.6496,51.4458],[0.6496,51.4458],[0.6495,51.4458],[0.6496,51.4458]],[[0.4894,51.3818],[0.4895,51.3818],[0.4894,51.3818],[0.4894,51.3818]],[[0.6496,51.4457],[0.6496,51.4457],[0.6496,51.4457],[0.6496,51.4457]],[[0.5856,51.3909],[0.5856,51.3909],[0.5856,51.3909],[0.5856,51.3909]],[[0.6304,51.4435],[0.6304,51.4435],[0.6304,51.4435],[0.6304,51.4435]],[[0.5709,51.4136],[0.5709,51.4136],[0.5709,51.4136],[0.5709,51.4136]],[[0.6169,51.3961],[0.6169,51.3961],[0.6169,51.3962],[0.6169,51.3961]],[[0.6323,51.4437],[0.6323,51.4437],[0.6323,51.4437],[0.6323,51.4437]],[[0.6312,51.442],[0.6313,51.442],[0.6312,51.442],[0.6312,51.442]],[[0.6377,51.4395],[0.6378,51.4395],[0.6377,51.4395],[0.6377,51.4395]],[[0.6766,51.3935],[0.6765,51.3935],[0.6766,51.3935],[0.6766,51.3935]],[[0.6752,51.3946],[0.6752,51.3946],[0.6752,51.3946],[0.6752,51.3946]],[[0.574,51.4094],[0.5741,51.4094],[0.5741,51.4094],[0.574,51.4094]],[[0.6094,51.3944],[0.6094,51.3945],[0.6094,51.3945],[0.6094,51.3944]],[[0.6753,51.3946],[0.6753,51.3946],[0.6752,51.3946],[0.6753,51.3946]],[[0.6313,51.4413],[0.6314,51.4413],[0.6313,51.4413],[0.6313,51.4413]],[[0.6346,51.427],[0.6346,51.427],[0.6346,51.427],[0.6346,51.427]],[[0.6349,51.4279],[0.6349,51.4279],[0.6349,51.428],[0.6349,51.4279]],[[0.5994,51.3847],[0.5995,51.3847],[0.5994,51.3847],[0.5994,51.3847]],[[0.6471,51.4335],[0.6472,51.4335],[0.6472,51.4336],[0.6471,51.4335]],[[0.6312,51.4419],[0.6313,51.4419],[0.6313,51.4419],[0.6312,51.4419]],[[0.6805,51.3896],[0.6805,51.3896],[0.6805,51.3896],[0.6805,51.3896]],[[0.6207,51.4375],[0.6207,51.4375],[0.6207,51.4375],[0.6207,51.4375]],[[0.6236,51.4242],[0.6236,51.4242],[0.6236,51.4242],[0.6236,51.4242]],[[0.5947,51.3885],[0.5948,51.3885],[0.5948,51.3885],[0.5947,51.3885]],[[0.562,51.4078],[0.5619,51.4078],[0.562,51.4078],[0.562,51.4078]],[[0.6964,51.3805],[0.6965,51.3806],[0.6964,51.3806],[0.6964,51.3805]],[[0.5737,51.4092],[0.5737,51.4092],[0.5737,51.4092],[0.5737,51.4092]],[[0.57,51.4133],[0.5701,51.4133],[0.5701,51.4133],[0.57,51.4133]],[[0.6349,51.4279],[0.6348,51.4279],[0.6348,51.4279],[0.6349,51.4279]],[[0.6508,51.4457],[0.6508,51.4457],[0.6508,51.4457],[0.6508,51.4457]],[[0.6604,51.4406],[0.6605,51.4406],[0.6605,51.4406],[0.6604,51.4406]],[[0.5758,51.4154],[0.5759,51.4154],[0.5759,51.4154],[0.5758,51.4154]],[[0.5758,51.4154],[0.5757,51.4154],[0.5758,51.4154],[0.5758,51.4154]],[[0.6168,51.427],[0.6169,51.427],[0.6169,51.4271],[0.6168,51.427]],[[0.6314,51.4417],[0.6313,51.4417],[0.6313,51.4417],[0.6314,51.4417]],[[0.6354,51.4227],[0.6355,51.4227],[0.6355,51.4228],[0.6354,51.4227]],[[0.6074,51.3816],[0.6074,51.3815],[0.6075,51.3815],[0.6074,51.3816]],[[0.6005,51.385],[0.6006,51.3849],[0.6006,51.385],[0.6005,51.385]],[[0.635,51.4442],[0.635,51.4442],[0.635,51.4442],[0.635,51.4442]],[[0.6489,51.4454],[0.649,51.4454],[0.6489,51.4454],[0.6489,51.4454]],[[0.5994,51.3859],[0.5994,51.3859],[0.5994,51.3859],[0.5994,51.3859]],[[0.5619,51.4078],[0.5619,51.4078],[0.5619,51.4078],[0.5619,51.4078]],[[0.617,51.4273],[0.6169,51.4273],[0.617,51.4273],[0.617,51.4273]],[[0.6833,51.4186],[0.6833,51.4186],[0.6833,51.4186],[0.6833,51.4186]],[[0.67,51.3925],[0.67,51.3925],[0.67,51.3925],[0.67,51.3925]],[[0.6113,51.398],[0.6112,51.398],[0.6112,51.398],[0.6113,51.398]],[[0.6749,51.3937],[0.675,51.3938],[0.675,51.3938],[0.6749,51.3937]],[[0.7112,51.3905],[0.7113,51.3905],[0.7112,51.3905],[0.7112,51.3905]],[[0.6751,51.3939],[0.675,51.3939],[0.6751,51.3939],[0.6751,51.3939]],[[0.6079,51.4066],[0.608,51.4066],[0.608,51.4067],[0.6079,51.4066]],[[0.6712,51.4184],[0.6713,51.4184],[0.6713,51.4185],[0.6712,51.4184]],[[0.5961,51.3873],[0.5961,51.3873],[0.5962,51.3874],[0.5961,51.3873]],[[0.6513,51.4411],[0.6514,51.4411],[0.6513,51.4411],[0.6513,51.4411]],[[0.6922,51.3966],[0.6924,51.3966],[0.6923,51.3966],[0.6922,51.3966]],[[0.6701,51.3926],[0.6702,51.3926],[0.6701,51.3926],[0.6701,51.3926]],[[0.5706,51.4133],[0.5707,51.4134],[0.5706,51.4134],[0.5706,51.4133]],[[0.6607,51.4406],[0.6606,51.4406],[0.6607,51.4405],[0.6607,51.4406]],[[0.6203,51.4272],[0.6204,51.4271],[0.6204,51.4272],[0.6203,51.4272]],[[0.6351,51.4438],[0.6352,51.4438],[0.6351,51.4438],[0.6351,51.4438]],[[0.6868,51.4188],[0.6868,51.4188],[0.6868,51.4188],[0.6868,51.4188]],[[0.6169,51.4272],[0.617,51.4272],[0.617,51.4272],[0.6169,51.4272]],[[0.6596,51.4415],[0.6595,51.4415],[0.6596,51.4415],[0.6596,51.4415]],[[0.5952,51.3871],[0.5953,51.3871],[0.5953,51.3872],[0.5952,51.3871]],[[0.7025,51.3911],[0.7025,51.3911],[0.7025,51.3911],[0.7025,51.3911]],[[0.6107,51.3971],[0.6107,51.3971],[0.6107,51.3971],[0.6107,51.3971]],[[0.6989,51.4103],[0.699,51.4103],[0.699,51.4103],[0.6989,51.4103]],[[0.65,51.4457],[0.6501,51.4458],[0.65,51.4458],[0.65,51.4457]],[[0.6727,51.3907],[0.6728,51.3907],[0.6728,51.3907],[0.6727,51.3907]],[[0.5947,51.3879],[0.5947,51.3879],[0.5947,51.388],[0.5947,51.3879]],[[0.6152,51.3959],[0.6152,51.396],[0.6152,51.3959],[0.6152,51.3959]],[[0.6879,51.4054],[0.688,51.4054],[0.6879,51.4055],[0.6879,51.4054]],[[0.5998,51.3851],[0.5999,51.3851],[0.5998,51.3851],[0.5998,51.3851]],[[0.5645,51.41],[0.5644,51.41],[0.5644,51.41],[0.5645,51.41]],[[0.5941,51.3886],[0.5942,51.3886],[0.5942,51.3886],[0.5941,51.3886]],[[0.7091,51.3829],[0.7092,51.3829],[0.7091,51.3829],[0.7091,51.3829]],[[0.573,51.4091],[0.5731,51.4091],[0.5731,51.4092],[0.573,51.4091]],[[0.5805,51.4057],[0.5805,51.4056],[0.5805,51.4057],[0.5805,51.4057]],[[0.6573,51.4447],[0.6573,51.4447],[0.6573,51.4447],[0.6573,51.4447]],[[0.5801,51.4058],[0.5801,51.4058],[0.5802,51.4058],[0.5801,51.4058]],[[0.5872,51.393],[0.5873,51.3931],[0.5872,51.3931],[0.5872,51.393]],[[0.5971,51.3876],[0.5971,51.3876],[0.5971,51.3876],[0.5971,51.3876]],[[0.5842,51.4153],[0.5843,51.4153],[0.5842,51.4153],[0.5842,51.4153]],[[0.5938,51.3882],[0.5939,51.3883],[0.5938,51.3883],[0.5938,51.3882]],[[0.6381,51.4173],[0.6381,51.4173],[0.6381,51.4173],[0.6381,51.4173]],[[0.6633,51.4407],[0.6634,51.4407],[0.6633,51.4408],[0.6633,51.4407]],[[0.5941,51.3877],[0.5942,51.3877],[0.5942,51.3877],[0.5941,51.3877]],[[0.6265,51.4387],[0.6266,51.4388],[0.6265,51.4388],[0.6265,51.4387]],[[0.678,51.3938],[0.678,51.3938],[0.678,51.3939],[0.678,51.3938]],[[0.5808,51.4154],[0.581,51.4154],[0.5809,51.4154],[0.5808,51.4154]],[[0.5741,51.4138],[0.5742,51.4138],[0.5742,51.4138],[0.5741,51.4138]],[[0.6251,51.4257],[0.6253,51.4257],[0.6252,51.4257],[0.6251,51.4257]],[[0.6407,51.4294],[0.6408,51.4294],[0.6408,51.4294],[0.6407,51.4294]],[[0.6035,51.3835],[0.6035,51.3834],[0.6036,51.3834],[0.6035,51.3835]],[[0.6734,51.4191],[0.6735,51.4192],[0.6734,51.4192],[0.6734,51.4191]],[[0.6283,51.4381],[0.6284,51.4381],[0.6283,51.4381],[0.6283,51.4381]],[[0.6359,51.4429],[0.6359,51.4428],[0.6359,51.4429],[0.6359,51.4429]],[[0.6459,51.4415],[0.646,51.4415],[0.646,51.4416],[0.6459,51.4415]],[[0.6169,51.4271],[0.617,51.4272],[0.6169,51.4271],[0.6169,51.4271]],[[0.6232,51.423],[0.6233,51.423],[0.6233,51.423],[0.6232,51.423]],[[0.6312,51.442],[0.6313,51.442],[0.6313,51.442],[0.6312,51.442]],[[0.6201,51.4374],[0.6202,51.4375],[0.6201,51.4375],[0.6201,51.4374]],[[0.5954,51.3873],[0.5955,51.3873],[0.5954,51.3874],[0.5954,51.3873]],[[0.6896,51.4012],[0.6896,51.4011],[0.6896,51.4012],[0.6896,51.4012]],[[0.5731,51.4113],[0.5732,51.4113],[0.5731,51.4113],[0.5731,51.4113]],[[0.6382,51.4166],[0.6383,51.4166],[0.6382,51.4166],[0.6382,51.4166]],[[0.6368,51.433],[0.6369,51.433],[0.6369,51.433],[0.6368,51.433]],[[0.6281,51.4393],[0.6282,51.4393],[0.6281,51.4393],[0.6281,51.4393]],[[0.6345,51.4406],[0.6346,51.4406],[0.6345,51.4406],[0.6345,51.4406]],[[0.6351,51.4229],[0.6352,51.4228],[0.6352,51.4229],[0.6351,51.4229]],[[0.6501,51.4403],[0.6502,51.4403],[0.6501,51.4403],[0.6501,51.4403]],[[0.6279,51.4381],[0.628,51.4381],[0.6278,51.4382],[0.6279,51.4381]],[[0.5994,51.3847],[0.5995,51.3847],[0.5995,51.3848],[0.5994,51.3847]],[[0.6106,51.3953],[0.6108,51.3953],[0.6107,51.3953],[0.6106,51.3953]],[[0.576,51.4111],[0.576,51.411],[0.576,51.411],[0.576,51.4111]],[[0.5809,51.4062],[0.5809,51.4061],[0.581,51.4062],[0.5809,51.4062]],[[0.6666,51.4058],[0.6667,51.4057],[0.6667,51.4058],[0.6666,51.4058]],[[0.6615,51.4364],[0.6615,51.4365],[0.6615,51.4365],[0.6615,51.4364]],[[0.6392,51.4388],[0.6393,51.4388],[0.6394,51.4388],[0.6392,51.4388]],[[0.6762,51.3936],[0.6761,51.3936],[0.6762,51.3935],[0.6762,51.3936]],[[0.7101,51.3905],[0.7101,51.3904],[0.7102,51.3905],[0.7101,51.3905]],[[0.6288,51.4407],[0.6288,51.4407],[0.6289,51.4407],[0.6288,51.4407]],[[0.6746,51.4148],[0.6745,51.4148],[0.6745,51.4148],[0.6746,51.4148]],[[0.6107,51.3837],[0.6108,51.3837],[0.6108,51.3837],[0.6107,51.3837]],[[0.6367,51.4182],[0.6368,51.4182],[0.6368,51.4182],[0.6367,51.4182]],[[0.6163,51.3961],[0.6163,51.3962],[0.6163,51.3962],[0.6163,51.3961]],[[0.7082,51.3934],[0.7083,51.3934],[0.7082,51.3934],[0.7082,51.3934]],[[0.6413,51.4422],[0.6414,51.4422],[0.6414,51.4423],[0.6413,51.4422]],[[0.6279,51.4395],[0.628,51.4394],[0.6279,51.4395],[0.6279,51.4395]],[[0.6812,51.4102],[0.6812,51.4101],[0.6813,51.4101],[0.6812,51.4102]],[[0.5783,51.4114],[0.5783,51.4115],[0.5782,51.4114],[0.5783,51.4114]],[[0.6254,51.4358],[0.6255,51.4358],[0.6255,51.4359],[0.6254,51.4358]],[[0.6009,51.3847],[0.601,51.3847],[0.601,51.3848],[0.6009,51.3847]],[[0.6182,51.4353],[0.6183,51.4353],[0.6182,51.4354],[0.6182,51.4353]],[[0.6801,51.4209],[0.6801,51.4209],[0.68,51.4208],[0.6801,51.4209]],[[0.6875,51.4002],[0.6874,51.4002],[0.6875,51.4002],[0.6875,51.4002]],[[0.5756,51.4151],[0.5757,51.4151],[0.5757,51.4152],[0.5756,51.4151]],[[0.6807,51.4149],[0.6808,51.4148],[0.6808,51.4149],[0.6807,51.4149]],[[0.6385,51.4396],[0.6385,51.4396],[0.6385,51.4396],[0.6385,51.4396]],[[0.5738,51.4091],[0.5737,51.4091],[0.5737,51.409],[0.5738,51.4091]],[[0.6728,51.393],[0.6729,51.393],[0.6728,51.3931],[0.6728,51.393]],[[0.6251,51.4271],[0.625,51.4271],[0.6251,51.4271],[0.6251,51.4271]],[[0.6402,51.4435],[0.6401,51.4435],[0.6402,51.4435],[0.6402,51.4435]],[[0.6171,51.4272],[0.6172,51.4272],[0.6171,51.4273],[0.6171,51.4272]],[[0.5785,51.407],[0.5786,51.407],[0.5786,51.407],[0.5785,51.407]],[[0.6532,51.4399],[0.6532,51.4399],[0.6532,51.4399],[0.6532,51.4399]],[[0.672,51.3918],[0.6721,51.3918],[0.6721,51.3918],[0.672,51.3918]],[[0.6692,51.4234],[0.6692,51.4234],[0.6693,51.4234],[0.6692,51.4234]],[[0.669,51.4234],[0.669,51.4234],[0.669,51.4234],[0.669,51.4234]],[[0.6829,51.4091],[0.6828,51.409],[0.6829,51.409],[0.6829,51.4091]],[[0.6368,51.4183],[0.6369,51.4184],[0.6369,51.4184],[0.6368,51.4183]],[[0.623,51.4236],[0.623,51.4236],[0.6231,51.4235],[0.623,51.4236]],[[0.5862,51.4153],[0.5862,51.4153],[0.5862,51.4153],[0.5862,51.4153]],[[0.6721,51.3919],[0.6722,51.3919],[0.672,51.3919],[0.6721,51.3919]],[[0.5753,51.4149],[0.5754,51.415],[0.5754,51.415],[0.5753,51.4149]],[[0.6758,51.3962],[0.6756,51.3962],[0.6757,51.3962],[0.6758,51.3962]],[[0.6785,51.3939],[0.6786,51.3939],[0.6785,51.3939],[0.6785,51.3939]],[[0.6973,51.3809],[0.6975,51.381],[0.6974,51.381],[0.6973,51.3809]],[[0.6307,51.4434],[0.6308,51.4434],[0.6309,51.4435],[0.6307,51.4434]],[[0.6182,51.3812],[0.6182,51.3813],[0.6181,51.3813],[0.6182,51.3812]],[[0.5753,51.4148],[0.5754,51.4149],[0.5753,51.4149],[0.5753,51.4148]],[[0.576,51.4127],[0.5761,51.4127],[0.576,51.4128],[0.576,51.4127]],[[0.6705,51.4012],[0.6704,51.4012],[0.6704,51.4012],[0.6705,51.4012]],[[0.6155,51.3956],[0.6153,51.3955],[0.6154,51.3955],[0.6155,51.3956]],[[0.5762,51.4103],[0.5762,51.4102],[0.5763,51.4102],[0.5762,51.4103]],[[0.5646,51.4102],[0.5646,51.4102],[0.5645,51.4102],[0.5646,51.4102]],[[0.6765,51.3936],[0.6766,51.3935],[0.6766,51.3936],[0.6765,51.3936]],[[0.7101,51.4205],[0.7102,51.4204],[0.7103,51.4205],[0.7101,51.4205]],[[0.6478,51.4452],[0.6478,51.4452],[0.6477,51.4452],[0.6478,51.4452]],[[0.6289,51.4398],[0.629,51.4398],[0.6289,51.4398],[0.6289,51.4398]],[[0.6483,51.4443],[0.6485,51.4443],[0.6484,51.4443],[0.6483,51.4443]],[[0.6998,51.4089],[0.6997,51.4088],[0.6998,51.4089],[0.6998,51.4089]],[[0.5673,51.4101],[0.5674,51.4102],[0.5673,51.4102],[0.5673,51.4101]],[[0.6609,51.418],[0.6608,51.418],[0.6609,51.418],[0.6609,51.418]],[[0.6495,51.4428],[0.6495,51.4428],[0.6495,51.4428],[0.6495,51.4428]],[[0.6067,51.3834],[0.6068,51.3834],[0.6067,51.3835],[0.6067,51.3834]],[[0.6904,51.4015],[0.6904,51.4015],[0.6905,51.4015],[0.6904,51.4015]],[[0.6737,51.3912],[0.6738,51.3913],[0.6737,51.3913],[0.6737,51.3912]],[[0.6489,51.4455],[0.649,51.4454],[0.649,51.4455],[0.6489,51.4455]],[[0.6903,51.4016],[0.6903,51.4016],[0.6904,51.4016],[0.6903,51.4016]],[[0.677,51.4027],[0.6771,51.4027],[0.6771,51.4027],[0.677,51.4027]],[[0.7003,51.3819],[0.7004,51.382],[0.7002,51.3819],[0.7003,51.3819]],[[0.6596,51.4416],[0.6597,51.4416],[0.6597,51.4416],[0.6596,51.4416]],[[0.6494,51.4457],[0.6494,51.4457],[0.6495,51.4457],[0.6494,51.4457]],[[0.6486,51.4422],[0.6488,51.4421],[0.6489,51.4421],[0.6486,51.4422]],[[0.6737,51.4016],[0.6738,51.4015],[0.6738,51.4016],[0.6737,51.4016]],[[0.6023,51.3969],[0.6024,51.3969],[0.6024,51.397],[0.6023,51.3969]],[[0.6146,51.424],[0.6145,51.424],[0.6145,51.4239],[0.6146,51.424]],[[0.6012,51.3847],[0.6013,51.3847],[0.6012,51.3848],[0.6012,51.3847]],[[0.6503,51.4456],[0.6503,51.4456],[0.6503,51.4456],[0.6503,51.4456]],[[0.675,51.4027],[0.675,51.4028],[0.6751,51.4028],[0.675,51.4027]],[[0.6225,51.4235],[0.6224,51.4235],[0.6224,51.4234],[0.6225,51.4235]],[[0.6411,51.4452],[0.6411,51.4451],[0.6412,51.4451],[0.6411,51.4452]],[[0.6231,51.3766],[0.6231,51.3767],[0.623,51.3767],[0.6231,51.3766]],[[0.6835,51.4043],[0.6836,51.4043],[0.6835,51.4043],[0.6835,51.4043]],[[0.5753,51.4086],[0.5754,51.4086],[0.5753,51.4086],[0.5753,51.4086]],[[0.5748,51.4144],[0.5749,51.4145],[0.5748,51.4145],[0.5748,51.4144]],[[0.6838,51.4117],[0.6838,51.4117],[0.6839,51.4118],[0.6838,51.4117]],[[0.6347,51.4405],[0.6348,51.4405],[0.6348,51.4405],[0.6347,51.4405]],[[0.6184,51.3811],[0.6185,51.3811],[0.6185,51.3812],[0.6184,51.3811]],[[0.6661,51.4233],[0.6662,51.4233],[0.6662,51.4234],[0.6661,51.4233]],[[0.5616,51.4087],[0.5617,51.4087],[0.5617,51.4088],[0.5616,51.4087]],[[0.5939,51.3886],[0.594,51.3885],[0.594,51.3886],[0.5939,51.3886]],[[0.6297,51.4418],[0.6298,51.4417],[0.6298,51.4418],[0.6297,51.4418]],[[0.681,51.4073],[0.6811,51.4073],[0.681,51.4074],[0.681,51.4073]],[[0.5723,51.4135],[0.5722,51.4134],[0.5723,51.4134],[0.5723,51.4135]],[[0.7109,51.39],[0.7111,51.39],[0.711,51.3901],[0.7109,51.39]],[[0.6234,51.4315],[0.6235,51.4315],[0.6235,51.4316],[0.6234,51.4315]],[[0.5734,51.4106],[0.5735,51.4106],[0.5733,51.4107],[0.5734,51.4106]],[[0.613,51.4068],[0.6131,51.4069],[0.613,51.4069],[0.613,51.4068]],[[0.6071,51.4069],[0.6071,51.4069],[0.6072,51.4069],[0.6071,51.4069]],[[0.6657,51.382],[0.6656,51.3821],[0.6656,51.382],[0.6657,51.382]],[[0.6747,51.404],[0.6747,51.404],[0.6748,51.404],[0.6747,51.404]],[[0.589,51.3928],[0.5891,51.3927],[0.5891,51.3928],[0.589,51.3928]],[[0.624,51.3773],[0.6241,51.3773],[0.624,51.3774],[0.624,51.3773]],[[0.5754,51.4148],[0.5755,51.4148],[0.5755,51.4148],[0.5754,51.4148]],[[0.634,51.4407],[0.6343,51.4407],[0.6343,51.4407],[0.634,51.4407]],[[0.6306,51.4209],[0.6305,51.4209],[0.6307,51.4208],[0.6306,51.4209]],[[0.6384,51.4165],[0.6385,51.4166],[0.6383,51.4165],[0.6384,51.4165]],[[0.6722,51.3939],[0.6723,51.3939],[0.6722,51.3939],[0.6722,51.3939]],[[0.6171,51.4273],[0.6172,51.4273],[0.6172,51.4274],[0.6171,51.4273]],[[0.5761,51.4104],[0.5762,51.4105],[0.5761,51.4105],[0.5761,51.4104]],[[0.5949,51.3884],[0.595,51.3884],[0.595,51.3884],[0.5949,51.3884]],[[0.6474,51.445],[0.6475,51.445],[0.6475,51.4451],[0.6474,51.445]],[[0.6201,51.407],[0.62,51.407],[0.6199,51.4069],[0.6201,51.407]],[[0.612,51.4273],[0.612,51.4273],[0.6119,51.4274],[0.612,51.4273]],[[0.6706,51.393],[0.6705,51.393],[0.6705,51.3929],[0.6706,51.393]],[[0.7113,51.3897],[0.7113,51.3897],[0.7114,51.3897],[0.7113,51.3897]],[[0.5795,51.4046],[0.5796,51.4046],[0.5795,51.4046],[0.5795,51.4046]],[[0.6345,51.4281],[0.6346,51.428],[0.6345,51.4281],[0.6345,51.4281]],[[0.6745,51.3947],[0.6746,51.3947],[0.6745,51.3948],[0.6745,51.3947]],[[0.6684,51.3925],[0.6686,51.3924],[0.6685,51.3925],[0.6684,51.3925]],[[0.6763,51.4068],[0.6765,51.4067],[0.6764,51.4068],[0.6763,51.4068]],[[0.6182,51.4352],[0.6183,51.4353],[0.6182,51.4353],[0.6182,51.4352]],[[0.6013,51.3849],[0.6014,51.3849],[0.6013,51.3849],[0.6013,51.3849]],[[0.6783,51.4218],[0.6785,51.4218],[0.6785,51.4218],[0.6783,51.4218]],[[0.6317,51.4427],[0.6316,51.4427],[0.6316,51.4426],[0.6317,51.4427]],[[0.6762,51.3962],[0.6764,51.3963],[0.6762,51.3963],[0.6762,51.3962]],[[0.7002,51.4097],[0.7001,51.4096],[0.7002,51.4096],[0.7002,51.4097]],[[0.6743,51.3947],[0.6744,51.3947],[0.6743,51.3948],[0.6743,51.3947]],[[0.7094,51.3902],[0.7095,51.3903],[0.7094,51.3903],[0.7094,51.3902]],[[0.6761,51.3936],[0.6763,51.3935],[0.6763,51.3937],[0.6761,51.3936]],[[0.5953,51.3876],[0.5955,51.3876],[0.5954,51.3877],[0.5953,51.3876]],[[0.6193,51.4368],[0.6193,51.4368],[0.6192,51.4368],[0.6193,51.4368]],[[0.6111,51.3974],[0.6112,51.3975],[0.6111,51.3975],[0.6111,51.3974]],[[0.6418,51.44],[0.6419,51.44],[0.6418,51.44],[0.6418,51.44]],[[0.671,51.4176],[0.6711,51.4176],[0.6711,51.4176],[0.671,51.4176]],[[0.6081,51.4065],[0.6082,51.4064],[0.6082,51.4065],[0.6081,51.4065]],[[0.6246,51.4247],[0.6248,51.4248],[0.6246,51.4248],[0.6246,51.4247]],[[0.6506,51.4459],[0.6507,51.446],[0.6506,51.446],[0.6506,51.4459]],[[0.675,51.4027],[0.675,51.4027],[0.6751,51.4027],[0.675,51.4027]],[[0.7089,51.3829],[0.709,51.3829],[0.709,51.383],[0.7089,51.3829]],[[0.6746,51.4148],[0.6746,51.4149],[0.6745,51.4149],[0.6746,51.4148]],[[0.623,51.4233],[0.6231,51.4233],[0.623,51.4234],[0.623,51.4233]],[[0.6805,51.4062],[0.6806,51.4062],[0.6804,51.4063],[0.6805,51.4062]],[[0.6751,51.3939],[0.675,51.3938],[0.6751,51.3938],[0.6751,51.3939]],[[0.5781,51.4115],[0.5782,51.4115],[0.5782,51.4115],[0.5781,51.4115]],[[0.5903,51.3949],[0.5904,51.395],[0.5903,51.395],[0.5903,51.3949]],[[0.6287,51.4281],[0.6286,51.428],[0.6287,51.428],[0.6287,51.4281]],[[0.6413,51.4339],[0.6415,51.4338],[0.6414,51.4339],[0.6413,51.4339]],[[0.6758,51.4217],[0.6759,51.4218],[0.6758,51.4218],[0.6758,51.4217]],[[0.5945,51.3879],[0.5946,51.388],[0.5945,51.388],[0.5945,51.3879]],[[0.6391,51.4307],[0.6393,51.4307],[0.6391,51.4308],[0.6391,51.4307]],[[0.6371,51.4221],[0.637,51.4221],[0.6372,51.4221],[0.6371,51.4221]],[[0.6277,51.4397],[0.6277,51.4396],[0.6278,51.4396],[0.6277,51.4397]],[[0.6198,51.4306],[0.62,51.4306],[0.6199,51.4307],[0.6198,51.4306]],[[0.6822,51.3808],[0.6823,51.3808],[0.6822,51.3809],[0.6822,51.3808]],[[0.6314,51.4212],[0.6315,51.4212],[0.6315,51.4212],[0.6314,51.4212]],[[0.672,51.3946],[0.6718,51.3946],[0.6719,51.3946],[0.672,51.3946]],[[0.6779,51.3935],[0.678,51.3935],[0.6781,51.3935],[0.6779,51.3935]],[[0.5945,51.387],[0.5947,51.387],[0.5946,51.387],[0.5945,51.387]],[[0.5946,51.3881],[0.5945,51.3882],[0.5945,51.3882],[0.5946,51.3881]],[[0.6384,51.4181],[0.6383,51.4181],[0.6383,51.418],[0.6384,51.4181]],[[0.59,51.3951],[0.5902,51.3951],[0.5901,51.3951],[0.59,51.3951]],[[0.655,51.4398],[0.6552,51.4398],[0.6551,51.4399],[0.655,51.4398]],[[0.6474,51.4448],[0.6474,51.4447],[0.6475,51.4448],[0.6474,51.4448]],[[0.6277,51.4382],[0.6277,51.4382],[0.6275,51.4382],[0.6277,51.4382]],[[0.6967,51.4185],[0.6968,51.4186],[0.6967,51.4186],[0.6967,51.4185]],[[0.6244,51.4247],[0.6245,51.4247],[0.6244,51.4248],[0.6244,51.4247]],[[0.6791,51.3939],[0.6792,51.3939],[0.6793,51.394],[0.6791,51.3939]],[[0.6549,51.445],[0.6549,51.4449],[0.655,51.4449],[0.6549,51.445]],[[0.6341,51.4422],[0.634,51.4422],[0.634,51.4421],[0.6341,51.4422]],[[0.5943,51.387],[0.5944,51.3871],[0.5943,51.387],[0.5943,51.387]],[[0.5941,51.3872],[0.5942,51.3872],[0.5941,51.3872],[0.5941,51.3872]],[[0.6134,51.3982],[0.6136,51.3982],[0.6134,51.3983],[0.6134,51.3982]],[[0.633,51.4442],[0.6332,51.4442],[0.6332,51.4442],[0.633,51.4442]],[[0.6827,51.4091],[0.6828,51.4091],[0.6827,51.4091],[0.6827,51.4091]],[[0.677,51.4028],[0.6772,51.4028],[0.6771,51.4029],[0.677,51.4028]],[[0.6066,51.3841],[0.6068,51.3841],[0.6068,51.3841],[0.6066,51.3841]],[[0.6894,51.3973],[0.6897,51.3973],[0.6895,51.3973],[0.6894,51.3973]],[[0.6655,51.3822],[0.6654,51.3822],[0.6656,51.3822],[0.6655,51.3822]],[[0.6721,51.3915],[0.6724,51.3915],[0.6724,51.3915],[0.6721,51.3915]],[[0.6581,51.4447],[0.6582,51.4447],[0.6581,51.4448],[0.6581,51.4447]],[[0.6172,51.4275],[0.6173,51.4274],[0.6173,51.4275],[0.6172,51.4275]],[[0.6837,51.4116],[0.6837,51.4117],[0.6836,51.4115],[0.6837,51.4116]],[[0.6193,51.4283],[0.6193,51.4283],[0.6195,51.4282],[0.6193,51.4283]],[[0.6368,51.4182],[0.6366,51.4181],[0.6367,51.4181],[0.6368,51.4182]],[[0.6266,51.4378],[0.6265,51.4378],[0.6264,51.4378],[0.6266,51.4378]],[[0.576,51.4154],[0.576,51.4155],[0.5759,51.4155],[0.576,51.4154]],[[0.6843,51.4035],[0.6845,51.4037],[0.6844,51.4036],[0.6843,51.4035]],[[0.5742,51.4091],[0.5743,51.4091],[0.5742,51.4092],[0.5742,51.4091]],[[0.6391,51.4406],[0.6392,51.4406],[0.6393,51.4407],[0.6391,51.4406]],[[0.6667,51.3887],[0.6667,51.3888],[0.6666,51.3887],[0.6667,51.3887]],[[0.6723,51.3944],[0.6724,51.3944],[0.6724,51.3945],[0.6723,51.3944]],[[0.6757,51.3922],[0.6759,51.3923],[0.6758,51.3923],[0.6757,51.3922]],[[0.6818,51.4026],[0.6819,51.4026],[0.6819,51.4027],[0.6818,51.4026]],[[0.6219,51.4377],[0.6221,51.4377],[0.622,51.4378],[0.6219,51.4377]],[[0.6056,51.3974],[0.6058,51.3974],[0.6058,51.3975],[0.6056,51.3974]],[[0.6058,51.3975],[0.606,51.3974],[0.6059,51.3975],[0.6058,51.3975]],[[0.6712,51.3924],[0.6711,51.3925],[0.6711,51.3924],[0.6712,51.3924]],[[0.6756,51.3939],[0.6756,51.3938],[0.6757,51.3938],[0.6756,51.3939]],[[0.7105,51.39],[0.7106,51.39],[0.7107,51.39],[0.7105,51.39]],[[0.6121,51.4],[0.612,51.4],[0.612,51.4],[0.6121,51.4]],[[0.6883,51.405],[0.6885,51.405],[0.6885,51.4051],[0.6883,51.405]],[[0.6875,51.4176],[0.6876,51.4178],[0.6875,51.4177],[0.6875,51.4176]],[[0.6259,51.4378],[0.6262,51.4378],[0.6261,51.4379],[0.6259,51.4378]],[[0.5738,51.4095],[0.5739,51.4095],[0.5738,51.4096],[0.5738,51.4095]],[[0.7121,51.3905],[0.7122,51.3904],[0.7122,51.3905],[0.7121,51.3905]],[[0.6117,51.3996],[0.6118,51.3995],[0.6119,51.3995],[0.6117,51.3996]],[[0.6784,51.3935],[0.6784,51.3935],[0.6785,51.3935],[0.6784,51.3935]],[[0.6643,51.4226],[0.6644,51.4225],[0.6645,51.4226],[0.6643,51.4226]],[[0.6637,51.4218],[0.6637,51.4217],[0.6638,51.4218],[0.6637,51.4218]],[[0.6629,51.4401],[0.663,51.4401],[0.663,51.4402],[0.6629,51.4401]],[[0.6243,51.4361],[0.6245,51.4361],[0.6246,51.4362],[0.6243,51.4361]],[[0.6339,51.4271],[0.6342,51.427],[0.6341,51.4271],[0.6339,51.4271]],[[0.6556,51.4396],[0.6556,51.4395],[0.6557,51.4395],[0.6556,51.4396]],[[0.6818,51.4081],[0.6817,51.4081],[0.6819,51.4082],[0.6818,51.4081]],[[0.572,51.3959],[0.5718,51.3959],[0.5719,51.3959],[0.572,51.3959]],[[0.6347,51.4281],[0.6348,51.4281],[0.6347,51.4282],[0.6347,51.4281]],[[0.6416,51.4426],[0.6417,51.4426],[0.6415,51.4426],[0.6416,51.4426]],[[0.6347,51.4268],[0.6348,51.4268],[0.6349,51.4268],[0.6347,51.4268]],[[0.7215,51.4218],[0.7214,51.4218],[0.7216,51.4217],[0.7215,51.4218]],[[0.6169,51.4269],[0.6167,51.4269],[0.6169,51.4269],[0.6169,51.4269]],[[0.6643,51.4378],[0.6643,51.4377],[0.6644,51.4378],[0.6643,51.4378]],[[0.6722,51.3943],[0.6722,51.3942],[0.6723,51.3942],[0.6722,51.3943]],[[0.5763,51.4129],[0.5765,51.413],[0.5763,51.413],[0.5763,51.4129]],[[0.6753,51.4051],[0.6754,51.4051],[0.6755,51.4051],[0.6753,51.4051]],[[0.6284,51.4408],[0.6284,51.4407],[0.6285,51.4408],[0.6284,51.4408]],[[0.6744,51.3948],[0.6745,51.3948],[0.6745,51.3949],[0.6744,51.3948]],[[0.6043,51.3837],[0.6045,51.3837],[0.6044,51.3838],[0.6043,51.3837]],[[0.6494,51.4411],[0.6495,51.4411],[0.6495,51.4412],[0.6494,51.4411]],[[0.6755,51.4091],[0.6754,51.4091],[0.6753,51.409],[0.6755,51.4091]],[[0.6503,51.4443],[0.6505,51.4443],[0.6506,51.4443],[0.6503,51.4443]],[[0.6867,51.3976],[0.6867,51.3975],[0.6868,51.3974],[0.6867,51.3976]],[[0.6594,51.3918],[0.6595,51.3917],[0.6596,51.3917],[0.6594,51.3918]],[[0.6406,51.4423],[0.6407,51.4422],[0.6408,51.4423],[0.6406,51.4423]],[[0.5874,51.3928],[0.5875,51.3928],[0.5876,51.3929],[0.5874,51.3928]],[[0.6499,51.4442],[0.6501,51.4442],[0.65,51.4443],[0.6499,51.4442]],[[0.6293,51.4304],[0.6293,51.4304],[0.6294,51.4304],[0.6293,51.4304]],[[0.6485,51.4418],[0.6487,51.4419],[0.6487,51.4419],[0.6485,51.4418]],[[0.6122,51.4002],[0.6124,51.4001],[0.6123,51.4003],[0.6122,51.4002]],[[0.5949,51.3881],[0.595,51.3882],[0.5949,51.3882],[0.5949,51.3881]],[[0.7097,51.384],[0.7099,51.3841],[0.7098,51.3841],[0.7097,51.384]],[[0.6231,51.3763],[0.6232,51.3763],[0.6231,51.3763],[0.6231,51.3763]],[[0.7126,51.4202],[0.7125,51.4202],[0.7126,51.4202],[0.7126,51.4202]],[[0.6225,51.4233],[0.6227,51.4233],[0.6227,51.4234],[0.6225,51.4233]],[[0.6314,51.4417],[0.6316,51.4418],[0.6313,51.4418],[0.6314,51.4417]],[[0.6801,51.3799],[0.6804,51.3798],[0.6801,51.3799],[0.6801,51.3799]],[[0.659,51.3913],[0.6592,51.3913],[0.659,51.3914],[0.659,51.3913]],[[0.6365,51.428],[0.6367,51.428],[0.6366,51.4281],[0.6365,51.428]],[[0.604,51.3943],[0.6042,51.3943],[0.6042,51.3944],[0.604,51.3943]],[[0.6253,51.4359],[0.6252,51.436],[0.6251,51.4359],[0.6253,51.4359]],[[0.6354,51.4421],[0.6357,51.442],[0.6355,51.4421],[0.6354,51.4421]],[[0.6228,51.4358],[0.623,51.4358],[0.6229,51.4359],[0.6228,51.4358]],[[0.6231,51.4277],[0.6233,51.4277],[0.6232,51.4277],[0.6231,51.4277]],[[0.6302,51.4241],[0.6305,51.424],[0.6302,51.4241],[0.6302,51.4241]],[[0.6907,51.4095],[0.6909,51.4096],[0.6908,51.4096],[0.6907,51.4095]],[[0.6152,51.3962],[0.6153,51.3961],[0.6153,51.3962],[0.6152,51.3962]],[[0.6199,51.4069],[0.6198,51.4068],[0.62,51.4068],[0.6199,51.4069]],[[0.6778,51.3935],[0.6777,51.3934],[0.6778,51.3934],[0.6778,51.3935]],[[0.6692,51.4363],[0.6692,51.4362],[0.6694,51.4362],[0.6692,51.4363]],[[0.6339,51.4296],[0.6337,51.4295],[0.6339,51.4295],[0.6339,51.4296]],[[0.6184,51.4347],[0.6185,51.4347],[0.6185,51.4348],[0.6184,51.4347]],[[0.6663,51.4201],[0.6664,51.4201],[0.6664,51.4202],[0.6663,51.4201]],[[0.6809,51.4072],[0.6811,51.4072],[0.681,51.4073],[0.6809,51.4072]],[[0.62,51.434],[0.6198,51.4339],[0.62,51.4339],[0.62,51.434]],[[0.6785,51.4202],[0.6786,51.4202],[0.6786,51.4203],[0.6785,51.4202]],[[0.6674,51.3831],[0.6675,51.3832],[0.6673,51.3832],[0.6674,51.3831]],[[0.6182,51.3814],[0.6182,51.3813],[0.6184,51.3813],[0.6182,51.3814]],[[0.6512,51.4364],[0.6513,51.4363],[0.6513,51.4364],[0.6512,51.4364]],[[0.6267,51.4378],[0.6266,51.4379],[0.6266,51.4378],[0.6267,51.4378]],[[0.5675,51.4101],[0.5676,51.41],[0.5677,51.4101],[0.5675,51.4101]],[[0.6749,51.4167],[0.675,51.4166],[0.675,51.4168],[0.6749,51.4167]],[[0.6777,51.4029],[0.6777,51.4028],[0.6778,51.4029],[0.6777,51.4029]],[[0.617,51.3961],[0.6172,51.396],[0.6172,51.3961],[0.617,51.3961]],[[0.6034,51.3845],[0.6036,51.3844],[0.6035,51.3845],[0.6034,51.3845]],[[0.6792,51.387],[0.679,51.387],[0.6789,51.3869],[0.6792,51.387]],[[0.6494,51.4432],[0.6495,51.4431],[0.6496,51.4432],[0.6494,51.4432]],[[0.6853,51.404],[0.685,51.4039],[0.685,51.4039],[0.6853,51.404]],[[0.6705,51.3941],[0.6703,51.394],[0.6704,51.3941],[0.6705,51.3941]],[[0.6751,51.4028],[0.6753,51.4028],[0.6751,51.4029],[0.6751,51.4028]],[[0.6037,51.4013],[0.604,51.4013],[0.6039,51.4013],[0.6037,51.4013]],[[0.6242,51.4346],[0.6243,51.4346],[0.6242,51.4347],[0.6242,51.4346]],[[0.6282,51.4396],[0.6284,51.4396],[0.6283,51.4397],[0.6282,51.4396]],[[0.6769,51.4006],[0.6768,51.4007],[0.6768,51.4006],[0.6769,51.4006]],[[0.6706,51.442],[0.6708,51.4421],[0.6706,51.4421],[0.6706,51.442]],[[0.6836,51.4031],[0.6838,51.4031],[0.6838,51.4031],[0.6836,51.4031]],[[0.6209,51.4354],[0.6208,51.4354],[0.6209,51.4353],[0.6209,51.4354]],[[0.7123,51.4202],[0.7124,51.4203],[0.7123,51.4203],[0.7123,51.4202]],[[0.6668,51.3813],[0.6671,51.3813],[0.667,51.3814],[0.6668,51.3813]],[[0.7143,51.385],[0.7145,51.3849],[0.7144,51.385],[0.7143,51.385]],[[0.5892,51.3925],[0.5891,51.3927],[0.5891,51.3927],[0.5892,51.3925]],[[0.6823,51.4026],[0.6825,51.4027],[0.6823,51.4027],[0.6823,51.4026]],[[0.6709,51.4234],[0.671,51.4234],[0.671,51.4235],[0.6709,51.4234]],[[0.5975,51.3873],[0.5977,51.3872],[0.5976,51.3874],[0.5975,51.3873]],[[0.6463,51.4443],[0.6466,51.4443],[0.6464,51.4444],[0.6463,51.4443]],[[0.6644,51.3852],[0.6643,51.3851],[0.6644,51.3851],[0.6644,51.3852]],[[0.7027,51.3917],[0.7028,51.3917],[0.7028,51.3918],[0.7027,51.3917]],[[0.6213,51.4378],[0.6215,51.4376],[0.6214,51.4378],[0.6213,51.4378]],[[0.6754,51.3921],[0.6757,51.3922],[0.6756,51.3922],[0.6754,51.3921]],[[0.6281,51.4323],[0.6283,51.4322],[0.6284,51.4322],[0.6281,51.4323]],[[0.6068,51.401],[0.6067,51.4009],[0.6069,51.4009],[0.6068,51.401]],[[0.664,51.4194],[0.6641,51.4195],[0.6639,51.4194],[0.664,51.4194]],[[0.6048,51.3842],[0.6049,51.3841],[0.605,51.3842],[0.6048,51.3842]],[[0.6699,51.3931],[0.67,51.3932],[0.67,51.3932],[0.6699,51.3931]],[[0.6345,51.4278],[0.6345,51.4277],[0.6346,51.4276],[0.6345,51.4278]],[[0.6346,51.427],[0.6348,51.427],[0.6347,51.4271],[0.6346,51.427]],[[0.6316,51.4211],[0.6319,51.4212],[0.6317,51.4212],[0.6316,51.4211]],[[0.6726,51.3944],[0.6728,51.3944],[0.6727,51.3945],[0.6726,51.3944]],[[0.5752,51.4121],[0.5753,51.412],[0.5754,51.412],[0.5752,51.4121]],[[0.682,51.4083],[0.6821,51.4084],[0.682,51.4084],[0.682,51.4083]],[[0.6273,51.4384],[0.6275,51.4384],[0.6273,51.4384],[0.6273,51.4384]],[[0.6617,51.4206],[0.6619,51.4206],[0.6616,51.4206],[0.6617,51.4206]],[[0.6344,51.4311],[0.6345,51.431],[0.6348,51.4311],[0.6344,51.4311]],[[0.5881,51.3933],[0.5882,51.3934],[0.588,51.3934],[0.5881,51.3933]],[[0.6244,51.4339],[0.6243,51.434],[0.6242,51.4339],[0.6244,51.4339]],[[0.6594,51.4434],[0.6595,51.4435],[0.6594,51.4435],[0.6594,51.4434]],[[0.6261,51.4312],[0.6262,51.4311],[0.626,51.4313],[0.6261,51.4312]],[[0.5855,51.3907],[0.5857,51.3907],[0.5857,51.3908],[0.5855,51.3907]],[[0.6199,51.4071],[0.6198,51.407],[0.62,51.407],[0.6199,51.4071]],[[0.6336,51.427],[0.6337,51.4271],[0.6335,51.4271],[0.6336,51.427]],[[0.6068,51.384],[0.6066,51.3841],[0.6066,51.384],[0.6068,51.384]],[[0.6234,51.425],[0.6235,51.4249],[0.6235,51.425],[0.6234,51.425]],[[0.5874,51.3942],[0.5877,51.3942],[0.5876,51.3943],[0.5874,51.3942]],[[0.6333,51.4285],[0.6336,51.4285],[0.6334,51.4285],[0.6333,51.4285]],[[0.6712,51.4235],[0.6711,51.4233],[0.6713,51.4234],[0.6712,51.4235]],[[0.6452,51.4439],[0.6454,51.4439],[0.6452,51.4441],[0.6452,51.4439]],[[0.689,51.3973],[0.6893,51.3973],[0.6891,51.3973],[0.689,51.3973]],[[0.6517,51.4431],[0.6519,51.4433],[0.6517,51.4433],[0.6517,51.4431]],[[0.6113,51.3981],[0.6114,51.3983],[0.6113,51.3983],[0.6113,51.3981]],[[0.5947,51.3873],[0.5945,51.3872],[0.5946,51.3872],[0.5947,51.3873]],[[0.5939,51.3949],[0.5937,51.3949],[0.5938,51.3948],[0.5939,51.3949]],[[0.6372,51.4268],[0.6375,51.4268],[0.6374,51.4269],[0.6372,51.4268]],[[0.623,51.3764],[0.6232,51.3764],[0.6232,51.3764],[0.623,51.3764]],[[0.701,51.39],[0.7009,51.3898],[0.701,51.3898],[0.701,51.39]],[[0.6664,51.3859],[0.6666,51.3859],[0.6664,51.3861],[0.6664,51.3859]],[[0.6624,51.4382],[0.6626,51.4383],[0.6624,51.4383],[0.6624,51.4382]],[[0.5985,51.3894],[0.5982,51.3893],[0.5983,51.3893],[0.5985,51.3894]],[[0.6584,51.4453],[0.6585,51.4453],[0.6585,51.4455],[0.6584,51.4453]],[[0.6015,51.398],[0.6013,51.3981],[0.6013,51.3981],[0.6015,51.398]],[[0.6228,51.3886],[0.623,51.3886],[0.6229,51.3887],[0.6228,51.3886]],[[0.6335,51.4442],[0.6336,51.4441],[0.6336,51.4443],[0.6335,51.4442]],[[0.598,51.3868],[0.5981,51.3868],[0.5981,51.3869],[0.598,51.3868]],[[0.676,51.4141],[0.6759,51.4139],[0.6761,51.4139],[0.676,51.4141]],[[0.6266,51.4381],[0.6268,51.4379],[0.6269,51.4379],[0.6266,51.4381]],[[0.6506,51.4459],[0.6505,51.4459],[0.6504,51.4458],[0.6506,51.4459]],[[0.611,51.3959],[0.6112,51.3959],[0.6112,51.396],[0.611,51.3959]],[[0.7118,51.3841],[0.7116,51.3841],[0.7118,51.384],[0.7118,51.3841]],[[0.6304,51.4359],[0.6302,51.4358],[0.6303,51.4358],[0.6304,51.4359]],[[0.6628,51.3832],[0.6626,51.3832],[0.6629,51.3831],[0.6628,51.3832]],[[0.6115,51.3977],[0.6117,51.3978],[0.6116,51.3978],[0.6115,51.3977]],[[0.7134,51.3841],[0.7133,51.384],[0.7134,51.384],[0.7134,51.3841]],[[0.62,51.4071],[0.6203,51.407],[0.6201,51.4071],[0.62,51.4071]],[[0.6034,51.385],[0.6036,51.3849],[0.6034,51.385],[0.6034,51.385]],[[0.6519,51.4421],[0.6516,51.442],[0.6518,51.442],[0.6519,51.4421]],[[0.6185,51.3805],[0.6187,51.3807],[0.6186,51.3807],[0.6185,51.3805]],[[0.626,51.4341],[0.6261,51.4341],[0.626,51.4342],[0.626,51.4341]],[[0.6494,51.4445],[0.6492,51.4443],[0.6494,51.4444],[0.6494,51.4445]],[[0.6335,51.4287],[0.6337,51.4287],[0.6336,51.4288],[0.6335,51.4287]],[[0.6072,51.4007],[0.6073,51.4008],[0.607,51.4008],[0.6072,51.4007]],[[0.6149,51.4075],[0.6151,51.4076],[0.6149,51.4076],[0.6149,51.4075]],[[0.6823,51.4086],[0.6822,51.4086],[0.6821,51.4085],[0.6823,51.4086]],[[0.6112,51.3983],[0.6113,51.3984],[0.6112,51.3984],[0.6112,51.3983]],[[0.6766,51.4035],[0.6767,51.4034],[0.6768,51.4035],[0.6766,51.4035]],[[0.6618,51.3933],[0.6616,51.3934],[0.6616,51.3933],[0.6618,51.3933]],[[0.5714,51.396],[0.5716,51.396],[0.5715,51.396],[0.5714,51.396]],[[0.6524,51.4376],[0.6526,51.4377],[0.6524,51.4377],[0.6524,51.4376]],[[0.5938,51.3875],[0.5941,51.3876],[0.5938,51.3876],[0.5938,51.3875]],[[0.6461,51.4364],[0.6462,51.4364],[0.6463,51.4365],[0.6461,51.4364]],[[0.604,51.3943],[0.6039,51.3943],[0.6036,51.3941],[0.604,51.3943]],[[0.5958,51.3876],[0.5959,51.3876],[0.596,51.3878],[0.5958,51.3876]],[[0.617,51.4282],[0.6172,51.4282],[0.6172,51.4283],[0.617,51.4282]],[[0.6751,51.3956],[0.675,51.3955],[0.6752,51.3956],[0.6751,51.3956]],[[0.6781,51.3936],[0.6783,51.3937],[0.6783,51.3938],[0.6781,51.3936]],[[0.601,51.3864],[0.6011,51.3865],[0.6009,51.3866],[0.601,51.3864]],[[0.6634,51.4408],[0.6635,51.4407],[0.6637,51.4409],[0.6634,51.4408]],[[0.7127,51.4203],[0.7128,51.4202],[0.713,51.4203],[0.7127,51.4203]],[[0.5852,51.3909],[0.5852,51.3907],[0.5853,51.3909],[0.5852,51.3909]],[[0.6179,51.3816],[0.6181,51.3815],[0.618,51.3816],[0.6179,51.3816]],[[0.6117,51.3994],[0.6118,51.3994],[0.6116,51.3995],[0.6117,51.3994]],[[0.5763,51.4152],[0.5761,51.4152],[0.5763,51.4153],[0.5763,51.4152]],[[0.6754,51.4186],[0.6756,51.4187],[0.6754,51.4187],[0.6754,51.4186]],[[0.6373,51.4395],[0.6375,51.4395],[0.6374,51.4396],[0.6373,51.4395]],[[0.7,51.4103],[0.6998,51.4103],[0.6998,51.4102],[0.7,51.4103]],[[0.713,51.3844],[0.7133,51.3843],[0.7133,51.3844],[0.713,51.3844]],[[0.5665,51.4101],[0.5663,51.4101],[0.5665,51.41],[0.5665,51.4101]],[[0.5785,51.4068],[0.5786,51.4067],[0.5786,51.4068],[0.5785,51.4068]],[[0.6908,51.4079],[0.6909,51.4081],[0.6908,51.408],[0.6908,51.4079]],[[0.659,51.4453],[0.6591,51.4453],[0.6589,51.4454],[0.659,51.4453]],[[0.6301,51.4317],[0.6305,51.4317],[0.6304,51.4317],[0.6301,51.4317]],[[0.5859,51.4153],[0.5862,51.4152],[0.586,51.4153],[0.5859,51.4153]],[[0.5704,51.3936],[0.5703,51.3935],[0.5705,51.3935],[0.5704,51.3936]],[[0.68,51.42],[0.6801,51.4198],[0.6802,51.4199],[0.68,51.42]],[[0.5714,51.4125],[0.5716,51.4125],[0.5715,51.4126],[0.5714,51.4125]],[[0.6717,51.3922],[0.6718,51.3921],[0.6716,51.3924],[0.6717,51.3922]],[[0.6269,51.4291],[0.627,51.4291],[0.627,51.4293],[0.6269,51.4291]],[[0.5712,51.3934],[0.5711,51.3933],[0.5713,51.3933],[0.5712,51.3934]],[[0.6777,51.4217],[0.6779,51.4216],[0.6777,51.4217],[0.6777,51.4217]],[[0.7175,51.4207],[0.7177,51.4206],[0.7176,51.4207],[0.7175,51.4207]],[[0.6814,51.4075],[0.6815,51.4077],[0.6814,51.4077],[0.6814,51.4075]],[[0.599,51.3883],[0.5991,51.3883],[0.5989,51.3885],[0.599,51.3883]],[[0.6664,51.3963],[0.6664,51.3962],[0.6665,51.3963],[0.6664,51.3963]],[[0.6636,51.3937],[0.6637,51.3936],[0.6637,51.3938],[0.6636,51.3937]],[[0.6008,51.3863],[0.6009,51.3864],[0.6006,51.3864],[0.6008,51.3863]],[[0.5713,51.4105],[0.5713,51.4104],[0.5716,51.4106],[0.5713,51.4105]],[[0.6705,51.3937],[0.6706,51.3939],[0.6704,51.3938],[0.6705,51.3937]],[[0.5944,51.3882],[0.5944,51.3884],[0.5942,51.3883],[0.5944,51.3882]],[[0.6751,51.3944],[0.6754,51.3944],[0.6753,51.3945],[0.6751,51.3944]],[[0.6623,51.438],[0.6624,51.4382],[0.6623,51.4382],[0.6623,51.438]],[[0.6322,51.4233],[0.6322,51.4232],[0.6323,51.4233],[0.6322,51.4233]],[[0.7137,51.3846],[0.7139,51.3846],[0.7138,51.3847],[0.7137,51.3846]],[[0.6152,51.3844],[0.6155,51.3842],[0.6152,51.3844],[0.6152,51.3844]],[[0.6706,51.3933],[0.6703,51.3932],[0.6704,51.3932],[0.6706,51.3933]],[[0.5939,51.3877],[0.5942,51.3878],[0.5939,51.3878],[0.5939,51.3877]],[[0.7024,51.3909],[0.7022,51.3909],[0.7024,51.3908],[0.7024,51.3909]],[[0.7063,51.4201],[0.7065,51.4201],[0.7067,51.4201],[0.7063,51.4201]],[[0.6795,51.4205],[0.6796,51.4204],[0.6797,51.4205],[0.6795,51.4205]],[[0.5755,51.4094],[0.5758,51.4096],[0.5756,51.4095],[0.5755,51.4094]],[[0.6066,51.3843],[0.6064,51.3844],[0.6066,51.3842],[0.6066,51.3843]],[[0.5762,51.4151],[0.5765,51.4151],[0.5764,51.4151],[0.5762,51.4151]],[[0.6899,51.405],[0.69,51.4051],[0.6899,51.4051],[0.6899,51.405]],[[0.6056,51.3838],[0.6058,51.3838],[0.6059,51.3838],[0.6056,51.3838]],[[0.6342,51.4271],[0.6344,51.4269],[0.6347,51.4269],[0.6342,51.4271]],[[0.6047,51.4071],[0.6045,51.4071],[0.6047,51.407],[0.6047,51.4071]],[[0.6532,51.439],[0.6535,51.4392],[0.6534,51.4392],[0.6532,51.439]],[[0.662,51.394],[0.6622,51.3939],[0.6622,51.394],[0.662,51.394]],[[0.698,51.3816],[0.6982,51.3816],[0.698,51.3818],[0.698,51.3816]],[[0.6797,51.4019],[0.6796,51.402],[0.6795,51.402],[0.6797,51.4019]],[[0.6018,51.3843],[0.6021,51.3842],[0.602,51.3843],[0.6018,51.3843]],[[0.5772,51.4154],[0.577,51.4154],[0.5773,51.4153],[0.5772,51.4154]],[[0.6128,51.4008],[0.6129,51.4007],[0.613,51.4009],[0.6128,51.4008]],[[0.6091,51.3987],[0.6093,51.3987],[0.609,51.3988],[0.6091,51.3987]],[[0.6368,51.4325],[0.6371,51.4325],[0.6369,51.4325],[0.6368,51.4325]],[[0.5802,51.4059],[0.5801,51.406],[0.5799,51.4059],[0.5802,51.4059]],[[0.6283,51.4411],[0.6285,51.4409],[0.6284,51.4411],[0.6283,51.4411]],[[0.6336,51.4288],[0.6338,51.4288],[0.6336,51.4289],[0.6336,51.4288]],[[0.6764,51.3945],[0.6762,51.3946],[0.6761,51.3945],[0.6764,51.3945]],[[0.6969,51.4182],[0.6968,51.4185],[0.6968,51.4182],[0.6969,51.4182]],[[0.6282,51.4382],[0.6283,51.4383],[0.6279,51.4383],[0.6282,51.4382]],[[0.6666,51.3825],[0.6668,51.3824],[0.6667,51.3825],[0.6666,51.3825]],[[0.6903,51.4013],[0.6906,51.4015],[0.6904,51.4015],[0.6903,51.4013]],[[0.6668,51.3825],[0.6668,51.3824],[0.667,51.3825],[0.6668,51.3825]],[[0.6136,51.3993],[0.6135,51.3992],[0.6137,51.3992],[0.6136,51.3993]],[[0.6252,51.4258],[0.6254,51.4258],[0.6252,51.426],[0.6252,51.4258]],[[0.6856,51.4042],[0.6856,51.4043],[0.6853,51.4043],[0.6856,51.4042]],[[0.6535,51.4467],[0.6537,51.4467],[0.6536,51.4468],[0.6535,51.4467]],[[0.6507,51.4422],[0.6511,51.4422],[0.6509,51.4423],[0.6507,51.4422]],[[0.6004,51.3981],[0.6,51.3981],[0.6001,51.3981],[0.6004,51.3981]],[[0.6124,51.4004],[0.6125,51.4003],[0.6126,51.4004],[0.6124,51.4004]],[[0.6835,51.4115],[0.6833,51.4114],[0.6835,51.4114],[0.6835,51.4115]],[[0.6229,51.437],[0.6232,51.437],[0.6228,51.437],[0.6229,51.437]],[[0.7116,51.3906],[0.7119,51.3906],[0.7117,51.3907],[0.7116,51.3906]],[[0.6731,51.403],[0.673,51.4031],[0.6729,51.403],[0.6731,51.403]],[[0.6262,51.4264],[0.626,51.4264],[0.6262,51.4263],[0.6262,51.4264]],[[0.6637,51.4393],[0.6639,51.4393],[0.6637,51.4394],[0.6637,51.4393]],[[0.6833,51.4044],[0.6834,51.4043],[0.6835,51.4044],[0.6833,51.4044]],[[0.6322,51.4402],[0.6323,51.4404],[0.6321,51.4403],[0.6322,51.4402]],[[0.633,51.4271],[0.6328,51.427],[0.633,51.427],[0.633,51.4271]],[[0.6774,51.4047],[0.6772,51.4046],[0.6775,51.4046],[0.6774,51.4047]],[[0.6503,51.4459],[0.6505,51.446],[0.6504,51.4462],[0.6503,51.4459]],[[0.6191,51.4359],[0.6193,51.4358],[0.6192,51.436],[0.6191,51.4359]],[[0.6186,51.3811],[0.6189,51.381],[0.6187,51.3812],[0.6186,51.3811]],[[0.6248,51.4365],[0.6249,51.4366],[0.6246,51.4366],[0.6248,51.4365]],[[0.7129,51.3905],[0.7131,51.3906],[0.713,51.3907],[0.7129,51.3905]],[[0.6907,51.412],[0.6911,51.412],[0.6913,51.4121],[0.6907,51.412]],[[0.664,51.439],[0.6641,51.4391],[0.6639,51.4391],[0.664,51.439]],[[0.6758,51.4033],[0.6762,51.4032],[0.6759,51.4034],[0.6758,51.4033]],[[0.613,51.4295],[0.6132,51.4294],[0.6134,51.4295],[0.613,51.4295]],[[0.635,51.4271],[0.6348,51.4269],[0.635,51.4269],[0.635,51.4271]],[[0.6111,51.3958],[0.6111,51.3957],[0.6113,51.3958],[0.6111,51.3958]],[[0.614,51.4072],[0.6144,51.4072],[0.6143,51.4073],[0.614,51.4072]],[[0.6387,51.432],[0.6391,51.4319],[0.6389,51.432],[0.6387,51.432]],[[0.6639,51.4219],[0.6639,51.4218],[0.664,51.4219],[0.6639,51.4219]],[[0.6811,51.4074],[0.6812,51.4074],[0.6813,51.4075],[0.6811,51.4074]],[[0.6897,51.4012],[0.6898,51.4013],[0.6896,51.4014],[0.6897,51.4012]],[[0.5941,51.3879],[0.5942,51.3879],[0.5942,51.388],[0.5941,51.3879]],[[0.671,51.3921],[0.6708,51.3921],[0.6709,51.392],[0.671,51.3921]],[[0.6724,51.3915],[0.6728,51.3915],[0.6726,51.3916],[0.6724,51.3915]],[[0.602,51.3846],[0.6023,51.3846],[0.602,51.3847],[0.602,51.3846]],[[0.6337,51.4272],[0.6338,51.4271],[0.634,51.4273],[0.6337,51.4272]],[[0.7004,51.3821],[0.7007,51.3822],[0.7007,51.3823],[0.7004,51.3821]],[[0.6823,51.4042],[0.6823,51.4042],[0.6819,51.4043],[0.6823,51.4042]],[[0.6322,51.4238],[0.6321,51.4236],[0.6322,51.4236],[0.6322,51.4238]],[[0.6299,51.421],[0.6304,51.4208],[0.6303,51.4209],[0.6299,51.421]],[[0.6718,51.3918],[0.6719,51.3918],[0.6721,51.3918],[0.6718,51.3918]],[[0.6329,51.4288],[0.6331,51.4287],[0.6332,51.429],[0.6329,51.4288]],[[0.7005,51.3901],[0.7006,51.3902],[0.7006,51.39],[0.7005,51.3901]],[[0.5896,51.3951],[0.5894,51.395],[0.5896,51.395],[0.5896,51.3951]],[[0.6621,51.3934],[0.662,51.3934],[0.662,51.3933],[0.6621,51.3934]],[[0.6499,51.444],[0.6502,51.4441],[0.65,51.4441],[0.6499,51.444]],[[0.6347,51.4273],[0.6349,51.4273],[0.6348,51.4275],[0.6347,51.4273]],[[0.6553,51.4397],[0.6551,51.4397],[0.6552,51.4395],[0.6553,51.4397]],[[0.5806,51.406],[0.5806,51.406],[0.5808,51.4061],[0.5806,51.406]],[[0.703,51.4089],[0.7031,51.4088],[0.7032,51.4089],[0.703,51.4089]],[[0.6383,51.42],[0.6385,51.42],[0.6385,51.4201],[0.6383,51.42]],[[0.6534,51.443],[0.6533,51.443],[0.6534,51.4429],[0.6534,51.443]],[[0.612,51.4275],[0.6122,51.4272],[0.6121,51.4276],[0.612,51.4275]],[[0.6296,51.4388],[0.6292,51.4387],[0.6293,51.4386],[0.6296,51.4388]],[[0.5732,51.3953],[0.5733,51.3952],[0.5734,51.3953],[0.5732,51.3953]],[[0.6728,51.4192],[0.6731,51.4192],[0.673,51.4193],[0.6728,51.4192]],[[0.6737,51.4033],[0.6736,51.4033],[0.6737,51.4032],[0.6737,51.4033]],[[0.6585,51.4452],[0.6584,51.4453],[0.6582,51.4453],[0.6585,51.4452]],[[0.6218,51.3881],[0.6217,51.3882],[0.6214,51.3881],[0.6218,51.3881]],[[0.6133,51.4052],[0.613,51.4052],[0.6133,51.4051],[0.6133,51.4052]],[[0.6412,51.4408],[0.6411,51.4406],[0.6413,51.4408],[0.6412,51.4408]],[[0.5943,51.3882],[0.5944,51.3879],[0.5945,51.3881],[0.5943,51.3882]],[[0.5704,51.396],[0.5702,51.3959],[0.5705,51.3959],[0.5704,51.396]],[[0.6741,51.3922],[0.674,51.3923],[0.674,51.3921],[0.6741,51.3922]],[[0.5688,51.3952],[0.5689,51.3951],[0.569,51.3953],[0.5688,51.3952]],[[0.6145,51.4241],[0.6146,51.424],[0.6149,51.4241],[0.6145,51.4241]],[[0.6757,51.4044],[0.6756,51.4046],[0.6754,51.4045],[0.6757,51.4044]],[[0.6198,51.4307],[0.6197,51.4306],[0.6201,51.4307],[0.6198,51.4307]],[[0.6207,51.4377],[0.6205,51.4376],[0.6209,51.4376],[0.6207,51.4377]],[[0.6227,51.4256],[0.623,51.4256],[0.6228,51.4257],[0.6227,51.4256]],[[0.579,51.406],[0.5794,51.4059],[0.5797,51.406],[0.579,51.406]],[[0.6714,51.4174],[0.6713,51.4172],[0.6715,51.4173],[0.6714,51.4174]],[[0.6768,51.4],[0.6771,51.4001],[0.6769,51.4001],[0.6768,51.4]],[[0.6192,51.3813],[0.6189,51.3812],[0.6192,51.3812],[0.6192,51.3813]],[[0.6771,51.4],[0.677,51.3999],[0.6773,51.4],[0.6771,51.4]],[[0.5715,51.413],[0.5719,51.4132],[0.5717,51.4132],[0.5715,51.413]],[[0.6341,51.4292],[0.634,51.4291],[0.6339,51.4293],[0.6341,51.4292]],[[0.6176,51.4317],[0.6176,51.4316],[0.6178,51.4317],[0.6176,51.4317]],[[0.6694,51.4363],[0.6696,51.4363],[0.6697,51.4364],[0.6694,51.4363]],[[0.6192,51.4283],[0.619,51.4283],[0.6189,51.4282],[0.6192,51.4283]],[[0.594,51.388],[0.5942,51.3881],[0.594,51.3878],[0.594,51.388]],[[0.6554,51.4394],[0.6557,51.4395],[0.6555,51.4396],[0.6554,51.4394]],[[0.6122,51.3984],[0.6121,51.3986],[0.6119,51.3986],[0.6122,51.3984]],[[0.562,51.4082],[0.5622,51.4081],[0.5621,51.4082],[0.562,51.4082]],[[0.6779,51.3941],[0.6783,51.394],[0.6783,51.3941],[0.6779,51.3941]],[[0.6799,51.404],[0.6801,51.4041],[0.68,51.4041],[0.6799,51.404]],[[0.5758,51.4153],[0.5758,51.4151],[0.576,51.4151],[0.5758,51.4153]],[[0.6705,51.3924],[0.6707,51.3926],[0.6704,51.3926],[0.6705,51.3924]],[[0.63,51.4291],[0.6302,51.429],[0.6301,51.4291],[0.63,51.4291]],[[0.6341,51.4269],[0.634,51.427],[0.6346,51.4269],[0.6341,51.4269]],[[0.6158,51.3978],[0.616,51.3976],[0.616,51.3978],[0.6158,51.3978]],[[0.6173,51.3802],[0.6172,51.3801],[0.6175,51.3801],[0.6173,51.3802]],[[0.6772,51.4011],[0.6773,51.4012],[0.6771,51.4012],[0.6772,51.4011]],[[0.6846,51.4181],[0.6844,51.418],[0.6847,51.418],[0.6846,51.4181]],[[0.6722,51.3993],[0.6725,51.3993],[0.6724,51.3994],[0.6722,51.3993]],[[0.7098,51.4204],[0.7097,51.4205],[0.7091,51.4204],[0.7098,51.4204]],[[0.6868,51.4064],[0.6864,51.4064],[0.6864,51.4064],[0.6868,51.4064]],[[0.6331,51.421],[0.6333,51.4211],[0.6331,51.4212],[0.6331,51.421]],[[0.6545,51.393],[0.6545,51.3929],[0.6548,51.3928],[0.6545,51.393]],[[0.6139,51.3984],[0.6141,51.3985],[0.6139,51.3986],[0.6139,51.3984]],[[0.6602,51.418],[0.6604,51.4181],[0.6601,51.4181],[0.6602,51.418]],[[0.5722,51.4133],[0.5723,51.4132],[0.5724,51.4133],[0.5722,51.4133]],[[0.6241,51.4331],[0.6242,51.4331],[0.6244,51.4332],[0.6241,51.4331]],[[0.6051,51.3999],[0.6053,51.3998],[0.6052,51.4],[0.6051,51.3999]],[[0.6365,51.4433],[0.6367,51.4434],[0.6366,51.4435],[0.6365,51.4433]],[[0.6152,51.3957],[0.6151,51.3956],[0.6153,51.3956],[0.6152,51.3957]],[[0.6387,51.4434],[0.6385,51.4434],[0.6386,51.4432],[0.6387,51.4434]],[[0.6029,51.3849],[0.6026,51.3848],[0.6029,51.385],[0.6029,51.3849]],[[0.675,51.3946],[0.675,51.3947],[0.6746,51.3948],[0.675,51.3946]],[[0.7024,51.3908],[0.7021,51.3909],[0.7023,51.3907],[0.7024,51.3908]],[[0.6019,51.3839],[0.602,51.3842],[0.6017,51.384],[0.6019,51.3839]],[[0.6371,51.4319],[0.6374,51.4318],[0.6376,51.4319],[0.6371,51.4319]],[[0.6151,51.3958],[0.6154,51.3957],[0.6151,51.3959],[0.6151,51.3958]],[[0.6712,51.3922],[0.671,51.3922],[0.6712,51.392],[0.6712,51.3922]],[[0.6749,51.417],[0.6748,51.4167],[0.6749,51.4168],[0.6749,51.417]],[[0.6132,51.4231],[0.6129,51.4229],[0.6133,51.4231],[0.6132,51.4231]],[[0.698,51.3809],[0.6975,51.3809],[0.6973,51.3808],[0.698,51.3809]],[[0.6271,51.4387],[0.6274,51.4387],[0.6272,51.4388],[0.6271,51.4387]],[[0.6382,51.4416],[0.6384,51.4415],[0.6384,51.4417],[0.6382,51.4416]],[[0.5988,51.3898],[0.5986,51.3899],[0.5987,51.3897],[0.5988,51.3898]],[[0.6022,51.3859],[0.6022,51.3857],[0.6025,51.3859],[0.6022,51.3859]],[[0.6184,51.4352],[0.6186,51.4352],[0.6184,51.435],[0.6184,51.4352]],[[0.659,51.4444],[0.6593,51.4443],[0.6592,51.4445],[0.659,51.4444]],[[0.6039,51.3942],[0.6043,51.3942],[0.6042,51.3943],[0.6039,51.3942]],[[0.6802,51.4202],[0.6801,51.42],[0.6803,51.42],[0.6802,51.4202]],[[0.6718,51.3939],[0.6719,51.394],[0.6715,51.3939],[0.6718,51.3939]],[[0.6673,51.4235],[0.667,51.4235],[0.6669,51.4234],[0.6673,51.4235]],[[0.6838,51.403],[0.6841,51.403],[0.684,51.4031],[0.6838,51.403]],[[0.5898,51.3943],[0.5896,51.3944],[0.5898,51.3942],[0.5898,51.3943]],[[0.6862,51.404],[0.6865,51.404],[0.6866,51.4041],[0.6862,51.404]],[[0.675,51.394],[0.6753,51.3938],[0.6754,51.3939],[0.675,51.394]],[[0.6725,51.3919],[0.6724,51.392],[0.6721,51.3919],[0.6725,51.3919]],[[0.6306,51.4317],[0.6309,51.4317],[0.6306,51.4318],[0.6306,51.4317]],[[0.6643,51.4225],[0.6641,51.4222],[0.6642,51.4222],[0.6643,51.4225]],[[0.6338,51.4275],[0.6341,51.4274],[0.6344,51.4273],[0.6338,51.4275]],[[0.5708,51.3935],[0.571,51.3936],[0.5707,51.3936],[0.5708,51.3935]],[[0.6209,51.4377],[0.6211,51.4376],[0.621,51.4378],[0.6209,51.4377]],[[0.6389,51.4307],[0.6392,51.4308],[0.639,51.431],[0.6389,51.4307]],[[0.6717,51.4138],[0.6716,51.4138],[0.6714,51.4138],[0.6717,51.4138]],[[0.6908,51.3971],[0.691,51.3972],[0.691,51.3973],[0.6908,51.3971]],[[0.6348,51.4284],[0.6346,51.4283],[0.6349,51.4282],[0.6348,51.4284]],[[0.6024,51.3845],[0.6027,51.3844],[0.6027,51.3846],[0.6024,51.3845]],[[0.6776,51.3939],[0.6775,51.394],[0.6773,51.3938],[0.6776,51.3939]],[[0.5984,51.3868],[0.5984,51.3867],[0.5989,51.3867],[0.5984,51.3868]],[[0.6724,51.3907],[0.6725,51.3908],[0.6722,51.3908],[0.6724,51.3907]],[[0.6585,51.4378],[0.6589,51.4379],[0.6586,51.4379],[0.6585,51.4378]],[[0.7004,51.3837],[0.7003,51.3838],[0.7001,51.3837],[0.7004,51.3837]],[[0.6068,51.3842],[0.6069,51.3845],[0.6067,51.3844],[0.6068,51.3842]],[[0.6254,51.3876],[0.6257,51.3877],[0.6254,51.3877],[0.6254,51.3876]],[[0.678,51.3937],[0.6783,51.3939],[0.6781,51.3939],[0.678,51.3937]],[[0.6275,51.4379],[0.6277,51.438],[0.6276,51.438],[0.6275,51.4379]],[[0.6665,51.3964],[0.6666,51.3963],[0.6668,51.3964],[0.6665,51.3964]],[[0.6247,51.4365],[0.6244,51.4366],[0.6243,51.4365],[0.6247,51.4365]],[[0.5614,51.4079],[0.562,51.4079],[0.5616,51.408],[0.5614,51.4079]],[[0.6648,51.4229],[0.665,51.4229],[0.6649,51.4231],[0.6648,51.4229]],[[0.693,51.3994],[0.6933,51.3994],[0.693,51.3995],[0.693,51.3994]],[[0.6133,51.4234],[0.6135,51.4234],[0.6133,51.4236],[0.6133,51.4234]],[[0.6799,51.4194],[0.6802,51.4196],[0.68,51.4196],[0.6799,51.4194]],[[0.6834,51.4034],[0.6836,51.4034],[0.6833,51.4036],[0.6834,51.4034]],[[0.6656,51.3955],[0.6652,51.3955],[0.6655,51.3954],[0.6656,51.3955]],[[0.6162,51.3966],[0.6159,51.3966],[0.6161,51.3964],[0.6162,51.3966]],[[0.6082,51.4002],[0.6084,51.4002],[0.6084,51.4005],[0.6082,51.4002]],[[0.6219,51.3877],[0.6222,51.3875],[0.6223,51.3876],[0.6219,51.3877]],[[0.612,51.395],[0.6119,51.3949],[0.6123,51.395],[0.612,51.395]],[[0.6783,51.3941],[0.6785,51.394],[0.6786,51.3941],[0.6783,51.3941]],[[0.6223,51.4278],[0.6227,51.4279],[0.6221,51.4279],[0.6223,51.4278]],[[0.5708,51.4107],[0.5706,51.4108],[0.5705,51.4107],[0.5708,51.4107]],[[0.7085,51.3933],[0.7087,51.3932],[0.7088,51.3934],[0.7085,51.3933]],[[0.6712,51.3993],[0.671,51.3993],[0.6711,51.3991],[0.6712,51.3993]],[[0.655,51.4451],[0.6551,51.4451],[0.6554,51.4453],[0.655,51.4451]],[[0.627,51.4376],[0.6276,51.4377],[0.6277,51.4378],[0.627,51.4376]],[[0.6864,51.4193],[0.6866,51.4192],[0.6865,51.4194],[0.6864,51.4193]],[[0.6289,51.4299],[0.6292,51.4299],[0.6291,51.4301],[0.6289,51.4299]],[[0.7061,51.4184],[0.7068,51.4182],[0.7062,51.4184],[0.7061,51.4184]],[[0.6832,51.4022],[0.6836,51.4022],[0.6833,51.4023],[0.6832,51.4022]],[[0.5944,51.389],[0.5941,51.3889],[0.5947,51.3888],[0.5944,51.389]],[[0.6468,51.4442],[0.6471,51.4442],[0.6469,51.4444],[0.6468,51.4442]],[[0.5948,51.3872],[0.5947,51.3872],[0.5951,51.3871],[0.5948,51.3872]],[[0.6281,51.4379],[0.6284,51.4381],[0.6278,51.438],[0.6281,51.4379]],[[0.6168,51.3815],[0.6172,51.3816],[0.6171,51.3817],[0.6168,51.3815]],[[0.6998,51.3834],[0.6994,51.3835],[0.7002,51.3834],[0.6998,51.3834]],[[0.6898,51.4016],[0.6901,51.4015],[0.6903,51.4016],[0.6898,51.4016]],[[0.7051,51.4083],[0.7053,51.4082],[0.7054,51.4084],[0.7051,51.4083]],[[0.6726,51.4054],[0.6729,51.4053],[0.6726,51.4055],[0.6726,51.4054]],[[0.6705,51.3924],[0.6709,51.3923],[0.6707,51.3926],[0.6705,51.3924]],[[0.5727,51.3947],[0.5729,51.3946],[0.573,51.3947],[0.5727,51.3947]],[[0.6846,51.4006],[0.6849,51.4007],[0.6846,51.4007],[0.6846,51.4006]],[[0.6097,51.3861],[0.6096,51.3858],[0.6098,51.386],[0.6097,51.3861]],[[0.5868,51.3929],[0.5871,51.3929],[0.5871,51.393],[0.5868,51.3929]],[[0.6688,51.3919],[0.6683,51.3922],[0.6688,51.3918],[0.6688,51.3919]],[[0.6742,51.4181],[0.6745,51.418],[0.6745,51.4183],[0.6742,51.4181]],[[0.6131,51.4067],[0.6135,51.4067],[0.6133,51.4069],[0.6131,51.4067]],[[0.665,51.4391],[0.6651,51.439],[0.6654,51.439],[0.665,51.4391]],[[0.6449,51.4421],[0.6447,51.4421],[0.6449,51.4418],[0.6449,51.4421]],[[0.6386,51.4428],[0.6388,51.4428],[0.6387,51.4431],[0.6386,51.4428]],[[0.6773,51.4125],[0.6776,51.4125],[0.6776,51.4127],[0.6773,51.4125]],[[0.5954,51.3875],[0.5956,51.3874],[0.5957,51.3876],[0.5954,51.3875]],[[0.6291,51.4306],[0.6293,51.4303],[0.6293,51.4305],[0.6291,51.4306]],[[0.6223,51.3875],[0.6224,51.3874],[0.6224,51.3877],[0.6223,51.3875]],[[0.6125,51.4005],[0.6128,51.4004],[0.6129,51.4007],[0.6125,51.4005]],[[0.5945,51.3886],[0.595,51.3885],[0.5946,51.3886],[0.5945,51.3886]],[[0.6723,51.4057],[0.6725,51.4055],[0.6726,51.4056],[0.6723,51.4057]],[[0.6003,51.3848],[0.5999,51.3847],[0.6001,51.3846],[0.6003,51.3848]],[[0.6749,51.4028],[0.6754,51.4028],[0.6751,51.403],[0.6749,51.4028]],[[0.7112,51.42],[0.7109,51.42],[0.7112,51.4198],[0.7112,51.42]],[[0.612,51.3951],[0.6117,51.3952],[0.6115,51.395],[0.612,51.3951]],[[0.6196,51.3879],[0.6197,51.3877],[0.6199,51.3878],[0.6196,51.3879]],[[0.6213,51.4377],[0.6211,51.4374],[0.6215,51.4376],[0.6213,51.4377]],[[0.6995,51.41],[0.6994,51.4103],[0.6993,51.4101],[0.6995,51.41]],[[0.5794,51.4058],[0.5797,51.4058],[0.5793,51.4059],[0.5794,51.4058]],[[0.6912,51.3972],[0.6909,51.3971],[0.6913,51.3969],[0.6912,51.3972]],[[0.6373,51.4173],[0.6375,51.4172],[0.6377,51.4173],[0.6373,51.4173]],[[0.5797,51.4057],[0.58,51.4058],[0.5795,51.4059],[0.5797,51.4057]],[[0.6403,51.4432],[0.6406,51.4433],[0.6403,51.4435],[0.6403,51.4432]],[[0.6383,51.4177],[0.638,51.4177],[0.6382,51.4176],[0.6383,51.4177]],[[0.6382,51.4406],[0.639,51.4407],[0.6388,51.4407],[0.6382,51.4406]],[[0.4739,51.3763],[0.4742,51.3764],[0.4739,51.3764],[0.4739,51.3763]],[[0.6134,51.3986],[0.6132,51.3985],[0.6133,51.3983],[0.6134,51.3986]],[[0.675,51.3938],[0.675,51.394],[0.6747,51.3939],[0.675,51.3938]],[[0.5719,51.4114],[0.5723,51.4113],[0.5721,51.4115],[0.5719,51.4114]],[[0.475,51.3752],[0.4753,51.3752],[0.4751,51.3753],[0.475,51.3752]],[[0.6204,51.427],[0.6209,51.427],[0.6208,51.4271],[0.6204,51.427]],[[0.6698,51.3937],[0.6701,51.3937],[0.6699,51.3938],[0.6698,51.3937]],[[0.5759,51.4102],[0.5761,51.41],[0.5762,51.4102],[0.5759,51.4102]],[[0.6691,51.4199],[0.6689,51.4199],[0.6691,51.4197],[0.6691,51.4199]],[[0.6587,51.3915],[0.6586,51.3917],[0.6583,51.3916],[0.6587,51.3915]],[[0.6354,51.4304],[0.6362,51.4305],[0.6358,51.4305],[0.6354,51.4304]],[[0.6674,51.4412],[0.6678,51.441],[0.6675,51.4413],[0.6674,51.4412]],[[0.6897,51.4125],[0.6896,51.4123],[0.6901,51.4121],[0.6897,51.4125]],[[0.6198,51.4369],[0.6201,51.4369],[0.62,51.4371],[0.6198,51.4369]],[[0.7012,51.39],[0.7014,51.39],[0.7013,51.3902],[0.7012,51.39]],[[0.7054,51.408],[0.7052,51.4081],[0.7054,51.4078],[0.7054,51.408]],[[0.6109,51.4052],[0.6114,51.4054],[0.6112,51.4055],[0.6109,51.4052]],[[0.6249,51.4338],[0.6251,51.4337],[0.6253,51.4338],[0.6249,51.4338]],[[0.6466,51.4383],[0.6462,51.4384],[0.6464,51.4382],[0.6466,51.4383]],[[0.5754,51.4087],[0.5748,51.4088],[0.5751,51.4087],[0.5754,51.4087]],[[0.7105,51.3903],[0.711,51.3902],[0.7109,51.3904],[0.7105,51.3903]],[[0.6217,51.4313],[0.6216,51.4312],[0.6219,51.4312],[0.6217,51.4313]],[[0.5991,51.3968],[0.5996,51.397],[0.5993,51.397],[0.5991,51.3968]],[[0.6985,51.3811],[0.6988,51.381],[0.6988,51.3813],[0.6985,51.3811]],[[0.6341,51.4286],[0.6344,51.4284],[0.6346,51.4286],[0.6341,51.4286]],[[0.67,51.3936],[0.6701,51.3937],[0.6696,51.3937],[0.67,51.3936]],[[0.6049,51.3849],[0.6049,51.3847],[0.6051,51.3848],[0.6049,51.3849]],[[0.6588,51.3917],[0.6592,51.3914],[0.6591,51.3917],[0.6588,51.3917]],[[0.6767,51.3928],[0.6771,51.3928],[0.6768,51.3929],[0.6767,51.3928]],[[0.6673,51.4058],[0.6685,51.4059],[0.6676,51.4059],[0.6673,51.4058]],[[0.6803,51.4205],[0.6804,51.4202],[0.6807,51.4204],[0.6803,51.4205]],[[0.6349,51.4418],[0.6352,51.4422],[0.6347,51.4421],[0.6349,51.4418]],[[0.6196,51.4068],[0.62,51.4072],[0.6196,51.407],[0.6196,51.4068]],[[0.6755,51.4086],[0.6763,51.4085],[0.676,51.4087],[0.6755,51.4086]],[[0.5661,51.3958],[0.5659,51.3958],[0.5661,51.3956],[0.5661,51.3958]],[[0.6766,51.3965],[0.6771,51.3967],[0.6766,51.3966],[0.6766,51.3965]],[[0.6765,51.3926],[0.6766,51.3925],[0.6769,51.3927],[0.6765,51.3926]],[[0.5979,51.3976],[0.5981,51.3975],[0.5983,51.3976],[0.5979,51.3976]],[[0.6773,51.4048],[0.6777,51.4046],[0.6778,51.4047],[0.6773,51.4048]],[[0.6235,51.4297],[0.6236,51.4298],[0.6229,51.4298],[0.6235,51.4297]],[[0.6715,51.3946],[0.672,51.3947],[0.6721,51.3949],[0.6715,51.3946]],[[0.6479,51.4402],[0.6475,51.44],[0.6478,51.44],[0.6479,51.4402]],[[0.6626,51.4386],[0.6628,51.4385],[0.6629,51.4387],[0.6626,51.4386]],[[0.6848,51.4175],[0.685,51.4177],[0.6846,51.4176],[0.6848,51.4175]],[[0.6842,51.4027],[0.6842,51.4026],[0.6846,51.4027],[0.6842,51.4027]],[[0.654,51.4398],[0.6539,51.4398],[0.6545,51.4395],[0.654,51.4398]],[[0.6795,51.3795],[0.68,51.3798],[0.6798,51.3798],[0.6795,51.3795]],[[0.6456,51.4358],[0.6462,51.4364],[0.6459,51.4363],[0.6456,51.4358]],[[0.6789,51.4224],[0.6791,51.4225],[0.6785,51.4226],[0.6789,51.4224]],[[0.5994,51.3861],[0.5996,51.3858],[0.5997,51.3861],[0.5994,51.3861]],[[0.6384,51.4166],[0.6383,51.4168],[0.6377,51.4167],[0.6384,51.4166]],[[0.6737,51.4079],[0.6732,51.4077],[0.6734,51.4076],[0.6737,51.4079]],[[0.6746,51.394],[0.6748,51.3941],[0.6746,51.3943],[0.6746,51.394]],[[0.6908,51.398],[0.6906,51.3979],[0.6908,51.3978],[0.6908,51.398]],[[0.6308,51.4276],[0.631,51.4277],[0.6308,51.4279],[0.6308,51.4276]],[[0.6599,51.4418],[0.6598,51.4416],[0.6602,51.4417],[0.6599,51.4418]],[[0.5882,51.3922],[0.5883,51.392],[0.5886,51.3922],[0.5882,51.3922]],[[0.7012,51.3897],[0.7016,51.3899],[0.7011,51.3899],[0.7012,51.3897]],[[0.6064,51.384],[0.6058,51.384],[0.6062,51.3838],[0.6064,51.384]],[[0.6146,51.4071],[0.6147,51.407],[0.6147,51.4074],[0.6146,51.4071]],[[0.5988,51.3864],[0.5991,51.3861],[0.5989,51.3865],[0.5988,51.3864]],[[0.5978,51.406],[0.5977,51.4059],[0.5981,51.4059],[0.5978,51.406]],[[0.6684,51.4398],[0.6687,51.44],[0.6685,51.44],[0.6684,51.4398]],[[0.6051,51.3995],[0.6047,51.3994],[0.605,51.3994],[0.6051,51.3995]],[[0.6345,51.4282],[0.634,51.4285],[0.6343,51.4282],[0.6345,51.4282]],[[0.5986,51.3893],[0.5988,51.3896],[0.5985,51.3895],[0.5986,51.3893]],[[0.6748,51.4182],[0.6753,51.4184],[0.6748,51.4184],[0.6748,51.4182]],[[0.6308,51.4213],[0.631,51.4215],[0.6306,51.4214],[0.6308,51.4213]],[[0.6493,51.4411],[0.6497,51.4411],[0.6494,51.4413],[0.6493,51.4411]],[[0.6772,51.4127],[0.6777,51.4127],[0.6775,51.4129],[0.6772,51.4127]],[[0.6369,51.4193],[0.6366,51.4193],[0.6367,51.4189],[0.6369,51.4193]],[[0.6667,51.3874],[0.6668,51.3875],[0.6665,51.3878],[0.6667,51.3874]],[[0.6208,51.4278],[0.6213,51.4278],[0.6208,51.4279],[0.6208,51.4278]],[[0.6754,51.3936],[0.6751,51.3937],[0.6755,51.3938],[0.6754,51.3936]],[[0.6732,51.3909],[0.6737,51.3911],[0.6733,51.3911],[0.6732,51.3909]],[[0.5988,51.3866],[0.5982,51.3864],[0.5984,51.3864],[0.5988,51.3866]],[[0.6114,51.3983],[0.6114,51.3987],[0.6112,51.3985],[0.6114,51.3983]],[[0.6874,51.3974],[0.6877,51.3973],[0.6877,51.3975],[0.6874,51.3974]],[[0.7214,51.4179],[0.7216,51.4177],[0.7215,51.418],[0.7214,51.4179]],[[0.648,51.4335],[0.6473,51.4335],[0.6472,51.4334],[0.648,51.4335]],[[0.6768,51.4028],[0.6767,51.4026],[0.6771,51.4026],[0.6768,51.4028]],[[0.6795,51.4211],[0.6797,51.4209],[0.6801,51.4209],[0.6795,51.4211]],[[0.6832,51.3928],[0.683,51.3928],[0.6836,51.393],[0.6832,51.3928]],[[0.6012,51.4008],[0.6013,51.401],[0.6009,51.4009],[0.6012,51.4008]],[[0.6539,51.445],[0.6544,51.4451],[0.6542,51.4452],[0.6539,51.445]],[[0.6211,51.3881],[0.621,51.3879],[0.6209,51.3885],[0.6211,51.3881]],[[0.6741,51.4186],[0.6745,51.4185],[0.6745,51.4187],[0.6741,51.4186]],[[0.5854,51.4153],[0.5856,51.4152],[0.5859,51.4154],[0.5854,51.4153]],[[0.6775,51.3932],[0.6777,51.3933],[0.6774,51.3935],[0.6775,51.3932]],[[0.6829,51.3988],[0.683,51.399],[0.6826,51.399],[0.6829,51.3988]],[[0.5886,51.3921],[0.5885,51.392],[0.589,51.392],[0.5886,51.3921]],[[0.6747,51.4179],[0.6747,51.4182],[0.6746,51.4185],[0.6747,51.4179]],[[0.6014,51.3981],[0.6016,51.398],[0.6019,51.3982],[0.6014,51.3981]],[[0.6674,51.4208],[0.6676,51.4208],[0.668,51.4211],[0.6674,51.4208]],[[0.5795,51.4048],[0.5798,51.4046],[0.5798,51.4048],[0.5795,51.4048]],[[0.6767,51.4086],[0.6765,51.4088],[0.6761,51.4087],[0.6767,51.4086]],[[0.6868,51.4013],[0.6873,51.4013],[0.687,51.4015],[0.6868,51.4013]],[[0.7089,51.3902],[0.7097,51.3904],[0.7092,51.3904],[0.7089,51.3902]],[[0.6377,51.418],[0.6379,51.4179],[0.6376,51.4182],[0.6377,51.418]],[[0.6733,51.3913],[0.6737,51.3912],[0.6736,51.3915],[0.6733,51.3913]],[[0.6746,51.42],[0.6748,51.4198],[0.675,51.4201],[0.6746,51.42]],[[0.6945,51.3968],[0.6949,51.3969],[0.6951,51.3973],[0.6945,51.3968]],[[0.6681,51.3928],[0.6678,51.3925],[0.6682,51.3927],[0.6681,51.3928]],[[0.6759,51.3936],[0.6756,51.3937],[0.6758,51.3934],[0.6759,51.3936]],[[0.6488,51.4429],[0.6495,51.443],[0.6491,51.4431],[0.6488,51.4429]],[[0.6827,51.4101],[0.6824,51.41],[0.6825,51.4097],[0.6827,51.4101]],[[0.645,51.4393],[0.6448,51.4389],[0.6451,51.4392],[0.645,51.4393]],[[0.7073,51.3943],[0.7082,51.3941],[0.7074,51.3944],[0.7073,51.3943]],[[0.6195,51.4307],[0.6188,51.4311],[0.6191,51.4307],[0.6195,51.4307]],[[0.6171,51.3809],[0.6174,51.3808],[0.6175,51.3811],[0.6171,51.3809]],[[0.686,51.3974],[0.6852,51.3974],[0.6858,51.3973],[0.686,51.3974]],[[0.5876,51.3932],[0.5872,51.3931],[0.5874,51.393],[0.5876,51.3932]],[[0.6994,51.381],[0.7,51.3808],[0.6997,51.3812],[0.6994,51.381]],[[0.6721,51.4028],[0.6725,51.4028],[0.6723,51.4029],[0.6721,51.4028]],[[0.676,51.4069],[0.6764,51.4069],[0.6762,51.4071],[0.676,51.4069]],[[0.632,51.4285],[0.6325,51.4286],[0.6322,51.4288],[0.632,51.4285]],[[0.5997,51.4067],[0.6001,51.4067],[0.6002,51.4068],[0.5997,51.4067]],[[0.6743,51.3942],[0.674,51.3941],[0.6744,51.3939],[0.6743,51.3942]],[[0.5736,51.4097],[0.5738,51.4098],[0.5735,51.4098],[0.5736,51.4097]],[[0.6012,51.3944],[0.6017,51.3943],[0.6024,51.3943],[0.6012,51.3944]],[[0.6031,51.3943],[0.6024,51.3943],[0.603,51.3942],[0.6031,51.3943]],[[0.6196,51.4359],[0.6192,51.436],[0.6194,51.4358],[0.6196,51.4359]],[[0.6066,51.3838],[0.6071,51.3838],[0.6069,51.3841],[0.6066,51.3838]],[[0.6218,51.4329],[0.6218,51.4324],[0.622,51.4327],[0.6218,51.4329]],[[0.6129,51.4231],[0.6132,51.4232],[0.6128,51.4234],[0.6129,51.4231]],[[0.6287,51.4289],[0.6285,51.4289],[0.6284,51.4287],[0.6287,51.4289]],[[0.6005,51.3983],[0.6012,51.3982],[0.6012,51.3983],[0.6005,51.3983]],[[0.6228,51.3885],[0.6232,51.3883],[0.623,51.3885],[0.6228,51.3885]],[[0.6325,51.4402],[0.6321,51.4401],[0.6324,51.44],[0.6325,51.4402]],[[0.6187,51.4356],[0.6191,51.4358],[0.619,51.4359],[0.6187,51.4356]],[[0.6583,51.4429],[0.6589,51.443],[0.6587,51.4431],[0.6583,51.4429]],[[0.6908,51.4121],[0.6912,51.4121],[0.691,51.4123],[0.6908,51.4121]],[[0.6685,51.3989],[0.6683,51.399],[0.6681,51.3987],[0.6685,51.3989]],[[0.619,51.4335],[0.6192,51.4331],[0.6192,51.4336],[0.619,51.4335]],[[0.6466,51.4378],[0.6469,51.4379],[0.6464,51.4382],[0.6466,51.4378]],[[0.6132,51.4291],[0.6135,51.4291],[0.6139,51.4293],[0.6132,51.4291]],[[0.5951,51.3876],[0.5948,51.3874],[0.5955,51.3873],[0.5951,51.3876]],[[0.6809,51.4145],[0.6812,51.4143],[0.6809,51.4147],[0.6809,51.4145]],[[0.6416,51.4397],[0.6414,51.44],[0.6414,51.4397],[0.6416,51.4397]],[[0.6767,51.3934],[0.6764,51.3936],[0.676,51.3935],[0.6767,51.3934]],[[0.6588,51.3923],[0.6591,51.3922],[0.6595,51.3924],[0.6588,51.3923]],[[0.6307,51.4217],[0.631,51.4216],[0.6311,51.4219],[0.6307,51.4217]],[[0.6875,51.4182],[0.6873,51.4185],[0.6878,51.418],[0.6875,51.4182]],[[0.6332,51.4426],[0.6335,51.4424],[0.6333,51.4427],[0.6332,51.4426]],[[0.6008,51.395],[0.6012,51.395],[0.601,51.3951],[0.6008,51.395]],[[0.7097,51.3837],[0.7095,51.3835],[0.7099,51.3836],[0.7097,51.3837]],[[0.6023,51.3835],[0.6027,51.3838],[0.6024,51.3842],[0.6023,51.3835]],[[0.5803,51.4059],[0.5805,51.4061],[0.5801,51.4061],[0.5803,51.4059]],[[0.6868,51.4019],[0.6867,51.4017],[0.6872,51.4018],[0.6868,51.4019]],[[0.6724,51.4402],[0.672,51.4403],[0.6719,51.4402],[0.6724,51.4402]],[[0.6318,51.421],[0.6323,51.4207],[0.6329,51.4209],[0.6318,51.421]],[[0.6525,51.4374],[0.6532,51.4374],[0.6528,51.4375],[0.6525,51.4374]],[[0.5819,51.4125],[0.5823,51.4126],[0.5825,51.4128],[0.5819,51.4125]],[[0.6665,51.4205],[0.6661,51.4205],[0.6666,51.4201],[0.6665,51.4205]],[[0.645,51.4401],[0.6454,51.4404],[0.6451,51.4404],[0.645,51.4401]],[[0.5984,51.39],[0.5989,51.39],[0.5986,51.3902],[0.5984,51.39]],[[0.5991,51.3864],[0.5995,51.3862],[0.5992,51.3866],[0.5991,51.3864]],[[0.6758,51.4213],[0.6755,51.4214],[0.676,51.421],[0.6758,51.4213]],[[0.5865,51.3923],[0.5864,51.3926],[0.5863,51.3924],[0.5865,51.3923]],[[0.6666,51.408],[0.6672,51.4082],[0.667,51.4082],[0.6666,51.408]],[[0.6097,51.4059],[0.6096,51.4063],[0.6101,51.4058],[0.6097,51.4059]],[[0.6158,51.3973],[0.6153,51.3971],[0.616,51.3971],[0.6158,51.3973]],[[0.677,51.3935],[0.6768,51.3933],[0.6774,51.3933],[0.677,51.3935]],[[0.6365,51.427],[0.6365,51.4268],[0.6369,51.4269],[0.6365,51.427]],[[0.6341,51.4289],[0.6342,51.4292],[0.6338,51.4287],[0.6341,51.4289]],[[0.6379,51.4403],[0.6385,51.4403],[0.6386,51.4405],[0.6379,51.4403]],[[0.6187,51.4315],[0.6188,51.4314],[0.6194,51.432],[0.6187,51.4315]],[[0.6098,51.4014],[0.6101,51.4017],[0.6096,51.4017],[0.6098,51.4014]],[[0.6715,51.4404],[0.6712,51.4405],[0.6713,51.4401],[0.6715,51.4404]],[[0.6557,51.4412],[0.6562,51.4413],[0.656,51.4414],[0.6557,51.4412]],[[0.6592,51.4445],[0.6596,51.4447],[0.6591,51.4447],[0.6592,51.4445]],[[0.5947,51.3885],[0.5944,51.3884],[0.5948,51.3881],[0.5947,51.3885]],[[0.6853,51.4205],[0.6862,51.4202],[0.6855,51.4206],[0.6853,51.4205]],[[0.624,51.3775],[0.6236,51.3774],[0.6242,51.3774],[0.624,51.3775]],[[0.6771,51.3957],[0.6778,51.3956],[0.6775,51.3959],[0.6771,51.3957]],[[0.604,51.3961],[0.6041,51.396],[0.6046,51.3963],[0.604,51.3961]],[[0.6598,51.3891],[0.659,51.3894],[0.659,51.3892],[0.6598,51.3891]],[[0.6112,51.3973],[0.611,51.3974],[0.6107,51.3972],[0.6112,51.3973]],[[0.6731,51.4215],[0.6736,51.4214],[0.6736,51.4216],[0.6731,51.4215]],[[0.6619,51.3936],[0.6623,51.3933],[0.6622,51.3939],[0.6619,51.3936]],[[0.6734,51.4024],[0.6733,51.4022],[0.6738,51.4022],[0.6734,51.4024]],[[0.5884,51.393],[0.5882,51.3932],[0.5879,51.3929],[0.5884,51.393]],[[0.6143,51.4074],[0.6138,51.4075],[0.6137,51.4073],[0.6143,51.4074]],[[0.6032,51.3943],[0.6035,51.3942],[0.6038,51.3943],[0.6032,51.3943]],[[0.6841,51.4226],[0.6837,51.4226],[0.6846,51.4223],[0.6841,51.4226]],[[0.6989,51.3817],[0.6981,51.3815],[0.6988,51.3815],[0.6989,51.3817]],[[0.6555,51.4424],[0.655,51.4422],[0.6554,51.4421],[0.6555,51.4424]],[[0.6788,51.3938],[0.6784,51.3938],[0.6788,51.3937],[0.6788,51.3938]],[[0.6523,51.4373],[0.6523,51.4376],[0.6527,51.4372],[0.6523,51.4373]],[[0.6104,51.3945],[0.6095,51.3945],[0.61,51.3943],[0.6104,51.3945]],[[0.57,51.3954],[0.5701,51.3952],[0.5707,51.3954],[0.57,51.3954]],[[0.6714,51.3943],[0.6713,51.394],[0.6717,51.3941],[0.6714,51.3943]],[[0.6856,51.4159],[0.6861,51.416],[0.6854,51.4162],[0.6856,51.4159]],[[0.5943,51.3887],[0.5939,51.3891],[0.5937,51.3889],[0.5943,51.3887]],[[0.6267,51.4308],[0.6268,51.4303],[0.627,51.4303],[0.6267,51.4308]],[[0.6829,51.4185],[0.6833,51.4182],[0.6837,51.4183],[0.6829,51.4185]],[[0.6672,51.3816],[0.6674,51.3813],[0.6674,51.3817],[0.6672,51.3816]],[[0.6001,51.3862],[0.5998,51.3864],[0.5998,51.3861],[0.6001,51.3862]],[[0.672,51.3943],[0.6721,51.3945],[0.6716,51.3943],[0.672,51.3943]],[[0.6754,51.3951],[0.6762,51.3953],[0.6754,51.3953],[0.6754,51.3951]],[[0.6228,51.4354],[0.6232,51.4353],[0.623,51.4355],[0.6228,51.4354]],[[0.6692,51.4391],[0.669,51.4393],[0.6686,51.4393],[0.6692,51.4391]],[[0.58,51.4046],[0.5802,51.4043],[0.5804,51.4046],[0.58,51.4046]],[[0.5694,51.3939],[0.5699,51.3935],[0.5703,51.3936],[0.5694,51.3939]],[[0.6413,51.4424],[0.6412,51.4428],[0.641,51.4424],[0.6413,51.4424]],[[0.6101,51.4065],[0.6096,51.4066],[0.6096,51.4063],[0.6101,51.4065]],[[0.6196,51.4283],[0.6201,51.4283],[0.6195,51.4284],[0.6196,51.4283]],[[0.6833,51.4021],[0.6834,51.4019],[0.6837,51.4021],[0.6833,51.4021]],[[0.6845,51.4028],[0.6848,51.4028],[0.6848,51.4031],[0.6845,51.4028]],[[0.6759,51.3923],[0.6764,51.3926],[0.676,51.3926],[0.6759,51.3923]],[[0.58,51.4153],[0.5802,51.4151],[0.5805,51.4154],[0.58,51.4153]],[[0.6126,51.405],[0.6126,51.4048],[0.6132,51.405],[0.6126,51.405]],[[0.6899,51.3986],[0.6894,51.3989],[0.6896,51.3984],[0.6899,51.3986]],[[0.667,51.3835],[0.6673,51.3838],[0.6666,51.3837],[0.667,51.3835]],[[0.6752,51.4027],[0.6756,51.4026],[0.676,51.403],[0.6752,51.4027]],[[0.632,51.4304],[0.6318,51.4302],[0.6325,51.4301],[0.632,51.4304]],[[0.57,51.3958],[0.5704,51.3956],[0.5701,51.396],[0.57,51.3958]],[[0.6662,51.4401],[0.6666,51.4399],[0.6668,51.4401],[0.6662,51.4401]],[[0.634,51.4272],[0.6349,51.4272],[0.6345,51.4273],[0.634,51.4272]],[[0.6561,51.4457],[0.6556,51.4454],[0.6563,51.4455],[0.6561,51.4457]],[[0.6321,51.4231],[0.6323,51.4235],[0.6321,51.4236],[0.6321,51.4231]],[[0.6497,51.4357],[0.65,51.4356],[0.6502,51.4359],[0.6497,51.4357]],[[0.6719,51.3939],[0.672,51.3936],[0.6727,51.3937],[0.6719,51.3939]],[[0.5984,51.3869],[0.5987,51.3871],[0.598,51.3871],[0.5984,51.3869]],[[0.6125,51.3984],[0.6122,51.3987],[0.6114,51.3988],[0.6125,51.3984]],[[0.5869,51.3921],[0.5875,51.392],[0.587,51.3923],[0.5869,51.3921]],[[0.6712,51.4166],[0.6717,51.4166],[0.6711,51.4164],[0.6712,51.4166]],[[0.5994,51.3863],[0.5998,51.3861],[0.5998,51.3866],[0.5994,51.3863]],[[0.6687,51.4361],[0.6692,51.4361],[0.6687,51.4363],[0.6687,51.4361]],[[0.6846,51.4002],[0.685,51.4001],[0.6853,51.4003],[0.6846,51.4002]],[[0.6935,51.3994],[0.693,51.3993],[0.6932,51.3991],[0.6935,51.3994]],[[0.6634,51.394],[0.6635,51.3938],[0.664,51.3939],[0.6634,51.394]],[[0.6093,51.4016],[0.6093,51.4017],[0.6087,51.4017],[0.6093,51.4016]],[[0.6872,51.3974],[0.6875,51.3976],[0.6869,51.3976],[0.6872,51.3974]],[[0.6205,51.435],[0.6209,51.4352],[0.6205,51.4354],[0.6205,51.435]],[[0.5743,51.4088],[0.5748,51.4089],[0.5743,51.4091],[0.5743,51.4088]],[[0.6165,51.4278],[0.6165,51.4275],[0.6172,51.4278],[0.6165,51.4278]],[[0.5879,51.3922],[0.5875,51.3921],[0.5881,51.392],[0.5879,51.3922]],[[0.6448,51.441],[0.6452,51.4411],[0.6448,51.4414],[0.6448,51.441]],[[0.6749,51.4171],[0.6747,51.4172],[0.6748,51.4153],[0.6749,51.4171]],[[0.6764,51.3949],[0.6761,51.3952],[0.6757,51.3951],[0.6764,51.3949]],[[0.6052,51.3847],[0.6053,51.3842],[0.6058,51.3846],[0.6052,51.3847]],[[0.6595,51.4424],[0.6596,51.4427],[0.6592,51.4428],[0.6595,51.4424]],[[0.6745,51.4203],[0.6749,51.4202],[0.675,51.4204],[0.6745,51.4203]],[[0.7096,51.4187],[0.7102,51.4187],[0.7099,51.4189],[0.7096,51.4187]],[[0.5732,51.4092],[0.5739,51.4093],[0.5733,51.4095],[0.5732,51.4092]],[[0.655,51.3928],[0.6561,51.3925],[0.6554,51.3931],[0.655,51.3928]],[[0.6693,51.4072],[0.67,51.4073],[0.6697,51.4075],[0.6693,51.4072]],[[0.6227,51.3884],[0.6226,51.3877],[0.6228,51.3877],[0.6227,51.3884]],[[0.621,51.4373],[0.6212,51.4378],[0.6205,51.4375],[0.621,51.4373]],[[0.5836,51.4153],[0.5838,51.4152],[0.583,51.4154],[0.5836,51.4153]],[[0.6902,51.3972],[0.6907,51.3971],[0.6908,51.3973],[0.6902,51.3972]],[[0.62,51.3884],[0.6201,51.3882],[0.6208,51.3882],[0.62,51.3884]],[[0.6712,51.3919],[0.6717,51.3919],[0.6713,51.3924],[0.6712,51.3919]],[[0.5754,51.4146],[0.5759,51.4149],[0.5756,51.415],[0.5754,51.4146]],[[0.6707,51.3943],[0.6713,51.3944],[0.671,51.3945],[0.6707,51.3943]],[[0.6777,51.407],[0.678,51.4068],[0.6783,51.407],[0.6777,51.407]],[[0.6304,51.4212],[0.6304,51.4209],[0.6309,51.4211],[0.6304,51.4212]],[[0.6743,51.3945],[0.675,51.3942],[0.6752,51.3946],[0.6743,51.3945]],[[0.6606,51.4181],[0.6603,51.4179],[0.6601,51.4186],[0.6606,51.4181]],[[0.5724,51.4113],[0.5728,51.4111],[0.573,51.4114],[0.5724,51.4113]],[[0.5887,51.3934],[0.5889,51.3932],[0.5882,51.3933],[0.5887,51.3934]],[[0.6972,51.4187],[0.6973,51.4184],[0.6976,51.4188],[0.6972,51.4187]],[[0.6705,51.4056],[0.6712,51.4057],[0.6706,51.4058],[0.6705,51.4056]],[[0.6753,51.404],[0.6754,51.4041],[0.6747,51.4042],[0.6753,51.404]],[[0.6709,51.4172],[0.6701,51.4167],[0.6705,51.4167],[0.6709,51.4172]],[[0.6048,51.3969],[0.6042,51.3967],[0.6047,51.3967],[0.6048,51.3969]],[[0.5862,51.3923],[0.5861,51.392],[0.5867,51.392],[0.5862,51.3923]],[[0.6729,51.3953],[0.6732,51.3952],[0.6738,51.3955],[0.6729,51.3953]],[[0.6292,51.4349],[0.63,51.4347],[0.6295,51.4351],[0.6292,51.4349]],[[0.6243,51.4306],[0.6252,51.4307],[0.6255,51.4311],[0.6243,51.4306]],[[0.6568,51.4451],[0.6568,51.4456],[0.6563,51.4455],[0.6568,51.4451]],[[0.649,51.435],[0.6485,51.4347],[0.6492,51.4349],[0.649,51.435]],[[0.6301,51.4286],[0.6304,51.4286],[0.6303,51.4289],[0.6301,51.4286]],[[0.6757,51.4001],[0.6758,51.3999],[0.6762,51.4001],[0.6757,51.4001]],[[0.6603,51.4413],[0.6591,51.4411],[0.6606,51.4412],[0.6603,51.4413]],[[0.6735,51.3938],[0.6732,51.3941],[0.673,51.394],[0.6735,51.3938]],[[0.562,51.4087],[0.5621,51.4084],[0.5625,51.4087],[0.562,51.4087]],[[0.643,51.4378],[0.6422,51.4377],[0.6425,51.4375],[0.643,51.4378]],[[0.6404,51.4321],[0.6402,51.4319],[0.6407,51.4317],[0.6404,51.4321]],[[0.6756,51.4031],[0.6762,51.4031],[0.6757,51.4034],[0.6756,51.4031]],[[0.6251,51.4328],[0.6257,51.4327],[0.6246,51.4332],[0.6251,51.4328]],[[0.6372,51.4331],[0.6381,51.4332],[0.6371,51.4332],[0.6372,51.4331]],[[0.5906,51.3955],[0.5913,51.3955],[0.5911,51.3957],[0.5906,51.3955]],[[0.6826,51.4037],[0.6831,51.4037],[0.6826,51.4041],[0.6826,51.4037]],[[0.6348,51.4202],[0.6352,51.4202],[0.6348,51.4205],[0.6348,51.4202]],[[0.6144,51.3989],[0.6145,51.3985],[0.6148,51.3987],[0.6144,51.3989]],[[0.6309,51.4212],[0.6314,51.4213],[0.6311,51.4215],[0.6309,51.4212]],[[0.6571,51.4452],[0.6568,51.445],[0.6572,51.4448],[0.6571,51.4452]],[[0.6112,51.3964],[0.6106,51.3963],[0.6111,51.3961],[0.6112,51.3964]],[[0.6742,51.3951],[0.6751,51.3949],[0.6749,51.3952],[0.6742,51.3951]],[[0.6699,51.3933],[0.6701,51.3935],[0.6695,51.3936],[0.6699,51.3933]],[[0.6537,51.4386],[0.6544,51.4385],[0.6543,51.4388],[0.6537,51.4386]],[[0.6154,51.3985],[0.6147,51.3982],[0.6151,51.3981],[0.6154,51.3985]],[[0.6393,51.4313],[0.6397,51.4313],[0.6393,51.4316],[0.6393,51.4313]],[[0.6214,51.3886],[0.6214,51.3882],[0.622,51.3882],[0.6214,51.3886]],[[0.6823,51.4127],[0.6834,51.4127],[0.6828,51.4129],[0.6823,51.4127]],[[0.632,51.4212],[0.6329,51.421],[0.6329,51.4211],[0.632,51.4212]],[[0.6844,51.4034],[0.6849,51.4034],[0.6853,51.4037],[0.6844,51.4034]],[[0.6307,51.4216],[0.6305,51.4218],[0.6302,51.4215],[0.6307,51.4216]],[[0.6788,51.3941],[0.6787,51.3945],[0.6782,51.3943],[0.6788,51.3941]],[[0.6049,51.3998],[0.6055,51.3996],[0.605,51.4],[0.6049,51.3998]],[[0.642,51.4403],[0.6428,51.4406],[0.6424,51.4406],[0.642,51.4403]],[[0.6394,51.4446],[0.6396,51.4443],[0.6399,51.4448],[0.6394,51.4446]],[[0.67,51.3928],[0.6706,51.3929],[0.6701,51.3931],[0.67,51.3928]],[[0.6755,51.3957],[0.6752,51.3952],[0.6759,51.3955],[0.6755,51.3957]],[[0.6215,51.3877],[0.6217,51.3881],[0.6213,51.3881],[0.6215,51.3877]],[[0.6462,51.4433],[0.6466,51.4434],[0.6465,51.4437],[0.6462,51.4433]],[[0.6498,51.4431],[0.6492,51.4428],[0.6496,51.4427],[0.6498,51.4431]],[[0.645,51.4436],[0.6452,51.4434],[0.6453,51.4438],[0.645,51.4436]],[[0.6553,51.3927],[0.6559,51.3926],[0.6554,51.3929],[0.6553,51.3927]],[[0.6772,51.393],[0.6773,51.3929],[0.6781,51.3933],[0.6772,51.393]],[[0.6109,51.3954],[0.6115,51.3954],[0.6112,51.3956],[0.6109,51.3954]],[[0.6493,51.4409],[0.6495,51.4406],[0.65,51.4407],[0.6493,51.4409]],[[0.6215,51.4374],[0.6222,51.4371],[0.6219,51.4376],[0.6215,51.4374]],[[0.6357,51.4409],[0.6358,51.4412],[0.6351,51.4412],[0.6357,51.4409]],[[0.6755,51.394],[0.676,51.3936],[0.6762,51.3939],[0.6755,51.394]],[[0.6526,51.4392],[0.6531,51.4391],[0.6528,51.4395],[0.6526,51.4392]],[[0.6937,51.3991],[0.6938,51.3995],[0.6934,51.3996],[0.6937,51.3991]],[[0.6028,51.4009],[0.6023,51.401],[0.6028,51.4004],[0.6028,51.4009]],[[0.6594,51.3895],[0.6598,51.3895],[0.6593,51.3899],[0.6594,51.3895]],[[0.6904,51.3975],[0.6897,51.3976],[0.69,51.3974],[0.6904,51.3975]],[[0.6018,51.3858],[0.6003,51.3855],[0.6012,51.3854],[0.6018,51.3858]],[[0.6759,51.4218],[0.6763,51.422],[0.6756,51.4221],[0.6759,51.4218]],[[0.6707,51.4151],[0.6716,51.4153],[0.6711,51.4154],[0.6707,51.4151]],[[0.5741,51.4088],[0.5738,51.4092],[0.5737,51.4084],[0.5741,51.4088]],[[0.6337,51.4424],[0.634,51.4426],[0.6336,51.4429],[0.6337,51.4424]],[[0.6726,51.4219],[0.6732,51.4216],[0.6729,51.422],[0.6726,51.4219]],[[0.6753,51.4201],[0.6751,51.4197],[0.6756,51.42],[0.6753,51.4201]],[[0.6288,51.4297],[0.6294,51.4296],[0.6289,51.4299],[0.6288,51.4297]],[[0.6812,51.4141],[0.6817,51.4136],[0.6813,51.4142],[0.6812,51.4141]],[[0.6549,51.4408],[0.6554,51.4407],[0.6558,51.4412],[0.6549,51.4408]],[[0.6621,51.4193],[0.6623,51.4197],[0.6617,51.4196],[0.6621,51.4193]],[[0.5888,51.393],[0.5883,51.3928],[0.5888,51.3925],[0.5888,51.393]],[[0.6068,51.3845],[0.6061,51.3848],[0.6061,51.3841],[0.6068,51.3845]],[[0.6302,51.421],[0.6302,51.4215],[0.63,51.4211],[0.6302,51.421]],[[0.5797,51.4049],[0.5799,51.4046],[0.5805,51.4049],[0.5797,51.4049]],[[0.6014,51.4009],[0.602,51.4009],[0.6014,51.4012],[0.6014,51.4009]],[[0.7093,51.42],[0.7102,51.4202],[0.7095,51.4203],[0.7093,51.42]],[[0.6677,51.4364],[0.6676,51.4362],[0.6684,51.4364],[0.6677,51.4364]],[[0.609,51.4072],[0.6097,51.407],[0.61,51.4074],[0.609,51.4072]],[[0.6847,51.4027],[0.6848,51.4024],[0.6856,51.4023],[0.6847,51.4027]],[[0.7212,51.4217],[0.7215,51.4215],[0.7224,51.4219],[0.7212,51.4217]],[[0.6859,51.3977],[0.6861,51.398],[0.6862,51.3975],[0.6859,51.3977]],[[0.652,51.444],[0.6522,51.4435],[0.6524,51.4446],[0.652,51.444]],[[0.6923,51.3979],[0.6919,51.3981],[0.6917,51.3977],[0.6923,51.3979]],[[0.6212,51.3885],[0.6201,51.3884],[0.621,51.3882],[0.6212,51.3885]],[[0.5983,51.3962],[0.5987,51.396],[0.5985,51.3964],[0.5983,51.3962]],[[0.6092,51.4057],[0.6093,51.4053],[0.6084,51.4059],[0.6092,51.4057]],[[0.6493,51.4421],[0.6505,51.4423],[0.6504,51.4427],[0.6493,51.4421]],[[0.6583,51.4395],[0.6588,51.4394],[0.6588,51.4398],[0.6583,51.4395]],[[0.6754,51.3924],[0.6749,51.3923],[0.6751,51.3926],[0.6754,51.3924]],[[0.6008,51.3973],[0.6019,51.3974],[0.6014,51.3977],[0.6008,51.3973]],[[0.6404,51.4365],[0.6411,51.4369],[0.6401,51.4367],[0.6404,51.4365]],[[0.6038,51.3847],[0.6039,51.3845],[0.6029,51.3847],[0.6038,51.3847]],[[0.6887,51.4046],[0.6884,51.4048],[0.688,51.4045],[0.6887,51.4046]],[[0.6725,51.4182],[0.6733,51.4183],[0.6726,51.4185],[0.6725,51.4182]],[[0.6725,51.4218],[0.6745,51.4202],[0.6739,51.4208],[0.6725,51.4218]],[[0.6004,51.3869],[0.601,51.387],[0.6002,51.3872],[0.6004,51.3869]],[[0.6,51.3867],[0.6002,51.3863],[0.6008,51.3867],[0.6,51.3867]],[[0.615,51.3967],[0.6161,51.3967],[0.6153,51.3969],[0.615,51.3967]],[[0.6314,51.4214],[0.6314,51.422],[0.6309,51.4217],[0.6314,51.4214]],[[0.6729,51.4065],[0.6733,51.407],[0.6728,51.407],[0.6729,51.4065]],[[0.677,51.4041],[0.6764,51.4043],[0.6761,51.4041],[0.677,51.4041]],[[0.6091,51.4069],[0.6092,51.4071],[0.6084,51.4072],[0.6091,51.4069]],[[0.601,51.387],[0.6009,51.3867],[0.6017,51.3869],[0.601,51.387]],[[0.663,51.3935],[0.6635,51.3936],[0.663,51.3939],[0.663,51.3935]],[[0.6724,51.4154],[0.6721,51.4158],[0.6712,51.4155],[0.6724,51.4154]],[[0.6452,51.4417],[0.6463,51.4417],[0.6452,51.442],[0.6452,51.4417]],[[0.6708,51.3926],[0.6713,51.3929],[0.6702,51.3928],[0.6708,51.3926]],[[0.6992,51.4114],[0.6991,51.4119],[0.6987,51.4118],[0.6992,51.4114]],[[0.6518,51.4366],[0.652,51.4371],[0.6513,51.4369],[0.6518,51.4366]],[[0.6751,51.4195],[0.6756,51.4192],[0.676,51.4193],[0.6751,51.4195]],[[0.6569,51.4416],[0.6562,51.4415],[0.6569,51.4414],[0.6569,51.4416]],[[0.6182,51.3877],[0.619,51.388],[0.6188,51.3882],[0.6182,51.3877]],[[0.6762,51.3937],[0.6778,51.3935],[0.6766,51.394],[0.6762,51.3937]],[[0.6722,51.4197],[0.6728,51.4192],[0.6727,51.4197],[0.6722,51.4197]],[[0.7152,51.4204],[0.7143,51.4204],[0.7146,51.4202],[0.7152,51.4204]],[[0.6693,51.3926],[0.6705,51.3921],[0.6693,51.3929],[0.6693,51.3926]],[[0.6141,51.3982],[0.6134,51.3982],[0.6138,51.3979],[0.6141,51.3982]],[[0.6754,51.4228],[0.6761,51.4224],[0.6766,51.4225],[0.6754,51.4228]],[[0.6101,51.4015],[0.6117,51.4015],[0.6102,51.4017],[0.6101,51.4015]],[[0.6729,51.4042],[0.6736,51.4042],[0.6733,51.4046],[0.6729,51.4042]],[[0.6867,51.4041],[0.6875,51.4039],[0.6876,51.4044],[0.6867,51.4041]],[[0.7018,51.3903],[0.7023,51.3907],[0.7017,51.3908],[0.7018,51.3903]],[[0.6778,51.4044],[0.6769,51.4042],[0.6775,51.4041],[0.6778,51.4044]],[[0.6641,51.4402],[0.6653,51.4404],[0.6649,51.4406],[0.6641,51.4402]],[[0.6197,51.4307],[0.6204,51.4304],[0.6204,51.4312],[0.6197,51.4307]],[[0.5736,51.4104],[0.5736,51.411],[0.5732,51.4108],[0.5736,51.4104]],[[0.6739,51.4141],[0.6748,51.4143],[0.6748,51.4147],[0.6739,51.4141]],[[0.6244,51.4273],[0.624,51.427],[0.6245,51.4267],[0.6244,51.4273]],[[0.6086,51.406],[0.6079,51.4063],[0.6082,51.4058],[0.6086,51.406]],[[0.6842,51.4182],[0.6835,51.4186],[0.6837,51.418],[0.6842,51.4182]],[[0.6822,51.4048],[0.6828,51.4047],[0.6836,51.4048],[0.6822,51.4048]],[[0.7099,51.3927],[0.7097,51.393],[0.7092,51.3924],[0.7099,51.3927]],[[0.6549,51.4417],[0.6541,51.4416],[0.6539,51.4412],[0.6549,51.4417]],[[0.6851,51.4038],[0.6862,51.4043],[0.6856,51.4044],[0.6851,51.4038]],[[0.6217,51.4322],[0.6211,51.4319],[0.6221,51.4319],[0.6217,51.4322]],[[0.6658,51.4073],[0.6665,51.4071],[0.6668,51.4073],[0.6658,51.4073]],[[0.6155,51.3969],[0.6159,51.397],[0.6147,51.3973],[0.6155,51.3969]],[[0.6707,51.3939],[0.6715,51.3939],[0.671,51.3942],[0.6707,51.3939]],[[0.625,51.4294],[0.6254,51.4294],[0.6256,51.4298],[0.625,51.4294]],[[0.6721,51.4019],[0.6728,51.402],[0.6724,51.4022],[0.6721,51.4019]],[[0.6861,51.403],[0.6864,51.4028],[0.687,51.4032],[0.6861,51.403]],[[0.6749,51.3956],[0.6756,51.3959],[0.6747,51.3959],[0.6749,51.3956]],[[0.6077,51.3989],[0.6084,51.3988],[0.6084,51.3993],[0.6077,51.3989]],[[0.6782,51.4196],[0.6786,51.4194],[0.6789,51.4198],[0.6782,51.4196]],[[0.5715,51.3956],[0.5719,51.3954],[0.572,51.3958],[0.5715,51.3956]],[[0.6703,51.3946],[0.67,51.3943],[0.6719,51.3952],[0.6703,51.3946]],[[0.5982,51.398],[0.5988,51.3975],[0.5987,51.398],[0.5982,51.398]],[[0.6351,51.4401],[0.6345,51.4393],[0.6351,51.4394],[0.6351,51.4401]],[[0.6146,51.4243],[0.6155,51.4251],[0.6152,51.4252],[0.6146,51.4243]],[[0.634,51.4428],[0.6347,51.443],[0.6343,51.4434],[0.634,51.4428]],[[0.6875,51.3977],[0.688,51.3979],[0.6874,51.398],[0.6875,51.3977]],[[0.6865,51.4018],[0.6855,51.4021],[0.6861,51.4016],[0.6865,51.4018]],[[0.6696,51.4362],[0.6709,51.437],[0.6705,51.4371],[0.6696,51.4362]],[[0.6822,51.413],[0.6827,51.413],[0.6819,51.4136],[0.6822,51.413]],[[0.6769,51.3932],[0.6762,51.3928],[0.6772,51.3929],[0.6769,51.3932]],[[0.6642,51.4424],[0.6653,51.4421],[0.6656,51.4424],[0.6642,51.4424]],[[0.616,51.4067],[0.6147,51.4069],[0.6156,51.4066],[0.616,51.4067]],[[0.6763,51.3962],[0.6761,51.3964],[0.6743,51.3959],[0.6763,51.3962]],[[0.6771,51.4196],[0.678,51.4196],[0.6776,51.4199],[0.6771,51.4196]],[[0.7029,51.3832],[0.7027,51.3836],[0.7023,51.383],[0.7029,51.3832]],[[0.6344,51.4302],[0.6342,51.4295],[0.6352,51.4305],[0.6344,51.4302]],[[0.6404,51.4451],[0.6405,51.4446],[0.6411,51.4451],[0.6404,51.4451]],[[0.6979,51.4025],[0.6981,51.4021],[0.6988,51.4022],[0.6979,51.4025]],[[0.6023,51.3978],[0.602,51.3982],[0.6016,51.3978],[0.6023,51.3978]],[[0.6724,51.39],[0.673,51.3905],[0.6724,51.3905],[0.6724,51.39]],[[0.5748,51.4142],[0.5757,51.4144],[0.5752,51.4148],[0.5748,51.4142]],[[0.6289,51.4427],[0.6291,51.4431],[0.6298,51.4429],[0.6289,51.4427]],[[0.6702,51.417],[0.6708,51.4173],[0.6701,51.4174],[0.6702,51.417]],[[0.6799,51.4204],[0.6802,51.4202],[0.6803,51.4208],[0.6799,51.4204]],[[0.6655,51.4402],[0.6655,51.4397],[0.6661,51.4401],[0.6655,51.4402]],[[0.638,51.4176],[0.6375,51.4175],[0.638,51.4173],[0.638,51.4176]],[[0.681,51.4074],[0.681,51.4078],[0.6803,51.4072],[0.681,51.4074]],[[0.6708,51.4003],[0.6715,51.4002],[0.6715,51.4007],[0.6708,51.4003]],[[0.632,51.4207],[0.6325,51.4204],[0.6331,51.4206],[0.632,51.4207]],[[0.6052,51.3963],[0.6042,51.396],[0.6046,51.3958],[0.6052,51.3963]],[[0.676,51.3947],[0.6745,51.3949],[0.6756,51.3945],[0.676,51.3947]],[[0.6069,51.4006],[0.6078,51.4007],[0.6067,51.4009],[0.6069,51.4006]],[[0.6855,51.4037],[0.6859,51.4035],[0.6869,51.4038],[0.6855,51.4037]],[[0.6706,51.3932],[0.6719,51.3938],[0.6707,51.3937],[0.6706,51.3932]],[[0.5734,51.395],[0.5728,51.3949],[0.5735,51.3954],[0.5734,51.395]],[[0.6818,51.4048],[0.6811,51.4059],[0.6808,51.4059],[0.6818,51.4048]],[[0.6834,51.4042],[0.6836,51.4046],[0.6826,51.4046],[0.6834,51.4042]],[[0.6826,51.4019],[0.6834,51.4018],[0.6827,51.4022],[0.6826,51.4019]],[[0.6703,51.4384],[0.6711,51.4385],[0.6701,51.4388],[0.6703,51.4384]],[[0.6633,51.4195],[0.6632,51.4201],[0.6629,51.4193],[0.6633,51.4195]],[[0.6722,51.3945],[0.673,51.3944],[0.6735,51.3949],[0.6722,51.3945]],[[0.6021,51.3982],[0.603,51.3983],[0.6025,51.3988],[0.6021,51.3982]],[[0.6908,51.4107],[0.6911,51.4103],[0.6913,51.411],[0.6908,51.4107]],[[0.6369,51.427],[0.6379,51.4276],[0.6372,51.4276],[0.6369,51.427]],[[0.6129,51.3988],[0.6133,51.3982],[0.6133,51.3988],[0.6129,51.3988]],[[0.6781,51.3963],[0.6788,51.3964],[0.678,51.3968],[0.6781,51.3963]],[[0.6164,51.4273],[0.6162,51.4265],[0.6169,51.4272],[0.6164,51.4273]],[[0.6315,51.4207],[0.6323,51.4209],[0.6311,51.4212],[0.6315,51.4207]],[[0.6369,51.4444],[0.6367,51.4435],[0.6377,51.4438],[0.6369,51.4444]],[[0.6864,51.3981],[0.6864,51.3976],[0.6871,51.3977],[0.6864,51.3981]],[[0.6765,51.4208],[0.6756,51.4208],[0.6765,51.4205],[0.6765,51.4208]],[[0.6139,51.3994],[0.613,51.3993],[0.6137,51.3988],[0.6139,51.3994]],[[0.6726,51.4185],[0.6733,51.4187],[0.6727,51.419],[0.6726,51.4185]],[[0.6178,51.4074],[0.6163,51.4074],[0.6174,51.407],[0.6178,51.4074]],[[0.6786,51.3947],[0.6775,51.3945],[0.6783,51.3941],[0.6786,51.3947]],[[0.6657,51.383],[0.667,51.3833],[0.6653,51.3833],[0.6657,51.383]],[[0.6817,51.4054],[0.6819,51.4058],[0.6812,51.4059],[0.6817,51.4054]],[[0.6909,51.4015],[0.6919,51.4015],[0.6916,51.4019],[0.6909,51.4015]],[[0.6733,51.3917],[0.6741,51.3921],[0.6734,51.3925],[0.6733,51.3917]],[[0.6434,51.4421],[0.6432,51.443],[0.6422,51.4427],[0.6434,51.4421]],[[0.6558,51.4395],[0.6558,51.4391],[0.6567,51.4397],[0.6558,51.4395]],[[0.6917,51.3968],[0.6932,51.3971],[0.6918,51.3971],[0.6917,51.3968]],[[0.6472,51.4372],[0.647,51.4378],[0.6467,51.4378],[0.6472,51.4372]],[[0.701,51.3905],[0.7018,51.3902],[0.7014,51.3908],[0.701,51.3905]],[[0.6766,51.4027],[0.6758,51.4026],[0.6764,51.4023],[0.6766,51.4027]],[[0.6236,51.3879],[0.6234,51.3884],[0.6229,51.3883],[0.6236,51.3879]],[[0.6159,51.3963],[0.6153,51.3965],[0.6155,51.3958],[0.6159,51.3963]],[[0.6368,51.4429],[0.6361,51.442],[0.6369,51.4424],[0.6368,51.4429]],[[0.6748,51.4185],[0.6751,51.4193],[0.6742,51.419],[0.6748,51.4185]],[[0.6765,51.394],[0.6771,51.3936],[0.6775,51.3941],[0.6765,51.394]],[[0.7145,51.4202],[0.7141,51.4207],[0.7129,51.4201],[0.7145,51.4202]],[[0.6233,51.3875],[0.6228,51.3881],[0.6225,51.3874],[0.6233,51.3875]],[[0.6588,51.4373],[0.6597,51.4374],[0.6586,51.4376],[0.6588,51.4373]],[[0.636,51.4426],[0.6366,51.4427],[0.6365,51.4432],[0.636,51.4426]],[[0.6737,51.3952],[0.6751,51.3952],[0.6746,51.3955],[0.6737,51.3952]],[[0.6338,51.4409],[0.6338,51.4414],[0.6323,51.4412],[0.6338,51.4409]],[[0.6478,51.4392],[0.6474,51.4396],[0.6475,51.439],[0.6478,51.4392]],[[0.6655,51.4207],[0.6651,51.4204],[0.6663,51.4202],[0.6655,51.4207]],[[0.6762,51.4083],[0.6772,51.4079],[0.677,51.4083],[0.6762,51.4083]],[[0.6195,51.3885],[0.6191,51.3881],[0.6194,51.3877],[0.6195,51.3885]],[[0.6667,51.4209],[0.6675,51.4207],[0.667,51.4212],[0.6667,51.4209]],[[0.5994,51.3985],[0.6004,51.3983],[0.5999,51.3987],[0.5994,51.3985]],[[0.6216,51.4277],[0.6211,51.4281],[0.6205,51.4278],[0.6216,51.4277]],[[0.607,51.397],[0.6075,51.3967],[0.6082,51.3979],[0.607,51.397]],[[0.6878,51.3974],[0.6888,51.3973],[0.6884,51.3977],[0.6878,51.3974]],[[0.6132,51.4242],[0.6135,51.4239],[0.6145,51.4242],[0.6132,51.4242]],[[0.6397,51.4331],[0.6411,51.4331],[0.6402,51.4333],[0.6397,51.4331]],[[0.5985,51.3982],[0.5982,51.399],[0.5976,51.3988],[0.5985,51.3982]],[[0.7114,51.4198],[0.7128,51.42],[0.7113,51.4201],[0.7114,51.4198]],[[0.6042,51.3965],[0.6051,51.3963],[0.6053,51.3966],[0.6042,51.3965]],[[0.5977,51.3971],[0.5985,51.3968],[0.5989,51.3974],[0.5977,51.3971]],[[0.6748,51.4008],[0.6755,51.4002],[0.6758,51.4004],[0.6748,51.4008]],[[0.6774,51.3942],[0.6779,51.3936],[0.6782,51.3941],[0.6774,51.3942]],[[0.6439,51.4438],[0.6432,51.4439],[0.6433,51.4431],[0.6439,51.4438]],[[0.6315,51.4213],[0.6329,51.4213],[0.6318,51.4216],[0.6315,51.4213]],[[0.6048,51.3845],[0.6046,51.3851],[0.6042,51.3848],[0.6048,51.3845]],[[0.638,51.4447],[0.6392,51.4445],[0.6397,51.4448],[0.638,51.4447]],[[0.664,51.441],[0.6639,51.4406],[0.6649,51.4408],[0.664,51.441]],[[0.5866,51.3926],[0.5876,51.3923],[0.5871,51.3929],[0.5866,51.3926]],[[0.6433,51.437],[0.644,51.4368],[0.6445,51.4372],[0.6433,51.437]],[[0.6005,51.3984],[0.6015,51.3986],[0.6006,51.3988],[0.6005,51.3984]],[[0.6699,51.4007],[0.6712,51.401],[0.6701,51.4011],[0.6699,51.4007]],[[0.6725,51.391],[0.6733,51.3912],[0.6717,51.3915],[0.6725,51.391]],[[0.6739,51.3943],[0.6743,51.3949],[0.6734,51.395],[0.6739,51.3943]],[[0.638,51.4321],[0.6393,51.4322],[0.6387,51.4326],[0.638,51.4321]],[[0.6782,51.4202],[0.6781,51.4197],[0.6789,51.42],[0.6782,51.4202]],[[0.6726,51.3898],[0.6753,51.3921],[0.6742,51.3914],[0.6726,51.3898]],[[0.6731,51.3934],[0.6733,51.3945],[0.6723,51.394],[0.6731,51.3934]],[[0.5878,51.3926],[0.588,51.3933],[0.5888,51.3923],[0.5878,51.3926]],[[0.6786,51.4077],[0.68,51.4082],[0.6796,51.4084],[0.6786,51.4077]],[[0.6756,51.4133],[0.676,51.4137],[0.6765,51.4133],[0.6756,51.4133]],[[0.6195,51.4371],[0.619,51.4374],[0.6189,51.4362],[0.6195,51.4371]],[[0.6039,51.3837],[0.6041,51.3841],[0.6028,51.3844],[0.6039,51.3837]],[[0.6772,51.4087],[0.6764,51.4085],[0.6776,51.4082],[0.6772,51.4087]],[[0.6167,51.4071],[0.6156,51.4071],[0.6164,51.4066],[0.6167,51.4071]],[[0.642,51.4381],[0.6434,51.4383],[0.6424,51.4387],[0.642,51.4381]],[[0.6841,51.4033],[0.6845,51.4033],[0.6822,51.4046],[0.6841,51.4033]],[[0.6493,51.4403],[0.6504,51.4408],[0.6491,51.4407],[0.6493,51.4403]],[[0.6045,51.3944],[0.6073,51.3967],[0.6056,51.3958],[0.6045,51.3944]],[[0.6119,51.3949],[0.611,51.3944],[0.6115,51.3942],[0.6119,51.3949]],[[0.6642,51.4221],[0.665,51.4222],[0.665,51.4228],[0.6642,51.4221]],[[0.6032,51.4002],[0.6026,51.4012],[0.6021,51.4011],[0.6032,51.4002]],[[0.6684,51.4002],[0.6684,51.3998],[0.6701,51.4004],[0.6684,51.4002]],[[0.6317,51.442],[0.6328,51.4412],[0.6338,51.4416],[0.6317,51.442]],[[0.6381,51.4172],[0.6372,51.4172],[0.6381,51.4167],[0.6381,51.4172]],[[0.6846,51.408],[0.6853,51.4078],[0.6855,51.4085],[0.6846,51.408]],[[0.6363,51.4264],[0.6372,51.4265],[0.6374,51.427],[0.6363,51.4264]],[[0.6137,51.4053],[0.6149,51.4049],[0.614,51.4057],[0.6137,51.4053]],[[0.6806,51.4066],[0.679,51.4069],[0.6809,51.406],[0.6806,51.4066]],[[0.6236,51.4237],[0.6239,51.4241],[0.6225,51.4238],[0.6236,51.4237]],[[0.6756,51.4022],[0.676,51.4016],[0.6765,51.4022],[0.6756,51.4022]],[[0.5987,51.3961],[0.5999,51.3968],[0.5987,51.3967],[0.5987,51.3961]],[[0.6864,51.405],[0.6857,51.4045],[0.6872,51.4048],[0.6864,51.405]],[[0.6841,51.4028],[0.6827,51.4025],[0.6835,51.4023],[0.6841,51.4028]],[[0.6767,51.3946],[0.6755,51.3948],[0.6748,51.3942],[0.6767,51.3946]],[[0.6983,51.4103],[0.699,51.4102],[0.6992,51.4109],[0.6983,51.4103]],[[0.6334,51.4274],[0.6347,51.4275],[0.6339,51.4286],[0.6334,51.4274]],[[0.6132,51.4055],[0.6135,51.4059],[0.6121,51.4056],[0.6132,51.4055]],[[0.6713,51.4069],[0.6725,51.4074],[0.6711,51.4075],[0.6713,51.4069]],[[0.6417,51.439],[0.6415,51.4385],[0.6433,51.4393],[0.6417,51.439]],[[0.6379,51.4436],[0.6387,51.4435],[0.6384,51.4444],[0.6379,51.4436]],[[0.6006,51.3974],[0.6014,51.3978],[0.6001,51.398],[0.6006,51.3974]],[[0.6361,51.4413],[0.6359,51.4407],[0.6369,51.4407],[0.6361,51.4413]],[[0.6911,51.4027],[0.6914,51.4025],[0.6903,51.4048],[0.6911,51.4027]],[[0.677,51.3962],[0.6771,51.3958],[0.6785,51.3959],[0.677,51.3962]],[[0.6722,51.4063],[0.6729,51.4054],[0.6725,51.4068],[0.6722,51.4063]],[[0.6294,51.4298],[0.6305,51.4293],[0.6296,51.4304],[0.6294,51.4298]],[[0.6746,51.4032],[0.6756,51.4029],[0.6756,51.4035],[0.6746,51.4032]],[[0.6758,51.3961],[0.6762,51.3956],[0.6769,51.3961],[0.6758,51.3961]],[[0.6119,51.4069],[0.6127,51.4072],[0.6113,51.4075],[0.6119,51.4069]],[[0.6853,51.4007],[0.6866,51.401],[0.6862,51.4014],[0.6853,51.4007]],[[0.6782,51.4082],[0.6772,51.4081],[0.6784,51.4077],[0.6782,51.4082]],[[0.606,51.3974],[0.6049,51.397],[0.6056,51.3965],[0.606,51.3974]],[[0.6713,51.4164],[0.6723,51.4157],[0.6727,51.4161],[0.6713,51.4164]],[[0.6668,51.4421],[0.6669,51.4414],[0.6676,51.4418],[0.6668,51.4421]],[[0.6765,51.4134],[0.6763,51.4127],[0.6774,51.413],[0.6765,51.4134]],[[0.6739,51.3934],[0.6727,51.3932],[0.6743,51.3923],[0.6739,51.3934]],[[0.6545,51.4396],[0.654,51.4394],[0.6561,51.4388],[0.6545,51.4396]],[[0.6043,51.3951],[0.6033,51.3944],[0.6042,51.3946],[0.6043,51.3951]],[[0.7264,51.4228],[0.7282,51.4235],[0.7268,51.4233],[0.7264,51.4228]],[[0.6022,51.3967],[0.6019,51.3961],[0.6031,51.3964],[0.6022,51.3967]],[[0.6391,51.4344],[0.6389,51.434],[0.6407,51.434],[0.6391,51.4344]],[[0.6731,51.4046],[0.6738,51.4041],[0.6745,51.4049],[0.6731,51.4046]],[[0.6707,51.4161],[0.6712,51.4155],[0.6721,51.4159],[0.6707,51.4161]],[[0.6696,51.4035],[0.6672,51.4053],[0.6698,51.4029],[0.6696,51.4035]],[[0.635,51.4272],[0.6356,51.4264],[0.6364,51.4268],[0.635,51.4272]],[[0.6094,51.4063],[0.6095,51.4055],[0.6078,51.4069],[0.6094,51.4063]],[[0.6552,51.4416],[0.6554,51.442],[0.6535,51.442],[0.6552,51.4416]],[[0.6044,51.4004],[0.6038,51.4002],[0.6043,51.3994],[0.6044,51.4004]],[[0.6426,51.4438],[0.6415,51.4429],[0.6428,51.4431],[0.6426,51.4438]],[[0.6926,51.4008],[0.6915,51.4014],[0.6928,51.4002],[0.6926,51.4008]],[[0.688,51.3992],[0.6877,51.3988],[0.6893,51.399],[0.688,51.3992]],[[0.6686,51.3992],[0.6694,51.3994],[0.6691,51.4001],[0.6686,51.3992]],[[0.661,51.4188],[0.6602,51.4188],[0.6608,51.4182],[0.661,51.4188]],[[0.685,51.4028],[0.6866,51.4037],[0.6846,51.4032],[0.685,51.4028]],[[0.6905,51.4083],[0.6911,51.4096],[0.6904,51.4092],[0.6905,51.4083]],[[0.6582,51.4397],[0.6567,51.4406],[0.6565,51.4401],[0.6582,51.4397]],[[0.6304,51.4346],[0.6305,51.4352],[0.6283,51.4355],[0.6304,51.4346]],[[0.6556,51.4414],[0.6574,51.4419],[0.6558,51.4423],[0.6556,51.4414]],[[0.636,51.4387],[0.6382,51.4388],[0.6372,51.4397],[0.636,51.4387]],[[0.6755,51.4219],[0.6756,51.4227],[0.674,51.4223],[0.6755,51.4219]],[[0.6534,51.442],[0.6548,51.4421],[0.6518,51.441],[0.6534,51.442]],[[0.6471,51.4368],[0.6474,51.4354],[0.648,51.4363],[0.6471,51.4368]],[[0.6719,51.4042],[0.6713,51.4037],[0.6732,51.4037],[0.6719,51.4042]],[[0.6739,51.4188],[0.6729,51.418],[0.6743,51.4179],[0.6739,51.4188]],[[0.6381,51.4399],[0.6403,51.4411],[0.6396,51.4413],[0.6381,51.4399]],[[0.6389,51.4437],[0.6398,51.4437],[0.6387,51.4444],[0.6389,51.4437]],[[0.7165,51.4207],[0.7151,51.4202],[0.7167,51.42],[0.7165,51.4207]],[[0.6321,51.4401],[0.6311,51.4409],[0.6335,51.44],[0.6321,51.4401]],[[0.6216,51.3887],[0.6222,51.3877],[0.62,51.3886],[0.6216,51.3887]],[[0.6849,51.3981],[0.6856,51.3988],[0.6843,51.399],[0.6849,51.3981]],[[0.6054,51.3998],[0.6072,51.4005],[0.6055,51.4004],[0.6054,51.3998]],[[0.6724,51.4142],[0.6736,51.4143],[0.6727,51.4148],[0.6724,51.4142]],[[0.6857,51.411],[0.6876,51.4114],[0.6857,51.4116],[0.6857,51.411]],[[0.7083,51.4198],[0.706,51.4198],[0.7081,51.4193],[0.7083,51.4198]],[[0.6503,51.4368],[0.6518,51.4374],[0.6494,51.4372],[0.6503,51.4368]],[[0.6031,51.397],[0.6025,51.3968],[0.6045,51.3963],[0.6031,51.397]],[[0.7099,51.419],[0.7119,51.4192],[0.7097,51.4194],[0.7099,51.419]],[[0.684,51.4114],[0.6856,51.4111],[0.6859,51.4114],[0.684,51.4114]],[[0.6506,51.4418],[0.6493,51.442],[0.651,51.4412],[0.6506,51.4418]],[[0.5857,51.392],[0.5896,51.3923],[0.5887,51.3936],[0.5857,51.392]],[[0.6803,51.3947],[0.68,51.3952],[0.6787,51.3945],[0.6803,51.3947]],[[0.6149,51.3984],[0.6148,51.3973],[0.6163,51.3976],[0.6149,51.3984]],[[0.6916,51.3978],[0.6907,51.3975],[0.6921,51.3969],[0.6916,51.3978]],[[0.6738,51.3928],[0.6763,51.3927],[0.6742,51.3938],[0.6738,51.3928]],[[0.6113,51.4063],[0.6108,51.4075],[0.6096,51.4068],[0.6113,51.4063]],[[0.6405,51.4306],[0.6389,51.4301],[0.6404,51.4293],[0.6405,51.4306]],[[0.6354,51.4339],[0.6356,51.4333],[0.6374,51.4338],[0.6354,51.4339]],[[0.6878,51.4056],[0.6896,51.4067],[0.6873,51.4061],[0.6878,51.4056]],[[0.672,51.3929],[0.6732,51.3922],[0.6727,51.3936],[0.672,51.3929]],[[0.6544,51.4384],[0.6526,51.4377],[0.654,51.4376],[0.6544,51.4384]],[[0.6814,51.406],[0.6828,51.4065],[0.6811,51.4067],[0.6814,51.406]],[[0.6673,51.4082],[0.6695,51.4076],[0.6677,51.4089],[0.6673,51.4082]],[[0.6632,51.3942],[0.6654,51.3952],[0.663,51.3949],[0.6632,51.3942]],[[0.671,51.4377],[0.6709,51.4371],[0.6729,51.4381],[0.671,51.4377]],[[0.637,51.4374],[0.6386,51.4372],[0.6394,51.4387],[0.637,51.4374]],[[0.6945,51.3992],[0.6914,51.4024],[0.6952,51.3975],[0.6945,51.3992]],[[0.6711,51.4071],[0.6705,51.4086],[0.6687,51.4084],[0.6711,51.4071]],[[0.6102,51.4057],[0.6102,51.4065],[0.6123,51.4059],[0.6102,51.4057]],[[0.6757,51.4038],[0.6764,51.405],[0.675,51.405],[0.6757,51.4038]],[[0.6816,51.4025],[0.6837,51.4032],[0.6826,51.4036],[0.6816,51.4025]],[[0.6037,51.3969],[0.6033,51.398],[0.6022,51.3976],[0.6037,51.3969]],[[0.6835,51.4041],[0.6856,51.4044],[0.6837,51.4048],[0.6835,51.4041]],[[0.6132,51.3987],[0.6129,51.4],[0.6116,51.3997],[0.6132,51.3987]],[[0.6884,51.3979],[0.69,51.3973],[0.6908,51.3987],[0.6884,51.3979]],[[0.6714,51.4091],[0.6718,51.4082],[0.6703,51.4089],[0.6714,51.4091]],[[0.672,51.4151],[0.6706,51.4145],[0.6719,51.4139],[0.672,51.4151]],[[0.6817,51.4225],[0.6835,51.423],[0.6784,51.4234],[0.6817,51.4225]],[[0.603,51.3942],[0.5967,51.3962],[0.6011,51.3942],[0.603,51.3942]],[[0.647,51.4446],[0.6481,51.4435],[0.65,51.4441],[0.647,51.4446]],[[0.6798,51.4205],[0.6785,51.4208],[0.6788,51.4195],[0.6798,51.4205]],[[0.6152,51.4061],[0.6157,51.4053],[0.6165,51.4064],[0.6152,51.4061]],[[0.6128,51.4067],[0.6145,51.4068],[0.6127,51.4076],[0.6128,51.4067]],[[0.6671,51.4072],[0.669,51.4073],[0.6674,51.4082],[0.6671,51.4072]],[[0.6822,51.3995],[0.6825,51.399],[0.6843,51.4],[0.6822,51.3995]],[[0.6739,51.4147],[0.6744,51.4162],[0.6729,51.4156],[0.6739,51.4147]],[[0.6791,51.4209],[0.6776,51.4217],[0.6771,51.4203],[0.6791,51.4209]],[[0.6131,51.4001],[0.6147,51.4005],[0.6142,51.3992],[0.6131,51.4001]],[[0.6758,51.4196],[0.678,51.4199],[0.6759,51.4204],[0.6758,51.4196]],[[0.6004,51.3959],[0.6013,51.3951],[0.6024,51.3959],[0.6004,51.3959]],[[0.6667,51.4082],[0.6694,51.4093],[0.6666,51.4058],[0.6667,51.4082]],[[0.7201,51.4206],[0.722,51.4211],[0.7205,51.4218],[0.7201,51.4206]],[[0.6003,51.3967],[0.6021,51.3968],[0.6017,51.3974],[0.6003,51.3967]],[[0.6725,51.4087],[0.6709,51.4078],[0.6727,51.4076],[0.6725,51.4087]],[[0.6716,51.4173],[0.6726,51.4167],[0.6735,51.4179],[0.6716,51.4173]],[[0.6454,51.4409],[0.645,51.4385],[0.6464,51.4366],[0.6454,51.4409]],[[0.6795,51.4035],[0.6817,51.4038],[0.681,51.4044],[0.6795,51.4035]],[[0.6609,51.4422],[0.6614,51.4417],[0.6637,51.4424],[0.6609,51.4422]],[[0.7012,51.4097],[0.7007,51.4087],[0.6995,51.41],[0.7012,51.4097]],[[0.6746,51.4067],[0.6749,51.4077],[0.6728,51.407],[0.6746,51.4067]],[[0.6604,51.4373],[0.6603,51.438],[0.6559,51.439],[0.6604,51.4373]],[[0.6805,51.3968],[0.6766,51.3964],[0.6808,51.395],[0.6805,51.3968]],[[0.6713,51.4177],[0.6724,51.4188],[0.6691,51.4183],[0.6713,51.4177]],[[0.7249,51.4222],[0.7236,51.4221],[0.7259,51.4211],[0.7249,51.4222]],[[0.6,51.398],[0.5985,51.3981],[0.5987,51.3968],[0.6,51.398]],[[0.6526,51.4408],[0.6495,51.4414],[0.6517,51.4399],[0.6526,51.4408]],[[0.6752,51.4164],[0.6761,51.4148],[0.6766,51.4194],[0.6752,51.4164]],[[0.676,51.4213],[0.6775,51.4221],[0.6756,51.4224],[0.676,51.4213]],[[0.672,51.4102],[0.6695,51.4093],[0.6744,51.4082],[0.672,51.4102]],[[0.6598,51.4426],[0.6616,51.4432],[0.6595,51.4436],[0.6598,51.4426]],[[0.6356,51.4443],[0.6374,51.4444],[0.6367,51.4459],[0.6356,51.4443]],[[0.6047,51.3988],[0.6056,51.3976],[0.6071,51.3982],[0.6047,51.3988]],[[0.6683,51.4063],[0.6686,51.407],[0.666,51.4068],[0.6683,51.4063]],[[0.688,51.3978],[0.6902,51.3986],[0.6871,51.3987],[0.688,51.3978]],[[0.6704,51.4409],[0.6723,51.4403],[0.6709,51.442],[0.6704,51.4409]],[[0.6805,51.4059],[0.6784,51.4066],[0.6796,51.4054],[0.6805,51.4059]],[[0.6834,51.399],[0.6857,51.399],[0.6845,51.3999],[0.6834,51.399]],[[0.6822,51.4119],[0.683,51.4108],[0.6844,51.4122],[0.6822,51.4119]],[[0.7209,51.4183],[0.7235,51.4176],[0.7225,51.4191],[0.7209,51.4183]],[[0.6911,51.4013],[0.6923,51.3987],[0.6941,51.3988],[0.6911,51.4013]],[[0.6389,51.4373],[0.6408,51.4376],[0.6401,51.4394],[0.6389,51.4373]],[[0.6839,51.4223],[0.6826,51.4218],[0.6852,51.4206],[0.6839,51.4223]],[[0.6847,51.4212],[0.6863,51.4202],[0.687,51.4216],[0.6847,51.4212]],[[0.6879,51.4051],[0.687,51.4062],[0.685,51.4051],[0.6879,51.4051]],[[0.6711,51.4208],[0.6707,51.4219],[0.6694,51.4205],[0.6711,51.4208]],[[0.6767,51.4057],[0.6781,51.4041],[0.679,51.4047],[0.6767,51.4057]],[[0.6726,51.4169],[0.674,51.4159],[0.6745,51.4179],[0.6726,51.4169]],[[0.6075,51.4004],[0.6051,51.3994],[0.6066,51.3985],[0.6075,51.4004]],[[0.677,51.4034],[0.6807,51.4045],[0.6787,51.4052],[0.677,51.4034]],[[0.7231,51.4214],[0.7229,51.4205],[0.725,51.4209],[0.7231,51.4214]],[[0.6881,51.4041],[0.6854,51.4025],[0.688,51.4023],[0.6881,51.4041]],[[0.6862,51.4045],[0.6904,51.4052],[0.6907,51.4077],[0.6862,51.4045]],[[0.6854,51.4022],[0.683,51.4014],[0.685,51.4008],[0.6854,51.4022]],[[0.6757,51.4218],[0.673,51.4219],[0.6745,51.4203],[0.6757,51.4218]],[[0.6864,51.4198],[0.6876,51.4219],[0.6838,51.4229],[0.6864,51.4198]],[[0.6708,51.4049],[0.673,51.4052],[0.6701,51.4068],[0.6708,51.4049]],[[0.6047,51.3986],[0.6022,51.3981],[0.6047,51.397],[0.6047,51.3986]],[[0.6515,51.4398],[0.6479,51.438],[0.6541,51.4386],[0.6515,51.4398]],[[0.6882,51.4015],[0.687,51.4012],[0.6887,51.3999],[0.6882,51.4015]],[[0.6901,51.4089],[0.6885,51.4071],[0.6898,51.4068],[0.6901,51.4089]],[[0.6731,51.4059],[0.6727,51.407],[0.6765,51.4066],[0.6731,51.4059]],[[0.6694,51.4194],[0.6697,51.4183],[0.6726,51.419],[0.6694,51.4194]],[[0.6939,51.3976],[0.6937,51.3987],[0.6919,51.3975],[0.6939,51.3976]],[[0.6627,51.4405],[0.6653,51.4393],[0.6609,51.4396],[0.6627,51.4405]],[[0.6814,51.4078],[0.6827,51.409],[0.6751,51.4087],[0.6814,51.4078]],[[0.6824,51.4055],[0.6858,51.4048],[0.6852,51.4062],[0.6824,51.4055]],[[0.6481,51.4419],[0.6492,51.4429],[0.6434,51.4428],[0.6481,51.4419]],[[0.6398,51.4447],[0.6381,51.4407],[0.6423,51.4439],[0.6398,51.4447]],[[0.6828,51.4072],[0.685,51.4087],[0.6831,51.409],[0.6828,51.4072]],[[0.6864,51.4008],[0.6861,51.3986],[0.6886,51.3998],[0.6864,51.4008]],[[0.673,51.4197],[0.6724,51.4217],[0.6709,51.4203],[0.673,51.4197]],[[0.6268,51.4389],[0.6301,51.4393],[0.6283,51.4412],[0.6268,51.4389]],[[0.6855,51.4079],[0.6882,51.409],[0.6865,51.4099],[0.6855,51.4079]],[[0.6013,51.4],[0.6013,51.3982],[0.6039,51.3993],[0.6013,51.4]],[[0.6891,51.4109],[0.6867,51.4101],[0.69,51.4094],[0.6891,51.4109]],[[0.5961,51.4075],[0.597,51.406],[0.6033,51.4069],[0.5961,51.4075]],[[0.6841,51.4092],[0.6869,51.4107],[0.6839,51.4114],[0.6841,51.4092]],[[0.6785,51.4011],[0.6825,51.4022],[0.6804,51.4032],[0.6785,51.4011]],[[0.6383,51.4276],[0.6369,51.4295],[0.6348,51.4277],[0.6383,51.4276]],[[0.6002,51.3962],[0.6011,51.3945],[0.6042,51.3955],[0.6002,51.3962]],[[0.6885,51.4076],[0.6833,51.4067],[0.6875,51.4063],[0.6885,51.4076]],[[0.6898,51.4044],[0.6886,51.4019],[0.6914,51.4021],[0.6898,51.4044]],[[0.7289,51.4211],[0.7282,51.4232],[0.7245,51.4226],[0.7289,51.4211]],[[0.6769,51.3953],[0.6818,51.3959],[0.6786,51.3967],[0.6769,51.3953]],[[0.6828,51.4093],[0.6913,51.4117],[0.6846,51.4122],[0.6828,51.4093]],[[0.6673,51.423],[0.6695,51.4217],[0.6742,51.4227],[0.6673,51.423]],[[0.6893,51.3999],[0.6928,51.3985],[0.6912,51.4012],[0.6893,51.3999]],[[0.7192,51.4197],[0.723,51.4201],[0.7203,51.4216],[0.7192,51.4197]],[[0.6637,51.4206],[0.6781,51.4221],[0.6655,51.4232],[0.6637,51.4206]],[[0.6613,51.4458],[0.6587,51.4479],[0.6562,51.4459],[0.6614,51.4436],[0.6613,51.4458]],[[0.6743,51.3997],[0.6838,51.3981],[0.6806,51.3998],[0.6847,51.4005],[0.6783,51.3998],[0.6763,51.401],[0.6794,51.4028],[0.6762,51.4011],[0.6745,51.4037],[0.6738,51.4013],[0.678,51.3998],[0.6743,51.3997]],[[0.6859,51.419],[0.6807,51.4216],[0.682,51.4198],[0.6788,51.4216],[0.6803,51.4194],[0.6769,51.4193],[0.6853,51.4182],[0.6873,51.4144],[0.6859,51.419]],[[0.6334,51.4211],[0.6389,51.4184],[0.6384,51.4217],[0.6313,51.4242],[0.6334,51.4211]],[[0.6085,51.4],[0.6127,51.4012],[0.6024,51.4024],[0.5952,51.4002],[0.5971,51.3967],[0.5966,51.3994],[0.6003,51.3985],[0.6006,51.4015],[0.6085,51.4]],[[0.5788,51.4044],[0.5795,51.4069],[0.5767,51.4041],[0.564,51.4081],[0.5603,51.4033],[0.5814,51.4025],[0.5788,51.4044]]]},"properties":{"MCZ_NAME":"Medway Estuary - Zone 1","MCZ_CODE":"UKMCZ0011-01"}},{"type":"Feature","geometry":{"type":"Polygon","coordinates":[[[-1.6189,55.3997],[-1.6088,55.3953],[-1.6184,55.3948],[-1.6174,55.3892],[-1.6213,55.3884],[-1.615,55.3874],[-1.6132,55.3796],[-1.6235,55.3917],[-1.6194,55.3894],[-1.6189,55.3951],[-1.6096,55.3954],[-1.6182,55.3995],[-1.6252,55.3976],[-1.6189,55.3997]],[[-1.6174,55.3834],[-1.6151,55.3835],[-1.616,55.3839],[-1.6174,55.3834]]]},"properties":{"MCZ_NAME":"Aln Estuary","MCZ_CODE":"UKMCZ0001"}},{"type":"Feature","geometry":{"type":"MultiPolygon","coordinates":[[[[0.1077,50.7638],[0.1363,50.7559],[0.1499,50.7588],[0.1915,50.7471],[0.2068,50.7391],[0.2416,50.7351],[0.2411,50.726],[0.202,50.7313],[0.1855,50.7396],[0.1496,50.7495],[0.1368,50.7475],[0.1153,50.751],[0.0684,50.773],[0.0694,50.7819],[0.1077,50.7638]]],[[[0.1111,50.7629],[0.1114,50.763],[0.1112,50.7629],[0.1111,50.7629]]],[[[-0.109,50.813],[-0.1064,50.8083],[-0.0904,50.8115],[0.0023,50.7882],[0.0509,50.7802],[0.0554,50.7717],[0.0324,50.7731],[-0.0887,50.802],[-0.1121,50.805],[-0.1156,50.806],[-0.109,50.813]]]]},"properties":{"MCZ_NAME":"Beachy Head West","MCZ_CODE":"UKMCZ0002"}},{"type":"Feature","geometry":{"type":"Polygon","coordinates":[[[1.3091,51.1099],[1.3288,51.1068],[1.3355,51.0914],[1.2721,51.0738],[1.2624,51.0926],[1.2432,51.0916],[1.2101,51.0773],[1.2005,51.0841],[1.2057,51.0927],[1.2166,51.0975],[1.2677,51.1017],[1.3022,51.1134],[1.3091,51.1099]],[[1.2864,51.1083],[1.2865,51.1083],[1.2864,51.1084],[1.2864,51.1083]]]},"properties":{"MCZ_NAME":"Dover to Folkestone","MCZ_CODE":"UKMCZ0033"}},{"type":"Feature","geometry":{"type":"Polygon","coordinates":[[[-3.3996,53.9465],[-3.4084,53.9407],[-3.4808,53.9436],[-3.5506,53.9987],[-3.5741,53.9995],[-3.6987,54.0392],[-3.6988,54.167],[-3.4415,54.167],[-3.4,54.1132],[-3.3996,53.9465]]]},"properties":{"MCZ_NAME":"West of Walney","MCZ_CODE":"UKMCZ0045"}},{"type":"Feature","geometry":{"type":"Polygon","coordinates":[[[-4.2982,50.3595],[-4.2771,50.3551],[-4.2348,50.3368],[-4.2195,50.3246],[-4.2273,50.3191],[-4.4296,50.3396],[-4.4354,50.3284],[-4.4712,50.3276],[-4.4773,50.3335],[-4.4715,50.3341],[-4.4725,50.3388],[-4.4524,50.3449],[-4.4521,50.3523],[-4.4362,50.3611],[-4.387,50.3657],[-4.3649,50.3601],[-4.3382,50.3595],[-4.332,50.3623],[-4.2982,50.3595]],[[-4.4688,50.3399],[-4.4687,50.34],[-4.4688,50.34],[-4.4688,50.3399]],[[-4.2588,50.347],[-4.2587,50.347],[-4.2588,50.347],[-4.2588,50.347]],[[-4.2588,50.3467],[-4.2588,50.3467],[-4.2588,50.3467],[-4.2588,50.3467]],[[-4.349,50.3609],[-4.3489,50.3609],[-4.3489,50.3609],[-4.349,50.3609]],[[-4.4113,50.3638],[-4.4113,50.3638],[-4.4113,50.3638],[-4.4113,50.3638]],[[-4.394,50.3632],[-4.3939,50.3632],[-4.3939,50.3632],[-4.394,50.3632]],[[-4.2221,50.328],[-4.2221,50.328],[-4.2221,50.328],[-4.2221,50.328]],[[-4.4148,50.3627],[-4.4148,50.3627],[-4.4149,50.3627],[-4.4148,50.3627]],[[-4.2221,50.3277],[-4.2221,50.3277],[-4.2221,50.3278],[-4.2221,50.3277]],[[-4.394,50.3632],[-4.3941,50.3632],[-4.394,50.3632],[-4.394,50.3632]],[[-4.2206,50.3231],[-4.2205,50.3231],[-4.2206,50.3232],[-4.2206,50.3231]],[[-4.4148,50.3628],[-4.4148,50.3628],[-4.4147,50.3628],[-4.4148,50.3628]],[[-4.3941,50.3632],[-4.3941,50.3631],[-4.3941,50.3631],[-4.3941,50.3632]],[[-4.4147,50.3627],[-4.4147,50.3627],[-4.4148,50.3627],[-4.4147,50.3627]],[[-4.4112,50.3639],[-4.4112,50.3639],[-4.4113,50.3639],[-4.4112,50.3639]],[[-4.2581,50.3469],[-4.2581,50.347],[-4.2582,50.347],[-4.2581,50.3469]],[[-4.4519,50.3356],[-4.4519,50.3356],[-4.4519,50.3355],[-4.4519,50.3356]],[[-4.3489,50.3609],[-4.3489,50.3609],[-4.3488,50.3609],[-4.3489,50.3609]],[[-4.4438,50.3568],[-4.4439,50.3568],[-4.4439,50.3568],[-4.4438,50.3568]],[[-4.2601,50.3472],[-4.26,50.3472],[-4.2601,50.3472],[-4.2601,50.3472]],[[-4.4149,50.3627],[-4.4149,50.3627],[-4.4149,50.3627],[-4.4149,50.3627]],[[-4.3998,50.3633],[-4.3998,50.3633],[-4.3998,50.3633],[-4.3998,50.3633]],[[-4.2585,50.3468],[-4.2584,50.3468],[-4.2585,50.3468],[-4.2585,50.3468]],[[-4.2224,50.3272],[-4.2223,50.3272],[-4.2223,50.3272],[-4.2224,50.3272]],[[-4.4528,50.3365],[-4.4529,50.3365],[-4.4528,50.3365],[-4.4528,50.3365]],[[-4.2206,50.3236],[-4.2204,50.3236],[-4.2205,50.3236],[-4.2206,50.3236]],[[-4.4714,50.3347],[-4.4713,50.3348],[-4.4713,50.3348],[-4.4714,50.3347]],[[-4.2225,50.3282],[-4.2226,50.3282],[-4.2225,50.3282],[-4.2225,50.3282]],[[-4.4727,50.3368],[-4.4728,50.3368],[-4.4727,50.3367],[-4.4727,50.3368]],[[-4.2597,50.3469],[-4.2598,50.3469],[-4.2598,50.3469],[-4.2597,50.3469]],[[-4.2593,50.347],[-4.2592,50.3471],[-4.2593,50.347],[-4.2593,50.347]],[[-4.468,50.34],[-4.4681,50.3399],[-4.468,50.34],[-4.468,50.34]],[[-4.2198,50.3245],[-4.2196,50.3245],[-4.2197,50.3245],[-4.2198,50.3245]],[[-4.2221,50.3277],[-4.222,50.3277],[-4.222,50.3277],[-4.2221,50.3277]],[[-4.449,50.3522],[-4.4489,50.3522],[-4.4489,50.3522],[-4.449,50.3522]],[[-4.4725,50.3372],[-4.4726,50.3372],[-4.4725,50.3372],[-4.4725,50.3372]],[[-4.4715,50.3348],[-4.4714,50.3348],[-4.4714,50.3348],[-4.4715,50.3348]],[[-4.4725,50.3373],[-4.4726,50.3373],[-4.4724,50.3373],[-4.4725,50.3373]],[[-4.4521,50.3361],[-4.4522,50.336],[-4.4522,50.336],[-4.4521,50.3361]],[[-4.2198,50.3245],[-4.2196,50.3244],[-4.2197,50.3245],[-4.2198,50.3245]],[[-4.4467,50.3353],[-4.4468,50.3353],[-4.4468,50.3353],[-4.4467,50.3353]],[[-4.452,50.3362],[-4.4521,50.3362],[-4.4521,50.3362],[-4.452,50.3362]],[[-4.2223,50.328],[-4.2223,50.328],[-4.2222,50.3279],[-4.2223,50.328]],[[-4.4146,50.3628],[-4.4147,50.3628],[-4.4146,50.3628],[-4.4146,50.3628]],[[-4.2228,50.3283],[-4.2228,50.3283],[-4.2227,50.3282],[-4.2228,50.3283]],[[-4.4684,50.3399],[-4.4683,50.3399],[-4.4684,50.3399],[-4.4684,50.3399]],[[-4.2197,50.3246],[-4.2196,50.3245],[-4.2197,50.3246],[-4.2197,50.3246]],[[-4.2225,50.3213],[-4.2224,50.3213],[-4.2226,50.3213],[-4.2225,50.3213]],[[-4.2203,50.3226],[-4.2202,50.3226],[-4.2203,50.3226],[-4.2203,50.3226]],[[-4.2685,50.3509],[-4.2686,50.3508],[-4.2686,50.3508],[-4.2685,50.3509]],[[-4.2669,50.35],[-4.2669,50.35],[-4.2668,50.3501],[-4.2669,50.35]],[[-4.2617,50.3481],[-4.2618,50.3481],[-4.2619,50.3481],[-4.2617,50.3481]],[[-4.2584,50.347],[-4.2585,50.347],[-4.2585,50.347],[-4.2584,50.347]],[[-4.4713,50.3351],[-4.4714,50.3351],[-4.4713,50.3351],[-4.4713,50.3351]],[[-4.2668,50.35],[-4.2669,50.3499],[-4.2668,50.35],[-4.2668,50.35]],[[-4.3274,50.3611],[-4.3273,50.3611],[-4.3273,50.3612],[-4.3274,50.3611]],[[-4.2559,50.3465],[-4.2557,50.3466],[-4.2558,50.3466],[-4.2559,50.3465]],[[-4.4727,50.3369],[-4.4729,50.3369],[-4.4727,50.3369],[-4.4727,50.3369]],[[-4.4345,50.3604],[-4.4343,50.3605],[-4.4343,50.3605],[-4.4345,50.3604]],[[-4.4622,50.3414],[-4.4622,50.3414],[-4.462,50.3414],[-4.4622,50.3414]],[[-4.3275,50.3613],[-4.3274,50.3613],[-4.3273,50.3613],[-4.3275,50.3613]],[[-4.4518,50.3362],[-4.4521,50.3361],[-4.452,50.3361],[-4.4518,50.3362]],[[-4.4715,50.3343],[-4.4715,50.3342],[-4.4713,50.3342],[-4.4715,50.3343]],[[-4.4488,50.3523],[-4.4489,50.3522],[-4.4488,50.3522],[-4.4488,50.3523]],[[-4.414,50.3631],[-4.4139,50.3631],[-4.414,50.3631],[-4.414,50.3631]],[[-4.3265,50.3618],[-4.3264,50.3619],[-4.3265,50.3619],[-4.3265,50.3618]],[[-4.2205,50.3232],[-4.2203,50.3232],[-4.2202,50.3233],[-4.2205,50.3232]],[[-4.452,50.3355],[-4.4521,50.3356],[-4.4522,50.3355],[-4.452,50.3355]],[[-4.4722,50.3371],[-4.4725,50.3371],[-4.4722,50.3371],[-4.4722,50.3371]],[[-4.4619,50.3414],[-4.4619,50.3414],[-4.4617,50.3414],[-4.4619,50.3414]],[[-4.4729,50.3373],[-4.4729,50.3373],[-4.4727,50.3373],[-4.4729,50.3373]],[[-4.3267,50.3617],[-4.3267,50.3616],[-4.3266,50.3617],[-4.3267,50.3617]],[[-4.4748,50.3326],[-4.4745,50.3326],[-4.4747,50.3327],[-4.4748,50.3326]],[[-4.4669,50.3398],[-4.4669,50.3397],[-4.4668,50.3398],[-4.4669,50.3398]],[[-4.4464,50.3358],[-4.4462,50.336],[-4.4463,50.3359],[-4.4464,50.3358]],[[-4.2214,50.322],[-4.2211,50.322],[-4.2213,50.322],[-4.2214,50.322]],[[-4.2202,50.3242],[-4.2203,50.3242],[-4.2201,50.3242],[-4.2202,50.3242]],[[-4.2206,50.3223],[-4.2202,50.3223],[-4.2199,50.3224],[-4.2206,50.3223]],[[-4.2544,50.3456],[-4.2543,50.3455],[-4.2545,50.3456],[-4.2544,50.3456]],[[-4.3384,50.3592],[-4.3386,50.3591],[-4.3384,50.359],[-4.3384,50.3592]],[[-4.4491,50.3523],[-4.4492,50.3522],[-4.449,50.3522],[-4.4491,50.3523]],[[-4.4593,50.3416],[-4.459,50.3416],[-4.4593,50.3416],[-4.4593,50.3416]],[[-4.4666,50.3401],[-4.4664,50.3401],[-4.4663,50.3402],[-4.4666,50.3401]],[[-4.4182,50.3618],[-4.4184,50.3617],[-4.4182,50.3617],[-4.4182,50.3618]],[[-4.4462,50.336],[-4.446,50.336],[-4.4459,50.3361],[-4.4462,50.336]],[[-4.4344,50.3598],[-4.4344,50.3597],[-4.4343,50.3596],[-4.4344,50.3598]],[[-4.2199,50.3239],[-4.2201,50.3239],[-4.2204,50.3239],[-4.2199,50.3239]],[[-4.2619,50.348],[-4.2621,50.3479],[-4.262,50.3479],[-4.2619,50.348]],[[-4.4641,50.3412],[-4.4639,50.3412],[-4.464,50.3413],[-4.4641,50.3412]],[[-4.4468,50.3359],[-4.4465,50.336],[-4.4467,50.336],[-4.4468,50.3359]],[[-4.4722,50.3366],[-4.4719,50.3366],[-4.472,50.3367],[-4.4722,50.3366]],[[-4.4529,50.3366],[-4.453,50.3366],[-4.4534,50.3364],[-4.4529,50.3366]],[[-4.4492,50.3525],[-4.4492,50.3524],[-4.449,50.3524],[-4.4492,50.3525]],[[-4.2605,50.3471],[-4.2606,50.3469],[-4.2605,50.3469],[-4.2605,50.3471]],[[-4.4183,50.3615],[-4.4183,50.3617],[-4.4184,50.3615],[-4.4183,50.3615]],[[-4.4736,50.333],[-4.4735,50.3329],[-4.4733,50.333],[-4.4736,50.333]],[[-4.4521,50.3363],[-4.4523,50.3364],[-4.4525,50.3362],[-4.4521,50.3363]],[[-4.4712,50.3389],[-4.4714,50.3388],[-4.4711,50.3388],[-4.4712,50.3389]],[[-4.3263,50.3617],[-4.3265,50.3615],[-4.3264,50.3615],[-4.3263,50.3617]],[[-4.475,50.333],[-4.4753,50.3329],[-4.4748,50.3329],[-4.475,50.333]],[[-4.4598,50.3414],[-4.4592,50.3415],[-4.4595,50.3415],[-4.4598,50.3414]],[[-4.2433,50.3409],[-4.2434,50.3406],[-4.2432,50.3408],[-4.2433,50.3409]],[[-4.2234,50.3288],[-4.2238,50.3286],[-4.2232,50.3285],[-4.2234,50.3288]],[[-4.4741,50.3325],[-4.4746,50.3325],[-4.4748,50.3322],[-4.4741,50.3325]],[[-4.446,50.3363],[-4.4461,50.3366],[-4.447,50.3361],[-4.446,50.3363]],[[-4.4466,50.3364],[-4.4505,50.339],[-4.4533,50.3369],[-4.4466,50.3364]]]},"properties":{"MCZ_NAME":"Whitsand and Looe Bay","MCZ_CODE":"UKMCZ0021"}},{"type":"Feature","geometry":{"type":"Polygon","coordinates":[[[0.9148,51.8913],[0.9181,51.8874],[0.9261,51.8859],[0.9279,51.8805],[0.9498,51.8653],[0.9509,51.8552],[0.9795,51.8478],[0.9852,51.839],[1.0105,51.8324],[1.021,51.8348],[1.0106,51.8317],[0.9883,51.8374],[0.9843,51.8305],[0.9936,51.8165],[1.0105,51.8057],[1.0338,51.805],[1.0467,51.811],[1.0492,51.8084],[1.0539,51.8096],[1.0607,51.8118],[1.0644,51.817],[1.049,51.8229],[1.0449,51.8194],[1.0462,51.8229],[1.0637,51.8185],[1.0595,51.8242],[1.0632,51.8206],[1.0678,51.8211],[1.0623,51.8101],[1.0444,51.8032],[1.0655,51.7962],[1.0512,51.7989],[1.0486,51.8027],[1.0304,51.7991],[1.0211,51.8032],[1.0178,51.8012],[1.0481,51.7837],[1.0412,51.7886],[1.0431,51.7874],[1.039,51.7844],[1.0432,51.7866],[1.0407,51.7839],[1.0451,51.7856],[1.0474,51.7835],[1.0422,51.784],[1.0445,51.7826],[1.0418,51.7812],[1.0388,51.7836],[1.0415,51.7798],[1.0357,51.784],[1.0368,51.7786],[1.0401,51.78],[1.0369,51.7785],[1.0413,51.7796],[1.0378,51.778],[1.0423,51.7791],[1.0388,51.7777],[1.0429,51.7765],[1.0469,51.7778],[1.0432,51.7812],[1.0478,51.7833],[1.0452,51.781],[1.0478,51.7769],[1.0432,51.7742],[1.0469,51.7715],[1.0423,51.7737],[1.0442,51.7762],[1.0393,51.775],[1.0483,51.7712],[1.0439,51.7713],[1.0781,51.7723],[1.0423,51.7701],[1.116,51.7714],[1.1218,51.7749],[1.1345,51.7759],[1.1542,51.7865],[1.153,51.7309],[1.1404,51.6992],[1.0845,51.6669],[0.9598,51.6206],[0.9006,51.6137],[0.8752,51.6146],[0.8716,51.6114],[0.8702,51.5978],[0.8669,51.5952],[0.8591,51.5925],[0.838,51.5937],[0.8401,51.582],[0.8463,51.5827],[0.8484,51.5783],[0.8577,51.5774],[0.8635,51.5719],[0.858,51.5734],[0.8574,51.5764],[0.8477,51.5777],[0.8448,51.5824],[0.8387,51.5815],[0.8377,51.5781],[0.8363,51.5803],[0.8328,51.5757],[0.8415,51.5599],[0.8297,51.5604],[0.8297,51.5584],[0.8275,51.5628],[0.8177,51.5619],[0.821,51.5644],[0.8128,51.5739],[0.8144,51.5764],[0.8081,51.5787],[0.7956,51.5746],[0.81,51.5698],[0.8083,51.5671],[0.8037,51.5672],[0.8071,51.5694],[0.8013,51.5721],[0.7989,51.5709],[0.8048,51.5691],[0.7949,51.5655],[0.7857,51.5666],[0.8011,51.5688],[0.7981,51.5686],[0.7934,51.5764],[0.8067,51.5796],[0.8059,51.5861],[0.7649,51.5806],[0.7609,51.5763],[0.758,51.5767],[0.7598,51.5789],[0.75,51.5772],[0.7478,51.5794],[0.7135,51.5727],[0.7255,51.5771],[0.7221,51.58],[0.7584,51.5806],[0.7598,51.5847],[0.751,51.5864],[0.7542,51.5882],[0.7643,51.5832],[0.7838,51.5879],[0.7963,51.5864],[0.8191,51.5976],[0.8152,51.6036],[0.799,51.6104],[0.7985,51.6137],[0.7772,51.6092],[0.7851,51.6133],[0.7822,51.6138],[0.7847,51.6137],[0.7823,51.6179],[0.7861,51.6134],[0.7972,51.6159],[0.8016,51.6109],[0.8196,51.6038],[0.8177,51.6033],[0.8205,51.5989],[0.8573,51.5957],[0.8656,51.5981],[0.8635,51.61],[0.8655,51.6155],[0.8599,51.6156],[0.8649,51.6148],[0.8628,51.6094],[0.8416,51.6151],[0.8469,51.6168],[0.8352,51.6183],[0.8417,51.6154],[0.8258,51.6153],[0.8269,51.6173],[0.8218,51.6164],[0.827,51.6189],[0.8216,51.6168],[0.8185,51.6195],[0.8217,51.6162],[0.8079,51.6224],[0.7849,51.6236],[0.7823,51.6185],[0.7771,51.6181],[0.7844,51.6243],[0.7751,51.6324],[0.764,51.6368],[0.7517,51.6315],[0.7357,51.6302],[0.722,51.6357],[0.7074,51.6335],[0.6566,51.6352],[0.6587,51.6299],[0.6505,51.6284],[0.6517,51.6235],[0.6491,51.6233],[0.6481,51.6265],[0.643,51.6263],[0.6471,51.626],[0.6447,51.6291],[0.6478,51.6299],[0.6391,51.6292],[0.6431,51.6297],[0.6392,51.6314],[0.6065,51.6285],[0.5957,51.6314],[0.588,51.6303],[0.5866,51.6226],[0.5781,51.6248],[0.5663,51.6225],[0.563,51.6184],[0.5645,51.6119],[0.5629,51.6183],[0.5515,51.6177],[0.5609,51.6172],[0.5658,51.6224],[0.5753,51.6253],[0.586,51.6236],[0.5879,51.6312],[0.6065,51.6297],[0.6027,51.6379],[0.5944,51.6375],[0.5999,51.6456],[0.5956,51.6492],[0.6,51.6457],[0.5984,51.642],[0.6014,51.6459],[0.5947,51.6376],[0.6032,51.6379],[0.6078,51.6297],[0.6271,51.6335],[0.6426,51.6326],[0.6467,51.6367],[0.6304,51.6374],[0.6285,51.6416],[0.6579,51.6379],[0.6585,51.6434],[0.6491,51.6466],[0.6514,51.6489],[0.6563,51.6457],[0.6562,51.6488],[0.6604,51.6482],[0.6624,51.6454],[0.6569,51.6458],[0.6668,51.6426],[0.6647,51.6405],[0.6599,51.6431],[0.6623,51.637],[0.6645,51.6387],[0.6614,51.6376],[0.6638,51.6377],[0.6624,51.6405],[0.6661,51.6388],[0.6663,51.641],[0.6757,51.6365],[0.6959,51.6393],[0.7087,51.6367],[0.7169,51.6431],[0.7414,51.6413],[0.7461,51.6457],[0.7455,51.6433],[0.7618,51.6443],[0.7911,51.6265],[0.803,51.6259],[0.8031,51.6294],[0.8044,51.6261],[0.8305,51.6226],[0.904,51.6225],[0.9344,51.6328],[0.9371,51.6402],[0.9344,51.6526],[0.9362,51.6506],[0.9378,51.6527],[0.9343,51.6538],[0.9385,51.6556],[0.9348,51.656],[0.9398,51.6568],[0.9367,51.6601],[0.9419,51.6603],[0.9357,51.661],[0.9419,51.6604],[0.9419,51.6632],[0.9363,51.6629],[0.9429,51.6639],[0.9416,51.6664],[0.9352,51.6646],[0.9425,51.6678],[0.9354,51.6701],[0.9425,51.669],[0.9374,51.6702],[0.9429,51.6716],[0.9376,51.6712],[0.9433,51.6727],[0.9359,51.6716],[0.9451,51.6734],[0.9339,51.6733],[0.9477,51.6768],[0.934,51.6761],[0.9382,51.6781],[0.9315,51.6792],[0.9464,51.6782],[0.9477,51.6801],[0.9361,51.6802],[0.9363,51.6828],[0.9451,51.6801],[0.9491,51.6819],[0.9413,51.6827],[0.95,51.6835],[0.9321,51.6859],[0.9471,51.6854],[0.9405,51.6877],[0.9474,51.687],[0.9416,51.6892],[0.9447,51.6912],[0.9386,51.6911],[0.9447,51.6913],[0.9409,51.6936],[0.9392,51.7026],[0.9424,51.7036],[0.942,51.7099],[0.9458,51.7156],[0.9395,51.7159],[0.947,51.7163],[0.9507,51.7228],[0.9481,51.7236],[0.9497,51.7262],[0.9462,51.7258],[0.9495,51.7263],[0.9462,51.7271],[0.9492,51.7266],[0.9447,51.7335],[0.9452,51.7357],[0.9489,51.734],[0.9305,51.7471],[0.8944,51.7431],[0.8844,51.7312],[0.8841,51.7337],[0.8707,51.7225],[0.8523,51.717],[0.8522,51.7133],[0.8504,51.7165],[0.8327,51.7144],[0.8197,51.7211],[0.7934,51.718],[0.7908,51.7103],[0.7975,51.7079],[0.7908,51.7091],[0.7902,51.7063],[0.7853,51.7081],[0.7716,51.704],[0.7755,51.7015],[0.774,51.6935],[0.7798,51.6928],[0.7759,51.6916],[0.7778,51.6851],[0.7734,51.6876],[0.7769,51.6888],[0.7735,51.6889],[0.7764,51.6909],[0.7717,51.6956],[0.7731,51.7014],[0.7669,51.7027],[0.7589,51.6996],[0.7594,51.6935],[0.7539,51.6917],[0.7569,51.6908],[0.7379,51.6872],[0.7421,51.6915],[0.7384,51.6938],[0.7391,51.6915],[0.7406,51.694],[0.7483,51.6909],[0.7469,51.6946],[0.7542,51.6954],[0.7498,51.7003],[0.7692,51.7083],[0.7547,51.71],[0.7461,51.7048],[0.7515,51.7076],[0.748,51.7103],[0.7437,51.7065],[0.7469,51.7092],[0.7431,51.7097],[0.7471,51.7115],[0.7175,51.7162],[0.7111,51.7135],[0.7121,51.7157],[0.7092,51.7149],[0.7091,51.7174],[0.6974,51.7228],[0.6971,51.7265],[0.6992,51.7262],[0.6661,51.7374],[0.6621,51.7428],[0.6644,51.7391],[0.6772,51.7346],[0.6853,51.733],[0.6908,51.7356],[0.6865,51.7331],[0.6899,51.7302],[0.6886,51.7328],[0.6915,51.7305],[0.6912,51.7345],[0.6923,51.7298],[0.7019,51.7287],[0.7056,51.7238],[0.7146,51.7341],[0.7111,51.7368],[0.7137,51.7376],[0.7359,51.7295],[0.7394,51.7298],[0.7379,51.7333],[0.7444,51.7314],[0.7394,51.731],[0.7518,51.7328],[0.7473,51.7321],[0.75,51.7344],[0.7473,51.733],[0.748,51.7353],[0.745,51.7334],[0.7456,51.7368],[0.7543,51.735],[0.7626,51.7383],[0.7605,51.7425],[0.7747,51.7389],[0.7708,51.7396],[0.7767,51.744],[0.7786,51.7393],[0.7886,51.7366],[0.7967,51.74],[0.7838,51.7381],[0.7891,51.738],[0.7923,51.7452],[0.8112,51.7388],[0.8228,51.7408],[0.8253,51.7384],[0.8415,51.7387],[0.853,51.742],[0.8469,51.7448],[0.8474,51.7475],[0.8562,51.7438],[0.87,51.751],[0.8673,51.7532],[0.8827,51.7577],[0.8786,51.7566],[0.8616,51.7631],[0.8505,51.757],[0.8491,51.7596],[0.8547,51.7603],[0.8484,51.7604],[0.8521,51.7631],[0.8479,51.7628],[0.8531,51.7646],[0.8477,51.7628],[0.8442,51.7638],[0.8459,51.766],[0.8422,51.7648],[0.8449,51.7683],[0.8318,51.7695],[0.8368,51.7739],[0.8489,51.7711],[0.8575,51.775],[0.8607,51.7687],[0.8838,51.7638],[0.8908,51.7674],[0.885,51.7697],[0.8907,51.7697],[0.8774,51.7793],[0.8579,51.784],[0.8445,51.78],[0.8443,51.7824],[0.8348,51.7842],[0.8397,51.7871],[0.8299,51.789],[0.8399,51.7873],[0.8374,51.7843],[0.8417,51.7823],[0.8561,51.7874],[0.8721,51.7832],[0.8695,51.7844],[0.8713,51.786],[0.8643,51.7873],[0.8689,51.7865],[0.8655,51.7889],[0.8688,51.7916],[0.8665,51.7928],[0.869,51.7916],[0.8664,51.7884],[0.8781,51.7867],[0.8856,51.7803],[0.8922,51.7791],[0.8938,51.7905],[0.8969,51.789],[0.8948,51.7912],[0.8986,51.7917],[0.8972,51.789],[0.9081,51.7986],[0.909,51.8012],[0.9041,51.8042],[0.9097,51.8007],[0.9104,51.8036],[0.9215,51.7954],[0.921,51.7924],[0.9133,51.7926],[0.9038,51.788],[0.8985,51.7802],[0.8996,51.7758],[0.9257,51.7732],[0.9459,51.7748],[1,51.7931],[1.0041,51.7975],[0.9992,51.8019],[0.9757,51.8039],[0.9666,51.8088],[0.9454,51.8068],[0.9408,51.8001],[0.9383,51.8015],[0.9422,51.8017],[0.9406,51.8046],[0.9457,51.8044],[0.9428,51.8068],[0.9366,51.8041],[0.9373,51.8016],[0.9378,51.8041],[0.9336,51.8036],[0.9305,51.8003],[0.9324,51.7992],[0.9266,51.8],[0.9284,51.799],[0.9245,51.7987],[0.9253,51.7956],[0.9219,51.7962],[0.924,51.7946],[0.9178,51.7992],[0.9216,51.8015],[0.918,51.8041],[0.9216,51.8005],[0.9193,51.8044],[0.9233,51.8038],[0.9229,51.8015],[0.9264,51.8041],[0.9306,51.8019],[0.9288,51.8045],[0.9371,51.8058],[0.9216,51.8038],[0.9183,51.8054],[0.9225,51.8069],[0.9139,51.8092],[0.9254,51.8082],[0.9151,51.8092],[0.9162,51.8115],[0.9278,51.8076],[0.9695,51.8128],[0.9912,51.8073],[0.9666,51.8194],[0.9513,51.8234],[0.9434,51.8222],[0.9536,51.8278],[0.9494,51.8289],[0.9528,51.8284],[0.9526,51.8315],[0.9499,51.8306],[0.9524,51.8332],[0.9622,51.8331],[0.9645,51.8305],[0.9682,51.8319],[0.9637,51.8309],[0.9669,51.8281],[0.9645,51.828],[0.9656,51.8227],[0.9822,51.8174],[0.9776,51.8237],[0.9734,51.8237],[0.9773,51.824],[0.9749,51.8271],[0.9679,51.8252],[0.975,51.8273],[0.9742,51.8292],[0.9683,51.8268],[0.9668,51.8293],[0.9727,51.8294],[0.9664,51.8294],[0.9703,51.8295],[0.9683,51.8318],[0.9742,51.8296],[0.9736,51.8327],[0.9769,51.8342],[0.9781,51.8372],[0.975,51.8377],[0.9783,51.8394],[0.9753,51.8468],[0.9555,51.8541],[0.9551,51.8507],[0.9512,51.8507],[0.9529,51.849],[0.9462,51.8468],[0.913,51.8453],[0.9452,51.8467],[0.9554,51.8527],[0.9495,51.8554],[0.9506,51.8623],[0.9469,51.8661],[0.9267,51.8807],[0.9259,51.8858],[0.9181,51.887],[0.9148,51.8913]],[[0.7081,51.7248],[0.7081,51.7248],[0.7081,51.7248],[0.7081,51.7248]],[[0.8874,51.7694],[0.8874,51.7693],[0.8874,51.7693],[0.8874,51.7694]],[[0.857,51.7643],[0.857,51.7643],[0.857,51.7643],[0.857,51.7643]],[[0.8804,51.783],[0.8804,51.7829],[0.8804,51.7829],[0.8804,51.783]],[[0.856,51.7734],[0.856,51.7733],[0.856,51.7734],[0.856,51.7734]],[[0.8873,51.7705],[0.8873,51.7705],[0.8873,51.7704],[0.8873,51.7705]],[[0.8569,51.7643],[0.8569,51.7643],[0.8569,51.7643],[0.8569,51.7643]],[[0.8872,51.7705],[0.8872,51.7705],[0.8872,51.7705],[0.8872,51.7705]],[[0.9864,51.8358],[0.9864,51.8358],[0.9864,51.8358],[0.9864,51.8358]],[[0.8878,51.77],[0.8877,51.77],[0.8878,51.77],[0.8878,51.77]],[[0.8569,51.7642],[0.857,51.7642],[0.857,51.7642],[0.8569,51.7642]],[[0.8729,51.78],[0.8729,51.78],[0.8729,51.78],[0.8729,51.78]],[[0.8774,51.7837],[0.8774,51.7837],[0.8774,51.7837],[0.8774,51.7837]],[[1.0407,51.7882],[1.0407,51.7882],[1.0407,51.7882],[1.0407,51.7882]],[[0.8556,51.7677],[0.8556,51.7677],[0.8556,51.7677],[0.8556,51.7677]],[[0.8558,51.7711],[0.8558,51.7711],[0.8558,51.7711],[0.8558,51.7711]],[[0.8876,51.7699],[0.8876,51.7699],[0.8875,51.7699],[0.8876,51.7699]],[[0.856,51.7733],[0.856,51.7733],[0.856,51.7733],[0.856,51.7733]],[[0.9879,51.8357],[0.9878,51.8357],[0.9879,51.8357],[0.9879,51.8357]],[[0.8732,51.7799],[0.8732,51.7799],[0.8732,51.7799],[0.8732,51.7799]],[[0.8559,51.7734],[0.856,51.7734],[0.856,51.7734],[0.8559,51.7734]],[[0.8568,51.7642],[0.8569,51.7642],[0.8569,51.7642],[0.8568,51.7642]],[[0.8552,51.772],[0.8552,51.7721],[0.8552,51.7721],[0.8552,51.772]],[[0.8576,51.7718],[0.8576,51.7718],[0.8576,51.7718],[0.8576,51.7718]],[[0.8896,51.7747],[0.8897,51.7748],[0.8897,51.7748],[0.8896,51.7747]],[[0.8969,51.7843],[0.8969,51.7842],[0.8969,51.7842],[0.8969,51.7843]],[[0.8561,51.77],[0.8562,51.77],[0.8561,51.77],[0.8561,51.77]],[[0.8505,51.771],[0.8506,51.771],[0.8505,51.771],[0.8505,51.771]],[[0.8561,51.7701],[0.8561,51.7701],[0.8562,51.7701],[0.8561,51.7701]],[[0.8769,51.7835],[0.8769,51.7835],[0.8769,51.7835],[0.8769,51.7835]],[[0.8873,51.7704],[0.8872,51.7704],[0.8873,51.7704],[0.8873,51.7704]],[[0.8966,51.7842],[0.8966,51.7842],[0.8967,51.7842],[0.8966,51.7842]],[[0.8869,51.7707],[0.8869,51.7707],[0.8869,51.7706],[0.8869,51.7707]],[[0.8755,51.7862],[0.8755,51.7863],[0.8755,51.7863],[0.8755,51.7862]],[[0.8866,51.7774],[0.8867,51.7774],[0.8866,51.7774],[0.8866,51.7774]],[[0.8541,51.7713],[0.854,51.7713],[0.8541,51.7713],[0.8541,51.7713]],[[0.8541,51.7683],[0.8541,51.7683],[0.8541,51.7683],[0.8541,51.7683]],[[0.8552,51.7731],[0.8552,51.7731],[0.8552,51.7731],[0.8552,51.7731]],[[0.8555,51.7677],[0.8555,51.7677],[0.8554,51.7677],[0.8555,51.7677]],[[0.8739,51.7839],[0.8739,51.7839],[0.8739,51.7839],[0.8739,51.7839]],[[0.8877,51.7699],[0.8876,51.7698],[0.8876,51.7698],[0.8877,51.7699]],[[0.8892,51.7697],[0.8892,51.7697],[0.8892,51.7697],[0.8892,51.7697]],[[0.8712,51.7642],[0.8713,51.7641],[0.8713,51.7641],[0.8712,51.7642]],[[0.8449,51.773],[0.8448,51.7729],[0.8449,51.7729],[0.8449,51.773]],[[0.8563,51.77],[0.8563,51.7699],[0.8563,51.7699],[0.8563,51.77]],[[0.853,51.772],[0.8529,51.772],[0.853,51.772],[0.853,51.772]],[[0.8717,51.7641],[0.8716,51.7641],[0.8717,51.7641],[0.8717,51.7641]],[[0.6756,51.7358],[0.6755,51.7358],[0.6756,51.7357],[0.6756,51.7358]],[[0.8563,51.7731],[0.8563,51.7731],[0.8563,51.7731],[0.8563,51.7731]],[[0.8542,51.7714],[0.8541,51.7714],[0.8541,51.7713],[0.8542,51.7714]],[[0.7124,51.7352],[0.7123,51.7352],[0.7123,51.7352],[0.7124,51.7352]],[[0.857,51.7644],[0.857,51.7644],[0.857,51.7644],[0.857,51.7644]],[[0.8891,51.7699],[0.8891,51.7698],[0.8891,51.7698],[0.8891,51.7699]],[[0.8635,51.7626],[0.8635,51.7627],[0.8635,51.7627],[0.8635,51.7626]],[[0.8548,51.7734],[0.8548,51.7735],[0.8548,51.7734],[0.8548,51.7734]],[[0.8878,51.7765],[0.8878,51.7765],[0.8878,51.7765],[0.8878,51.7765]],[[0.8966,51.7842],[0.8966,51.7843],[0.8966,51.7843],[0.8966,51.7842]],[[0.8548,51.7711],[0.8548,51.7712],[0.8547,51.7711],[0.8548,51.7711]],[[0.8585,51.7839],[0.8585,51.7839],[0.8585,51.7838],[0.8585,51.7839]],[[0.8562,51.7701],[0.8563,51.7702],[0.8562,51.7702],[0.8562,51.7701]],[[0.8564,51.7744],[0.8564,51.7745],[0.8564,51.7744],[0.8564,51.7744]],[[0.8869,51.7773],[0.8869,51.7773],[0.8869,51.7772],[0.8869,51.7773]],[[0.8968,51.7842],[0.8967,51.7842],[0.8967,51.7842],[0.8968,51.7842]],[[0.8554,51.7658],[0.8554,51.7658],[0.8554,51.7658],[0.8554,51.7658]],[[0.8877,51.7699],[0.8878,51.7699],[0.8878,51.7699],[0.8877,51.7699]],[[0.8557,51.7627],[0.8556,51.7627],[0.8557,51.7627],[0.8557,51.7627]],[[0.8896,51.7748],[0.8896,51.7749],[0.8895,51.7749],[0.8896,51.7748]],[[0.877,51.7836],[0.877,51.7836],[0.877,51.7836],[0.877,51.7836]],[[0.8574,51.7726],[0.8574,51.7726],[0.8574,51.7726],[0.8574,51.7726]],[[0.8967,51.7843],[0.8968,51.7843],[0.8968,51.7843],[0.8967,51.7843]],[[1.0653,51.7963],[1.0652,51.7963],[1.0653,51.7963],[1.0653,51.7963]],[[0.8875,51.7698],[0.8874,51.7698],[0.8874,51.7697],[0.8875,51.7698]],[[0.8742,51.7839],[0.8743,51.784],[0.8742,51.784],[0.8742,51.7839]],[[0.8555,51.7857],[0.8555,51.7858],[0.8555,51.7857],[0.8555,51.7857]],[[0.7915,51.7411],[0.7916,51.7411],[0.7915,51.7411],[0.7915,51.7411]],[[0.8368,51.7715],[0.8369,51.7716],[0.8368,51.7716],[0.8368,51.7715]],[[0.8549,51.7711],[0.8548,51.7711],[0.8549,51.7711],[0.8549,51.7711]],[[0.8526,51.7834],[0.8526,51.7834],[0.8526,51.7834],[0.8526,51.7834]],[[0.8539,51.7682],[0.8538,51.7683],[0.8538,51.7682],[0.8539,51.7682]],[[0.8544,51.7733],[0.8544,51.7734],[0.8544,51.7734],[0.8544,51.7733]],[[0.877,51.7835],[0.877,51.7834],[0.877,51.7834],[0.877,51.7835]],[[0.6987,51.7227],[0.6987,51.7227],[0.6986,51.7227],[0.6987,51.7227]],[[0.8574,51.7719],[0.8574,51.7719],[0.8574,51.7719],[0.8574,51.7719]],[[0.8753,51.7856],[0.8754,51.7856],[0.8754,51.7856],[0.8753,51.7856]],[[0.8554,51.7681],[0.8555,51.7682],[0.8554,51.7682],[0.8554,51.7681]],[[0.8553,51.7619],[0.8553,51.7619],[0.8553,51.762],[0.8553,51.7619]],[[0.9946,51.8173],[0.9947,51.8173],[0.9946,51.8174],[0.9946,51.8173]],[[0.8548,51.7735],[0.8548,51.7736],[0.8548,51.7735],[0.8548,51.7735]],[[1.0413,51.7847],[1.0414,51.7848],[1.0413,51.7848],[1.0413,51.7847]],[[0.8545,51.7639],[0.8545,51.7639],[0.8545,51.7639],[0.8545,51.7639]],[[0.8863,51.7776],[0.8862,51.7776],[0.8862,51.7776],[0.8863,51.7776]],[[0.8573,51.7636],[0.8573,51.7636],[0.8572,51.7636],[0.8573,51.7636]],[[0.8564,51.7621],[0.8565,51.7622],[0.8564,51.7622],[0.8564,51.7621]],[[0.8496,51.772],[0.8495,51.772],[0.8496,51.772],[0.8496,51.772]],[[0.854,51.7711],[0.854,51.7711],[0.854,51.7711],[0.854,51.7711]],[[0.8874,51.7767],[0.8873,51.7767],[0.8874,51.7766],[0.8874,51.7767]],[[0.869,51.7681],[0.869,51.7681],[0.8691,51.7681],[0.869,51.7681]],[[0.871,51.7604],[0.8709,51.7603],[0.871,51.7603],[0.871,51.7604]],[[0.9947,51.8172],[0.9947,51.8172],[0.9949,51.8171],[0.9947,51.8172]],[[0.8875,51.7766],[0.8874,51.7766],[0.8874,51.7765],[0.8875,51.7766]],[[0.8886,51.7696],[0.8885,51.7695],[0.8886,51.7695],[0.8886,51.7696]],[[0.8882,51.7767],[0.8883,51.7766],[0.8883,51.7767],[0.8882,51.7767]],[[0.7759,51.6911],[0.776,51.6912],[0.7759,51.6912],[0.7759,51.6911]],[[0.9947,51.8158],[0.9947,51.8159],[0.9946,51.8158],[0.9947,51.8158]],[[0.8742,51.7797],[0.8742,51.7797],[0.8741,51.7798],[0.8742,51.7797]],[[0.8552,51.7735],[0.8553,51.7736],[0.8552,51.7736],[0.8552,51.7735]],[[0.8412,51.7826],[0.8413,51.7826],[0.8412,51.7827],[0.8412,51.7826]],[[0.8745,51.784],[0.8745,51.7839],[0.8746,51.784],[0.8745,51.784]],[[0.8556,51.7713],[0.8556,51.7714],[0.8555,51.7713],[0.8556,51.7713]],[[0.7525,51.6976],[0.7525,51.6976],[0.7525,51.6976],[0.7525,51.6976]],[[0.8869,51.777],[0.8868,51.7769],[0.8868,51.7769],[0.8869,51.777]],[[0.8753,51.7857],[0.8752,51.7856],[0.8753,51.7856],[0.8753,51.7857]],[[0.8395,51.7701],[0.8396,51.7701],[0.8395,51.7701],[0.8395,51.7701]],[[0.842,51.7826],[0.8419,51.7826],[0.8419,51.7826],[0.842,51.7826]],[[0.8766,51.7836],[0.8765,51.7835],[0.8766,51.7836],[0.8766,51.7836]],[[0.8554,51.7714],[0.8553,51.7714],[0.8554,51.7713],[0.8554,51.7714]],[[0.8555,51.7717],[0.8554,51.7716],[0.8554,51.7716],[0.8555,51.7717]],[[0.7126,51.7351],[0.7125,51.7351],[0.7126,51.7351],[0.7126,51.7351]],[[0.8928,51.7817],[0.8927,51.7817],[0.8927,51.7817],[0.8928,51.7817]],[[0.8561,51.7731],[0.8561,51.7731],[0.8561,51.7731],[0.8561,51.7731]],[[0.8692,51.7675],[0.8692,51.7675],[0.8693,51.7674],[0.8692,51.7675]],[[0.8539,51.7714],[0.8538,51.7713],[0.8538,51.7713],[0.8539,51.7714]],[[0.8532,51.786],[0.8533,51.786],[0.8533,51.786],[0.8532,51.786]],[[0.8541,51.7681],[0.8541,51.7681],[0.854,51.7681],[0.8541,51.7681]],[[0.8741,51.7799],[0.874,51.7798],[0.8741,51.7798],[0.8741,51.7799]],[[0.8518,51.7737],[0.8517,51.7737],[0.8517,51.7736],[0.8518,51.7737]],[[0.6991,51.7231],[0.6993,51.7231],[0.6992,51.7231],[0.6991,51.7231]],[[0.8894,51.7694],[0.8894,51.7694],[0.8894,51.7694],[0.8894,51.7694]],[[0.8571,51.7722],[0.857,51.7722],[0.8569,51.7722],[0.8571,51.7722]],[[0.873,51.7866],[0.873,51.7866],[0.873,51.7866],[0.873,51.7866]],[[0.6973,51.7241],[0.6972,51.7241],[0.6972,51.7241],[0.6973,51.7241]],[[0.9822,51.8439],[0.9822,51.8439],[0.9823,51.8439],[0.9822,51.8439]],[[0.9948,51.8159],[0.9947,51.8159],[0.9948,51.8159],[0.9948,51.8159]],[[0.8725,51.7802],[0.8723,51.7802],[0.8724,51.7802],[0.8725,51.7802]],[[0.889,51.7697],[0.8891,51.7698],[0.889,51.7698],[0.889,51.7697]],[[0.8711,51.7642],[0.8712,51.7642],[0.8711,51.7642],[0.8711,51.7642]],[[0.8961,51.783],[0.896,51.783],[0.8961,51.783],[0.8961,51.783]],[[0.8699,51.7674],[0.87,51.7674],[0.8699,51.7674],[0.8699,51.7674]],[[0.8538,51.7731],[0.8538,51.7731],[0.8538,51.7731],[0.8538,51.7731]],[[0.8393,51.7723],[0.8394,51.7724],[0.8394,51.7724],[0.8393,51.7723]],[[0.8897,51.7747],[0.8897,51.7747],[0.8898,51.7747],[0.8897,51.7747]],[[0.8979,51.7865],[0.898,51.7866],[0.8979,51.7866],[0.8979,51.7865]],[[0.7518,51.7354],[0.7519,51.7354],[0.7518,51.7354],[0.7518,51.7354]],[[0.8448,51.7728],[0.8449,51.7728],[0.8447,51.7729],[0.8448,51.7728]],[[1.0653,51.82],[1.0652,51.82],[1.0652,51.8199],[1.0653,51.82]],[[0.855,51.7735],[0.8551,51.7735],[0.8551,51.7736],[0.855,51.7735]],[[0.8863,51.7777],[0.8863,51.7776],[0.8864,51.7776],[0.8863,51.7777]],[[0.85,51.771],[0.8501,51.771],[0.8501,51.771],[0.85,51.771]],[[0.8802,51.7832],[0.8802,51.7831],[0.8802,51.7832],[0.8802,51.7832]],[[0.9868,51.8393],[0.9868,51.8392],[0.9869,51.8392],[0.9868,51.8393]],[[0.8417,51.7825],[0.8416,51.7825],[0.8417,51.7825],[0.8417,51.7825]],[[0.8373,51.7724],[0.8372,51.7724],[0.8373,51.7724],[0.8373,51.7724]],[[0.8906,51.7661],[0.8907,51.7662],[0.8906,51.7662],[0.8906,51.7661]],[[0.9885,51.8079],[0.9885,51.8079],[0.9884,51.8079],[0.9885,51.8079]],[[0.8698,51.7679],[0.87,51.7679],[0.8698,51.7679],[0.8698,51.7679]],[[0.8767,51.7627],[0.8768,51.7628],[0.8767,51.7628],[0.8767,51.7627]],[[0.8525,51.765],[0.8524,51.765],[0.8523,51.765],[0.8525,51.765]],[[1.0615,51.8137],[1.0615,51.8138],[1.0614,51.8137],[1.0615,51.8137]],[[0.892,51.7801],[0.8919,51.7801],[0.892,51.7801],[0.892,51.7801]],[[0.8696,51.761],[0.8696,51.761],[0.8697,51.7609],[0.8696,51.761]],[[0.6987,51.7226],[0.6988,51.7227],[0.6987,51.7227],[0.6987,51.7226]],[[0.9953,51.8167],[0.9954,51.8167],[0.9953,51.8168],[0.9953,51.8167]],[[0.8618,51.7625],[0.8617,51.7625],[0.8618,51.7625],[0.8618,51.7625]],[[1.0345,51.7995],[1.0346,51.7994],[1.0346,51.7995],[1.0345,51.7995]],[[1.0448,51.7715],[1.0448,51.7714],[1.0449,51.7715],[1.0448,51.7715]],[[0.8598,51.7645],[0.8598,51.7646],[0.8598,51.7646],[0.8598,51.7645]],[[0.8546,51.7715],[0.8547,51.7715],[0.8546,51.7715],[0.8546,51.7715]],[[0.8726,51.7638],[0.8727,51.7638],[0.8726,51.7638],[0.8726,51.7638]],[[0.8454,51.768],[0.8454,51.7679],[0.8456,51.7679],[0.8454,51.768]],[[0.792,51.741],[0.792,51.7411],[0.7919,51.741],[0.792,51.741]],[[0.8774,51.7835],[0.8772,51.7835],[0.8774,51.7835],[0.8774,51.7835]],[[0.8565,51.7629],[0.8564,51.7628],[0.8565,51.7627],[0.8565,51.7629]],[[0.8561,51.7733],[0.8561,51.7733],[0.8562,51.7733],[0.8561,51.7733]],[[0.7533,51.7348],[0.7534,51.7349],[0.7533,51.7349],[0.7533,51.7348]],[[0.8499,51.7707],[0.8499,51.7706],[0.85,51.7706],[0.8499,51.7707]],[[0.8514,51.7833],[0.8513,51.7832],[0.8515,51.7832],[0.8514,51.7833]],[[0.8545,51.7716],[0.8544,51.7716],[0.8545,51.7715],[0.8545,51.7716]],[[0.8549,51.765],[0.8548,51.7649],[0.8549,51.7649],[0.8549,51.765]],[[0.8566,51.77],[0.8566,51.7699],[0.8567,51.77],[0.8566,51.77]],[[0.887,51.7697],[0.8872,51.7697],[0.8871,51.7698],[0.887,51.7697]],[[0.8977,51.7852],[0.8978,51.7852],[0.8978,51.7853],[0.8977,51.7852]],[[0.8546,51.7728],[0.8546,51.7729],[0.8546,51.7729],[0.8546,51.7728]],[[0.8688,51.768],[0.8687,51.7679],[0.8688,51.7679],[0.8688,51.768]],[[0.8566,51.7744],[0.8566,51.7744],[0.8564,51.7743],[0.8566,51.7744]],[[1.0403,51.7864],[1.0404,51.7865],[1.0403,51.7865],[1.0403,51.7864]],[[0.8554,51.7642],[0.8553,51.7641],[0.8553,51.7641],[0.8554,51.7642]],[[0.8705,51.7871],[0.8703,51.7871],[0.8704,51.7871],[0.8705,51.7871]],[[0.8758,51.7855],[0.8758,51.7855],[0.8758,51.7854],[0.8758,51.7855]],[[0.7288,51.725],[0.7289,51.7251],[0.7288,51.725],[0.7288,51.725]],[[0.8395,51.7724],[0.8395,51.7725],[0.8394,51.7725],[0.8395,51.7724]],[[0.8481,51.7699],[0.8482,51.77],[0.8481,51.77],[0.8481,51.7699]],[[0.8868,51.7705],[0.8868,51.7704],[0.8868,51.7705],[0.8868,51.7705]],[[0.8411,51.7695],[0.8412,51.7696],[0.8411,51.7696],[0.8411,51.7695]],[[0.8936,51.7755],[0.8936,51.7756],[0.8935,51.7755],[0.8936,51.7755]],[[0.8482,51.7699],[0.8482,51.7699],[0.8483,51.77],[0.8482,51.7699]],[[1.0428,51.7769],[1.0428,51.7769],[1.0426,51.7769],[1.0428,51.7769]],[[0.8542,51.7682],[0.8542,51.7681],[0.8542,51.7682],[0.8542,51.7682]],[[0.8552,51.7713],[0.8552,51.7713],[0.8551,51.7713],[0.8552,51.7713]],[[0.9886,51.8371],[0.9887,51.8371],[0.9886,51.8372],[0.9886,51.8371]],[[0.8538,51.771],[0.8539,51.7711],[0.8538,51.7711],[0.8538,51.771]],[[0.8883,51.7756],[0.8884,51.7756],[0.8883,51.7756],[0.8883,51.7756]],[[0.8706,51.7673],[0.8709,51.7673],[0.8706,51.7674],[0.8706,51.7673]],[[0.8691,51.7613],[0.869,51.7613],[0.869,51.7612],[0.8691,51.7613]],[[0.8638,51.7678],[0.8637,51.7678],[0.8638,51.7678],[0.8638,51.7678]],[[0.699,51.7223],[0.6991,51.7223],[0.699,51.7224],[0.699,51.7223]],[[0.8512,51.7689],[0.8513,51.7689],[0.8513,51.769],[0.8512,51.7689]],[[0.7918,51.7411],[0.7917,51.7411],[0.7916,51.7411],[0.7918,51.7411]],[[0.8549,51.7685],[0.8548,51.7685],[0.8549,51.7684],[0.8549,51.7685]],[[0.8896,51.7748],[0.8898,51.7748],[0.8897,51.7748],[0.8896,51.7748]],[[0.8376,51.7726],[0.8377,51.7727],[0.8376,51.7727],[0.8376,51.7726]],[[0.7231,51.7254],[0.7229,51.7253],[0.723,51.7253],[0.7231,51.7254]],[[0.8874,51.7685],[0.8874,51.7686],[0.8874,51.7685],[0.8874,51.7685]],[[0.9964,51.816],[0.9964,51.8159],[0.9965,51.8159],[0.9964,51.816]],[[0.855,51.7685],[0.8549,51.7683],[0.855,51.7684],[0.855,51.7685]],[[0.6908,51.7299],[0.6909,51.7299],[0.6907,51.7299],[0.6908,51.7299]],[[0.8501,51.7709],[0.85,51.7709],[0.8501,51.7708],[0.8501,51.7709]],[[0.8641,51.7676],[0.8642,51.7677],[0.8642,51.7677],[0.8641,51.7676]],[[0.8728,51.7801],[0.8728,51.7802],[0.8727,51.7801],[0.8728,51.7801]],[[0.8748,51.7842],[0.8747,51.7841],[0.8748,51.7841],[0.8748,51.7842]],[[0.8877,51.7685],[0.8876,51.7684],[0.8877,51.7684],[0.8877,51.7685]],[[0.8506,51.7715],[0.8504,51.7716],[0.8504,51.7715],[0.8506,51.7715]],[[0.8493,51.7609],[0.8494,51.7609],[0.8494,51.7609],[0.8493,51.7609]],[[0.8525,51.7676],[0.8527,51.7676],[0.8526,51.7676],[0.8525,51.7676]],[[1.064,51.8203],[1.0641,51.8204],[1.064,51.8204],[1.064,51.8203]],[[0.8524,51.7606],[0.8523,51.7606],[0.8525,51.7606],[0.8524,51.7606]],[[0.847,51.7651],[0.8469,51.7651],[0.8471,51.7651],[0.847,51.7651]],[[0.8523,51.7737],[0.8524,51.7738],[0.8523,51.7738],[0.8523,51.7737]],[[0.8504,51.7595],[0.8506,51.7595],[0.8505,51.7595],[0.8504,51.7595]],[[0.8477,51.77],[0.8478,51.7701],[0.8477,51.77],[0.8477,51.77]],[[0.8627,51.7626],[0.8627,51.7627],[0.8626,51.7627],[0.8627,51.7626]],[[0.8624,51.7627],[0.8622,51.7627],[0.8624,51.7627],[0.8624,51.7627]],[[0.8495,51.7719],[0.8495,51.772],[0.8493,51.772],[0.8495,51.7719]],[[1.0432,51.7847],[1.043,51.7847],[1.0431,51.7847],[1.0432,51.7847]],[[0.8626,51.7627],[0.8624,51.7627],[0.8625,51.7626],[0.8626,51.7627]],[[0.8714,51.7641],[0.8714,51.764],[0.8715,51.7641],[0.8714,51.7641]],[[0.9817,51.8449],[0.9819,51.8449],[0.9818,51.8449],[0.9817,51.8449]],[[0.8576,51.7642],[0.8577,51.7641],[0.8577,51.7641],[0.8576,51.7642]],[[0.8863,51.7681],[0.8864,51.7681],[0.8865,51.7682],[0.8863,51.7681]],[[0.9946,51.8158],[0.9945,51.8157],[0.9946,51.8157],[0.9946,51.8158]],[[1.0537,51.8101],[1.0537,51.81],[1.0538,51.81],[1.0537,51.8101]],[[0.8916,51.7724],[0.8917,51.7724],[0.8916,51.7725],[0.8916,51.7724]],[[0.8655,51.7622],[0.8656,51.7623],[0.8654,51.7623],[0.8655,51.7622]],[[0.7524,51.6978],[0.7523,51.6977],[0.7525,51.6977],[0.7524,51.6978]],[[0.8566,51.7743],[0.8567,51.7743],[0.8567,51.7744],[0.8566,51.7743]],[[1.0464,51.7821],[1.0464,51.7821],[1.0464,51.782],[1.0464,51.7821]],[[0.846,51.768],[0.846,51.768],[0.8461,51.768],[0.846,51.768]],[[0.848,51.7721],[0.8478,51.7721],[0.848,51.7721],[0.848,51.7721]],[[0.8699,51.7809],[0.8697,51.7809],[0.8698,51.7809],[0.8699,51.7809]],[[0.8859,51.7695],[0.8859,51.7696],[0.8858,51.7695],[0.8859,51.7695]],[[0.8377,51.7693],[0.8379,51.7693],[0.8378,51.7693],[0.8377,51.7693]],[[0.852,51.7737],[0.8521,51.7737],[0.852,51.7737],[0.852,51.7737]],[[0.8869,51.7686],[0.8869,51.7686],[0.8868,51.7686],[0.8869,51.7686]],[[0.8879,51.7761],[0.8878,51.776],[0.888,51.776],[0.8879,51.7761]],[[0.8538,51.7732],[0.8536,51.7732],[0.8538,51.7732],[0.8538,51.7732]],[[0.8557,51.7712],[0.8556,51.7711],[0.8558,51.7711],[0.8557,51.7712]],[[0.846,51.7701],[0.8461,51.7702],[0.846,51.7703],[0.846,51.7701]],[[0.9018,51.7747],[0.9018,51.7746],[0.9019,51.7746],[0.9018,51.7747]],[[0.7767,51.689],[0.7769,51.689],[0.7768,51.689],[0.7767,51.689]],[[0.8864,51.777],[0.8864,51.777],[0.8862,51.777],[0.8864,51.777]],[[0.8738,51.7796],[0.874,51.7797],[0.8738,51.7796],[0.8738,51.7796]],[[0.8723,51.7866],[0.8722,51.7865],[0.8723,51.7865],[0.8723,51.7866]],[[0.8369,51.7715],[0.8368,51.7715],[0.837,51.7715],[0.8369,51.7715]],[[0.6989,51.7226],[0.6989,51.7226],[0.6989,51.7226],[0.6989,51.7226]],[[0.8732,51.7799],[0.8731,51.78],[0.8731,51.7798],[0.8732,51.7799]],[[0.896,51.7879],[0.8959,51.7878],[0.896,51.7878],[0.896,51.7879]],[[0.8533,51.7624],[0.8532,51.7623],[0.8533,51.7623],[0.8533,51.7624]],[[0.873,51.7802],[0.8731,51.7801],[0.8732,51.7801],[0.873,51.7802]],[[0.869,51.7675],[0.8688,51.7676],[0.869,51.7675],[0.869,51.7675]],[[0.844,51.772],[0.8439,51.7719],[0.844,51.7719],[0.844,51.772]],[[0.8424,51.7734],[0.8424,51.7734],[0.8423,51.7734],[0.8424,51.7734]],[[0.8536,51.7679],[0.8537,51.768],[0.8536,51.768],[0.8536,51.7679]],[[0.8414,51.7695],[0.8415,51.7696],[0.8414,51.7696],[0.8414,51.7695]],[[0.8534,51.7723],[0.8534,51.7722],[0.8535,51.7723],[0.8534,51.7723]],[[0.846,51.7707],[0.8459,51.7706],[0.846,51.7706],[0.846,51.7707]],[[0.8793,51.7834],[0.8794,51.7834],[0.8794,51.7835],[0.8793,51.7834]],[[0.8541,51.7726],[0.8543,51.7727],[0.8542,51.7727],[0.8541,51.7726]],[[0.8895,51.7747],[0.8896,51.7747],[0.8895,51.7748],[0.8895,51.7747]],[[0.8627,51.7683],[0.8629,51.7684],[0.8628,51.7684],[0.8627,51.7683]],[[0.8933,51.7827],[0.8933,51.7828],[0.8932,51.7827],[0.8933,51.7827]],[[0.8521,51.7728],[0.8523,51.7729],[0.8521,51.7728],[0.8521,51.7728]],[[0.977,51.841],[0.977,51.8411],[0.9769,51.8412],[0.977,51.841]],[[0.8527,51.7719],[0.8527,51.7718],[0.8528,51.7718],[0.8527,51.7719]],[[0.8541,51.7608],[0.8538,51.7608],[0.8539,51.7608],[0.8541,51.7608]],[[0.725,51.7222],[0.7252,51.7222],[0.725,51.7223],[0.725,51.7222]],[[0.8416,51.7693],[0.8415,51.7692],[0.8417,51.7693],[0.8416,51.7693]],[[0.7182,51.7209],[0.7182,51.7208],[0.7183,51.7208],[0.7182,51.7209]],[[0.8859,51.7694],[0.8858,51.7694],[0.8859,51.7694],[0.8859,51.7694]],[[0.8468,51.7818],[0.8468,51.7817],[0.8469,51.7818],[0.8468,51.7818]],[[0.8423,51.7826],[0.8423,51.7825],[0.8424,51.7826],[0.8423,51.7826]],[[0.8661,51.7677],[0.866,51.7678],[0.866,51.7677],[0.8661,51.7677]],[[0.8715,51.764],[0.8716,51.764],[0.8715,51.764],[0.8715,51.764]],[[0.8904,51.7743],[0.8903,51.7743],[0.8902,51.7742],[0.8904,51.7743]],[[0.8725,51.7639],[0.8727,51.7639],[0.8726,51.7639],[0.8725,51.7639]],[[0.8495,51.7718],[0.8496,51.7719],[0.8494,51.7719],[0.8495,51.7718]],[[1.0438,51.7791],[1.0436,51.779],[1.0437,51.779],[1.0438,51.7791]],[[0.8558,51.7624],[0.8557,51.7623],[0.8559,51.7623],[0.8558,51.7624]],[[0.8412,51.7737],[0.8413,51.7736],[0.8413,51.7737],[0.8412,51.7737]],[[0.8536,51.7706],[0.8537,51.7707],[0.8536,51.7706],[0.8536,51.7706]],[[0.8682,51.7676],[0.8684,51.7676],[0.8683,51.7677],[0.8682,51.7676]],[[0.6988,51.7248],[0.6988,51.7247],[0.6989,51.7248],[0.6988,51.7248]],[[0.854,51.7681],[0.854,51.7682],[0.8539,51.7681],[0.854,51.7681]],[[0.8417,51.7717],[0.8418,51.7717],[0.8417,51.7717],[0.8417,51.7717]],[[0.8498,51.7714],[0.8499,51.7715],[0.8498,51.7716],[0.8498,51.7714]],[[0.6908,51.7292],[0.6907,51.7291],[0.6909,51.7291],[0.6908,51.7292]],[[0.8736,51.7861],[0.8737,51.7862],[0.8734,51.7862],[0.8736,51.7861]],[[0.8692,51.7681],[0.8692,51.7679],[0.8693,51.7681],[0.8692,51.7681]],[[0.8873,51.7686],[0.8873,51.7687],[0.8872,51.7687],[0.8873,51.7686]],[[0.8543,51.7712],[0.8544,51.7712],[0.8542,51.7713],[0.8543,51.7712]],[[0.8546,51.773],[0.8544,51.7729],[0.8546,51.7729],[0.8546,51.773]],[[0.8575,51.7725],[0.8574,51.7724],[0.8576,51.7725],[0.8575,51.7725]],[[0.8573,51.7717],[0.8573,51.7718],[0.8572,51.7717],[0.8573,51.7717]],[[0.9397,51.8022],[0.9396,51.8021],[0.9398,51.8021],[0.9397,51.8022]],[[1.0116,51.8332],[1.0115,51.8333],[1.0116,51.8331],[1.0116,51.8332]],[[0.8977,51.7852],[0.8976,51.7851],[0.8977,51.7851],[0.8977,51.7852]],[[0.7929,51.7442],[0.793,51.7442],[0.7929,51.7442],[0.7929,51.7442]],[[0.8531,51.7861],[0.8533,51.7862],[0.8531,51.7862],[0.8531,51.7861]],[[0.8936,51.7834],[0.8936,51.7835],[0.8935,51.7835],[0.8936,51.7834]],[[0.8558,51.7676],[0.8558,51.7677],[0.8557,51.7677],[0.8558,51.7676]],[[0.8709,51.7674],[0.8709,51.7675],[0.8708,51.7675],[0.8709,51.7674]],[[0.7533,51.7346],[0.7533,51.7347],[0.7532,51.7347],[0.7533,51.7346]],[[0.7331,51.5769],[0.7329,51.5768],[0.733,51.5768],[0.7331,51.5769]],[[0.8377,51.7692],[0.8375,51.7692],[0.8377,51.7692],[0.8377,51.7692]],[[0.8539,51.7713],[0.8537,51.7712],[0.8539,51.7712],[0.8539,51.7713]],[[0.8506,51.7728],[0.8508,51.7728],[0.8507,51.7729],[0.8506,51.7728]],[[0.8488,51.7607],[0.8489,51.7608],[0.8487,51.7608],[0.8488,51.7607]],[[0.8686,51.7682],[0.8687,51.7681],[0.8689,51.7681],[0.8686,51.7682]],[[1.041,51.7814],[1.0412,51.7813],[1.041,51.7814],[1.041,51.7814]],[[0.8489,51.7711],[0.8492,51.7711],[0.8489,51.7711],[0.8489,51.7711]],[[0.8436,51.7657],[0.8437,51.7658],[0.8436,51.7658],[0.8436,51.7657]],[[0.988,51.8359],[0.988,51.8358],[0.9882,51.8358],[0.988,51.8359]],[[0.8715,51.7599],[0.8716,51.76],[0.8715,51.7598],[0.8715,51.7599]],[[0.8595,51.7858],[0.8595,51.7858],[0.8597,51.7858],[0.8595,51.7858]],[[0.8449,51.773],[0.845,51.773],[0.8449,51.7731],[0.8449,51.773]],[[0.8717,51.7641],[0.8718,51.7639],[0.8718,51.764],[0.8717,51.7641]],[[0.8877,51.7765],[0.8876,51.7765],[0.8875,51.7764],[0.8877,51.7765]],[[0.8738,51.7798],[0.8737,51.7799],[0.8736,51.7798],[0.8738,51.7798]],[[0.8758,51.7853],[0.8756,51.7853],[0.8759,51.7852],[0.8758,51.7853]],[[0.8666,51.7926],[0.8665,51.7927],[0.8664,51.7926],[0.8666,51.7926]],[[0.8406,51.7695],[0.8405,51.7696],[0.8405,51.7694],[0.8406,51.7695]],[[0.9532,51.8243],[0.9532,51.8244],[0.953,51.8244],[0.9532,51.8243]],[[0.9103,51.8033],[0.9102,51.8031],[0.9104,51.8033],[0.9103,51.8033]],[[0.8873,51.7768],[0.8872,51.7767],[0.8874,51.7768],[0.8873,51.7768]],[[0.8497,51.7719],[0.8497,51.772],[0.8497,51.7719],[0.8497,51.7719]],[[0.8495,51.7683],[0.8495,51.7682],[0.8496,51.7682],[0.8495,51.7683]],[[0.8773,51.7864],[0.8774,51.7865],[0.8773,51.7865],[0.8773,51.7864]],[[0.8535,51.7707],[0.8536,51.7708],[0.8535,51.7707],[0.8535,51.7707]],[[0.8761,51.7842],[0.876,51.7841],[0.8761,51.784],[0.8761,51.7842]],[[0.6981,51.7242],[0.6979,51.7241],[0.6981,51.7241],[0.6981,51.7242]],[[0.7593,51.5811],[0.7592,51.581],[0.7594,51.581],[0.7593,51.5811]],[[0.7733,51.6986],[0.7733,51.6987],[0.7732,51.6988],[0.7733,51.6986]],[[0.6975,51.7241],[0.6978,51.7241],[0.6975,51.7242],[0.6975,51.7241]],[[0.8734,51.7798],[0.8735,51.7799],[0.8733,51.7799],[0.8734,51.7798]],[[0.8897,51.7743],[0.8899,51.7744],[0.8898,51.7744],[0.8897,51.7743]],[[0.7909,51.7413],[0.7907,51.7414],[0.7906,51.7414],[0.7909,51.7413]],[[1.0462,51.8206],[1.0463,51.8206],[1.0465,51.8209],[1.0462,51.8206]],[[0.7907,51.7413],[0.7905,51.7412],[0.7907,51.7412],[0.7907,51.7413]],[[0.8554,51.7735],[0.8554,51.7735],[0.8556,51.7735],[0.8554,51.7735]],[[0.753,51.7348],[0.7531,51.7349],[0.7529,51.7348],[0.753,51.7348]],[[0.8955,51.7871],[0.8955,51.7871],[0.8954,51.787],[0.8955,51.7871]],[[0.8872,51.7766],[0.8873,51.7766],[0.8871,51.7766],[0.8872,51.7766]],[[0.8896,51.7747],[0.8895,51.7745],[0.8897,51.7746],[0.8896,51.7747]],[[0.8533,51.7722],[0.8532,51.7721],[0.8534,51.7721],[0.8533,51.7722]],[[1.0409,51.7829],[1.041,51.7827],[1.0411,51.7828],[1.0409,51.7829]],[[0.849,51.7607],[0.8491,51.7607],[0.8491,51.7608],[0.849,51.7607]],[[0.9879,51.836],[0.988,51.8359],[0.988,51.836],[0.9879,51.836]],[[0.8535,51.7684],[0.8536,51.7685],[0.8535,51.7685],[0.8535,51.7684]],[[0.8929,51.7821],[0.893,51.7821],[0.8928,51.7821],[0.8929,51.7821]],[[0.8961,51.788],[0.8959,51.7879],[0.8961,51.7879],[0.8961,51.788]],[[0.8495,51.7673],[0.8494,51.7672],[0.8496,51.7672],[0.8495,51.7673]],[[0.8548,51.772],[0.8546,51.7718],[0.8547,51.7718],[0.8548,51.772]],[[0.8534,51.7731],[0.8534,51.773],[0.8535,51.7731],[0.8534,51.7731]],[[0.8858,51.778],[0.8855,51.7781],[0.8855,51.778],[0.8858,51.778]],[[0.849,51.7722],[0.8491,51.7723],[0.849,51.7723],[0.849,51.7722]],[[1.0495,51.805],[1.0494,51.8049],[1.0495,51.8049],[1.0495,51.805]],[[0.8703,51.7805],[0.8705,51.7806],[0.8704,51.7806],[0.8703,51.7805]],[[0.8616,51.7462],[0.8615,51.7461],[0.8616,51.7461],[0.8616,51.7462]],[[0.8484,51.7721],[0.8483,51.7721],[0.8485,51.772],[0.8484,51.7721]],[[1.0409,51.7815],[1.0409,51.7815],[1.0407,51.7817],[1.0409,51.7815]],[[0.8871,51.7699],[0.8871,51.7699],[0.8873,51.7699],[0.8871,51.7699]],[[0.8699,51.7675],[0.87,51.7675],[0.8699,51.7676],[0.8699,51.7675]],[[0.857,51.7736],[0.8572,51.7737],[0.8571,51.7737],[0.857,51.7736]],[[0.8667,51.7925],[0.8666,51.7925],[0.8669,51.7925],[0.8667,51.7925]],[[0.8489,51.7723],[0.8486,51.7723],[0.8489,51.7722],[0.8489,51.7723]],[[0.7519,51.7327],[0.7521,51.7328],[0.7519,51.7328],[0.7519,51.7327]],[[0.8753,51.785],[0.8755,51.785],[0.8754,51.7851],[0.8753,51.785]],[[0.8618,51.7683],[0.862,51.7684],[0.8619,51.7684],[0.8618,51.7683]],[[0.8419,51.7737],[0.8419,51.7736],[0.842,51.7737],[0.8419,51.7737]],[[0.849,51.7652],[0.8492,51.7652],[0.8491,51.7652],[0.849,51.7652]],[[0.8884,51.7697],[0.8884,51.7698],[0.8883,51.7697],[0.8884,51.7697]],[[0.8756,51.7865],[0.8755,51.7865],[0.8757,51.7864],[0.8756,51.7865]],[[0.8472,51.7698],[0.8474,51.7697],[0.8474,51.7698],[0.8472,51.7698]],[[0.9878,51.8357],[0.9879,51.8358],[0.9878,51.8358],[0.9878,51.8357]],[[0.8574,51.7715],[0.8575,51.7716],[0.8574,51.7717],[0.8574,51.7715]],[[1.0549,51.8077],[1.0547,51.8076],[1.0549,51.8075],[1.0549,51.8077]],[[0.8439,51.7694],[0.8441,51.7695],[0.8439,51.7695],[0.8439,51.7694]],[[0.8876,51.7698],[0.8877,51.7698],[0.8876,51.7696],[0.8876,51.7698]],[[0.8494,51.7717],[0.8493,51.7718],[0.8494,51.7716],[0.8494,51.7717]],[[0.8604,51.7458],[0.8601,51.7457],[0.8602,51.7457],[0.8604,51.7458]],[[0.8435,51.7653],[0.8435,51.7652],[0.8436,51.7653],[0.8435,51.7653]],[[0.7471,51.5781],[0.747,51.578],[0.7471,51.578],[0.7471,51.5781]],[[1.0541,51.7997],[1.054,51.7997],[1.054,51.7996],[1.0541,51.7997]],[[0.8589,51.7859],[0.859,51.786],[0.8589,51.786],[0.8589,51.7859]],[[0.7283,51.7245],[0.7283,51.7246],[0.7281,51.7246],[0.7283,51.7245]],[[0.8623,51.7683],[0.8623,51.7682],[0.8625,51.7684],[0.8623,51.7683]],[[0.8548,51.7733],[0.855,51.7734],[0.8548,51.7734],[0.8548,51.7733]],[[0.8939,51.7842],[0.8937,51.784],[0.8938,51.784],[0.8939,51.7842]],[[0.7362,51.5794],[0.7359,51.5794],[0.7358,51.5793],[0.7362,51.5794]],[[0.8937,51.7837],[0.8936,51.7836],[0.8936,51.7835],[0.8937,51.7837]],[[0.8444,51.7704],[0.8445,51.7705],[0.8443,51.7704],[0.8444,51.7704]],[[0.854,51.7732],[0.8539,51.7731],[0.8542,51.7733],[0.854,51.7732]],[[0.9946,51.8168],[0.9946,51.8169],[0.9945,51.8169],[0.9946,51.8168]],[[0.8535,51.7703],[0.8534,51.7704],[0.8533,51.7704],[0.8535,51.7703]],[[0.8535,51.7652],[0.8535,51.7651],[0.8536,51.7651],[0.8535,51.7652]],[[0.896,51.7884],[0.8962,51.7885],[0.8959,51.7884],[0.896,51.7884]],[[0.8452,51.7655],[0.845,51.7655],[0.8452,51.7654],[0.8452,51.7655]],[[0.862,51.7681],[0.8623,51.7681],[0.862,51.7682],[0.862,51.7681]],[[0.8777,51.7864],[0.8779,51.7863],[0.8779,51.7864],[0.8777,51.7864]],[[0.8463,51.7707],[0.8466,51.7707],[0.8464,51.7708],[0.8463,51.7707]],[[0.8564,51.7702],[0.8564,51.77],[0.8565,51.77],[0.8564,51.7702]],[[0.8783,51.758],[0.8784,51.758],[0.8782,51.758],[0.8783,51.758]],[[0.8629,51.768],[0.863,51.7679],[0.863,51.7681],[0.8629,51.768]],[[0.7492,51.6907],[0.7492,51.6907],[0.7494,51.6907],[0.7492,51.6907]],[[1.0379,51.7822],[1.0379,51.782],[1.038,51.7821],[1.0379,51.7822]],[[0.89,51.7743],[0.89,51.7744],[0.8898,51.7743],[0.89,51.7743]],[[1.0378,51.782],[1.0379,51.7822],[1.0378,51.7821],[1.0378,51.782]],[[0.6983,51.7232],[0.6985,51.7231],[0.6983,51.7232],[0.6983,51.7232]],[[0.8486,51.7606],[0.8487,51.7607],[0.8486,51.7607],[0.8486,51.7606]],[[0.8542,51.7711],[0.8541,51.771],[0.8543,51.771],[0.8542,51.7711]],[[0.8377,51.7701],[0.838,51.7702],[0.8379,51.7702],[0.8377,51.7701]],[[0.6988,51.723],[0.6989,51.7229],[0.6992,51.723],[0.6988,51.723]],[[0.8544,51.7701],[0.8543,51.77],[0.8545,51.77],[0.8544,51.7701]],[[1.0527,51.8065],[1.0525,51.8064],[1.0526,51.8064],[1.0527,51.8065]],[[0.8958,51.7877],[0.8959,51.7877],[0.896,51.7878],[0.8958,51.7877]],[[0.839,51.7725],[0.8391,51.7723],[0.8391,51.7725],[0.839,51.7725]],[[0.7949,51.7087],[0.7951,51.7088],[0.7949,51.7088],[0.7949,51.7087]],[[0.9014,51.775],[0.9017,51.7752],[0.9014,51.7751],[0.9014,51.775]],[[0.8542,51.7584],[0.8543,51.7583],[0.8544,51.7585],[0.8542,51.7584]],[[0.8715,51.7672],[0.8717,51.7672],[0.8715,51.7673],[0.8715,51.7672]],[[0.7583,51.6931],[0.7584,51.6931],[0.7583,51.6932],[0.7583,51.6931]],[[0.8433,51.7654],[0.8432,51.7655],[0.8432,51.7654],[0.8433,51.7654]],[[0.8897,51.7744],[0.8899,51.7744],[0.8899,51.7745],[0.8897,51.7744]],[[0.8866,51.7771],[0.8868,51.7771],[0.8869,51.7772],[0.8866,51.7771]],[[0.8425,51.7684],[0.8427,51.7685],[0.8425,51.7685],[0.8425,51.7684]],[[0.8504,51.7604],[0.8503,51.7604],[0.8503,51.7602],[0.8504,51.7604]],[[0.8859,51.7682],[0.8859,51.7683],[0.8858,51.7683],[0.8859,51.7682]],[[0.8659,51.7676],[0.866,51.7678],[0.8658,51.7677],[0.8659,51.7676]],[[0.8385,51.7694],[0.8387,51.7695],[0.8386,51.7695],[0.8385,51.7694]],[[0.8576,51.7729],[0.8574,51.7727],[0.8576,51.7728],[0.8576,51.7729]],[[0.8576,51.764],[0.8577,51.764],[0.8576,51.7641],[0.8576,51.764]],[[0.8552,51.7872],[0.855,51.7871],[0.8552,51.7872],[0.8552,51.7872]],[[0.85,51.7634],[0.8498,51.7634],[0.8499,51.7632],[0.85,51.7634]],[[0.988,51.8358],[0.9879,51.8357],[0.9881,51.8357],[0.988,51.8358]],[[0.848,51.772],[0.848,51.7719],[0.8481,51.7719],[0.848,51.772]],[[0.8468,51.7831],[0.8466,51.7831],[0.8466,51.783],[0.8468,51.7831]],[[0.8507,51.7604],[0.8505,51.7603],[0.8505,51.7602],[0.8507,51.7604]],[[0.7283,51.7207],[0.7284,51.7208],[0.7282,51.7208],[0.7283,51.7207]],[[0.6923,51.7322],[0.6923,51.7322],[0.6924,51.7319],[0.6923,51.7322]],[[0.8507,51.7675],[0.8508,51.7676],[0.8505,51.7676],[0.8507,51.7675]],[[0.7924,51.7438],[0.7923,51.7438],[0.7925,51.7437],[0.7924,51.7438]],[[0.8548,51.7662],[0.8547,51.7662],[0.8547,51.766],[0.8548,51.7662]],[[0.8522,51.7625],[0.8523,51.7626],[0.8522,51.7627],[0.8522,51.7625]],[[0.8512,51.7696],[0.8511,51.7695],[0.8514,51.7696],[0.8512,51.7696]],[[0.8537,51.7687],[0.8535,51.7688],[0.8536,51.7686],[0.8537,51.7687]],[[0.8703,51.7678],[0.8701,51.7677],[0.8703,51.7677],[0.8703,51.7678]],[[0.8499,51.7647],[0.8499,51.7647],[0.85,51.7646],[0.8499,51.7647]],[[0.9866,51.8361],[0.9865,51.8361],[0.9866,51.836],[0.9866,51.8361]],[[0.8545,51.7716],[0.8547,51.7716],[0.8547,51.7717],[0.8545,51.7716]],[[0.9806,51.8043],[0.9804,51.8042],[0.9805,51.8042],[0.9806,51.8043]],[[0.8453,51.7664],[0.8454,51.7664],[0.8453,51.7665],[0.8453,51.7664]],[[0.8539,51.7649],[0.854,51.7649],[0.8539,51.7651],[0.8539,51.7649]],[[0.8714,51.7673],[0.8715,51.7673],[0.8713,51.7674],[0.8714,51.7673]],[[0.8499,51.7724],[0.8501,51.7724],[0.8497,51.7724],[0.8499,51.7724]],[[0.902,51.7749],[0.9022,51.775],[0.9023,51.7751],[0.902,51.7749]],[[0.752,51.7354],[0.752,51.7353],[0.7522,51.7353],[0.752,51.7354]],[[0.7716,51.7014],[0.7714,51.7014],[0.7716,51.7014],[0.7716,51.7014]],[[0.8893,51.7748],[0.8895,51.775],[0.8895,51.775],[0.8893,51.7748]],[[0.8912,51.7733],[0.8914,51.7734],[0.8911,51.7732],[0.8912,51.7733]],[[0.8514,51.7833],[0.8516,51.7833],[0.8515,51.7834],[0.8514,51.7833]],[[0.8526,51.7675],[0.8526,51.7674],[0.8527,51.7674],[0.8526,51.7675]],[[0.8575,51.7729],[0.8573,51.7726],[0.8575,51.7728],[0.8575,51.7729]],[[0.8529,51.786],[0.853,51.786],[0.853,51.7862],[0.8529,51.786]],[[0.8422,51.7825],[0.842,51.7824],[0.8422,51.7824],[0.8422,51.7825]],[[0.8552,51.787],[0.8552,51.7871],[0.8549,51.7871],[0.8552,51.787]],[[0.887,51.7699],[0.8868,51.7699],[0.8869,51.7697],[0.887,51.7699]],[[0.8545,51.7709],[0.8546,51.7711],[0.8545,51.7711],[0.8545,51.7709]],[[0.7289,51.6392],[0.7289,51.6392],[0.7287,51.6392],[0.7289,51.6392]],[[0.8471,51.7698],[0.8472,51.7699],[0.8469,51.7698],[0.8471,51.7698]],[[0.6995,51.7225],[0.6992,51.7225],[0.6994,51.7224],[0.6995,51.7225]],[[0.6507,51.6305],[0.6508,51.6306],[0.6507,51.6307],[0.6507,51.6305]],[[0.8555,51.7724],[0.8557,51.7726],[0.8555,51.7725],[0.8555,51.7724]],[[0.8502,51.7598],[0.8504,51.7598],[0.8502,51.76],[0.8502,51.7598]],[[0.8929,51.7817],[0.8928,51.7817],[0.8927,51.7815],[0.8929,51.7817]],[[0.8639,51.7677],[0.8641,51.7677],[0.864,51.7678],[0.8639,51.7677]],[[0.8365,51.7706],[0.8364,51.7706],[0.8363,51.7705],[0.8365,51.7706]],[[0.8349,51.7706],[0.8349,51.7707],[0.8348,51.7706],[0.8349,51.7706]],[[1.0412,51.7829],[1.0414,51.7829],[1.0413,51.783],[1.0412,51.7829]],[[0.8862,51.7774],[0.8864,51.7774],[0.8863,51.7775],[0.8862,51.7774]],[[0.8854,51.7778],[0.8855,51.7779],[0.8853,51.7778],[0.8854,51.7778]],[[0.8527,51.7609],[0.8526,51.7608],[0.8528,51.7607],[0.8527,51.7609]],[[0.855,51.7712],[0.855,51.7711],[0.8553,51.7711],[0.855,51.7712]],[[0.8687,51.7676],[0.8684,51.7676],[0.8687,51.7675],[0.8687,51.7676]],[[0.853,51.7609],[0.8528,51.7609],[0.853,51.7607],[0.853,51.7609]],[[0.8892,51.7746],[0.8893,51.7747],[0.8893,51.7749],[0.8892,51.7746]],[[0.8428,51.7711],[0.8427,51.7713],[0.8426,51.7712],[0.8428,51.7711]],[[0.7496,51.6905],[0.7498,51.6906],[0.7496,51.6906],[0.7496,51.6905]],[[0.8561,51.7711],[0.8559,51.7711],[0.8558,51.771],[0.8561,51.7711]],[[0.8555,51.7856],[0.8557,51.7857],[0.8554,51.7857],[0.8555,51.7856]],[[0.8454,51.768],[0.8457,51.768],[0.8455,51.7681],[0.8454,51.768]],[[1.0377,51.7817],[1.0378,51.7818],[1.0378,51.782],[1.0377,51.7817]],[[0.8413,51.7713],[0.8414,51.7714],[0.8414,51.7715],[0.8413,51.7713]],[[0.8377,51.7726],[0.8377,51.7725],[0.8379,51.7726],[0.8377,51.7726]],[[0.8697,51.7809],[0.8695,51.781],[0.8694,51.7809],[0.8697,51.7809]],[[0.8468,51.7833],[0.8467,51.7831],[0.8469,51.7832],[0.8468,51.7833]],[[0.8879,51.7697],[0.8878,51.7698],[0.8877,51.7697],[0.8879,51.7697]],[[0.8873,51.7694],[0.8874,51.7695],[0.8873,51.7695],[0.8873,51.7694]],[[0.8515,51.7679],[0.8514,51.768],[0.8513,51.7678],[0.8515,51.7679]],[[0.8857,51.7778],[0.886,51.7779],[0.8858,51.7779],[0.8857,51.7778]],[[0.8501,51.7714],[0.8499,51.7713],[0.85,51.7712],[0.8501,51.7714]],[[0.8466,51.7696],[0.8466,51.7698],[0.8465,51.7697],[0.8466,51.7696]],[[0.634,51.6331],[0.6338,51.6331],[0.6337,51.633],[0.634,51.6331]],[[0.7554,51.6429],[0.7551,51.6429],[0.7554,51.6428],[0.7554,51.6429]],[[0.8754,51.7862],[0.8754,51.7863],[0.8752,51.7863],[0.8754,51.7862]],[[0.888,51.7697],[0.8878,51.7695],[0.8879,51.7695],[0.888,51.7697]],[[1.0524,51.8064],[1.0524,51.8062],[1.0526,51.8063],[1.0524,51.8064]],[[1.0637,51.8202],[1.064,51.8203],[1.0639,51.8203],[1.0637,51.8202]],[[0.8589,51.7838],[0.8592,51.7838],[0.859,51.7839],[0.8589,51.7838]],[[0.8921,51.7801],[0.8922,51.7802],[0.8922,51.7803],[0.8921,51.7801]],[[0.8884,51.7685],[0.8884,51.7685],[0.8883,51.7684],[0.8884,51.7685]],[[0.8784,51.7791],[0.8783,51.7791],[0.8787,51.779],[0.8784,51.7791]],[[0.887,51.7797],[0.8869,51.7796],[0.8871,51.7796],[0.887,51.7797]],[[0.8429,51.7703],[0.8427,51.7703],[0.8427,51.7702],[0.8429,51.7703]],[[0.889,51.7695],[0.8892,51.7695],[0.8891,51.7696],[0.889,51.7695]],[[0.8387,51.7693],[0.8389,51.7694],[0.8387,51.7695],[0.8387,51.7693]],[[0.8891,51.7742],[0.8893,51.7743],[0.889,51.7742],[0.8891,51.7742]],[[0.6989,51.7225],[0.6986,51.7226],[0.6987,51.7225],[0.6989,51.7225]],[[0.8726,51.7802],[0.8725,51.7802],[0.8724,51.7801],[0.8726,51.7802]],[[0.6944,51.7295],[0.6946,51.7295],[0.6945,51.7296],[0.6944,51.7295]],[[0.8701,51.7679],[0.87,51.7678],[0.8703,51.7678],[0.8701,51.7679]],[[0.7546,51.7344],[0.7548,51.7345],[0.7546,51.7345],[0.7546,51.7344]],[[0.8911,51.7731],[0.891,51.7731],[0.8908,51.773],[0.8911,51.7731]],[[0.8499,51.7609],[0.85,51.7609],[0.8498,51.761],[0.8499,51.7609]],[[0.8514,51.769],[0.8514,51.7692],[0.8513,51.769],[0.8514,51.769]],[[1.049,51.8084],[1.0489,51.8086],[1.0489,51.8085],[1.049,51.8084]],[[0.8537,51.7679],[0.8536,51.7678],[0.8538,51.7677],[0.8537,51.7679]],[[1.038,51.7822],[1.0381,51.7822],[1.0382,51.7825],[1.038,51.7822]],[[0.8289,51.6175],[0.8287,51.6174],[0.8289,51.6174],[0.8289,51.6175]],[[1.057,51.8083],[1.0568,51.8081],[1.0571,51.8082],[1.057,51.8083]],[[0.8567,51.787],[0.8565,51.7872],[0.8564,51.7871],[0.8567,51.787]],[[0.9521,51.8309],[0.952,51.8308],[0.9522,51.8307],[0.9521,51.8309]],[[0.8761,51.7843],[0.876,51.7842],[0.8762,51.7842],[0.8761,51.7843]],[[0.8517,51.769],[0.8517,51.7689],[0.8519,51.769],[0.8517,51.769]],[[0.7222,51.7249],[0.722,51.7249],[0.7222,51.7248],[0.7222,51.7249]],[[0.8852,51.7782],[0.8852,51.7781],[0.8856,51.7781],[0.8852,51.7782]],[[0.8658,51.7821],[0.8658,51.782],[0.866,51.7819],[0.8658,51.7821]],[[0.8552,51.7711],[0.855,51.771],[0.8552,51.7709],[0.8552,51.7711]],[[0.8879,51.777],[0.888,51.7768],[0.8879,51.7771],[0.8879,51.777]],[[1.0451,51.7853],[1.0452,51.7855],[1.045,51.7854],[1.0451,51.7853]],[[0.7499,51.6906],[0.7499,51.6905],[0.75,51.6905],[0.7499,51.6906]],[[0.8964,51.7843],[0.8968,51.7844],[0.8965,51.7844],[0.8964,51.7843]],[[0.8551,51.765],[0.8553,51.7651],[0.8551,51.7651],[0.8551,51.765]],[[0.7319,51.6378],[0.7318,51.6379],[0.7316,51.6378],[0.7319,51.6378]],[[0.876,51.7587],[0.8762,51.7588],[0.876,51.7589],[0.876,51.7587]],[[0.8544,51.7686],[0.8544,51.7684],[0.8545,51.7685],[0.8544,51.7686]],[[0.887,51.7709],[0.8873,51.7708],[0.8872,51.7709],[0.887,51.7709]],[[0.8502,51.7682],[0.8502,51.7683],[0.85,51.7681],[0.8502,51.7682]],[[0.836,51.7707],[0.8359,51.7707],[0.836,51.7705],[0.836,51.7707]],[[0.7551,51.7345],[0.7549,51.7344],[0.7552,51.7345],[0.7551,51.7345]],[[1.0406,51.7829],[1.0404,51.7828],[1.0405,51.7827],[1.0406,51.7829]],[[0.8894,51.7745],[0.8895,51.7747],[0.8893,51.7747],[0.8894,51.7745]],[[0.699,51.7237],[0.6994,51.7237],[0.699,51.7238],[0.699,51.7237]],[[0.8551,51.764],[0.8552,51.7642],[0.855,51.7642],[0.8551,51.764]],[[0.7503,51.7068],[0.7501,51.7067],[0.7504,51.7067],[0.7503,51.7068]],[[0.8501,51.772],[0.8498,51.7718],[0.85,51.7719],[0.8501,51.772]],[[1.0655,51.8187],[1.0654,51.8187],[1.0655,51.8184],[1.0655,51.8187]],[[1.0386,51.7818],[1.0388,51.782],[1.0387,51.7821],[1.0386,51.7818]],[[0.8865,51.7681],[0.8868,51.7681],[0.8866,51.7682],[0.8865,51.7681]],[[0.8689,51.7812],[0.8686,51.7813],[0.8687,51.7812],[0.8689,51.7812]],[[0.8566,51.7645],[0.8568,51.7643],[0.8569,51.7644],[0.8566,51.7645]],[[0.7906,51.7411],[0.7908,51.7412],[0.7906,51.7412],[0.7906,51.7411]],[[0.8495,51.7722],[0.8495,51.7722],[0.8493,51.772],[0.8495,51.7722]],[[0.896,51.7887],[0.896,51.7888],[0.8958,51.7887],[0.896,51.7887]],[[0.8666,51.7677],[0.8669,51.7678],[0.8668,51.7678],[0.8666,51.7677]],[[0.8524,51.7632],[0.8522,51.7632],[0.8522,51.7631],[0.8524,51.7632]],[[0.8514,51.7728],[0.8513,51.7727],[0.8515,51.7729],[0.8514,51.7728]],[[0.8496,51.761],[0.8498,51.7611],[0.8497,51.7612],[0.8496,51.761]],[[0.8454,51.7811],[0.8452,51.781],[0.8454,51.781],[0.8454,51.7811]],[[0.888,51.7759],[0.8876,51.7758],[0.8878,51.7758],[0.888,51.7759]],[[0.8492,51.7723],[0.8494,51.7723],[0.8494,51.7725],[0.8492,51.7723]],[[0.8561,51.7739],[0.8564,51.7741],[0.856,51.774],[0.8561,51.7739]],[[0.878,51.7861],[0.8783,51.7862],[0.8781,51.7862],[0.878,51.7861]],[[1.0379,51.7818],[1.038,51.782],[1.0378,51.782],[1.0379,51.7818]],[[0.856,51.7714],[0.8557,51.7714],[0.8559,51.7713],[0.856,51.7714]],[[0.8863,51.7693],[0.8866,51.7694],[0.8863,51.7695],[0.8863,51.7693]],[[0.8451,51.7728],[0.845,51.7725],[0.8453,51.7728],[0.8451,51.7728]],[[0.8672,51.7841],[0.8668,51.7841],[0.8672,51.7841],[0.8672,51.7841]],[[0.8501,51.7597],[0.8502,51.7597],[0.85,51.7599],[0.8501,51.7597]],[[0.8973,51.7844],[0.8974,51.7846],[0.8973,51.7846],[0.8973,51.7844]],[[0.8891,51.7745],[0.8891,51.7747],[0.8888,51.7744],[0.8891,51.7745]],[[0.9504,51.8247],[0.9508,51.8247],[0.9507,51.8248],[0.9504,51.8247]],[[0.772,51.697],[0.7721,51.6971],[0.7718,51.6971],[0.772,51.697]],[[0.7149,51.7359],[0.7153,51.7358],[0.7149,51.7359],[0.7149,51.7359]],[[0.7207,51.5756],[0.7209,51.5758],[0.7206,51.5757],[0.7207,51.5756]],[[0.8467,51.7832],[0.8464,51.7831],[0.8466,51.7831],[0.8467,51.7832]],[[0.8556,51.7677],[0.8559,51.7678],[0.8559,51.7679],[0.8556,51.7677]],[[0.855,51.7719],[0.8552,51.7721],[0.855,51.7721],[0.855,51.7719]],[[0.8512,51.7684],[0.8512,51.7683],[0.8515,51.7683],[0.8512,51.7684]],[[0.8453,51.7713],[0.8454,51.7711],[0.8455,51.7713],[0.8453,51.7713]],[[0.8522,51.7729],[0.8524,51.773],[0.8522,51.7732],[0.8522,51.7729]],[[0.8543,51.7725],[0.8539,51.7726],[0.854,51.7725],[0.8543,51.7725]],[[1.1496,51.7837],[1.1503,51.7832],[1.1503,51.7832],[1.1496,51.7837]],[[0.8331,51.7701],[0.833,51.7702],[0.8329,51.7701],[0.8331,51.7701]],[[0.8631,51.7683],[0.863,51.7682],[0.8633,51.7682],[0.8631,51.7683]],[[0.8861,51.7682],[0.8862,51.7681],[0.8863,51.7682],[0.8861,51.7682]],[[0.7891,51.7071],[0.7893,51.7072],[0.7892,51.7072],[0.7891,51.7071]],[[0.714,51.6415],[0.7138,51.6415],[0.7138,51.6413],[0.714,51.6415]],[[0.8955,51.7873],[0.8954,51.7873],[0.8956,51.7872],[0.8955,51.7873]],[[0.8782,51.7832],[0.8781,51.7833],[0.878,51.7832],[0.8782,51.7832]],[[0.9819,51.8447],[0.9816,51.8447],[0.9816,51.8446],[0.9819,51.8447]],[[0.6399,51.6332],[0.6393,51.6332],[0.6399,51.6332],[0.6399,51.6332]],[[0.7595,51.5812],[0.7595,51.581],[0.7597,51.5812],[0.7595,51.5812]],[[0.8468,51.7695],[0.8467,51.7698],[0.8467,51.7696],[0.8468,51.7695]],[[0.8562,51.7677],[0.856,51.7678],[0.8559,51.7677],[0.8562,51.7677]],[[1.0655,51.8184],[1.0654,51.8183],[1.0655,51.8182],[1.0655,51.8184]],[[0.8645,51.7823],[0.8643,51.7824],[0.8646,51.7822],[0.8645,51.7823]],[[0.8573,51.7636],[0.8573,51.7635],[0.8576,51.7635],[0.8573,51.7636]],[[0.7751,51.7414],[0.7748,51.7414],[0.7749,51.7413],[0.7751,51.7414]],[[0.8362,51.772],[0.8365,51.7722],[0.8362,51.7721],[0.8362,51.772]],[[0.8863,51.7693],[0.8859,51.7694],[0.8859,51.7693],[0.8863,51.7693]],[[0.8581,51.7648],[0.8578,51.7648],[0.8579,51.7647],[0.8581,51.7648]],[[0.8549,51.7728],[0.8552,51.7729],[0.855,51.7729],[0.8549,51.7728]],[[0.8693,51.7676],[0.8691,51.7676],[0.8696,51.7675],[0.8693,51.7676]],[[0.8519,51.7607],[0.8521,51.7609],[0.8519,51.7609],[0.8519,51.7607]],[[1.0872,51.772],[1.0872,51.772],[1.0866,51.772],[1.0872,51.772]],[[0.9834,51.8332],[0.9835,51.8332],[0.9834,51.8334],[0.9834,51.8332]],[[0.8695,51.7679],[0.8697,51.7679],[0.8696,51.768],[0.8695,51.7679]],[[0.8561,51.771],[0.8559,51.7708],[0.8563,51.7709],[0.8561,51.771]],[[0.8494,51.7608],[0.8499,51.7608],[0.8497,51.761],[0.8494,51.7608]],[[0.8874,51.7792],[0.8875,51.7794],[0.8875,51.7795],[0.8874,51.7792]],[[0.8884,51.7759],[0.8883,51.776],[0.888,51.7757],[0.8884,51.7759]],[[0.9852,51.8392],[0.9853,51.8394],[0.985,51.8394],[0.9852,51.8392]],[[0.8782,51.7793],[0.8778,51.7794],[0.8781,51.7792],[0.8782,51.7793]],[[0.8514,51.7687],[0.8513,51.7684],[0.8516,51.7686],[0.8514,51.7687]],[[0.8553,51.7709],[0.8556,51.771],[0.8553,51.7711],[0.8553,51.7709]],[[0.9826,51.8037],[0.9828,51.8038],[0.9826,51.8039],[0.9826,51.8037]],[[0.8568,51.764],[0.8568,51.7638],[0.8569,51.7639],[0.8568,51.764]],[[0.8574,51.764],[0.8573,51.7638],[0.8576,51.7639],[0.8574,51.764]],[[0.8516,51.7691],[0.8518,51.7691],[0.8518,51.7693],[0.8516,51.7691]],[[0.846,51.7707],[0.8461,51.7705],[0.8462,51.7707],[0.846,51.7707]],[[0.8561,51.786],[0.8564,51.7861],[0.8562,51.7862],[0.8561,51.786]],[[0.8864,51.7773],[0.8862,51.7773],[0.8862,51.7772],[0.8864,51.7773]],[[1.0417,51.7854],[1.042,51.7854],[1.0421,51.7855],[1.0417,51.7854]],[[0.8921,51.7718],[0.8923,51.7719],[0.8923,51.772],[0.8921,51.7718]],[[0.8515,51.7727],[0.8517,51.7728],[0.8516,51.773],[0.8515,51.7727]],[[0.8508,51.7711],[0.851,51.7711],[0.8509,51.7713],[0.8508,51.7711]],[[0.8581,51.7647],[0.8583,51.7647],[0.8584,51.7648],[0.8581,51.7647]],[[0.8508,51.7593],[0.8505,51.7594],[0.8507,51.7592],[0.8508,51.7593]],[[0.8558,51.7715],[0.8562,51.7714],[0.8561,51.7715],[0.8558,51.7715]],[[0.8574,51.7718],[0.8575,51.7715],[0.8575,51.7718],[0.8574,51.7718]],[[0.988,51.8357],[0.988,51.8354],[0.9881,51.8356],[0.988,51.8357]],[[0.8504,51.7724],[0.8506,51.7725],[0.8503,51.7724],[0.8504,51.7724]],[[0.6506,51.6304],[0.6506,51.6302],[0.6507,51.6303],[0.6506,51.6304]],[[0.8551,51.7632],[0.8548,51.7633],[0.8549,51.7631],[0.8551,51.7632]],[[0.8492,51.772],[0.8493,51.7722],[0.8489,51.7721],[0.8492,51.772]],[[0.8382,51.7723],[0.8384,51.7724],[0.8381,51.7725],[0.8382,51.7723]],[[0.7242,51.7173],[0.7238,51.7175],[0.7239,51.7174],[0.7242,51.7173]],[[0.9241,51.804],[0.9239,51.8041],[0.9239,51.8038],[0.9241,51.804]],[[0.8468,51.7698],[0.8469,51.7695],[0.8471,51.7696],[0.8468,51.7698]],[[0.9814,51.8042],[0.9813,51.8041],[0.9817,51.8041],[0.9814,51.8042]],[[0.8516,51.7623],[0.8511,51.7623],[0.8514,51.7622],[0.8516,51.7623]],[[0.8423,51.7687],[0.8424,51.7688],[0.8422,51.7689],[0.8423,51.7687]],[[0.8586,51.7634],[0.8586,51.7636],[0.8584,51.7635],[0.8586,51.7634]],[[0.8533,51.7705],[0.8535,51.7707],[0.8533,51.7707],[0.8533,51.7705]],[[0.8446,51.7704],[0.8444,51.7703],[0.8445,51.7701],[0.8446,51.7704]],[[0.8407,51.7697],[0.8405,51.7696],[0.8408,51.7695],[0.8407,51.7697]],[[0.8557,51.7624],[0.8554,51.7622],[0.8558,51.7622],[0.8557,51.7624]],[[0.8488,51.6169],[0.8491,51.6169],[0.8492,51.617],[0.8488,51.6169]],[[0.8521,51.7728],[0.852,51.7729],[0.852,51.7727],[0.8521,51.7728]],[[0.8475,51.7721],[0.8477,51.7719],[0.8479,51.772],[0.8475,51.7721]],[[0.9822,51.8442],[0.982,51.844],[0.9822,51.844],[0.9822,51.8442]],[[0.8399,51.7383],[0.8401,51.7383],[0.8398,51.7384],[0.8399,51.7383]],[[0.725,51.7224],[0.7246,51.7222],[0.7251,51.7223],[0.725,51.7224]],[[0.8774,51.7794],[0.8777,51.7794],[0.8774,51.7795],[0.8774,51.7794]],[[0.851,51.7605],[0.8508,51.7605],[0.8508,51.7603],[0.851,51.7605]],[[0.8737,51.7837],[0.8741,51.7839],[0.8736,51.7838],[0.8737,51.7837]],[[0.8367,51.7714],[0.8367,51.7717],[0.8365,51.7716],[0.8367,51.7714]],[[0.8766,51.7841],[0.8765,51.7839],[0.8766,51.7838],[0.8766,51.7841]],[[1.0425,51.8018],[1.0423,51.8018],[1.0424,51.8016],[1.0425,51.8018]],[[0.8376,51.7883],[0.8373,51.7883],[0.8375,51.7881],[0.8376,51.7883]],[[0.8537,51.7704],[0.8539,51.7706],[0.8536,51.7705],[0.8537,51.7704]],[[0.8701,51.7674],[0.8702,51.7676],[0.87,51.7676],[0.8701,51.7674]],[[0.6482,51.6255],[0.648,51.6252],[0.6481,51.6251],[0.6482,51.6255]],[[0.855,51.7716],[0.8551,51.7718],[0.855,51.7718],[0.855,51.7716]],[[0.8559,51.7733],[0.8559,51.7735],[0.8562,51.7731],[0.8559,51.7733]],[[0.8781,51.7858],[0.878,51.7856],[0.8782,51.7858],[0.8781,51.7858]],[[0.8951,51.7864],[0.8953,51.7866],[0.895,51.7865],[0.8951,51.7864]],[[1.0386,51.7878],[1.0391,51.788],[1.0385,51.788],[1.0386,51.7878]],[[0.9823,51.8437],[0.982,51.8437],[0.9822,51.8435],[0.9823,51.8437]],[[0.8466,51.7818],[0.8463,51.7818],[0.8466,51.7816],[0.8466,51.7818]],[[0.8588,51.7634],[0.8585,51.7633],[0.8589,51.7634],[0.8588,51.7634]],[[1.0405,51.8082],[1.0404,51.8083],[1.0402,51.8082],[1.0405,51.8082]],[[0.8727,51.78],[0.873,51.7801],[0.8726,51.7801],[0.8727,51.78]],[[0.8512,51.7713],[0.8511,51.7711],[0.8513,51.7711],[0.8512,51.7713]],[[0.8523,51.7732],[0.852,51.7734],[0.8519,51.7733],[0.8523,51.7732]],[[1.0389,51.7749],[1.0395,51.7744],[1.0395,51.7744],[1.0389,51.7749]],[[0.7535,51.5808],[0.7537,51.5809],[0.7534,51.581],[0.7535,51.5808]],[[1.0384,51.7808],[1.0385,51.781],[1.0383,51.7811],[1.0384,51.7808]],[[0.8492,51.7606],[0.8495,51.7607],[0.8493,51.7609],[0.8492,51.7606]],[[0.6921,51.7284],[0.6923,51.7286],[0.692,51.7285],[0.6921,51.7284]],[[0.8506,51.7708],[0.8504,51.771],[0.8504,51.7708],[0.8506,51.7708]],[[0.8498,51.7707],[0.85,51.771],[0.8497,51.7709],[0.8498,51.7707]],[[0.9851,51.8327],[0.9854,51.8328],[0.9855,51.8331],[0.9851,51.8327]],[[0.8842,51.7809],[0.8845,51.7807],[0.8843,51.781],[0.8842,51.7809]],[[0.8563,51.7708],[0.8563,51.7706],[0.8566,51.7707],[0.8563,51.7708]],[[0.8909,51.7726],[0.8915,51.7728],[0.891,51.7727],[0.8909,51.7726]],[[0.7291,51.7246],[0.7294,51.7245],[0.7292,51.7248],[0.7291,51.7246]],[[0.8561,51.7706],[0.856,51.7704],[0.8562,51.7703],[0.8561,51.7706]],[[0.8433,51.7653],[0.8429,51.7653],[0.8433,51.7652],[0.8433,51.7653]],[[0.849,51.7692],[0.8493,51.7693],[0.8493,51.7694],[0.849,51.7692]],[[0.8406,51.7699],[0.8408,51.7697],[0.8409,51.7697],[0.8406,51.7699]],[[0.7266,51.7243],[0.7263,51.7242],[0.7265,51.7241],[0.7266,51.7243]],[[0.8421,51.7706],[0.842,51.7708],[0.8418,51.7709],[0.8421,51.7706]],[[0.9019,51.7748],[0.902,51.7747],[0.9022,51.7748],[0.9019,51.7748]],[[0.8453,51.7711],[0.845,51.771],[0.8452,51.7709],[0.8453,51.7711]],[[0.8494,51.7683],[0.8494,51.7685],[0.8492,51.7685],[0.8494,51.7683]],[[0.7605,51.5767],[0.7604,51.5765],[0.7607,51.5766],[0.7605,51.5767]],[[0.894,51.7843],[0.8941,51.7846],[0.8939,51.7845],[0.894,51.7843]],[[1.0397,51.7849],[1.0395,51.7849],[1.0394,51.7847],[1.0397,51.7849]],[[0.8473,51.7703],[0.847,51.7703],[0.8472,51.7701],[0.8473,51.7703]],[[0.7519,51.695],[0.7515,51.6951],[0.7518,51.6949],[0.7519,51.695]],[[0.8499,51.7718],[0.8495,51.7717],[0.8496,51.7716],[0.8499,51.7718]],[[0.8493,51.7691],[0.8493,51.7693],[0.849,51.769],[0.8493,51.7691]],[[0.8397,51.7721],[0.8397,51.7723],[0.8395,51.7721],[0.8397,51.7721]],[[0.8849,51.7783],[0.885,51.7781],[0.8851,51.7781],[0.8849,51.7783]],[[0.9541,51.8279],[0.9538,51.828],[0.9539,51.8278],[0.9541,51.8279]],[[0.8413,51.7705],[0.8412,51.7704],[0.8416,51.7704],[0.8413,51.7705]],[[0.8711,51.7604],[0.8708,51.7605],[0.871,51.7602],[0.8711,51.7604]],[[0.872,51.7803],[0.8716,51.7803],[0.8721,51.7801],[0.872,51.7803]],[[0.888,51.7757],[0.888,51.7759],[0.8876,51.7757],[0.888,51.7757]],[[0.8791,51.7835],[0.8793,51.7836],[0.8791,51.7836],[0.8791,51.7835]],[[0.6925,51.728],[0.6915,51.7281],[0.6919,51.7281],[0.6925,51.728]],[[0.8589,51.7644],[0.8591,51.7647],[0.8588,51.7645],[0.8589,51.7644]],[[0.841,51.7736],[0.8409,51.7737],[0.8407,51.7736],[0.841,51.7736]],[[0.8732,51.7857],[0.8733,51.7859],[0.873,51.7858],[0.8732,51.7857]],[[0.8386,51.7715],[0.8384,51.7714],[0.8387,51.7713],[0.8386,51.7715]],[[0.855,51.7679],[0.8549,51.7681],[0.8546,51.768],[0.855,51.7679]],[[0.8744,51.7798],[0.8747,51.78],[0.8745,51.7801],[0.8744,51.7798]],[[0.7454,51.7356],[0.7455,51.7358],[0.7453,51.7358],[0.7454,51.7356]],[[0.8862,51.7728],[0.8859,51.7726],[0.8861,51.7727],[0.8862,51.7728]],[[0.8465,51.783],[0.8464,51.7831],[0.8462,51.7828],[0.8465,51.783]],[[0.7454,51.6887],[0.7455,51.6888],[0.7452,51.6889],[0.7454,51.6887]],[[0.8462,51.7694],[0.8466,51.7695],[0.8462,51.7695],[0.8462,51.7694]],[[0.8571,51.7637],[0.8568,51.7636],[0.8572,51.7635],[0.8571,51.7637]],[[0.8869,51.7765],[0.8872,51.7767],[0.8867,51.7766],[0.8869,51.7765]],[[0.847,51.7695],[0.8467,51.7695],[0.8469,51.7693],[0.847,51.7695]],[[0.8499,51.7682],[0.8497,51.7683],[0.8496,51.7681],[0.8499,51.7682]],[[0.6899,51.7292],[0.69,51.7289],[0.6903,51.7287],[0.6899,51.7292]],[[0.9767,51.842],[0.977,51.8421],[0.9767,51.8423],[0.9767,51.842]],[[0.8492,51.7688],[0.8495,51.769],[0.8494,51.7691],[0.8492,51.7688]],[[0.8554,51.7624],[0.8552,51.7626],[0.8553,51.7622],[0.8554,51.7624]],[[0.8733,51.7859],[0.8737,51.786],[0.8732,51.7861],[0.8733,51.7859]],[[0.8766,51.7859],[0.8767,51.7857],[0.8767,51.7861],[0.8766,51.7859]],[[1.0564,51.7704],[1.0565,51.7705],[1.056,51.7704],[1.0564,51.7704]],[[0.8473,51.7697],[0.8471,51.7695],[0.8473,51.7695],[0.8473,51.7697]],[[0.8474,51.7448],[0.8472,51.7452],[0.847,51.7452],[0.8474,51.7448]],[[0.8592,51.7831],[0.8595,51.7831],[0.8594,51.7833],[0.8592,51.7831]],[[0.7447,51.6883],[0.745,51.6884],[0.7447,51.6883],[0.7447,51.6883]],[[0.7197,51.7192],[0.7198,51.7195],[0.7196,51.7194],[0.7197,51.7192]],[[0.7087,51.7263],[0.7085,51.7264],[0.7084,51.7262],[0.7087,51.7263]],[[0.8506,51.7675],[0.8503,51.7675],[0.8504,51.7672],[0.8506,51.7675]],[[0.8748,51.785],[0.875,51.7852],[0.8746,51.785],[0.8748,51.785]],[[0.8546,51.7639],[0.8546,51.764],[0.8544,51.7641],[0.8546,51.7639]],[[0.9819,51.8449],[0.9818,51.8447],[0.9821,51.8447],[0.9819,51.8449]],[[0.8492,51.7686],[0.8494,51.7686],[0.8494,51.7688],[0.8492,51.7686]],[[0.8878,51.7762],[0.8875,51.7762],[0.8873,51.776],[0.8878,51.7762]],[[0.7123,51.7352],[0.7121,51.7355],[0.712,51.7354],[0.7123,51.7352]],[[0.8565,51.7639],[0.8567,51.764],[0.8565,51.7642],[0.8565,51.7639]],[[0.8404,51.7382],[0.8412,51.7385],[0.8407,51.7384],[0.8404,51.7382]],[[0.8515,51.7595],[0.8516,51.7597],[0.8514,51.7598],[0.8515,51.7595]],[[0.8556,51.7619],[0.8551,51.7618],[0.8556,51.7617],[0.8556,51.7619]],[[0.8583,51.7651],[0.8582,51.7649],[0.8585,51.7651],[0.8583,51.7651]],[[0.7754,51.7422],[0.7756,51.7424],[0.7753,51.7424],[0.7754,51.7422]],[[0.8868,51.7769],[0.8867,51.7766],[0.887,51.7766],[0.8868,51.7769]],[[0.8448,51.7728],[0.8446,51.7728],[0.8445,51.7725],[0.8448,51.7728]],[[0.8744,51.7839],[0.874,51.784],[0.8741,51.7837],[0.8744,51.7839]],[[0.8592,51.786],[0.8591,51.7858],[0.8595,51.7859],[0.8592,51.786]],[[0.8772,51.7795],[0.8769,51.7795],[0.877,51.7794],[0.8772,51.7795]],[[0.7726,51.6956],[0.7729,51.6955],[0.7727,51.6958],[0.7726,51.6956]],[[0.8465,51.7655],[0.8469,51.7656],[0.8465,51.7656],[0.8465,51.7655]],[[0.8559,51.7726],[0.8556,51.7727],[0.8555,51.7726],[0.8559,51.7726]],[[1.0645,51.8162],[1.0641,51.8161],[1.0644,51.816],[1.0645,51.8162]],[[0.6985,51.7227],[0.6987,51.723],[0.6983,51.7228],[0.6985,51.7227]],[[0.8882,51.7753],[0.8886,51.7755],[0.888,51.7753],[0.8882,51.7753]],[[0.8557,51.7591],[0.8558,51.7592],[0.8556,51.7592],[0.8557,51.7591]],[[0.699,51.7243],[0.6991,51.7245],[0.6988,51.7244],[0.699,51.7243]],[[0.9471,51.8233],[0.9476,51.8234],[0.9475,51.8235],[0.9471,51.8233]],[[0.8501,51.7708],[0.85,51.7705],[0.8502,51.7705],[0.8501,51.7708]],[[0.852,51.7693],[0.8519,51.769],[0.8522,51.7692],[0.852,51.7693]],[[0.857,51.7648],[0.8565,51.7648],[0.8564,51.7646],[0.857,51.7648]],[[0.8594,51.7829],[0.8596,51.783],[0.8592,51.783],[0.8594,51.7829]],[[0.8514,51.7689],[0.8513,51.7687],[0.8517,51.7686],[0.8514,51.7689]],[[0.8556,51.7659],[0.8555,51.7656],[0.8557,51.7656],[0.8556,51.7659]],[[0.8706,51.7805],[0.871,51.7807],[0.8705,51.7807],[0.8706,51.7805]],[[0.9529,51.8304],[0.9527,51.8303],[0.953,51.8302],[0.9529,51.8304]],[[0.889,51.7743],[0.8894,51.7745],[0.8888,51.7744],[0.889,51.7743]],[[0.8693,51.7678],[0.8689,51.768],[0.8688,51.7678],[0.8693,51.7678]],[[0.8412,51.7713],[0.8413,51.7715],[0.841,51.7714],[0.8412,51.7713]],[[0.8873,51.7778],[0.8875,51.7777],[0.8877,51.7778],[0.8873,51.7778]],[[0.6924,51.7319],[0.6924,51.7316],[0.6926,51.7315],[0.6924,51.7319]],[[0.8592,51.764],[0.8593,51.7642],[0.859,51.7641],[0.8592,51.764]],[[0.8421,51.7689],[0.842,51.7691],[0.8418,51.769],[0.8421,51.7689]],[[0.7296,51.7246],[0.7293,51.7243],[0.7296,51.7243],[0.7296,51.7246]],[[0.8562,51.7741],[0.8565,51.7743],[0.856,51.7742],[0.8562,51.7741]],[[0.8561,51.7713],[0.8557,51.7713],[0.8563,51.7712],[0.8561,51.7713]],[[0.8574,51.7736],[0.8572,51.7735],[0.8574,51.7732],[0.8574,51.7736]],[[0.8954,51.7867],[0.8954,51.7869],[0.8952,51.7866],[0.8954,51.7867]],[[0.9283,51.8011],[0.9281,51.8011],[0.9283,51.801],[0.9283,51.8011]],[[0.8473,51.7724],[0.8473,51.7725],[0.8471,51.7725],[0.8473,51.7724]],[[0.8959,51.7877],[0.8956,51.7876],[0.8958,51.7874],[0.8959,51.7877]],[[0.8418,51.7691],[0.8419,51.7693],[0.8416,51.7692],[0.8418,51.7691]],[[0.7394,51.7325],[0.7394,51.7322],[0.7397,51.7325],[0.7394,51.7325]],[[0.9538,51.8228],[0.9536,51.8225],[0.9539,51.8226],[0.9538,51.8228]],[[0.8694,51.7613],[0.8692,51.7613],[0.8695,51.7611],[0.8694,51.7613]],[[0.8859,51.78],[0.886,51.7801],[0.8856,51.7801],[0.8859,51.78]],[[0.8415,51.7385],[0.8414,51.7383],[0.8417,51.7384],[0.8415,51.7385]],[[0.8944,51.7851],[0.8942,51.7851],[0.8942,51.7848],[0.8944,51.7851]],[[0.8959,51.7885],[0.8962,51.7887],[0.8959,51.7886],[0.8959,51.7885]],[[0.7756,51.7428],[0.776,51.7428],[0.7758,51.7429],[0.7756,51.7428]],[[0.7379,51.7299],[0.738,51.73],[0.7376,51.73],[0.7379,51.7299]],[[0.6087,51.6299],[0.6096,51.6301],[0.6094,51.6301],[0.6087,51.6299]],[[0.6997,51.7242],[0.6996,51.724],[0.7,51.7241],[0.6997,51.7242]],[[0.8548,51.7713],[0.8551,51.7714],[0.8548,51.7716],[0.8548,51.7713]],[[0.8861,51.7776],[0.8859,51.7777],[0.8859,51.7773],[0.8861,51.7776]],[[0.8575,51.7731],[0.8575,51.7729],[0.8579,51.7731],[0.8575,51.7731]],[[0.7899,51.7385],[0.79,51.7386],[0.7898,51.739],[0.7899,51.7385]],[[0.8463,51.7691],[0.8464,51.7694],[0.8459,51.7692],[0.8463,51.7691]],[[0.8705,51.7676],[0.8704,51.7674],[0.8708,51.7674],[0.8705,51.7676]],[[0.8552,51.7682],[0.8552,51.7679],[0.8554,51.7681],[0.8552,51.7682]],[[0.8719,51.7804],[0.8717,51.7805],[0.8714,51.7804],[0.8719,51.7804]],[[0.6995,51.7229],[0.6989,51.7228],[0.6991,51.7227],[0.6995,51.7229]],[[0.8345,51.7707],[0.8349,51.7709],[0.8347,51.7709],[0.8345,51.7707]],[[0.8711,51.7674],[0.8709,51.7673],[0.8714,51.7673],[0.8711,51.7674]],[[0.8568,51.7643],[0.8563,51.7643],[0.8566,51.7642],[0.8568,51.7643]],[[1.0382,51.7821],[1.0378,51.7817],[1.0382,51.782],[1.0382,51.7821]],[[0.8529,51.7834],[0.8534,51.7836],[0.8529,51.7836],[0.8529,51.7834]],[[0.8536,51.7648],[0.8541,51.7648],[0.8535,51.7649],[0.8536,51.7648]],[[0.8453,51.7709],[0.8451,51.7707],[0.8455,51.7707],[0.8453,51.7709]],[[0.8502,51.7721],[0.8505,51.7721],[0.85,51.7722],[0.8502,51.7721]],[[0.6357,51.6378],[0.6355,51.6379],[0.6354,51.6378],[0.6357,51.6378]],[[0.775,51.7421],[0.7748,51.7425],[0.7747,51.7425],[0.775,51.7421]],[[0.8894,51.7742],[0.89,51.7746],[0.8896,51.7745],[0.8894,51.7742]],[[0.72,51.6386],[0.7205,51.6387],[0.72,51.6387],[0.72,51.6386]],[[0.8499,51.7624],[0.8497,51.7625],[0.8495,51.7623],[0.8499,51.7624]],[[0.729,51.7189],[0.7285,51.7187],[0.7289,51.7187],[0.729,51.7189]],[[0.8337,51.6172],[0.8332,51.617],[0.8337,51.6171],[0.8337,51.6172]],[[0.8504,51.7728],[0.8501,51.7728],[0.8502,51.7725],[0.8504,51.7728]],[[0.717,51.7146],[0.7165,51.7145],[0.7166,51.7143],[0.717,51.7146]],[[0.8471,51.7679],[0.8473,51.7681],[0.8471,51.7681],[0.8471,51.7679]],[[0.8568,51.7642],[0.8567,51.764],[0.8572,51.764],[0.8568,51.7642]],[[0.8619,51.7682],[0.8623,51.7682],[0.8623,51.7684],[0.8619,51.7682]],[[1.1407,51.7796],[1.1397,51.7786],[1.1398,51.7787],[1.1407,51.7796]],[[0.8489,51.7694],[0.8485,51.7693],[0.8487,51.7692],[0.8489,51.7694]],[[0.7252,51.7225],[0.7247,51.7225],[0.7254,51.7223],[0.7252,51.7225]],[[0.9816,51.845],[0.9818,51.8447],[0.9818,51.845],[0.9816,51.845]],[[0.8893,51.7697],[0.8892,51.7693],[0.8896,51.7692],[0.8893,51.7697]],[[0.8575,51.7723],[0.8571,51.7722],[0.8576,51.7721],[0.8575,51.7723]],[[0.8553,51.7865],[0.8555,51.7866],[0.8551,51.7868],[0.8553,51.7865]],[[0.8555,51.7628],[0.8554,51.7625],[0.8557,51.7624],[0.8555,51.7628]],[[0.9821,51.8438],[0.9824,51.8437],[0.9821,51.844],[0.9821,51.8438]],[[0.8515,51.7648],[0.8517,51.7645],[0.8521,51.7645],[0.8515,51.7648]],[[0.8887,51.7751],[0.8884,51.7751],[0.8883,51.775],[0.8887,51.7751]],[[0.8575,51.7642],[0.857,51.7643],[0.8573,51.7639],[0.8575,51.7642]],[[0.9947,51.8158],[0.9949,51.8156],[0.9951,51.8158],[0.9947,51.8158]],[[0.8513,51.7686],[0.8509,51.7688],[0.8511,51.7684],[0.8513,51.7686]],[[0.8627,51.6156],[0.8625,51.6154],[0.8629,51.6155],[0.8627,51.6156]],[[0.7282,51.7209],[0.7284,51.721],[0.7279,51.7211],[0.7282,51.7209]],[[0.9546,51.824],[0.9538,51.8242],[0.9544,51.8239],[0.9546,51.824]],[[0.8526,51.7732],[0.8525,51.7735],[0.8522,51.7735],[0.8526,51.7732]],[[1.0541,51.8073],[1.0541,51.8072],[1.0545,51.8074],[1.0541,51.8073]],[[0.7907,51.7422],[0.7909,51.7424],[0.7905,51.7423],[0.7907,51.7422]],[[0.8636,51.7681],[0.8635,51.7679],[0.864,51.7681],[0.8636,51.7681]],[[0.848,51.6169],[0.8473,51.6167],[0.8482,51.6168],[0.848,51.6169]],[[0.863,51.7827],[0.8631,51.7826],[0.8638,51.7826],[0.863,51.7827]],[[0.8573,51.7638],[0.8572,51.7639],[0.8569,51.7637],[0.8573,51.7638]],[[0.8525,51.7633],[0.8529,51.7634],[0.8527,51.7635],[0.8525,51.7633]],[[0.725,51.7234],[0.7246,51.7231],[0.7252,51.7233],[0.725,51.7234]],[[0.8551,51.7657],[0.8551,51.766],[0.8548,51.7659],[0.8551,51.7657]],[[0.8573,51.7627],[0.8569,51.7626],[0.8571,51.7623],[0.8573,51.7627]],[[0.775,51.7425],[0.7755,51.7427],[0.7752,51.7427],[0.775,51.7425]],[[0.8677,51.7923],[0.8674,51.7924],[0.8673,51.7923],[0.8677,51.7923]],[[0.8502,51.7687],[0.8499,51.7685],[0.8503,51.7685],[0.8502,51.7687]],[[0.7129,51.6383],[0.7133,51.6384],[0.7133,51.6385],[0.7129,51.6383]],[[0.8873,51.7758],[0.8879,51.7761],[0.8873,51.776],[0.8873,51.7758]],[[0.645,51.6369],[0.6456,51.6369],[0.6449,51.637],[0.645,51.6369]],[[0.7241,51.7245],[0.7243,51.7247],[0.7241,51.7249],[0.7241,51.7245]],[[0.8466,51.7694],[0.8462,51.769],[0.8465,51.769],[0.8466,51.7694]],[[0.8423,51.7703],[0.842,51.77],[0.8423,51.77],[0.8423,51.7703]],[[0.8961,51.7882],[0.8962,51.7884],[0.8958,51.7882],[0.8961,51.7882]],[[0.8947,51.7856],[0.8949,51.786],[0.8946,51.7859],[0.8947,51.7856]],[[0.7268,51.7243],[0.7271,51.724],[0.7272,51.7242],[0.7268,51.7243]],[[0.7387,51.7324],[0.7391,51.7326],[0.7387,51.7327],[0.7387,51.7324]],[[0.8378,51.7713],[0.838,51.7717],[0.8377,51.7717],[0.8378,51.7713]],[[0.9961,51.8147],[0.9967,51.8147],[0.9964,51.8149],[0.9961,51.8147]],[[0.7455,51.6893],[0.7453,51.6891],[0.7457,51.6891],[0.7455,51.6893]],[[0.8793,51.7831],[0.8789,51.7834],[0.8786,51.7833],[0.8793,51.7831]],[[0.8853,51.7776],[0.8856,51.7778],[0.8852,51.7777],[0.8853,51.7776]],[[0.6412,51.6335],[0.6405,51.6335],[0.6411,51.6334],[0.6412,51.6335]],[[0.7801,51.7247],[0.7804,51.7245],[0.7803,51.7248],[0.7801,51.7247]],[[0.8803,51.783],[0.8801,51.7828],[0.8809,51.7827],[0.8803,51.783]],[[0.9016,51.7752],[0.9021,51.7755],[0.9019,51.7755],[0.9016,51.7752]],[[0.8455,51.7692],[0.8462,51.7694],[0.846,51.7694],[0.8455,51.7692]],[[0.8509,51.7722],[0.8508,51.7721],[0.8506,51.7724],[0.8509,51.7722]],[[0.8449,51.7681],[0.8452,51.7683],[0.845,51.7683],[0.8449,51.7681]],[[0.8882,51.7754],[0.8887,51.7756],[0.8879,51.7754],[0.8882,51.7754]],[[0.8557,51.7732],[0.8562,51.7728],[0.8562,51.773],[0.8557,51.7732]],[[0.9851,51.8265],[0.9855,51.8261],[0.9855,51.8264],[0.9851,51.8265]],[[0.8463,51.7726],[0.8462,51.7722],[0.8465,51.7724],[0.8463,51.7726]],[[0.8554,51.7716],[0.8552,51.7712],[0.8555,51.7711],[0.8554,51.7716]],[[0.9837,51.8284],[0.9838,51.8279],[0.9839,51.8283],[0.9837,51.8284]],[[0.8723,51.7801],[0.8724,51.7804],[0.872,51.7804],[0.8723,51.7801]],[[1.0647,51.8208],[1.0651,51.8207],[1.0647,51.8209],[1.0647,51.8208]],[[0.8567,51.7695],[0.8565,51.7693],[0.8569,51.7693],[0.8567,51.7695]],[[0.891,51.7736],[0.8905,51.7735],[0.8905,51.7733],[0.891,51.7736]],[[0.8505,51.771],[0.8505,51.7714],[0.8502,51.7714],[0.8505,51.771]],[[0.8694,51.781],[0.869,51.7812],[0.8689,51.7811],[0.8694,51.781]],[[0.8492,51.7711],[0.849,51.771],[0.8493,51.7708],[0.8492,51.7711]],[[1.054,51.8072],[1.0538,51.8073],[1.0537,51.807],[1.054,51.8072]],[[0.8765,51.7795],[0.877,51.7796],[0.8765,51.7797],[0.8765,51.7795]],[[1.0537,51.807],[1.0531,51.8068],[1.0534,51.8068],[1.0537,51.807]],[[0.8878,51.7755],[0.8885,51.7757],[0.8878,51.7756],[0.8878,51.7755]],[[0.8567,51.7638],[0.8564,51.7639],[0.8563,51.7636],[0.8567,51.7638]],[[0.9502,51.8244],[0.9499,51.8246],[0.9499,51.8243],[0.9502,51.8244]],[[0.8503,51.7705],[0.8507,51.7706],[0.8503,51.7708],[0.8503,51.7705]],[[0.8517,51.7729],[0.8522,51.7732],[0.8516,51.7732],[0.8517,51.7729]],[[0.6897,51.7302],[0.6896,51.7298],[0.6898,51.7294],[0.6897,51.7302]],[[0.8585,51.765],[0.8584,51.7648],[0.8588,51.765],[0.8585,51.765]],[[0.9419,51.8014],[0.9418,51.8011],[0.942,51.801],[0.9419,51.8014]],[[0.8477,51.7705],[0.8474,51.7702],[0.8477,51.7703],[0.8477,51.7705]],[[0.8719,51.7639],[0.872,51.7638],[0.8723,51.7639],[0.8719,51.7639]],[[0.8886,51.7752],[0.8886,51.7754],[0.8881,51.7751],[0.8886,51.7752]],[[0.8511,51.7674],[0.8507,51.7675],[0.8507,51.7672],[0.8511,51.7674]],[[0.8625,51.7826],[0.8629,51.7827],[0.8624,51.7828],[0.8625,51.7826]],[[0.8625,51.7684],[0.8626,51.768],[0.8628,51.7683],[0.8625,51.7684]],[[1.0435,51.8037],[1.0432,51.8035],[1.0435,51.8034],[1.0435,51.8037]],[[0.8525,51.7862],[0.8529,51.7861],[0.8526,51.7864],[0.8525,51.7862]],[[0.7484,51.6909],[0.749,51.6908],[0.7486,51.691],[0.7484,51.6909]],[[0.9866,51.8389],[0.9871,51.8388],[0.9869,51.8392],[0.9866,51.8389]],[[0.8546,51.7707],[0.8545,51.7703],[0.8548,51.7707],[0.8546,51.7707]],[[0.8501,51.7718],[0.8507,51.7719],[0.8503,51.772],[0.8501,51.7718]],[[0.9262,51.8042],[0.9268,51.8043],[0.9265,51.8044],[0.9262,51.8042]],[[0.7536,51.7346],[0.7541,51.7346],[0.7535,51.7348],[0.7536,51.7346]],[[0.8542,51.7701],[0.8543,51.7703],[0.8536,51.7702],[0.8542,51.7701]],[[0.8571,51.7859],[0.8574,51.7861],[0.8569,51.7861],[0.8571,51.7859]],[[0.8538,51.7864],[0.8537,51.7861],[0.8541,51.7863],[0.8538,51.7864]],[[0.7827,51.7241],[0.7829,51.7243],[0.7827,51.7245],[0.7827,51.7241]],[[0.8343,51.7886],[0.8342,51.7884],[0.8346,51.7886],[0.8343,51.7886]],[[0.8477,51.7692],[0.8479,51.7695],[0.8478,51.7697],[0.8477,51.7692]],[[0.8526,51.7683],[0.8529,51.7683],[0.8532,51.7688],[0.8526,51.7683]],[[0.8901,51.7738],[0.8904,51.7741],[0.89,51.7741],[0.8901,51.7738]],[[0.7032,51.7272],[0.7034,51.7273],[0.7032,51.7269],[0.7032,51.7272]],[[0.8751,51.7799],[0.8743,51.7797],[0.8753,51.7796],[0.8751,51.7799]],[[0.9253,51.8054],[0.9252,51.8052],[0.9257,51.8052],[0.9253,51.8054]],[[0.9931,51.8174],[0.9927,51.8174],[0.9932,51.8171],[0.9931,51.8174]],[[0.915,51.8001],[0.9149,51.8004],[0.9147,51.7998],[0.915,51.8001]],[[0.7108,51.6387],[0.7111,51.639],[0.7108,51.639],[0.7108,51.6387]],[[0.8488,51.7656],[0.8485,51.7659],[0.8483,51.7658],[0.8488,51.7656]],[[0.8426,51.7727],[0.8424,51.7731],[0.8424,51.7727],[0.8426,51.7727]],[[0.7995,51.7397],[0.7991,51.7398],[0.7989,51.7396],[0.7995,51.7397]],[[0.8498,51.7724],[0.8498,51.7729],[0.8496,51.7726],[0.8498,51.7724]],[[0.8704,51.7807],[0.8702,51.7809],[0.8699,51.7808],[0.8704,51.7807]],[[0.7377,51.6389],[0.7376,51.6387],[0.7384,51.6387],[0.7377,51.6389]],[[0.8631,51.7682],[0.8635,51.7678],[0.8634,51.7681],[0.8631,51.7682]],[[0.8729,51.7862],[0.8732,51.7864],[0.8726,51.7866],[0.8729,51.7862]],[[1.0652,51.82],[1.0655,51.8201],[1.0651,51.8203],[1.0652,51.82]],[[0.8872,51.776],[0.8879,51.7764],[0.8874,51.7763],[0.8872,51.776]],[[0.9872,51.837],[0.9877,51.8366],[0.9876,51.837],[0.9872,51.837]],[[0.8939,51.7668],[0.8937,51.7667],[0.8942,51.7664],[0.8939,51.7668]],[[0.8407,51.7693],[0.8401,51.7696],[0.8397,51.7694],[0.8407,51.7693]],[[0.8475,51.7671],[0.8471,51.7671],[0.8475,51.7668],[0.8475,51.7671]],[[0.7282,51.7244],[0.7289,51.7245],[0.7288,51.7246],[0.7282,51.7244]],[[0.7173,51.6401],[0.7168,51.6402],[0.7167,51.64],[0.7173,51.6401]],[[0.7744,51.6878],[0.7746,51.6876],[0.775,51.6878],[0.7744,51.6878]],[[0.8416,51.7703],[0.8413,51.7702],[0.8417,51.7701],[0.8416,51.7703]],[[0.8888,51.7745],[0.8891,51.7748],[0.8887,51.7747],[0.8888,51.7745]],[[0.9858,51.8345],[0.9861,51.8345],[0.9862,51.8348],[0.9858,51.8345]],[[0.878,51.7849],[0.8779,51.7847],[0.8783,51.7847],[0.878,51.7849]],[[0.8577,51.7729],[0.8575,51.7724],[0.8577,51.7721],[0.8577,51.7729]],[[1.0518,51.8223],[1.0515,51.8223],[1.0523,51.822],[1.0518,51.8223]],[[0.7292,51.7189],[0.7292,51.7186],[0.7296,51.7188],[0.7292,51.7189]],[[0.6974,51.7242],[0.6981,51.7243],[0.6978,51.7244],[0.6974,51.7242]],[[0.8379,51.77],[0.8375,51.7698],[0.838,51.7697],[0.8379,51.77]],[[0.6635,51.7433],[0.6635,51.7436],[0.6632,51.7435],[0.6635,51.7433]],[[0.9163,51.7994],[0.9163,51.7991],[0.9165,51.7992],[0.9163,51.7994]],[[0.725,51.7231],[0.7253,51.7229],[0.7256,51.7231],[0.725,51.7231]],[[0.822,51.7392],[0.8225,51.7393],[0.8223,51.7394],[0.822,51.7392]],[[0.7501,51.6905],[0.7512,51.6902],[0.7506,51.6904],[0.7501,51.6905]],[[0.9471,51.8233],[0.9462,51.8229],[0.9465,51.8229],[0.9471,51.8233]],[[0.8531,51.7722],[0.8531,51.7719],[0.8535,51.7719],[0.8531,51.7722]],[[0.8742,51.78],[0.8734,51.78],[0.8743,51.7798],[0.8742,51.78]],[[0.8292,51.6177],[0.8292,51.6178],[0.8285,51.6179],[0.8292,51.6177]],[[0.87,51.7609],[0.8701,51.7612],[0.8697,51.7612],[0.87,51.7609]],[[0.8552,51.7708],[0.8559,51.7704],[0.8558,51.7708],[0.8552,51.7708]],[[0.8613,51.746],[0.8605,51.7458],[0.8611,51.7458],[0.8613,51.746]],[[0.9865,51.8358],[0.9862,51.8357],[0.9865,51.8354],[0.9865,51.8358]],[[0.8591,51.783],[0.8588,51.7839],[0.8586,51.7838],[0.8591,51.783]],[[1.0555,51.8079],[1.0549,51.8075],[1.0558,51.8079],[1.0555,51.8079]],[[1.0653,51.7966],[1.065,51.7964],[1.0654,51.7964],[1.0653,51.7966]],[[0.6945,51.7291],[0.6948,51.7293],[0.6946,51.7294],[0.6945,51.7291]],[[0.8542,51.7654],[0.8544,51.7656],[0.8541,51.7657],[0.8542,51.7654]],[[0.864,51.7625],[0.8639,51.7628],[0.8635,51.7629],[0.864,51.7625]],[[0.8523,51.7682],[0.8525,51.7684],[0.8521,51.7684],[0.8523,51.7682]],[[0.837,51.7698],[0.8369,51.7701],[0.8366,51.7697],[0.837,51.7698]],[[0.8539,51.7707],[0.8541,51.7703],[0.8543,51.7706],[0.8539,51.7707]],[[0.7454,51.7096],[0.746,51.7098],[0.7456,51.7098],[0.7454,51.7096]],[[0.738,51.7316],[0.738,51.732],[0.7378,51.7319],[0.738,51.7316]],[[0.6631,51.7433],[0.6629,51.7434],[0.6625,51.7432],[0.6631,51.7433]],[[0.8535,51.7676],[0.8535,51.7679],[0.8538,51.7675],[0.8535,51.7676]],[[0.8448,51.773],[0.8446,51.7735],[0.8444,51.7731],[0.8448,51.773]],[[0.8671,51.768],[0.867,51.7678],[0.8674,51.7677],[0.8671,51.768]],[[0.8525,51.7719],[0.8531,51.7718],[0.8525,51.7723],[0.8525,51.7719]],[[1.0382,51.7819],[1.0376,51.7815],[1.0381,51.7817],[1.0382,51.7819]],[[0.7932,51.7438],[0.7941,51.7436],[0.7939,51.7437],[0.7932,51.7438]],[[0.7874,51.7104],[0.7877,51.7103],[0.7878,51.7106],[0.7874,51.7104]],[[0.7286,51.7245],[0.7293,51.7245],[0.729,51.7248],[0.7286,51.7245]],[[0.8563,51.7645],[0.8562,51.764],[0.8566,51.7645],[0.8563,51.7645]],[[0.9203,51.8083],[0.92,51.8085],[0.9198,51.8081],[0.9203,51.8083]],[[1.053,51.8094],[1.0521,51.8092],[1.0517,51.8091],[1.053,51.8094]],[[0.8778,51.7863],[0.8779,51.7858],[0.8782,51.7861],[0.8778,51.7863]],[[0.8254,51.5701],[0.8256,51.5703],[0.8251,51.5703],[0.8254,51.5701]],[[0.7286,51.724],[0.7281,51.7236],[0.7289,51.7239],[0.7286,51.724]],[[0.8787,51.7837],[0.8783,51.7835],[0.8788,51.7836],[0.8787,51.7837]],[[0.7768,51.7409],[0.777,51.7411],[0.7766,51.7411],[0.7768,51.7409]],[[0.9555,51.8242],[0.9552,51.824],[0.9556,51.8239],[0.9555,51.8242]],[[0.8725,51.7802],[0.8734,51.7802],[0.8726,51.7804],[0.8725,51.7802]],[[0.968,51.8283],[0.9681,51.8284],[0.9677,51.8285],[0.968,51.8283]],[[0.9239,51.8041],[0.9231,51.8041],[0.9237,51.8038],[0.9239,51.8041]],[[0.8512,51.7832],[0.8516,51.7835],[0.8505,51.7831],[0.8512,51.7832]],[[0.9055,51.8032],[0.9052,51.8034],[0.905,51.8031],[0.9055,51.8032]],[[0.9769,51.8415],[0.9769,51.8413],[0.9774,51.8414],[0.9769,51.8415]],[[0.8504,51.7593],[0.8503,51.7597],[0.8499,51.7597],[0.8504,51.7593]],[[0.7388,51.7299],[0.7382,51.7306],[0.738,51.7305],[0.7388,51.7299]],[[1.0533,51.8095],[1.0536,51.8097],[1.0533,51.81],[1.0533,51.8095]],[[0.7289,51.7252],[0.7285,51.7248],[0.7294,51.7251],[0.7289,51.7252]],[[0.8591,51.7832],[0.8592,51.7837],[0.8589,51.7837],[0.8591,51.7832]],[[1.0636,51.8185],[1.0631,51.8186],[1.064,51.8181],[1.0636,51.8185]],[[0.7171,51.719],[0.7172,51.7192],[0.7166,51.7191],[0.7171,51.719]],[[0.8554,51.7677],[0.8558,51.768],[0.8555,51.7681],[0.8554,51.7677]],[[0.8566,51.7627],[0.856,51.7627],[0.857,51.7624],[0.8566,51.7627]],[[0.8556,51.7869],[0.8559,51.7871],[0.8553,51.7872],[0.8556,51.7869]],[[0.8565,51.7624],[0.8565,51.762],[0.8569,51.7622],[0.8565,51.7624]],[[0.8485,51.7645],[0.8486,51.7639],[0.8489,51.7645],[0.8485,51.7645]],[[0.8548,51.766],[0.8552,51.7658],[0.8555,51.766],[0.8548,51.766]],[[0.8527,51.7855],[0.8524,51.7852],[0.8532,51.7853],[0.8527,51.7855]],[[0.8786,51.7842],[0.8784,51.7837],[0.8787,51.7839],[0.8786,51.7842]],[[0.7246,51.7244],[0.7244,51.7247],[0.7242,51.7244],[0.7246,51.7244]],[[0.8505,51.7598],[0.8507,51.7595],[0.851,51.7598],[0.8505,51.7598]],[[0.827,51.6184],[0.8264,51.6181],[0.8269,51.6182],[0.827,51.6184]],[[0.8796,51.783],[0.8803,51.7831],[0.8798,51.7833],[0.8796,51.783]],[[0.8926,51.7798],[0.8919,51.7798],[0.8918,51.7796],[0.8926,51.7798]],[[0.984,51.8345],[0.9844,51.8345],[0.984,51.8347],[0.984,51.8345]],[[0.8568,51.7631],[0.8564,51.7629],[0.8569,51.7628],[0.8568,51.7631]],[[0.8761,51.7865],[0.8759,51.7862],[0.8764,51.786],[0.8761,51.7865]],[[0.8574,51.7721],[0.8572,51.7716],[0.8577,51.7719],[0.8574,51.7721]],[[0.7906,51.7396],[0.7905,51.7399],[0.7898,51.7391],[0.7906,51.7396]],[[0.8889,51.7696],[0.8886,51.7693],[0.8893,51.7692],[0.8889,51.7696]],[[0.8482,51.7716],[0.8479,51.772],[0.8474,51.7718],[0.8482,51.7716]],[[0.7946,51.5669],[0.7941,51.5668],[0.7947,51.5667],[0.7946,51.5669]],[[0.8758,51.7795],[0.8757,51.7798],[0.8751,51.7798],[0.8758,51.7795]],[[0.8484,51.7649],[0.8481,51.7645],[0.8489,51.7647],[0.8484,51.7649]],[[0.8873,51.7764],[0.8867,51.7763],[0.8869,51.7762],[0.8873,51.7764]],[[0.8859,51.7769],[0.8866,51.7773],[0.8859,51.7772],[0.8859,51.7769]],[[0.8555,51.7661],[0.8558,51.7656],[0.8562,51.7659],[0.8555,51.7661]],[[0.9539,51.8244],[0.9542,51.8243],[0.9544,51.8246],[0.9539,51.8244]],[[0.9818,51.8041],[0.9813,51.8039],[0.9817,51.8039],[0.9818,51.8041]],[[1.042,51.7836],[1.0411,51.7832],[1.0418,51.7833],[1.042,51.7836]],[[0.9524,51.8326],[0.9523,51.8322],[0.9527,51.8323],[0.9524,51.8326]],[[0.7263,51.7228],[0.726,51.7226],[0.7263,51.7225],[0.7263,51.7228]],[[0.8608,51.7826],[0.8597,51.7828],[0.8601,51.7826],[0.8608,51.7826]],[[0.8444,51.7657],[0.8434,51.7656],[0.8438,51.7653],[0.8444,51.7657]],[[0.8512,51.7714],[0.8516,51.7714],[0.8513,51.7718],[0.8512,51.7714]],[[0.9496,51.8106],[0.9497,51.8108],[0.9492,51.8105],[0.9496,51.8106]],[[0.8517,51.761],[0.8524,51.7611],[0.8517,51.7614],[0.8517,51.761]],[[1.0655,51.8202],[1.0659,51.8206],[1.0655,51.8204],[1.0655,51.8202]],[[0.7385,51.6374],[0.7387,51.6378],[0.7382,51.6375],[0.7385,51.6374]],[[0.8908,51.7728],[0.8913,51.7729],[0.8909,51.773],[0.8908,51.7728]],[[0.8551,51.7731],[0.8554,51.7735],[0.8546,51.7735],[0.8551,51.7731]],[[1.1084,51.7714],[1.1058,51.7713],[1.1079,51.7714],[1.1084,51.7714]],[[0.7252,51.7277],[0.7253,51.7279],[0.7246,51.728],[0.7252,51.7277]],[[0.7235,51.6404],[0.7241,51.6405],[0.7236,51.6406],[0.7235,51.6404]],[[0.8504,51.7629],[0.8503,51.7624],[0.8508,51.7628],[0.8504,51.7629]],[[0.9846,51.8316],[0.9842,51.8312],[0.9846,51.8312],[0.9846,51.8316]],[[1.0568,51.8082],[1.0576,51.8085],[1.0567,51.8083],[1.0568,51.8082]],[[0.8929,51.7817],[0.8931,51.782],[0.8927,51.782],[0.8929,51.7817]],[[0.8551,51.7698],[0.8555,51.7699],[0.8556,51.7704],[0.8551,51.7698]],[[0.8399,51.7711],[0.8406,51.7709],[0.8401,51.7713],[0.8399,51.7711]],[[1.0396,51.7782],[1.0404,51.7785],[1.0398,51.7784],[1.0396,51.7782]],[[0.6491,51.6257],[0.6492,51.6256],[0.6505,51.626],[0.6491,51.6257]],[[0.8756,51.785],[0.8758,51.7852],[0.8754,51.7856],[0.8756,51.785]],[[0.7529,51.7349],[0.7528,51.7352],[0.7522,51.7352],[0.7529,51.7349]],[[0.7515,51.6378],[0.7519,51.6376],[0.7524,51.6377],[0.7515,51.6378]],[[1.0406,51.783],[1.0409,51.7832],[1.0404,51.7831],[1.0406,51.783]],[[0.8765,51.7836],[0.8763,51.7842],[0.8762,51.7837],[0.8765,51.7836]],[[0.8486,51.7651],[0.8486,51.7648],[0.8493,51.765],[0.8486,51.7651]],[[0.8513,51.7651],[0.8515,51.7653],[0.8505,51.7653],[0.8513,51.7651]],[[0.8397,51.7693],[0.8378,51.7692],[0.8369,51.7689],[0.8397,51.7693]],[[0.8732,51.7862],[0.8737,51.7863],[0.8733,51.7866],[0.8732,51.7862]],[[0.9815,51.8452],[0.9817,51.8453],[0.9815,51.8458],[0.9815,51.8452]],[[0.8502,51.7714],[0.851,51.7716],[0.8506,51.7718],[0.8502,51.7714]],[[0.9845,51.8353],[0.9849,51.8355],[0.9845,51.8356],[0.9845,51.8353]],[[0.8578,51.7646],[0.8576,51.7644],[0.8584,51.7646],[0.8578,51.7646]],[[0.7448,51.6885],[0.7445,51.6887],[0.7441,51.6883],[0.7448,51.6885]],[[0.7321,51.577],[0.732,51.5768],[0.7328,51.5768],[0.7321,51.577]],[[0.7124,51.6379],[0.7132,51.6383],[0.7127,51.6382],[0.7124,51.6379]],[[0.8545,51.7656],[0.8543,51.7651],[0.8548,51.7655],[0.8545,51.7656]],[[0.9874,51.8373],[0.9871,51.837],[0.9876,51.837],[0.9874,51.8373]],[[0.7296,51.7249],[0.7293,51.7247],[0.73,51.7244],[0.7296,51.7249]],[[0.9326,51.808],[0.9317,51.8082],[0.9315,51.8081],[0.9326,51.808]],[[1.0443,51.7848],[1.0451,51.7851],[1.0451,51.7853],[1.0443,51.7848]],[[0.856,51.7619],[0.8557,51.7618],[0.8558,51.7614],[0.856,51.7619]],[[0.8747,51.7852],[0.8753,51.7853],[0.8749,51.7857],[0.8747,51.7852]],[[0.8444,51.7724],[0.8447,51.7729],[0.8443,51.773],[0.8444,51.7724]],[[0.8613,51.7831],[0.8622,51.7826],[0.8622,51.7828],[0.8613,51.7831]],[[0.9866,51.836],[0.9861,51.8364],[0.9862,51.8358],[0.9866,51.836]],[[0.9617,51.8259],[0.9607,51.8261],[0.9615,51.8257],[0.9617,51.8259]],[[0.9259,51.8016],[0.9255,51.8014],[0.9241,51.8006],[0.9259,51.8016]],[[0.9095,51.8002],[0.9096,51.8005],[0.9091,51.8002],[0.9095,51.8002]],[[0.8457,51.7697],[0.8462,51.7697],[0.8458,51.7704],[0.8457,51.7697]],[[0.926,51.8043],[0.9265,51.8045],[0.9264,51.8046],[0.926,51.8043]],[[0.835,51.7706],[0.8357,51.7707],[0.8353,51.7711],[0.835,51.7706]],[[0.8417,51.7733],[0.8417,51.7737],[0.8411,51.7735],[0.8417,51.7733]],[[0.6923,51.7312],[0.6928,51.7312],[0.6924,51.7315],[0.6923,51.7312]],[[0.8957,51.7889],[0.8959,51.789],[0.8953,51.7894],[0.8957,51.7889]],[[0.7789,51.6932],[0.7786,51.6933],[0.7784,51.6929],[0.7789,51.6932]],[[0.8469,51.7669],[0.8467,51.7672],[0.8464,51.7669],[0.8469,51.7669]],[[0.8924,51.7806],[0.8929,51.7808],[0.8923,51.7807],[0.8924,51.7806]],[[0.7385,51.7298],[0.7379,51.7298],[0.7387,51.7294],[0.7385,51.7298]],[[1.0466,51.8095],[1.0482,51.8095],[1.0477,51.8099],[1.0466,51.8095]],[[0.856,51.7635],[0.856,51.764],[0.8553,51.7636],[0.856,51.7635]],[[0.8543,51.7607],[0.8539,51.7607],[0.8541,51.7602],[0.8543,51.7607]],[[0.8422,51.7733],[0.8422,51.7737],[0.8417,51.7736],[0.8422,51.7733]],[[0.8766,51.7798],[0.8759,51.7797],[0.8763,51.7795],[0.8766,51.7798]],[[0.8464,51.768],[0.8471,51.7682],[0.8464,51.7683],[0.8464,51.768]],[[0.7754,51.6917],[0.7748,51.6916],[0.7757,51.6915],[0.7754,51.6917]],[[0.8495,51.7711],[0.8497,51.7707],[0.8497,51.7714],[0.8495,51.7711]],[[0.6353,51.6379],[0.635,51.6383],[0.6348,51.6383],[0.6353,51.6379]],[[0.8654,51.782],[0.8657,51.7822],[0.8646,51.7824],[0.8654,51.782]],[[0.7767,51.7414],[0.7768,51.7418],[0.7764,51.742],[0.7767,51.7414]],[[0.892,51.6235],[0.8919,51.6238],[0.8915,51.6236],[0.892,51.6235]],[[1.0427,51.7741],[1.0434,51.7737],[1.0433,51.7741],[1.0427,51.7741]],[[0.8822,51.7765],[0.8814,51.7766],[0.8819,51.7764],[0.8822,51.7765]],[[0.8683,51.7813],[0.868,51.7816],[0.8674,51.7815],[0.8683,51.7813]],[[0.8893,51.774],[0.8898,51.7742],[0.8892,51.7742],[0.8893,51.774]],[[1.0383,51.7825],[1.0381,51.7821],[1.0386,51.7822],[1.0383,51.7825]],[[0.8769,51.786],[0.8769,51.7858],[0.8775,51.7861],[0.8769,51.786]],[[0.8521,51.7717],[0.853,51.7718],[0.8524,51.772],[0.8521,51.7717]],[[0.8814,51.7767],[0.8816,51.7769],[0.881,51.777],[0.8814,51.7767]],[[0.7127,51.6401],[0.713,51.6403],[0.7125,51.6406],[0.7127,51.6401]],[[0.9891,51.8373],[0.9896,51.8375],[0.9887,51.8374],[0.9891,51.8373]],[[1.1116,51.7716],[1.1124,51.7717],[1.1098,51.7715],[1.1116,51.7716]],[[0.7446,51.7087],[0.7439,51.7084],[0.7445,51.7084],[0.7446,51.7087]],[[0.8724,51.7838],[0.8729,51.784],[0.8721,51.784],[0.8724,51.7838]],[[0.6582,51.6449],[0.6579,51.6448],[0.6588,51.6445],[0.6582,51.6449]],[[1.0436,51.7846],[1.0439,51.7845],[1.045,51.7853],[1.0436,51.7846]],[[0.9535,51.8287],[0.9537,51.829],[0.953,51.8286],[0.9535,51.8287]],[[0.7256,51.7229],[0.725,51.7227],[0.7255,51.7224],[0.7256,51.7229]],[[0.8336,51.6176],[0.833,51.6174],[0.8341,51.6175],[0.8336,51.6176]],[[0.853,51.7862],[0.8537,51.7865],[0.8527,51.7867],[0.853,51.7862]],[[0.8745,51.7802],[0.8736,51.7803],[0.8732,51.78],[0.8745,51.7802]],[[0.9142,51.7999],[0.9136,51.7999],[0.9134,51.7995],[0.9142,51.7999]],[[0.8925,51.7803],[0.8928,51.7805],[0.8922,51.7804],[0.8925,51.7803]],[[0.9882,51.8387],[0.9884,51.839],[0.988,51.8391],[0.9882,51.8387]],[[0.8555,51.7717],[0.856,51.7716],[0.8557,51.7721],[0.8555,51.7717]],[[0.923,51.8053],[0.9224,51.8052],[0.9226,51.8049],[0.923,51.8053]],[[0.8452,51.781],[0.8447,51.7809],[0.8445,51.7805],[0.8452,51.781]],[[0.9855,51.8342],[0.986,51.8341],[0.9861,51.8345],[0.9855,51.8342]],[[1.0521,51.8092],[1.0514,51.8095],[1.0517,51.8091],[1.0521,51.8092]],[[0.6978,51.7235],[0.6983,51.7241],[0.6974,51.724],[0.6978,51.7235]],[[0.837,51.7695],[0.8378,51.7697],[0.8374,51.7699],[0.837,51.7695]],[[0.7384,51.7319],[0.7387,51.732],[0.7382,51.7325],[0.7384,51.7319]],[[0.8522,51.768],[0.8524,51.7674],[0.8527,51.7678],[0.8522,51.768]],[[0.7265,51.6404],[0.7258,51.6407],[0.7255,51.6405],[0.7265,51.6404]],[[0.6904,51.7298],[0.6905,51.7295],[0.6911,51.7296],[0.6904,51.7298]],[[0.8492,51.7659],[0.8488,51.7656],[0.8495,51.7656],[0.8492,51.7659]],[[0.8508,51.7611],[0.85,51.761],[0.8505,51.7607],[0.8508,51.7611]],[[0.8857,51.7773],[0.8857,51.7777],[0.8852,51.7775],[0.8857,51.7773]],[[0.9167,51.7992],[0.9172,51.7984],[0.9176,51.7987],[0.9167,51.7992]],[[0.8577,51.7651],[0.8576,51.7646],[0.8583,51.7649],[0.8577,51.7651]],[[0.8913,51.7723],[0.8916,51.7728],[0.8909,51.7726],[0.8913,51.7723]],[[0.8405,51.77],[0.8395,51.7703],[0.8401,51.7698],[0.8405,51.77]],[[1.0412,51.7838],[1.0426,51.7841],[1.042,51.7842],[1.0412,51.7838]],[[0.8514,51.7159],[0.8523,51.7157],[0.8519,51.7161],[0.8514,51.7159]],[[0.8143,51.5746],[0.8141,51.574],[0.8144,51.5741],[0.8143,51.5746]],[[0.8512,51.759],[0.8519,51.7595],[0.8509,51.7594],[0.8512,51.759]],[[0.8761,51.7589],[0.8765,51.7587],[0.877,51.7589],[0.8761,51.7589]],[[0.8545,51.7634],[0.8543,51.7639],[0.8539,51.7634],[0.8545,51.7634]],[[1.0427,51.7835],[1.0419,51.7834],[1.0424,51.7832],[1.0427,51.7835]],[[0.845,51.7661],[0.846,51.7664],[0.8452,51.7664],[0.845,51.7661]],[[0.8382,51.7717],[0.8379,51.7714],[0.8381,51.771],[0.8382,51.7717]],[[0.8558,51.7628],[0.8562,51.7632],[0.8551,51.763],[0.8558,51.7628]],[[0.8563,51.7652],[0.8558,51.7652],[0.857,51.7649],[0.8563,51.7652]],[[0.9853,51.8327],[0.9844,51.8323],[0.9851,51.8322],[0.9853,51.8327]],[[0.8921,51.7799],[0.8927,51.7801],[0.8923,51.7803],[0.8921,51.7799]],[[0.9077,51.7967],[0.9081,51.7973],[0.9076,51.7971],[0.9077,51.7967]],[[0.7187,51.7195],[0.7186,51.7198],[0.718,51.7197],[0.7187,51.7195]],[[0.7385,51.5797],[0.7383,51.5798],[0.7376,51.5796],[0.7385,51.5797]],[[0.8587,51.7635],[0.859,51.7636],[0.8582,51.7641],[0.8587,51.7635]],[[0.8768,51.7835],[0.8771,51.7842],[0.8766,51.7837],[0.8768,51.7835]],[[0.8382,51.7694],[0.839,51.7698],[0.8386,51.7698],[0.8382,51.7694]],[[0.85,51.7613],[0.8506,51.7611],[0.8505,51.7617],[0.85,51.7613]],[[0.9862,51.8369],[0.9866,51.8365],[0.9864,51.8372],[0.9862,51.8369]],[[0.9873,51.8368],[0.988,51.8361],[0.988,51.8365],[0.9873,51.8368]],[[0.8479,51.7672],[0.8473,51.7674],[0.8477,51.7668],[0.8479,51.7672]],[[0.8927,51.7809],[0.8926,51.7814],[0.8923,51.781],[0.8927,51.7809]],[[1.0417,51.7833],[1.0409,51.783],[1.0418,51.7831],[1.0417,51.7833]],[[0.8019,51.739],[0.8013,51.7393],[0.8006,51.7393],[0.8019,51.739]],[[0.8658,51.768],[0.8654,51.7676],[0.8668,51.768],[0.8658,51.768]],[[0.6505,51.6287],[0.6507,51.6289],[0.6507,51.6301],[0.6505,51.6287]],[[1.0646,51.8204],[1.0652,51.8207],[1.0646,51.8208],[1.0646,51.8204]],[[0.7912,51.7424],[0.7917,51.7423],[0.7919,51.7427],[0.7912,51.7424]],[[0.8875,51.7792],[0.8884,51.779],[0.8881,51.7794],[0.8875,51.7792]],[[0.7245,51.6404],[0.7241,51.6405],[0.7241,51.6401],[0.7245,51.6404]],[[0.8495,51.7471],[0.85,51.7469],[0.8503,51.7471],[0.8495,51.7471]],[[0.8556,51.7616],[0.8551,51.7617],[0.8552,51.7612],[0.8556,51.7616]],[[0.9153,51.8002],[0.9156,51.7997],[0.9163,51.7996],[0.9153,51.8002]],[[0.7287,51.639],[0.7285,51.6382],[0.7288,51.6381],[0.7287,51.639]],[[0.7935,51.588],[0.793,51.5879],[0.7934,51.5878],[0.7935,51.588]],[[0.6924,51.7309],[0.6929,51.7311],[0.6922,51.7312],[0.6924,51.7309]],[[0.9173,51.798],[0.9173,51.7975],[0.9178,51.7977],[0.9173,51.798]],[[0.7743,51.7415],[0.7753,51.7419],[0.7743,51.7418],[0.7743,51.7415]],[[0.8547,51.7651],[0.8557,51.765],[0.8548,51.7654],[0.8547,51.7651]],[[0.8866,51.7766],[0.8866,51.7771],[0.8861,51.7769],[0.8866,51.7766]],[[0.8005,51.7393],[0.7994,51.7396],[0.7995,51.7394],[0.8005,51.7393]],[[0.8768,51.7866],[0.8763,51.7861],[0.8775,51.7863],[0.8768,51.7866]],[[0.8636,51.7678],[0.8649,51.7676],[0.8652,51.7679],[0.8636,51.7678]],[[0.8803,51.7776],[0.8801,51.778],[0.8796,51.7779],[0.8803,51.7776]],[[0.8552,51.7725],[0.856,51.7728],[0.8556,51.7732],[0.8552,51.7725]],[[0.8573,51.7596],[0.8578,51.7601],[0.8575,51.7605],[0.8573,51.7596]],[[0.8717,51.7863],[0.8726,51.7865],[0.8718,51.7867],[0.8717,51.7863]],[[0.6879,51.7323],[0.6897,51.7304],[0.6886,51.732],[0.6879,51.7323]],[[0.8848,51.7785],[0.8851,51.7787],[0.8842,51.7791],[0.8848,51.7785]],[[0.8657,51.7622],[0.8653,51.7625],[0.8642,51.7627],[0.8657,51.7622]],[[0.846,51.7828],[0.8464,51.7833],[0.8453,51.783],[0.846,51.7828]],[[0.7425,51.5805],[0.7416,51.5807],[0.7419,51.5803],[0.7425,51.5805]],[[0.8704,51.7606],[0.8706,51.761],[0.8701,51.7612],[0.8704,51.7606]],[[0.9224,51.8037],[0.9232,51.8038],[0.9225,51.804],[0.9224,51.8037]],[[0.851,51.7724],[0.8518,51.7724],[0.8508,51.7728],[0.851,51.7724]],[[0.7448,51.5815],[0.7456,51.5811],[0.7467,51.5812],[0.7448,51.5815]],[[0.8384,51.771],[0.8383,51.7706],[0.8389,51.771],[0.8384,51.771]],[[1.0383,51.7833],[1.038,51.7829],[1.0386,51.7831],[1.0383,51.7833]],[[0.8523,51.7635],[0.8516,51.764],[0.8515,51.7634],[0.8523,51.7635]],[[0.8852,51.7777],[0.8853,51.778],[0.8845,51.7782],[0.8852,51.7777]],[[0.7528,51.6952],[0.7527,51.6949],[0.7533,51.6948],[0.7528,51.6952]],[[0.8427,51.7702],[0.8434,51.7704],[0.8427,51.7706],[0.8427,51.7702]],[[0.848,51.7707],[0.8475,51.771],[0.847,51.7706],[0.848,51.7707]],[[0.8516,51.7857],[0.8524,51.7863],[0.8519,51.7863],[0.8516,51.7857]],[[0.7001,51.724],[0.6994,51.7238],[0.7003,51.7237],[0.7001,51.724]],[[0.986,51.8367],[0.9867,51.8362],[0.986,51.8371],[0.986,51.8367]],[[1.0385,51.7829],[1.0381,51.7829],[1.0379,51.7823],[1.0385,51.7829]],[[0.838,51.7735],[0.8377,51.7738],[0.8369,51.7737],[0.838,51.7735]],[[0.9554,51.8282],[0.9538,51.8276],[0.9555,51.828],[0.9554,51.8282]],[[0.8781,51.7856],[0.8774,51.7852],[0.878,51.7851],[0.8781,51.7856]],[[0.9856,51.8389],[0.9868,51.8389],[0.9856,51.8392],[0.9856,51.8389]],[[0.7457,51.7358],[0.7469,51.7359],[0.746,51.7361],[0.7457,51.7358]],[[0.8761,51.7799],[0.8746,51.7801],[0.8748,51.7798],[0.8761,51.7799]],[[0.7605,51.5836],[0.761,51.5838],[0.7607,51.5842],[0.7605,51.5836]],[[0.7293,51.6383],[0.7288,51.6391],[0.7292,51.6379],[0.7293,51.6383]],[[0.8563,51.7621],[0.8558,51.7627],[0.8557,51.7622],[0.8563,51.7621]],[[0.86,51.6161],[0.86,51.6159],[0.8626,51.6157],[0.86,51.6161]],[[0.8905,51.7729],[0.8914,51.7736],[0.8904,51.7733],[0.8905,51.7729]],[[0.8494,51.7609],[0.8497,51.7613],[0.849,51.7617],[0.8494,51.7609]],[[0.8547,51.7638],[0.856,51.7642],[0.8549,51.7642],[0.8547,51.7638]],[[0.8476,51.7719],[0.8467,51.7723],[0.8462,51.7721],[0.8476,51.7719]],[[0.8547,51.7699],[0.8553,51.7707],[0.855,51.7708],[0.8547,51.7699]],[[0.9194,51.8053],[0.9191,51.8054],[0.9188,51.8048],[0.9194,51.8053]],[[0.8872,51.7796],[0.8864,51.7795],[0.8874,51.7792],[0.8872,51.7796]],[[0.8391,51.7697],[0.8395,51.77],[0.8391,51.7703],[0.8391,51.7697]],[[0.8534,51.7688],[0.8527,51.7675],[0.8536,51.768],[0.8534,51.7688]],[[1.044,51.7748],[1.043,51.7744],[1.0435,51.7743],[1.044,51.7748]],[[0.7226,51.7248],[0.7237,51.7247],[0.7232,51.725],[0.7226,51.7248]],[[0.8798,51.761],[0.881,51.7608],[0.8803,51.7612],[0.8798,51.761]],[[0.8463,51.7664],[0.8465,51.7668],[0.8454,51.7666],[0.8463,51.7664]],[[0.8862,51.78],[0.8861,51.7796],[0.8869,51.7798],[0.8862,51.78]],[[0.8463,51.7816],[0.845,51.781],[0.8463,51.7813],[0.8463,51.7816]],[[0.8537,51.7866],[0.8544,51.7871],[0.8535,51.7868],[0.8537,51.7866]],[[0.9937,51.8178],[0.9932,51.8174],[0.9938,51.8172],[0.9937,51.8178]],[[0.7731,51.7399],[0.7725,51.7403],[0.7726,51.7398],[0.7731,51.7399]],[[1.0452,51.8195],[1.0458,51.8197],[1.0463,51.8206],[1.0452,51.8195]],[[0.8524,51.7836],[0.8517,51.7833],[0.8528,51.7834],[0.8524,51.7836]],[[0.7743,51.692],[0.7749,51.6924],[0.7742,51.6926],[0.7743,51.692]],[[0.7292,51.7243],[0.7283,51.7243],[0.7298,51.7239],[0.7292,51.7243]],[[0.7924,51.7435],[0.7923,51.7441],[0.7919,51.7438],[0.7924,51.7435]],[[0.9203,51.8044],[0.9205,51.8049],[0.92,51.8051],[0.9203,51.8044]],[[0.7139,51.6379],[0.7144,51.6385],[0.7137,51.6382],[0.7139,51.6379]],[[0.8809,51.7771],[0.8807,51.7776],[0.8803,51.7775],[0.8809,51.7771]],[[0.8346,51.7709],[0.8351,51.7709],[0.8355,51.7716],[0.8346,51.7709]],[[1.0429,51.7843],[1.0435,51.7846],[1.0424,51.7845],[1.0429,51.7843]],[[0.8848,51.7806],[0.8858,51.7799],[0.8855,51.7803],[0.8848,51.7806]],[[0.6578,51.6449],[0.6566,51.6454],[0.657,51.645],[0.6578,51.6449]],[[0.7175,51.6389],[0.7176,51.6394],[0.7168,51.639],[0.7175,51.6389]],[[0.8427,51.7685],[0.8435,51.7691],[0.8424,51.7688],[0.8427,51.7685]],[[0.7492,51.7103],[0.7485,51.7101],[0.7489,51.7097],[0.7492,51.7103]],[[0.725,51.7231],[0.7243,51.7228],[0.7245,51.7223],[0.725,51.7231]],[[0.8887,51.7748],[0.8894,51.775],[0.8891,51.7756],[0.8887,51.7748]],[[0.6977,51.7228],[0.6983,51.723],[0.6973,51.7231],[0.6977,51.7228]],[[0.8901,51.7733],[0.8906,51.7737],[0.8896,51.7738],[0.8901,51.7733]],[[0.729,51.7219],[0.7284,51.7218],[0.7296,51.7214],[0.729,51.7219]],[[0.8744,51.7866],[0.875,51.786],[0.8752,51.7866],[0.8744,51.7866]],[[0.9425,51.8037],[0.9424,51.8041],[0.9417,51.8037],[0.9425,51.8037]],[[0.8514,51.7674],[0.8517,51.7679],[0.8507,51.7676],[0.8514,51.7674]],[[0.8573,51.7633],[0.8569,51.7627],[0.8578,51.7628],[0.8573,51.7633]],[[0.8563,51.7634],[0.8555,51.7635],[0.8558,51.763],[0.8563,51.7634]],[[0.6102,51.6301],[0.6079,51.6297],[0.6104,51.63],[0.6102,51.6301]],[[0.8404,51.7695],[0.8398,51.7701],[0.8394,51.7695],[0.8404,51.7695]],[[0.8596,51.7834],[0.8604,51.7829],[0.8604,51.7834],[0.8596,51.7834]],[[0.8542,51.7612],[0.8526,51.761],[0.8543,51.7608],[0.8542,51.7612]],[[0.8373,51.77],[0.8381,51.7701],[0.8371,51.7704],[0.8373,51.77]],[[0.787,51.7087],[0.7877,51.7086],[0.7872,51.709],[0.787,51.7087]],[[0.6419,51.6336],[0.641,51.6332],[0.642,51.6329],[0.6419,51.6336]],[[0.8781,51.7833],[0.8787,51.7844],[0.8778,51.784],[0.8781,51.7833]],[[0.7235,51.7176],[0.7231,51.718],[0.7211,51.7183],[0.7235,51.7176]],[[0.7003,51.7228],[0.7006,51.7225],[0.7014,51.7226],[0.7003,51.7228]],[[0.8672,51.7816],[0.8675,51.7818],[0.8659,51.7821],[0.8672,51.7816]],[[0.7732,51.7412],[0.7732,51.7417],[0.7724,51.7414],[0.7732,51.7412]],[[0.8483,51.7645],[0.8475,51.7644],[0.8484,51.7638],[0.8483,51.7645]],[[0.8799,51.778],[0.8788,51.7789],[0.8792,51.7783],[0.8799,51.778]],[[0.8859,51.7724],[0.8871,51.7728],[0.8869,51.773],[0.8859,51.7724]],[[0.7432,51.5806],[0.7431,51.581],[0.7421,51.5806],[0.7432,51.5806]],[[0.8711,51.7609],[0.8712,51.7604],[0.8718,51.7607],[0.8711,51.7609]],[[0.9952,51.8158],[0.9962,51.8161],[0.9957,51.8164],[0.9952,51.8158]],[[1.0396,51.7761],[1.0382,51.7758],[1.0391,51.7756],[1.0396,51.7761]],[[0.7759,51.7422],[0.7753,51.7416],[0.7763,51.7414],[0.7759,51.7422]],[[0.7737,51.7415],[0.7744,51.7424],[0.7735,51.742],[0.7737,51.7415]],[[0.8497,51.7604],[0.851,51.7607],[0.8495,51.7608],[0.8497,51.7604]],[[0.7914,51.7401],[0.791,51.7397],[0.7919,51.7401],[0.7914,51.7401]],[[1.0294,51.7883],[1.0295,51.7878],[1.0309,51.7859],[1.0294,51.7883]],[[0.8371,51.7727],[0.8385,51.7733],[0.8379,51.7734],[0.8371,51.7727]],[[0.8399,51.7724],[0.8398,51.7719],[0.841,51.7719],[0.8399,51.7724]],[[0.7905,51.7402],[0.7915,51.7405],[0.7911,51.7408],[0.7905,51.7402]],[[0.9624,51.8258],[0.9616,51.8252],[0.9624,51.8253],[0.9624,51.8258]],[[0.8503,51.7688],[0.8509,51.7682],[0.8507,51.7689],[0.8503,51.7688]],[[0.7761,51.7429],[0.7763,51.7426],[0.7766,51.7433],[0.7761,51.7429]],[[0.7499,51.7118],[0.7496,51.7115],[0.7506,51.7115],[0.7499,51.7118]],[[0.7733,51.7397],[0.7727,51.7394],[0.774,51.7393],[0.7733,51.7397]],[[0.7029,51.7273],[0.7033,51.7276],[0.7024,51.7279],[0.7029,51.7273]],[[0.863,51.7626],[0.8634,51.7629],[0.8621,51.763],[0.863,51.7626]],[[0.8355,51.771],[0.8371,51.7706],[0.8358,51.7713],[0.8355,51.771]],[[0.9269,51.8017],[0.9263,51.8016],[0.9285,51.8014],[0.9269,51.8017]],[[0.8426,51.7401],[0.8424,51.7407],[0.8418,51.7403],[0.8426,51.7401]],[[0.6494,51.6236],[0.6513,51.624],[0.6502,51.624],[0.6494,51.6236]],[[0.8677,51.7681],[0.8677,51.7677],[0.87,51.7677],[0.8677,51.7681]],[[0.925,51.799],[0.9238,51.7986],[0.9247,51.7985],[0.925,51.799]],[[0.8861,51.7783],[0.8858,51.778],[0.8872,51.7777],[0.8861,51.7783]],[[0.8609,51.7833],[0.8604,51.7827],[0.8617,51.7827],[0.8609,51.7833]],[[0.8527,51.7607],[0.8517,51.7612],[0.8512,51.7605],[0.8527,51.7607]],[[0.8602,51.6142],[0.8613,51.6138],[0.8609,51.6143],[0.8602,51.6142]],[[0.8517,51.7712],[0.8506,51.7713],[0.8507,51.7705],[0.8517,51.7712]],[[0.9245,51.8047],[0.9241,51.804],[0.9246,51.804],[0.9245,51.8047]],[[0.8556,51.7868],[0.8567,51.787],[0.8558,51.7873],[0.8556,51.7868]],[[0.8517,51.759],[0.853,51.7596],[0.8515,51.7594],[0.8517,51.759]],[[0.9135,51.8005],[0.9145,51.8],[0.914,51.8008],[0.9135,51.8005]],[[0.8478,51.6156],[0.8467,51.6154],[0.8473,51.6148],[0.8478,51.6156]],[[0.6472,51.6309],[0.647,51.6314],[0.648,51.6307],[0.6472,51.6309]],[[0.8718,51.7604],[0.872,51.7599],[0.873,51.7601],[0.8718,51.7604]],[[0.8372,51.7692],[0.8388,51.77],[0.8367,51.7696],[0.8372,51.7692]],[[0.7618,51.5833],[0.7605,51.5833],[0.7616,51.5827],[0.7618,51.5833]],[[0.8775,51.7833],[0.8779,51.7838],[0.8773,51.7845],[0.8775,51.7833]],[[0.6562,51.6455],[0.6546,51.6459],[0.6564,51.6452],[0.6562,51.6455]],[[0.7756,51.7403],[0.7762,51.7412],[0.7755,51.7411],[0.7756,51.7403]],[[0.8596,51.7645],[0.8599,51.7638],[0.8607,51.7642],[0.8596,51.7645]],[[0.8738,51.7596],[0.8753,51.759],[0.8755,51.7594],[0.8738,51.7596]],[[0.8523,51.7692],[0.8516,51.7682],[0.8533,51.7689],[0.8523,51.7692]],[[0.7723,51.7403],[0.7712,51.7395],[0.7719,51.7395],[0.7723,51.7403]],[[0.9407,51.802],[0.94,51.8026],[0.9396,51.802],[0.9407,51.802]],[[0.8871,51.7353],[0.8872,51.7347],[0.8877,51.7352],[0.8871,51.7353]],[[1.0469,51.8078],[1.046,51.8082],[1.0462,51.8075],[1.0469,51.8078]],[[0.9848,51.8356],[0.9853,51.835],[0.9857,51.8356],[0.9848,51.8356]],[[0.7213,51.7279],[0.7213,51.727],[0.722,51.7275],[0.7213,51.7279]],[[0.845,51.7721],[0.8461,51.7725],[0.8454,51.7729],[0.845,51.7721]],[[1.0368,51.8066],[1.0379,51.8071],[1.0379,51.8076],[1.0368,51.8066]],[[0.6939,51.7292],[0.6945,51.7294],[0.6935,51.7301],[0.6939,51.7292]],[[0.756,51.6426],[0.7573,51.6427],[0.7562,51.643],[0.756,51.6426]],[[0.7161,51.6384],[0.7172,51.6386],[0.7164,51.6388],[0.7161,51.6384]],[[0.8922,51.7726],[0.8919,51.773],[0.8914,51.7722],[0.8922,51.7726]],[[0.9544,51.8279],[0.9553,51.8284],[0.9539,51.8288],[0.9544,51.8279]],[[0.7136,51.7357],[0.7135,51.7365],[0.7121,51.7359],[0.7136,51.7357]],[[0.9246,51.8064],[0.9247,51.8058],[0.9255,51.8063],[0.9246,51.8064]],[[0.9222,51.803],[0.9223,51.8038],[0.9216,51.8037],[0.9222,51.803]],[[0.8564,51.6151],[0.8556,51.6144],[0.8566,51.6145],[0.8564,51.6151]],[[0.8394,51.7711],[0.8389,51.7703],[0.84,51.7707],[0.8394,51.7711]],[[0.8356,51.7715],[0.8366,51.7711],[0.8361,51.7719],[0.8356,51.7715]],[[0.7283,51.7225],[0.7283,51.723],[0.7273,51.7227],[0.7283,51.7225]],[[0.8699,51.7863],[0.87,51.787],[0.8691,51.7871],[0.8699,51.7863]],[[0.9376,51.653],[0.9361,51.6528],[0.9379,51.6527],[0.9376,51.653]],[[0.8403,51.7712],[0.8415,51.7713],[0.8403,51.7718],[0.8403,51.7712]],[[0.7421,51.6906],[0.7411,51.6903],[0.7418,51.6899],[0.7421,51.6906]],[[0.856,51.7704],[0.8552,51.7697],[0.8568,51.7695],[0.856,51.7704]],[[0.8891,51.7689],[0.888,51.7693],[0.8886,51.7684],[0.8891,51.7689]],[[0.7463,51.7354],[0.745,51.7354],[0.7454,51.735],[0.7463,51.7354]],[[0.855,51.7628],[0.8551,51.7636],[0.8539,51.7631],[0.855,51.7628]],[[0.8362,51.7709],[0.838,51.7712],[0.8364,51.7715],[0.8362,51.7709]],[[0.6484,51.6247],[0.6491,51.6256],[0.6483,51.6255],[0.6484,51.6247]],[[1.0405,51.806],[1.0396,51.8062],[1.0398,51.8056],[1.0405,51.806]],[[1.0411,51.7801],[1.0415,51.7798],[1.0423,51.7805],[1.0411,51.7801]],[[0.8699,51.7867],[0.8702,51.7863],[0.8715,51.7867],[0.8699,51.7867]],[[0.8555,51.7642],[0.8565,51.7649],[0.8552,51.765],[0.8555,51.7642]],[[0.6345,51.6383],[0.6339,51.6387],[0.6335,51.638],[0.6345,51.6383]],[[0.8553,51.7857],[0.8561,51.7865],[0.8548,51.7864],[0.8553,51.7857]],[[0.9538,51.8281],[0.9543,51.8286],[0.953,51.8285],[0.9538,51.8281]],[[0.898,51.7738],[0.8975,51.7726],[0.8984,51.7738],[0.898,51.7738]],[[0.8584,51.7867],[0.8575,51.786],[0.8593,51.786],[0.8584,51.7867]],[[0.8445,51.7698],[0.8449,51.769],[0.8457,51.7695],[0.8445,51.7698]],[[0.6573,51.6442],[0.6576,51.6437],[0.6586,51.6435],[0.6573,51.6442]],[[1.0348,51.7839],[1.0339,51.7833],[1.035,51.7836],[1.0348,51.7839]],[[0.9841,51.8301],[0.9832,51.83],[0.983,51.8291],[0.9841,51.8301]],[[0.8538,51.7688],[0.8539,51.7677],[0.8551,51.7677],[0.8538,51.7688]],[[0.822,51.7386],[0.823,51.7388],[0.823,51.7393],[0.822,51.7386]],[[1.0406,51.7826],[1.0404,51.7821],[1.0417,51.7818],[1.0406,51.7826]],[[0.6507,51.6307],[0.6512,51.6325],[0.6507,51.633],[0.6507,51.6307]],[[0.8748,51.7857],[0.8764,51.7856],[0.874,51.7862],[0.8748,51.7857]],[[0.9536,51.8312],[0.9563,51.8314],[0.9524,51.8317],[0.9536,51.8312]],[[0.8568,51.7654],[0.8568,51.7645],[0.858,51.7643],[0.8568,51.7654]],[[0.75,51.7113],[0.7483,51.7113],[0.7489,51.7109],[0.75,51.7113]],[[0.9241,51.802],[0.9248,51.8024],[0.9234,51.8027],[0.9241,51.802]],[[0.9148,51.7997],[0.9162,51.799],[0.9153,51.8001],[0.9148,51.7997]],[[0.837,51.7701],[0.8357,51.7707],[0.8348,51.7704],[0.837,51.7701]],[[0.6505,51.626],[0.6516,51.6241],[0.6518,51.6257],[0.6505,51.626]],[[1.0419,51.7839],[1.042,51.7834],[1.0434,51.7836],[1.0419,51.7839]],[[0.8871,51.7691],[0.887,51.7706],[0.8861,51.7697],[0.8871,51.7691]],[[0.8409,51.7708],[0.8397,51.7708],[0.8407,51.77],[0.8409,51.7708]],[[1.0455,51.8073],[1.0443,51.8075],[1.0447,51.807],[1.0455,51.8073]],[[0.9303,51.7997],[0.9308,51.8006],[0.9299,51.8005],[0.9303,51.7997]],[[0.8747,51.762],[0.87,51.7633],[0.875,51.7617],[0.8747,51.762]],[[0.8514,51.7852],[0.8531,51.7859],[0.8517,51.7857],[0.8514,51.7852]],[[1.0394,51.8068],[1.0401,51.8081],[1.0385,51.8074],[1.0394,51.8068]],[[0.7458,51.7361],[0.7475,51.7362],[0.746,51.7365],[0.7458,51.7361]],[[0.7788,51.7251],[0.7794,51.7247],[0.7801,51.7251],[0.7788,51.7251]],[[0.8203,51.619],[0.8209,51.6182],[0.8219,51.6186],[0.8203,51.619]],[[0.9511,51.8268],[0.9537,51.8279],[0.953,51.8283],[0.9511,51.8268]],[[0.9417,51.6614],[0.9421,51.6604],[0.9423,51.6613],[0.9417,51.6614]],[[0.9853,51.8359],[0.9858,51.8353],[0.9857,51.8369],[0.9853,51.8359]],[[0.9169,51.7977],[0.916,51.7973],[0.9168,51.7964],[0.9169,51.7977]],[[1.0382,51.7846],[1.039,51.7839],[1.04,51.7844],[1.0382,51.7846]],[[0.7348,51.6352],[0.7355,51.6355],[0.7342,51.6359],[0.7348,51.6352]],[[0.9605,51.8261],[0.9583,51.8279],[0.9558,51.8282],[0.9605,51.8261]],[[0.7731,51.7408],[0.7723,51.7412],[0.772,51.7407],[0.7731,51.7408]],[[0.8415,51.7691],[0.8433,51.77],[0.8408,51.7699],[0.8415,51.7691]],[[0.844,51.7686],[0.8444,51.7698],[0.8425,51.7692],[0.844,51.7686]],[[1.0407,51.7832],[1.042,51.7836],[1.0403,51.7837],[1.0407,51.7832]],[[0.6928,51.7285],[0.6932,51.728],[0.6951,51.7283],[0.6928,51.7285]],[[1.0402,51.7843],[1.0386,51.7839],[1.04,51.7838],[1.0402,51.7843]],[[1.0397,51.7881],[1.0392,51.7874],[1.041,51.7883],[1.0397,51.7881]],[[0.7386,51.6395],[0.7374,51.6391],[0.7387,51.6388],[0.7386,51.6395]],[[0.7941,51.7089],[0.7936,51.7078],[0.7949,51.7086],[0.7941,51.7089]],[[0.7976,51.7398],[0.7986,51.7399],[0.797,51.7404],[0.7976,51.7398]],[[0.8526,51.7658],[0.8546,51.7661],[0.8514,51.7662],[0.8526,51.7658]],[[0.6491,51.6236],[0.6482,51.6247],[0.6482,51.6235],[0.6491,51.6236]],[[0.8515,51.7617],[0.8528,51.7624],[0.8515,51.7626],[0.8515,51.7617]],[[0.9193,51.8107],[0.9169,51.8098],[0.9179,51.8096],[0.9193,51.8107]],[[0.7441,51.6406],[0.7427,51.6402],[0.7449,51.6402],[0.7441,51.6406]],[[0.751,51.5791],[0.7494,51.5783],[0.7509,51.5785],[0.751,51.5791]],[[0.984,51.8298],[0.9832,51.829],[0.9838,51.8283],[0.984,51.8298]],[[0.9841,51.834],[0.9859,51.8341],[0.984,51.8349],[0.9841,51.834]],[[0.9837,51.8336],[0.9858,51.8337],[0.9837,51.8342],[0.9837,51.8336]],[[0.6544,51.646],[0.651,51.6468],[0.6514,51.6464],[0.6544,51.646]],[[0.7159,51.6383],[0.7144,51.6381],[0.7139,51.6375],[0.7159,51.6383]],[[0.7407,51.6884],[0.7393,51.6878],[0.7409,51.6878],[0.7407,51.6884]],[[0.9266,51.8001],[0.9279,51.8001],[0.928,51.801],[0.9266,51.8001]],[[0.8469,51.765],[0.8459,51.7655],[0.8447,51.7648],[0.8469,51.765]],[[0.9784,51.8389],[0.9768,51.8385],[0.978,51.8381],[0.9784,51.8389]],[[1.045,51.7851],[1.0442,51.7847],[1.0453,51.7841],[1.045,51.7851]],[[1.033,51.8006],[1.0327,51.7997],[1.0337,51.7995],[1.033,51.8006]],[[0.8384,51.7701],[0.8392,51.7707],[0.837,51.7708],[0.8384,51.7701]],[[0.716,51.6397],[0.7166,51.6403],[0.7149,51.6398],[0.716,51.6397]],[[1.0498,51.802],[1.0519,51.8014],[1.0498,51.8029],[1.0498,51.802]],[[1.0545,51.8098],[1.0556,51.8105],[1.0538,51.8101],[1.0545,51.8098]],[[1.0392,51.8056],[1.0394,51.8068],[1.0384,51.8056],[1.0392,51.8056]],[[0.8288,51.6183],[0.8336,51.6183],[0.8285,51.6188],[0.8288,51.6183]],[[0.8521,51.6143],[0.8523,51.6151],[0.8508,51.6148],[0.8521,51.6143]],[[0.7161,51.6396],[0.7164,51.639],[0.7177,51.64],[0.7161,51.6396]],[[0.8904,51.7652],[0.8901,51.7663],[0.8891,51.7657],[0.8904,51.7652]],[[0.6568,51.6486],[0.6558,51.6477],[0.6566,51.6476],[0.6568,51.6486]],[[0.8265,51.5665],[0.8261,51.5679],[0.8254,51.5679],[0.8265,51.5665]],[[1.0649,51.8197],[1.0645,51.8208],[1.0636,51.8205],[1.0649,51.8197]],[[1.0529,51.8101],[1.0514,51.8098],[1.0533,51.8095],[1.0529,51.8101]],[[0.8775,51.7851],[0.877,51.7856],[0.8762,51.7847],[0.8775,51.7851]],[[0.8536,51.7649],[0.854,51.7657],[0.852,51.7653],[0.8536,51.7649]],[[0.7495,51.5793],[0.7483,51.5781],[0.7507,51.5791],[0.7495,51.5793]],[[0.9925,51.8182],[0.9937,51.8178],[0.9927,51.8188],[0.9925,51.8182]],[[0.8877,51.772],[0.8859,51.7723],[0.8868,51.7715],[0.8877,51.772]],[[0.8366,51.7844],[0.8353,51.7852],[0.8349,51.7844],[0.8366,51.7844]],[[0.8462,51.7668],[0.8475,51.7677],[0.8454,51.7684],[0.8462,51.7668]],[[0.7272,51.6388],[0.7253,51.6394],[0.7253,51.6387],[0.7272,51.6388]],[[0.8584,51.7632],[0.8594,51.7648],[0.8575,51.7637],[0.8584,51.7632]],[[0.8891,51.7656],[0.8882,51.7646],[0.89,51.7649],[0.8891,51.7656]],[[0.9241,51.8062],[0.9221,51.8057],[0.9234,51.8054],[0.9241,51.8062]],[[0.7454,51.5814],[0.7475,51.5813],[0.7462,51.5821],[0.7454,51.5814]],[[0.6355,51.6385],[0.6339,51.6388],[0.6359,51.6373],[0.6355,51.6385]],[[0.8563,51.6158],[0.8588,51.6156],[0.8591,51.6161],[0.8563,51.6158]],[[0.91,51.799],[0.9114,51.7996],[0.91,51.8001],[0.91,51.799]],[[0.6656,51.6368],[0.6705,51.6368],[0.6673,51.637],[0.6656,51.6368]],[[0.7561,51.6402],[0.7572,51.6398],[0.7585,51.641],[0.7561,51.6402]],[[0.745,51.5808],[0.7447,51.5815],[0.743,51.5807],[0.745,51.5808]],[[0.752,51.6388],[0.7525,51.638],[0.7525,51.6402],[0.752,51.6388]],[[0.9906,51.8376],[0.9891,51.8374],[0.9914,51.8368],[0.9906,51.8376]],[[0.9158,51.793],[0.9136,51.7926],[0.9167,51.7919],[0.9158,51.793]],[[0.729,51.7234],[0.7293,51.7222],[0.7312,51.7219],[0.729,51.7234]],[[0.8532,51.7638],[0.8555,51.7647],[0.854,51.7652],[0.8532,51.7638]],[[0.6921,51.7281],[0.6898,51.7302],[0.6905,51.7286],[0.6921,51.7281]],[[0.6481,51.6309],[0.6483,51.6325],[0.6472,51.6312],[0.6481,51.6309]],[[0.9215,51.805],[0.9204,51.8043],[0.9221,51.804],[0.9215,51.805]],[[0.9835,51.8315],[0.9851,51.8321],[0.9831,51.8327],[0.9835,51.8315]],[[0.8957,51.7749],[0.8953,51.7721],[0.896,51.774],[0.8957,51.7749]],[[0.723,51.7298],[0.7205,51.7306],[0.7243,51.7278],[0.723,51.7298]],[[0.7912,51.7413],[0.7934,51.7429],[0.7906,51.7419],[0.7912,51.7413]],[[0.9517,51.8241],[0.9509,51.8268],[0.9501,51.8247],[0.9517,51.8241]],[[0.8523,51.6163],[0.8555,51.6159],[0.8555,51.6164],[0.8523,51.6163]],[[0.9232,51.7973],[0.9214,51.7967],[0.9229,51.7963],[0.9232,51.7973]],[[0.6541,51.6299],[0.651,51.6288],[0.6535,51.6289],[0.6541,51.6299]],[[0.8569,51.7872],[0.8559,51.7857],[0.8588,51.7864],[0.8569,51.7872]],[[0.9878,51.8361],[0.9865,51.8371],[0.9866,51.8354],[0.9878,51.8361]],[[0.9286,51.8011],[0.9278,51.8],[0.9297,51.8],[0.9286,51.8011]],[[0.9781,51.8381],[0.9755,51.8381],[0.978,51.8372],[0.9781,51.8381]],[[0.7288,51.7184],[0.7242,51.7173],[0.7263,51.7171],[0.7288,51.7184]],[[1.0265,51.8029],[1.0289,51.8038],[1.0255,51.8034],[1.0265,51.8029]],[[0.9834,51.8327],[0.9857,51.8336],[0.9834,51.8335],[0.9834,51.8327]],[[0.7459,51.5788],[0.7458,51.5776],[0.7471,51.5776],[0.7459,51.5788]],[[0.7227,51.7249],[0.724,51.7245],[0.725,51.7256],[0.7227,51.7249]],[[0.7379,51.6363],[0.737,51.6352],[0.739,51.6351],[0.7379,51.6363]],[[0.7198,51.6404],[0.7229,51.6407],[0.7195,51.6412],[0.7198,51.6404]],[[0.7246,51.7268],[0.7282,51.7239],[0.7285,51.726],[0.7246,51.7268]],[[0.7181,51.6401],[0.7193,51.6412],[0.7176,51.6413],[0.7181,51.6401]],[[0.7272,51.7237],[0.7247,51.7241],[0.726,51.7229],[0.7272,51.7237]],[[0.9495,51.7285],[0.9489,51.7275],[0.9499,51.7265],[0.9495,51.7285]],[[0.7159,51.6403],[0.7179,51.6401],[0.7176,51.6413],[0.7159,51.6403]],[[0.886,51.7728],[0.8864,51.7734],[0.8844,51.7744],[0.886,51.7728]],[[0.8517,51.7733],[0.8531,51.7704],[0.856,51.7723],[0.8517,51.7733]],[[1.0519,51.8001],[1.0518,51.799],[1.0536,51.7993],[1.0519,51.8001]],[[1.0453,51.7802],[1.0442,51.7808],[1.043,51.7795],[1.0453,51.7802]],[[0.9988,51.8008],[1.0015,51.8006],[0.9997,51.8016],[0.9988,51.8008]],[[0.7532,51.6396],[0.757,51.6397],[0.7527,51.6405],[0.7532,51.6396]],[[0.9243,51.7985],[0.9228,51.7977],[0.9241,51.7971],[0.9243,51.7985]],[[0.7161,51.639],[0.7149,51.6396],[0.7141,51.6386],[0.7161,51.639]],[[1.0513,51.8095],[1.053,51.8103],[1.0502,51.8106],[1.0513,51.8095]],[[0.9962,51.816],[0.9949,51.8153],[0.9977,51.8147],[0.9962,51.816]],[[0.7387,51.6387],[0.7356,51.6376],[0.738,51.6375],[0.7387,51.6387]],[[0.7418,51.6397],[0.7392,51.6389],[0.7417,51.639],[0.7418,51.6397]],[[0.8367,51.7701],[0.8331,51.77],[0.8335,51.7692],[0.8367,51.7701]],[[0.74,51.6357],[0.7393,51.6348],[0.7433,51.6351],[0.74,51.6357]],[[1.0411,51.7884],[1.0383,51.7873],[1.0403,51.7865],[1.0411,51.7884]],[[0.7494,51.6368],[0.7518,51.6388],[0.7498,51.6391],[0.7494,51.6368]],[[0.7792,51.7254],[0.7807,51.7245],[0.7828,51.7252],[0.7792,51.7254]],[[0.9874,51.8353],[0.9841,51.8351],[0.9865,51.8353],[0.9846,51.8311],[0.9874,51.8353]],[[0.9385,51.6563],[0.9374,51.6546],[0.9396,51.6544],[0.9385,51.6563]],[[0.961,51.83],[0.9567,51.8311],[0.9631,51.8258],[0.961,51.83]],[[0.746,51.6399],[0.7498,51.641],[0.7472,51.6418],[0.746,51.6399]],[[1.0362,51.7856],[1.0356,51.7841],[1.0377,51.7841],[1.0362,51.7856]],[[0.7322,51.6377],[0.7293,51.6383],[0.7313,51.6364],[0.7322,51.6377]],[[1.001,51.8002],[1.002,51.7987],[1.0031,51.7993],[1.001,51.8002]],[[1.0381,51.8056],[1.0384,51.8074],[1.0367,51.8063],[1.0381,51.8056]],[[1.0482,51.8095],[1.0468,51.8081],[1.049,51.8083],[1.0482,51.8095]],[[1.0401,51.8081],[1.04,51.8065],[1.0419,51.8068],[1.0401,51.8081]],[[0.9845,51.831],[0.9828,51.8319],[0.9828,51.8298],[0.9845,51.831]],[[0.954,51.8276],[0.9539,51.8262],[0.9561,51.8273],[0.954,51.8276]],[[0.7209,51.6404],[0.7178,51.6389],[0.721,51.6393],[0.7209,51.6404]],[[0.8508,51.7172],[0.8479,51.716],[0.8513,51.7163],[0.8508,51.7172]],[[0.964,51.822],[0.9631,51.8255],[0.9633,51.8223],[0.9549,51.8239],[0.964,51.822]],[[0.9978,51.8146],[0.9967,51.814],[0.9997,51.8134],[0.9978,51.8146]],[[0.8985,51.7915],[0.8957,51.791],[0.8971,51.7893],[0.8985,51.7915]],[[0.777,51.7269],[0.7758,51.7264],[0.7789,51.7253],[0.777,51.7269]],[[0.8362,51.772],[0.8396,51.7713],[0.8398,51.773],[0.8362,51.772]],[[0.6504,51.6287],[0.6505,51.6304],[0.6487,51.6302],[0.6504,51.6287]],[[0.8424,51.7391],[0.842,51.7382],[0.8455,51.7389],[0.8424,51.7391]],[[0.8513,51.7655],[0.8461,51.7657],[0.8475,51.7646],[0.8513,51.7655]],[[0.7294,51.7205],[0.7276,51.723],[0.7259,51.7217],[0.7294,51.7205]],[[0.851,51.7443],[0.8529,51.7447],[0.8509,51.7465],[0.851,51.7443]],[[0.7548,51.6397],[0.7529,51.6396],[0.7527,51.638],[0.7548,51.6397]],[[1.0351,51.8044],[1.0347,51.8028],[1.0397,51.8043],[1.0351,51.8044]],[[0.6673,51.6388],[0.6696,51.6393],[0.6678,51.6407],[0.6673,51.6388]],[[1.0322,51.804],[1.0334,51.8025],[1.0351,51.8033],[1.0322,51.804]],[[0.8221,51.6187],[0.8218,51.6171],[0.8255,51.6184],[0.8221,51.6187]],[[0.726,51.7257],[0.7257,51.7243],[0.7282,51.7255],[0.726,51.7257]],[[0.8552,51.7614],[0.8537,51.7637],[0.8519,51.7629],[0.8552,51.7614]],[[0.8739,51.784],[0.8717,51.7862],[0.8711,51.7844],[0.8739,51.784]],[[0.9389,51.6544],[0.936,51.6538],[0.9381,51.6529],[0.9389,51.6544]],[[0.6471,51.626],[0.6433,51.6258],[0.6441,51.6249],[0.6471,51.626]],[[0.8477,51.7453],[0.8495,51.7469],[0.8472,51.7471],[0.8477,51.7453]],[[0.7284,51.6382],[0.7279,51.6402],[0.7247,51.64],[0.7284,51.6382]],[[0.7508,51.6357],[0.7391,51.6346],[0.7458,51.6346],[0.7508,51.6357]],[[0.8904,51.7749],[0.8903,51.7764],[0.8869,51.7776],[0.8904,51.7749]],[[1.005,51.7991],[1.0022,51.7987],[1.0008,51.7943],[1.005,51.7991]],[[0.6512,51.6241],[0.6503,51.626],[0.6485,51.6246],[0.6512,51.6241]],[[0.7328,51.6386],[0.7358,51.6381],[0.7349,51.6394],[0.7328,51.6386]],[[0.6491,51.6305],[0.6503,51.633],[0.6486,51.6329],[0.6491,51.6305]],[[0.6502,51.6285],[0.6483,51.6256],[0.6505,51.6262],[0.6502,51.6285]],[[0.9211,51.7968],[0.9238,51.8004],[0.9199,51.7977],[0.9211,51.7968]],[[0.9606,51.8315],[0.9633,51.8294],[0.9633,51.8324],[0.9606,51.8315]],[[0.7291,51.6392],[0.7311,51.6378],[0.7328,51.6395],[0.7291,51.6392]],[[0.9274,51.8014],[0.924,51.8003],[0.9244,51.7991],[0.9274,51.8014]],[[0.7721,51.7262],[0.772,51.7253],[0.777,51.7257],[0.7721,51.7262]],[[1.0401,51.7865],[1.0383,51.7873],[1.037,51.7855],[1.0401,51.7865]],[[0.7221,51.7212],[0.7196,51.7201],[0.7219,51.7182],[0.7221,51.7212]],[[0.8914,51.768],[0.8907,51.7653],[0.8946,51.7663],[0.8914,51.768]],[[1.043,51.8048],[1.0496,51.806],[1.0501,51.807],[1.043,51.8048]],[[0.9774,51.808],[0.9735,51.8107],[0.969,51.8112],[0.9774,51.808]],[[0.6477,51.6266],[0.6479,51.6297],[0.6453,51.6292],[0.6477,51.6266]],[[0.9199,51.7941],[0.9161,51.7929],[0.9199,51.7917],[0.9199,51.7941]],[[0.6505,51.6357],[0.6471,51.6316],[0.65,51.6353],[0.6556,51.6352],[0.6505,51.6357]],[[0.9519,51.8256],[0.955,51.8241],[0.9564,51.8268],[0.9519,51.8256]],[[0.8724,51.7639],[0.8795,51.7611],[0.8837,51.7612],[0.8724,51.7639]],[[0.6666,51.6371],[0.6704,51.6376],[0.6648,51.6387],[0.6666,51.6371]],[[0.8884,51.7792],[0.8935,51.7745],[0.8927,51.779],[0.8884,51.7792]],[[0.6542,51.6333],[0.6555,51.63],[0.658,51.6308],[0.6542,51.6333]],[[0.8421,51.7723],[0.8493,51.7673],[0.8513,51.768],[0.8485,51.7699],[0.8519,51.7694],[0.8421,51.7723]],[[1.0337,51.8025],[1.032,51.8041],[1.0266,51.8028],[1.0337,51.8025]],[[0.7191,51.7286],[0.7236,51.7285],[0.7209,51.7305],[0.7191,51.7286]],[[0.6504,51.6354],[0.6492,51.633],[0.655,51.6345],[0.6504,51.6354]],[[0.9102,51.7976],[0.9134,51.8013],[0.9106,51.8015],[0.9102,51.7976]],[[0.8854,51.7384],[0.8779,51.7306],[0.8862,51.737],[0.8854,51.7384]],[[0.8988,51.7737],[0.8974,51.7713],[0.9027,51.7706],[0.8988,51.7737]],[[0.7246,51.7222],[0.7203,51.7239],[0.7203,51.7215],[0.7246,51.7222]],[[1.0407,51.8083],[1.041,51.806],[1.0436,51.8066],[1.0419,51.8086],[1.0437,51.8066],[1.0467,51.8086],[1.0407,51.8083]],[[0.9458,51.7334],[0.9501,51.7287],[0.9491,51.7329],[0.9458,51.7334]],[[0.9166,51.7989],[0.9131,51.7993],[0.9113,51.7947],[0.9155,51.7953],[0.9166,51.7989]],[[0.6558,51.6312],[0.6509,51.6331],[0.653,51.6305],[0.6509,51.6289],[0.6558,51.6312]],[[0.7227,51.7275],[0.7162,51.7254],[0.7205,51.7242],[0.7243,51.7262],[0.7227,51.7275]],[[0.9764,51.8175],[0.9792,51.8145],[0.9845,51.8133],[0.9764,51.8175]],[[0.7384,51.6345],[0.7212,51.6403],[0.7135,51.6374],[0.716,51.6411],[0.7215,51.6416],[0.7115,51.6374],[0.7242,51.6387],[0.7384,51.6345]],[[0.7284,51.7202],[0.7245,51.722],[0.7221,51.7186],[0.7284,51.7202]],[[0.7539,51.6374],[0.7627,51.6406],[0.751,51.6423],[0.7469,51.6392],[0.7486,51.6375],[0.7524,51.6415],[0.7619,51.6408],[0.7539,51.6374]],[[0.7292,51.6415],[0.7237,51.6407],[0.7289,51.6393],[0.7506,51.6418],[0.7292,51.6415]],[[0.7485,51.6368],[0.7387,51.6375],[0.7447,51.6351],[0.7485,51.6368]],[[0.9565,51.8236],[0.9633,51.8224],[0.9571,51.8281],[0.9543,51.8277],[0.9575,51.827],[0.9565,51.8236]],[[0.953,51.8288],[0.9629,51.8264],[0.9596,51.8308],[0.9564,51.8286],[0.9588,51.8312],[0.9529,51.8314],[0.953,51.8288]],[[0.8961,51.7826],[0.9032,51.7923],[0.9014,51.7893],[0.9126,51.7952],[0.9128,51.7985],[0.9035,51.7946],[0.8961,51.7826]],[[0.7119,51.7181],[0.7207,51.7185],[0.7178,51.7219],[0.7212,51.7237],[0.7156,51.7249],[0.7205,51.7306],[0.7081,51.7197],[0.7119,51.7181]],[[1.03,51.7898],[1.0346,51.7763],[1.0406,51.771],[1.0477,51.7703],[1.0361,51.7759],[1.04,51.7761],[1.0335,51.7802],[1.0356,51.7874],[1.0327,51.7843],[1.03,51.7898]],[[0.8275,51.5703],[0.8247,51.5686],[0.829,51.57],[0.8257,51.5673],[0.8267,51.5643],[0.8246,51.5673],[0.8309,51.5604],[0.8404,51.5609],[0.8325,51.5741],[0.8275,51.5703]],[[0.7829,51.7245],[0.7685,51.727],[0.7546,51.7249],[0.7722,51.7187],[0.7877,51.7223],[0.7841,51.7212],[0.7829,51.7245]],[[0.8295,51.596],[0.8183,51.5941],[0.8081,51.5857],[0.8095,51.5789],[0.8193,51.5731],[0.8183,51.5677],[0.8212,51.5653],[0.8237,51.565],[0.8235,51.5693],[0.8375,51.5851],[0.8345,51.5883],[0.8363,51.5949],[0.8295,51.596]]]},"properties":{"MCZ_NAME":"Blackwater, Crouch, Roach and Colne Estuaries","MCZ_CODE":"UKMCZ0003"}},{"type":"Feature","geometry":{"type":"Polygon","coordinates":[[[-4.9991,51.2381],[-4.981,51.2784],[-4.9468,51.3183],[-4.9032,51.3499],[-4.85,51.3751],[-4.7455,51.2965],[-4.7814,51.2837],[-4.8093,51.2667],[-4.8299,51.246],[-4.8422,51.2213],[-5.001,51.23],[-4.9991,51.2381]]]},"properties":{"MCZ_NAME":"North West of Lundy","MCZ_CODE":"UKMCZ0064"}},{"type":"Feature","geometry":{"type":"Polygon","coordinates":[[[-0.622,54.5625],[-0.6732,54.5129],[-0.6822,54.5196],[-0.6937,54.5204],[-0.7159,54.5344],[-0.7193,54.5305],[-0.7311,54.5279],[-0.7447,54.5286],[-0.7497,54.533],[-0.7472,54.5357],[-0.7511,54.542],[-0.7672,54.5464],[-0.7652,54.5487],[-0.7743,54.5533],[-0.7745,54.5574],[-0.7879,54.559],[-0.7868,54.6137],[-0.7429,54.6075],[-0.7185,54.5987],[-0.6956,54.5854],[-0.6591,54.578],[-0.622,54.5625]],[[-0.7185,54.5358],[-0.7184,54.5358],[-0.7184,54.5359],[-0.7185,54.5358]]]},"properties":{"MCZ_NAME":"Runswick Bay","MCZ_CODE":"UKMCZ0039"}},{"type":"Feature","geometry":{"type":"Polygon","coordinates":[[[0.7378,51.4195],[0.7411,51.4151],[0.7472,51.4159],[0.7435,51.4164],[0.7398,51.4108],[0.7309,51.4092],[0.7217,51.4144],[0.7326,51.4003],[0.7508,51.3947],[0.7514,51.3908],[0.7561,51.3883],[0.7644,51.3882],[0.7622,51.3869],[0.7703,51.3792],[0.7654,51.3772],[0.7648,51.3714],[0.7715,51.3686],[0.7781,51.3677],[0.7878,51.3734],[0.7978,51.3689],[0.8059,51.3698],[0.8064,51.3723],[0.8438,51.3637],[0.8513,51.3649],[0.8438,51.3683],[0.851,51.3667],[0.8461,51.3697],[0.8376,51.3691],[0.8405,51.3717],[0.8503,51.3706],[0.8567,51.3649],[0.8577,51.3704],[0.8605,51.3659],[0.8805,51.3622],[0.8779,51.3596],[0.8821,51.3607],[0.8846,51.3584],[0.8797,51.3587],[0.8843,51.3569],[0.9078,51.3554],[0.9249,51.3615],[0.9353,51.3689],[0.9328,51.3703],[0.9403,51.3703],[0.9409,51.3739],[0.9429,51.3701],[0.9408,51.3731],[0.9433,51.3716],[0.9469,51.375],[0.9434,51.3736],[0.9473,51.3725],[0.9434,51.3718],[0.9457,51.3713],[0.9423,51.3682],[0.9449,51.3672],[0.9509,51.3733],[0.9448,51.3804],[1.0005,51.3979],[1.0257,51.4001],[1.0504,51.3655],[1.0251,51.3645],[1.0126,51.3523],[1.0009,51.3482],[0.9575,51.345],[0.9367,51.3469],[0.8969,51.3415],[0.8958,51.3366],[0.8994,51.3363],[0.8965,51.3361],[0.9102,51.3354],[0.9171,51.3282],[0.9025,51.3203],[0.9021,51.3222],[0.888,51.3172],[0.9148,51.3269],[0.913,51.3284],[0.9153,51.3294],[0.9098,51.3349],[0.8946,51.3363],[0.8801,51.3287],[0.8926,51.335],[0.8937,51.3425],[0.8972,51.3442],[0.8661,51.3559],[0.8378,51.3538],[0.8172,51.3564],[0.8112,51.352],[0.8162,51.3462],[0.8107,51.3471],[0.814,51.3493],[0.8092,51.3515],[0.8136,51.3585],[0.7669,51.3623],[0.7595,51.3601],[0.7539,51.3501],[0.7443,51.3487],[0.7439,51.345],[0.7345,51.3457],[0.753,51.3512],[0.757,51.3609],[0.7645,51.3631],[0.7594,51.3702],[0.7627,51.3843],[0.7584,51.3832],[0.7414,51.3949],[0.7358,51.3941],[0.7267,51.3989],[0.7162,51.4131],[0.7204,51.417],[0.7294,51.4158],[0.7238,51.4175],[0.7262,51.4197],[0.7378,51.4195]],[[0.7495,51.3938],[0.7494,51.3938],[0.7495,51.3938],[0.7495,51.3938]],[[0.9238,51.3625],[0.9238,51.3625],[0.9238,51.3625],[0.9238,51.3625]],[[0.723,51.4044],[0.723,51.4045],[0.723,51.4044],[0.723,51.4044]],[[0.751,51.3938],[0.7511,51.3938],[0.751,51.3938],[0.751,51.3938]],[[0.7233,51.4045],[0.7233,51.4045],[0.7232,51.4045],[0.7233,51.4045]],[[0.7683,51.3626],[0.7683,51.3627],[0.7683,51.3627],[0.7683,51.3626]],[[0.7175,51.4123],[0.7175,51.4123],[0.7175,51.4123],[0.7175,51.4123]],[[0.7666,51.3646],[0.7667,51.3646],[0.7667,51.3646],[0.7666,51.3646]],[[0.7184,51.4099],[0.7185,51.4099],[0.7184,51.4099],[0.7184,51.4099]],[[0.7183,51.4102],[0.7183,51.4102],[0.7183,51.4102],[0.7183,51.4102]],[[0.7243,51.418],[0.7243,51.418],[0.7243,51.418],[0.7243,51.418]],[[0.7184,51.4101],[0.7184,51.4101],[0.7184,51.4101],[0.7184,51.4101]],[[0.7492,51.3944],[0.7492,51.3944],[0.7492,51.3944],[0.7492,51.3944]],[[0.7231,51.4044],[0.7231,51.4044],[0.7231,51.4044],[0.7231,51.4044]],[[0.7685,51.3626],[0.7685,51.3626],[0.7685,51.3626],[0.7685,51.3626]],[[0.8549,51.3669],[0.8549,51.367],[0.8549,51.367],[0.8549,51.3669]],[[0.7233,51.4044],[0.7232,51.4044],[0.7233,51.4044],[0.7233,51.4044]],[[0.7185,51.4099],[0.7184,51.4098],[0.7185,51.4098],[0.7185,51.4099]],[[0.8432,51.3689],[0.8432,51.3689],[0.8432,51.3689],[0.8432,51.3689]],[[0.924,51.3624],[0.924,51.3624],[0.9241,51.3624],[0.924,51.3624]],[[0.718,51.4109],[0.7179,51.4109],[0.718,51.4108],[0.718,51.4109]],[[0.7313,51.4177],[0.7313,51.4177],[0.7312,51.4177],[0.7313,51.4177]],[[0.8548,51.367],[0.8549,51.367],[0.8548,51.3671],[0.8548,51.367]],[[0.7534,51.3506],[0.7535,51.3505],[0.7535,51.3506],[0.7534,51.3506]],[[0.9022,51.3548],[0.9022,51.3548],[0.9021,51.3548],[0.9022,51.3548]],[[0.7309,51.4151],[0.7309,51.4151],[0.7309,51.4151],[0.7309,51.4151]],[[0.7615,51.3777],[0.7616,51.3777],[0.7615,51.3777],[0.7615,51.3777]],[[0.7321,51.4164],[0.7321,51.4165],[0.732,51.4165],[0.7321,51.4164]],[[0.7174,51.4148],[0.7175,51.4148],[0.7174,51.4149],[0.7174,51.4148]],[[0.7623,51.3774],[0.7623,51.3774],[0.7623,51.3774],[0.7623,51.3774]],[[0.7685,51.3789],[0.7686,51.3789],[0.7685,51.3789],[0.7685,51.3789]],[[0.7682,51.3788],[0.7683,51.3788],[0.7683,51.3788],[0.7682,51.3788]],[[0.7516,51.3877],[0.7516,51.3877],[0.7517,51.3877],[0.7516,51.3877]],[[0.763,51.3876],[0.763,51.3875],[0.763,51.3875],[0.763,51.3876]],[[0.7546,51.3891],[0.7546,51.3892],[0.7546,51.3892],[0.7546,51.3891]],[[0.7723,51.3684],[0.7723,51.3684],[0.7722,51.3684],[0.7723,51.3684]],[[0.7182,51.4105],[0.7183,51.4105],[0.7182,51.4105],[0.7182,51.4105]],[[0.7606,51.3769],[0.7605,51.3769],[0.7605,51.3769],[0.7606,51.3769]],[[0.7662,51.3653],[0.7662,51.3653],[0.7662,51.3652],[0.7662,51.3653]],[[0.7503,51.3945],[0.7503,51.3945],[0.7503,51.3944],[0.7503,51.3945]],[[0.7545,51.3893],[0.7546,51.3894],[0.7545,51.3894],[0.7545,51.3893]],[[0.8599,51.368],[0.86,51.3679],[0.86,51.368],[0.8599,51.368]],[[0.7629,51.3876],[0.7628,51.3875],[0.7629,51.3875],[0.7629,51.3876]],[[0.7662,51.3646],[0.7663,51.3647],[0.7663,51.3647],[0.7662,51.3646]],[[0.7175,51.4147],[0.7174,51.4148],[0.7174,51.4148],[0.7175,51.4147]],[[0.7183,51.4101],[0.7184,51.4101],[0.7183,51.4102],[0.7183,51.4101]],[[0.7685,51.3788],[0.7685,51.3788],[0.7685,51.3789],[0.7685,51.3788]],[[0.8254,51.3572],[0.8253,51.3572],[0.8254,51.3571],[0.8254,51.3572]],[[0.7233,51.4045],[0.7233,51.4045],[0.7234,51.4045],[0.7233,51.4045]],[[0.8624,51.3654],[0.8624,51.3654],[0.8625,51.3654],[0.8624,51.3654]],[[0.7677,51.3634],[0.7676,51.3634],[0.7676,51.3633],[0.7677,51.3634]],[[0.7684,51.3788],[0.7685,51.3788],[0.7684,51.3788],[0.7684,51.3788]],[[0.7679,51.3822],[0.7679,51.3822],[0.7678,51.3821],[0.7679,51.3822]],[[0.7675,51.3813],[0.7676,51.3813],[0.7675,51.3813],[0.7675,51.3813]],[[0.7683,51.3788],[0.7682,51.3788],[0.7682,51.3788],[0.7683,51.3788]],[[0.7515,51.3877],[0.7515,51.3877],[0.7515,51.3877],[0.7515,51.3877]],[[0.7668,51.3629],[0.7667,51.3629],[0.7668,51.3629],[0.7668,51.3629]],[[0.7609,51.3609],[0.761,51.3609],[0.7609,51.3609],[0.7609,51.3609]],[[0.8658,51.3649],[0.8658,51.3648],[0.8659,51.3648],[0.8658,51.3649]],[[0.7437,51.3937],[0.7438,51.3937],[0.7438,51.3937],[0.7437,51.3937]],[[0.8095,51.3527],[0.8096,51.3527],[0.8095,51.3527],[0.8095,51.3527]],[[0.718,51.4108],[0.718,51.4108],[0.7179,51.4108],[0.718,51.4108]],[[0.8514,51.3662],[0.8514,51.3662],[0.8514,51.3661],[0.8514,51.3662]],[[0.8172,51.369],[0.8171,51.369],[0.8171,51.369],[0.8172,51.369]],[[0.7187,51.4096],[0.7187,51.4096],[0.7188,51.4096],[0.7187,51.4096]],[[0.7285,51.4188],[0.7284,51.4188],[0.7284,51.4188],[0.7285,51.4188]],[[0.8394,51.3698],[0.8394,51.3698],[0.8395,51.3698],[0.8394,51.3698]],[[0.7558,51.3534],[0.7558,51.3534],[0.7559,51.3535],[0.7558,51.3534]],[[0.7675,51.3635],[0.7675,51.3634],[0.7676,51.3634],[0.7675,51.3635]],[[0.7679,51.3824],[0.7679,51.3824],[0.768,51.3824],[0.7679,51.3824]],[[0.7611,51.3706],[0.7611,51.3706],[0.761,51.3706],[0.7611,51.3706]],[[0.7562,51.3531],[0.7564,51.3533],[0.7563,51.3533],[0.7562,51.3531]],[[0.9076,51.3341],[0.9076,51.3341],[0.9076,51.3341],[0.9076,51.3341]],[[0.723,51.4046],[0.723,51.4047],[0.7229,51.4046],[0.723,51.4046]],[[0.8596,51.3684],[0.8596,51.3683],[0.8596,51.3683],[0.8596,51.3684]],[[0.7296,51.4157],[0.7296,51.4156],[0.7296,51.4157],[0.7296,51.4157]],[[0.7274,51.3987],[0.7273,51.3986],[0.7274,51.3986],[0.7274,51.3987]],[[1.0243,51.3642],[1.0243,51.3642],[1.0242,51.3642],[1.0243,51.3642]],[[0.7549,51.389],[0.7548,51.389],[0.7549,51.389],[0.7549,51.389]],[[0.76,51.3606],[0.7599,51.3606],[0.7599,51.3605],[0.76,51.3606]],[[0.7792,51.3685],[0.7791,51.3684],[0.7791,51.3684],[0.7792,51.3685]],[[0.7631,51.361],[0.7632,51.361],[0.7632,51.361],[0.7631,51.361]],[[0.8437,51.3688],[0.8436,51.3688],[0.8438,51.3688],[0.8437,51.3688]],[[0.9211,51.3606],[0.9211,51.3606],[0.921,51.3606],[0.9211,51.3606]],[[0.7427,51.3943],[0.7426,51.3942],[0.7427,51.3942],[0.7427,51.3943]],[[0.9302,51.3661],[0.9301,51.3661],[0.9302,51.3661],[0.9302,51.3661]],[[0.7614,51.3775],[0.7614,51.3776],[0.7613,51.3776],[0.7614,51.3775]],[[0.7663,51.3656],[0.7662,51.3656],[0.7663,51.3656],[0.7663,51.3656]],[[0.766,51.365],[0.7661,51.3649],[0.7661,51.3649],[0.766,51.365]],[[0.72,51.4088],[0.7199,51.4088],[0.72,51.4088],[0.72,51.4088]],[[0.7348,51.3955],[0.7349,51.3956],[0.7348,51.3956],[0.7348,51.3955]],[[0.7168,51.4129],[0.7169,51.4129],[0.7169,51.4129],[0.7168,51.4129]],[[0.7684,51.3788],[0.7683,51.3788],[0.7683,51.3787],[0.7684,51.3788]],[[0.7629,51.3874],[0.7629,51.3874],[0.763,51.3874],[0.7629,51.3874]],[[0.7664,51.3645],[0.7662,51.3645],[0.7663,51.3645],[0.7664,51.3645]],[[0.8433,51.3689],[0.8435,51.3688],[0.8434,51.3689],[0.8433,51.3689]],[[0.7724,51.3684],[0.7724,51.3684],[0.7725,51.3684],[0.7724,51.3684]],[[0.7803,51.3693],[0.7802,51.3694],[0.7801,51.3693],[0.7803,51.3693]],[[0.8405,51.3695],[0.8406,51.3694],[0.8406,51.3694],[0.8405,51.3695]],[[0.8575,51.3698],[0.8574,51.3698],[0.8575,51.3697],[0.8575,51.3698]],[[0.7313,51.4179],[0.7314,51.4179],[0.7313,51.418],[0.7313,51.4179]],[[0.7235,51.4047],[0.7236,51.4047],[0.7235,51.4048],[0.7235,51.4047]],[[0.8663,51.3648],[0.8663,51.3647],[0.8663,51.3648],[0.8663,51.3648]],[[0.7175,51.4125],[0.7175,51.4125],[0.7175,51.4125],[0.7175,51.4125]],[[0.7608,51.3711],[0.7607,51.3711],[0.7608,51.371],[0.7608,51.3711]],[[0.7619,51.3609],[0.7621,51.3609],[0.762,51.361],[0.7619,51.3609]],[[0.7685,51.3795],[0.7684,51.3795],[0.7686,51.3795],[0.7685,51.3795]],[[0.9432,51.37],[0.9432,51.37],[0.9431,51.37],[0.9432,51.37]],[[0.761,51.3622],[0.7612,51.3622],[0.7612,51.3623],[0.761,51.3622]],[[0.9209,51.3604],[0.9209,51.3605],[0.9208,51.3604],[0.9209,51.3604]],[[0.8175,51.369],[0.8174,51.369],[0.8175,51.3689],[0.8175,51.369]],[[0.7803,51.3693],[0.7802,51.3692],[0.7804,51.3693],[0.7803,51.3693]],[[0.7734,51.3683],[0.7733,51.3683],[0.7732,51.3683],[0.7734,51.3683]],[[0.7802,51.3689],[0.7803,51.3689],[0.7801,51.369],[0.7802,51.3689]],[[0.7667,51.3624],[0.7665,51.3624],[0.7666,51.3623],[0.7667,51.3624]],[[0.943,51.3696],[0.9429,51.3696],[0.943,51.3696],[0.943,51.3696]],[[0.926,51.3634],[0.9258,51.3634],[0.9258,51.3634],[0.926,51.3634]],[[0.7226,51.4061],[0.7229,51.4061],[0.7227,51.4062],[0.7226,51.4061]],[[0.7688,51.3791],[0.7686,51.379],[0.7688,51.379],[0.7688,51.3791]],[[0.7666,51.3782],[0.7665,51.3782],[0.7664,51.3782],[0.7666,51.3782]],[[0.866,51.3649],[0.866,51.3648],[0.8661,51.3648],[0.866,51.3649]],[[0.7561,51.3561],[0.7562,51.3561],[0.7562,51.3561],[0.7561,51.3561]],[[0.7675,51.3634],[0.7675,51.3635],[0.7673,51.3635],[0.7675,51.3634]],[[0.7556,51.3887],[0.7557,51.3886],[0.7556,51.3887],[0.7556,51.3887]],[[0.7637,51.3652],[0.7636,51.3652],[0.7637,51.3651],[0.7637,51.3652]],[[0.8405,51.3694],[0.8404,51.3694],[0.8404,51.3694],[0.8405,51.3694]],[[0.735,51.3955],[0.7351,51.3954],[0.7351,51.3955],[0.735,51.3955]],[[0.7677,51.3642],[0.7675,51.3641],[0.7678,51.3641],[0.7677,51.3642]],[[0.7353,51.3953],[0.7353,51.3952],[0.7354,51.3952],[0.7353,51.3953]],[[0.7756,51.3681],[0.7756,51.368],[0.7757,51.368],[0.7756,51.3681]],[[0.7981,51.3689],[0.7983,51.3689],[0.7982,51.369],[0.7981,51.3689]],[[0.9428,51.3694],[0.9427,51.3692],[0.9428,51.3692],[0.9428,51.3694]],[[0.9211,51.3606],[0.9213,51.3606],[0.9212,51.3607],[0.9211,51.3606]],[[0.7675,51.3826],[0.7676,51.3827],[0.7676,51.3828],[0.7675,51.3826]],[[0.7677,51.3643],[0.7674,51.3643],[0.7676,51.3642],[0.7677,51.3643]],[[0.7639,51.3646],[0.7641,51.3647],[0.764,51.3647],[0.7639,51.3646]],[[0.7181,51.4106],[0.7181,51.4105],[0.7182,51.4106],[0.7181,51.4106]],[[0.7598,51.3604],[0.7597,51.3603],[0.7599,51.3605],[0.7598,51.3604]],[[0.7688,51.3801],[0.7687,51.38],[0.7688,51.38],[0.7688,51.3801]],[[0.7609,51.3711],[0.761,51.3711],[0.761,51.3712],[0.7609,51.3711]],[[0.798,51.3702],[0.7979,51.3701],[0.7981,51.3701],[0.798,51.3702]],[[0.7725,51.3684],[0.7725,51.3683],[0.7727,51.3684],[0.7725,51.3684]],[[0.7626,51.3682],[0.7625,51.3683],[0.7624,51.3682],[0.7626,51.3682]],[[0.752,51.3504],[0.7518,51.3505],[0.7517,51.3505],[0.752,51.3504]],[[0.7628,51.3874],[0.7626,51.3874],[0.7629,51.3873],[0.7628,51.3874]],[[0.7645,51.3639],[0.7643,51.364],[0.7644,51.364],[0.7645,51.3639]],[[0.7548,51.3891],[0.755,51.389],[0.7551,51.389],[0.7548,51.3891]],[[0.8589,51.3681],[0.8591,51.368],[0.8591,51.3682],[0.8589,51.3681]],[[0.7662,51.3653],[0.7662,51.3654],[0.7661,51.3654],[0.7662,51.3653]],[[0.7663,51.3651],[0.7661,51.365],[0.7663,51.365],[0.7663,51.3651]],[[0.7601,51.3607],[0.76,51.3606],[0.7603,51.3607],[0.7601,51.3607]],[[0.9431,51.37],[0.9432,51.37],[0.9433,51.3701],[0.9431,51.37]],[[0.9432,51.3702],[0.9433,51.3702],[0.9434,51.3703],[0.9432,51.3702]],[[0.7644,51.3612],[0.7644,51.3611],[0.7645,51.3611],[0.7644,51.3612]],[[0.7669,51.3625],[0.7668,51.3625],[0.7669,51.3623],[0.7669,51.3625]],[[0.9393,51.3702],[0.9393,51.37],[0.9394,51.3701],[0.9393,51.3702]],[[0.7387,51.3467],[0.7384,51.3466],[0.7385,51.3466],[0.7387,51.3467]],[[0.8224,51.3585],[0.8223,51.3585],[0.8223,51.3584],[0.8224,51.3585]],[[0.7735,51.3683],[0.7736,51.3682],[0.7739,51.3683],[0.7735,51.3683]],[[0.7747,51.3681],[0.7747,51.3682],[0.7745,51.3682],[0.7747,51.3681]],[[0.7631,51.361],[0.7627,51.361],[0.7629,51.3609],[0.7631,51.361]],[[0.7678,51.3787],[0.7676,51.3787],[0.7675,51.3786],[0.7678,51.3787]],[[0.8542,51.3674],[0.8543,51.3676],[0.8542,51.3675],[0.8542,51.3674]],[[0.7609,51.3751],[0.7607,51.3752],[0.7607,51.3751],[0.7609,51.3751]],[[0.8579,51.3696],[0.8578,51.3696],[0.8579,51.3695],[0.8579,51.3696]],[[0.7612,51.3774],[0.761,51.3773],[0.7612,51.3773],[0.7612,51.3774]],[[0.7974,51.3689],[0.7972,51.3688],[0.7974,51.3688],[0.7974,51.3689]],[[0.7793,51.3684],[0.7794,51.3686],[0.7792,51.3685],[0.7793,51.3684]],[[0.8597,51.3679],[0.8599,51.368],[0.8597,51.368],[0.8597,51.3679]],[[0.7668,51.3653],[0.7669,51.3652],[0.767,51.3653],[0.7668,51.3653]],[[0.8036,51.3701],[0.8034,51.37],[0.8036,51.3698],[0.8036,51.3701]],[[0.9382,51.37],[0.9379,51.3699],[0.9381,51.3699],[0.9382,51.37]],[[0.7668,51.3639],[0.7672,51.3641],[0.7668,51.364],[0.7668,51.3639]],[[0.7627,51.3624],[0.7629,51.3625],[0.7626,51.3625],[0.7627,51.3624]],[[0.7685,51.3708],[0.7684,51.3706],[0.7685,51.3706],[0.7685,51.3708]],[[0.7507,51.3938],[0.7506,51.3937],[0.7509,51.3937],[0.7507,51.3938]],[[0.8011,51.37],[0.8012,51.37],[0.801,51.3701],[0.8011,51.37]],[[0.7763,51.3681],[0.7761,51.3682],[0.7762,51.368],[0.7763,51.3681]],[[0.7601,51.376],[0.7601,51.3758],[0.7603,51.3757],[0.7601,51.376]],[[0.7749,51.3682],[0.775,51.3681],[0.7752,51.3682],[0.7749,51.3682]],[[0.7225,51.4056],[0.7226,51.4055],[0.7227,51.4056],[0.7225,51.4056]],[[0.8591,51.368],[0.859,51.368],[0.8592,51.3679],[0.8591,51.368]],[[0.7677,51.3635],[0.7678,51.3634],[0.768,51.3634],[0.7677,51.3635]],[[0.7629,51.3876],[0.763,51.3879],[0.7628,51.3878],[0.7629,51.3876]],[[0.786,51.3712],[0.7859,51.371],[0.7861,51.3711],[0.786,51.3712]],[[0.7626,51.361],[0.763,51.3611],[0.7628,51.3611],[0.7626,51.361]],[[0.8655,51.3649],[0.8654,51.3648],[0.8657,51.3649],[0.8655,51.3649]],[[0.7617,51.3776],[0.7617,51.3774],[0.7618,51.3775],[0.7617,51.3776]],[[0.9441,51.3703],[0.9438,51.3704],[0.9437,51.3703],[0.9441,51.3703]],[[0.7675,51.3642],[0.7672,51.3642],[0.7673,51.3641],[0.7675,51.3642]],[[0.7665,51.3641],[0.7669,51.3642],[0.7664,51.3642],[0.7665,51.3641]],[[0.7607,51.3609],[0.7605,51.3608],[0.7608,51.3608],[0.7607,51.3609]],[[0.7175,51.4141],[0.7172,51.4141],[0.7173,51.414],[0.7175,51.4141]],[[0.7638,51.3612],[0.7639,51.361],[0.7639,51.3612],[0.7638,51.3612]],[[0.732,51.4163],[0.7322,51.4162],[0.7322,51.4164],[0.732,51.4163]],[[0.7173,51.4144],[0.7173,51.4142],[0.7174,51.4143],[0.7173,51.4144]],[[0.8969,51.3439],[0.8971,51.3441],[0.8969,51.344],[0.8969,51.3439]],[[0.7674,51.3635],[0.7678,51.3635],[0.7675,51.3636],[0.7674,51.3635]],[[0.7233,51.4044],[0.723,51.4046],[0.723,51.4045],[0.7233,51.4044]],[[0.8058,51.3706],[0.8058,51.3704],[0.806,51.3703],[0.8058,51.3706]],[[0.9243,51.3622],[0.9239,51.3622],[0.9245,51.3622],[0.9243,51.3622]],[[0.7849,51.3707],[0.7846,51.3706],[0.7848,51.3706],[0.7849,51.3707]],[[0.7981,51.3693],[0.7984,51.3691],[0.7984,51.3693],[0.7981,51.3693]],[[0.767,51.3625],[0.7674,51.3626],[0.7675,51.3627],[0.767,51.3625]],[[0.7613,51.361],[0.7618,51.361],[0.7611,51.361],[0.7613,51.361]],[[0.7686,51.3705],[0.7683,51.3706],[0.7686,51.3704],[0.7686,51.3705]],[[0.768,51.3626],[0.7679,51.3625],[0.7683,51.3626],[0.768,51.3626]],[[0.8654,51.3648],[0.8649,51.3648],[0.8652,51.3647],[0.8654,51.3648]],[[0.7571,51.3566],[0.7568,51.3564],[0.7571,51.3565],[0.7571,51.3566]],[[0.7498,51.3906],[0.7497,51.3905],[0.7499,51.3904],[0.7498,51.3906]],[[0.7502,51.3907],[0.7504,51.3906],[0.7503,51.3908],[0.7502,51.3907]],[[0.8578,51.3698],[0.858,51.37],[0.8576,51.37],[0.8578,51.3698]],[[0.7174,51.4132],[0.7177,51.413],[0.7176,51.4132],[0.7174,51.4132]],[[0.7215,51.4077],[0.7215,51.4075],[0.7217,51.4075],[0.7215,51.4077]],[[0.7613,51.3625],[0.7611,51.3624],[0.7616,51.3623],[0.7613,51.3625]],[[0.9379,51.3701],[0.938,51.3701],[0.9378,51.3702],[0.9379,51.3701]],[[0.8417,51.3701],[0.8415,51.3701],[0.8413,51.37],[0.8417,51.3701]],[[0.7665,51.3642],[0.7668,51.3643],[0.7668,51.3645],[0.7665,51.3642]],[[0.7667,51.3641],[0.7672,51.3642],[0.7665,51.3641],[0.7667,51.3641]],[[0.8053,51.3715],[0.8056,51.3714],[0.8053,51.3718],[0.8053,51.3715]],[[0.7182,51.4113],[0.7181,51.4111],[0.7184,51.4112],[0.7182,51.4113]],[[0.9431,51.3702],[0.9434,51.3705],[0.9431,51.3703],[0.9431,51.3702]],[[0.7233,51.4047],[0.7237,51.4044],[0.7236,51.4046],[0.7233,51.4047]],[[0.8052,51.3714],[0.805,51.3717],[0.8048,51.3717],[0.8052,51.3714]],[[0.7666,51.3625],[0.7666,51.3626],[0.7663,51.3625],[0.7666,51.3625]],[[0.7308,51.4157],[0.7306,51.4155],[0.7308,51.4156],[0.7308,51.4157]],[[0.7677,51.3823],[0.7678,51.382],[0.7679,51.3822],[0.7677,51.3823]],[[0.76,51.3626],[0.7601,51.3623],[0.7604,51.3622],[0.76,51.3626]],[[0.7637,51.3611],[0.7633,51.3609],[0.7638,51.3609],[0.7637,51.3611]],[[0.7689,51.3703],[0.7687,51.3705],[0.7687,51.3704],[0.7689,51.3703]],[[0.7791,51.3682],[0.7792,51.3684],[0.7787,51.3682],[0.7791,51.3682]],[[0.7606,51.3756],[0.7602,51.376],[0.76,51.376],[0.7606,51.3756]],[[0.7185,51.4111],[0.718,51.411],[0.7181,51.4109],[0.7185,51.4111]],[[0.9164,51.344],[0.9168,51.3441],[0.9165,51.3442],[0.9164,51.344]],[[0.7687,51.3808],[0.769,51.3807],[0.7688,51.381],[0.7687,51.3808]],[[0.717,51.4143],[0.7169,51.4141],[0.7172,51.4139],[0.717,51.4143]],[[0.7728,51.3684],[0.7727,51.3682],[0.7733,51.3682],[0.7728,51.3684]],[[0.7928,51.3702],[0.7937,51.3704],[0.7928,51.3703],[0.7928,51.3702]],[[0.7664,51.3654],[0.7662,51.3651],[0.7667,51.3652],[0.7664,51.3654]],[[0.9265,51.3635],[0.9259,51.3633],[0.9264,51.3633],[0.9265,51.3635]],[[0.7798,51.369],[0.7803,51.3691],[0.78,51.3693],[0.7798,51.369]],[[0.7496,51.3917],[0.7497,51.3919],[0.7494,51.392],[0.7496,51.3917]],[[0.8043,51.3694],[0.8046,51.3696],[0.804,51.3695],[0.8043,51.3694]],[[0.7486,51.3914],[0.7487,51.3911],[0.7489,51.3911],[0.7486,51.3914]],[[0.7174,51.4139],[0.7172,51.4136],[0.7175,51.4136],[0.7174,51.4139]],[[0.7795,51.3687],[0.7799,51.3689],[0.7796,51.3689],[0.7795,51.3687]],[[0.7971,51.3688],[0.797,51.369],[0.7965,51.3688],[0.7971,51.3688]],[[0.7973,51.3691],[0.7971,51.369],[0.7976,51.369],[0.7973,51.3691]],[[0.8035,51.3694],[0.8031,51.3696],[0.8031,51.3695],[0.8035,51.3694]],[[0.7686,51.3626],[0.7686,51.3625],[0.7694,51.3627],[0.7686,51.3626]],[[0.8054,51.3707],[0.806,51.3709],[0.8054,51.371],[0.8054,51.3707]],[[0.7285,51.4192],[0.7289,51.4194],[0.7285,51.4196],[0.7285,51.4192]],[[0.7804,51.3693],[0.7804,51.3691],[0.7807,51.3692],[0.7804,51.3693]],[[0.8049,51.3697],[0.8048,51.3694],[0.8054,51.3694],[0.8049,51.3697]],[[0.7679,51.382],[0.7677,51.3818],[0.7682,51.3818],[0.7679,51.382]],[[0.7534,51.3506],[0.752,51.3504],[0.7528,51.3503],[0.7534,51.3506]],[[0.7635,51.3653],[0.7637,51.3653],[0.7636,51.3659],[0.7635,51.3653]],[[0.7173,51.4135],[0.7171,51.4132],[0.7176,51.4133],[0.7173,51.4135]],[[0.8006,51.3695],[0.801,51.3697],[0.8004,51.37],[0.8006,51.3695]],[[0.7491,51.3942],[0.7492,51.3939],[0.7496,51.3941],[0.7491,51.3942]],[[0.7953,51.3703],[0.7959,51.3702],[0.7957,51.3705],[0.7953,51.3703]],[[0.7284,51.4196],[0.728,51.4195],[0.7284,51.4192],[0.7284,51.4196]],[[0.7973,51.3698],[0.797,51.3695],[0.7978,51.3694],[0.7973,51.3698]],[[0.7284,51.4186],[0.7288,51.4189],[0.7284,51.4189],[0.7284,51.4186]],[[0.792,51.3702],[0.7927,51.3703],[0.7921,51.3705],[0.792,51.3702]],[[0.7739,51.3679],[0.7742,51.3682],[0.7732,51.368],[0.7739,51.3679]],[[0.7974,51.3692],[0.7967,51.3692],[0.7965,51.3689],[0.7974,51.3692]],[[0.7681,51.3817],[0.7675,51.3814],[0.7684,51.3815],[0.7681,51.3817]],[[0.761,51.3711],[0.7602,51.371],[0.761,51.3707],[0.761,51.3711]],[[0.871,51.361],[0.8713,51.3615],[0.8708,51.3616],[0.871,51.361]],[[0.7966,51.3698],[0.797,51.3696],[0.7973,51.3701],[0.7966,51.3698]],[[0.8237,51.3584],[0.8233,51.3583],[0.8245,51.3582],[0.8237,51.3584]],[[0.8585,51.3681],[0.8595,51.3685],[0.8592,51.3688],[0.8585,51.3681]],[[0.7803,51.3695],[0.7831,51.3696],[0.7808,51.3697],[0.7803,51.3695]],[[0.7197,51.4093],[0.7205,51.4088],[0.7201,51.4094],[0.7197,51.4093]],[[0.8819,51.3598],[0.8813,51.3602],[0.8811,51.3598],[0.8819,51.3598]],[[0.7286,51.4192],[0.7289,51.4189],[0.7293,51.4193],[0.7286,51.4192]],[[0.8262,51.3572],[0.826,51.3577],[0.8255,51.3572],[0.8262,51.3572]],[[0.7752,51.3682],[0.7739,51.368],[0.7755,51.368],[0.7752,51.3682]],[[0.7821,51.3697],[0.7826,51.3698],[0.781,51.3703],[0.7821,51.3697]],[[0.7365,51.3959],[0.7369,51.3953],[0.7378,51.3957],[0.7365,51.3959]],[[0.8251,51.3582],[0.8246,51.358],[0.8263,51.3577],[0.8251,51.3582]],[[0.8586,51.3684],[0.8584,51.3696],[0.858,51.369],[0.8586,51.3684]],[[0.7696,51.3789],[0.7668,51.3782],[0.7687,51.3782],[0.7696,51.3789]],[[0.8259,51.3577],[0.8243,51.3576],[0.8255,51.3572],[0.8259,51.3577]],[[0.7823,51.369],[0.7828,51.3695],[0.781,51.3693],[0.7823,51.369]],[[0.769,51.3806],[0.7685,51.379],[0.7699,51.3792],[0.769,51.3806]],[[0.7293,51.4189],[0.7287,51.4179],[0.7304,51.4177],[0.7293,51.4189]],[[0.8226,51.3586],[0.8241,51.3576],[0.8245,51.358],[0.8226,51.3586]],[[0.7967,51.37],[0.7986,51.3704],[0.7962,51.3706],[0.7967,51.37]],[[0.8628,51.3652],[0.8634,51.3641],[0.8648,51.3644],[0.8628,51.3652]],[[0.8761,51.3596],[0.8752,51.3606],[0.8746,51.3602],[0.8761,51.3596]],[[0.8546,51.3665],[0.8539,51.368],[0.8529,51.3681],[0.8546,51.3665]],[[0.8615,51.3656],[0.8606,51.364],[0.8629,51.3645],[0.8615,51.3656]],[[0.7294,51.4195],[0.7296,51.4157],[0.7322,51.415],[0.7294,51.4195]],[[0.8263,51.3579],[0.8279,51.3565],[0.8335,51.3564],[0.8263,51.3579]],[[0.8754,51.3621],[0.8777,51.3595],[0.8796,51.3612],[0.8754,51.3621]],[[0.8575,51.3648],[0.8614,51.3657],[0.8585,51.367],[0.8575,51.3648]],[[0.8566,51.3634],[0.8516,51.3668],[0.852,51.3653],[0.8566,51.3634]],[[0.7299,51.4158],[0.728,51.4197],[0.7237,51.4187],[0.7299,51.4158]]]},"properties":{"MCZ_NAME":"The Swale Estuary","MCZ_CODE":"UKMCZ0041"}},{"type":"Feature","geometry":{"type":"Polygon","coordinates":[[[-3.8398,50.3115],[-3.8343,50.3109],[-3.8388,50.3084],[-3.8258,50.3104],[-3.8385,50.3072],[-3.8421,50.309],[-3.858,50.2988],[-3.8584,50.2915],[-3.8524,50.291],[-3.8642,50.2872],[-3.8672,50.2797],[-3.8798,50.2819],[-3.8817,50.2735],[-3.8951,50.2818],[-3.8798,50.2846],[-3.876,50.2811],[-3.8706,50.2813],[-3.8673,50.2879],[-3.8605,50.2914],[-3.863,50.2982],[-3.8511,50.3049],[-3.8548,50.3091],[-3.8493,50.3065],[-3.8398,50.3115]],[[-3.8797,50.2806],[-3.8797,50.2806],[-3.8797,50.2807],[-3.8797,50.2806]],[[-3.8822,50.2767],[-3.8821,50.2767],[-3.8821,50.2767],[-3.8822,50.2767]],[[-3.8826,50.2767],[-3.8826,50.2767],[-3.8826,50.2767],[-3.8826,50.2767]],[[-3.8821,50.274],[-3.882,50.274],[-3.8821,50.274],[-3.8821,50.274]],[[-3.8796,50.2802],[-3.8795,50.2802],[-3.8796,50.2802],[-3.8796,50.2802]],[[-3.8795,50.2801],[-3.8795,50.2801],[-3.8795,50.2801],[-3.8795,50.2801]],[[-3.8798,50.2806],[-3.8798,50.2807],[-3.8798,50.2807],[-3.8798,50.2806]],[[-3.8827,50.2767],[-3.8828,50.2767],[-3.8828,50.2767],[-3.8827,50.2767]],[[-3.8811,50.2771],[-3.8811,50.2771],[-3.881,50.2771],[-3.8811,50.2771]],[[-3.8815,50.2752],[-3.8815,50.2752],[-3.8815,50.2752],[-3.8815,50.2752]],[[-3.8819,50.2764],[-3.8818,50.2764],[-3.8819,50.2764],[-3.8819,50.2764]],[[-3.8813,50.2753],[-3.8812,50.2754],[-3.8812,50.2754],[-3.8813,50.2753]],[[-3.8815,50.2753],[-3.8814,50.2753],[-3.8815,50.2753],[-3.8815,50.2753]],[[-3.8821,50.2765],[-3.8821,50.2765],[-3.8821,50.2765],[-3.8821,50.2765]],[[-3.8809,50.2771],[-3.8809,50.277],[-3.8809,50.2771],[-3.8809,50.2771]],[[-3.8808,50.277],[-3.8807,50.277],[-3.8808,50.277],[-3.8808,50.277]],[[-3.8813,50.2754],[-3.8814,50.2754],[-3.8813,50.2754],[-3.8813,50.2754]],[[-3.8819,50.2765],[-3.882,50.2765],[-3.8819,50.2765],[-3.8819,50.2765]],[[-3.8814,50.2752],[-3.8813,50.2752],[-3.8813,50.2753],[-3.8814,50.2752]],[[-3.8819,50.2766],[-3.8819,50.2766],[-3.8818,50.2766],[-3.8819,50.2766]],[[-3.8819,50.2763],[-3.8819,50.2763],[-3.8819,50.2763],[-3.8819,50.2763]],[[-3.8821,50.2767],[-3.882,50.2767],[-3.882,50.2767],[-3.8821,50.2767]],[[-3.8823,50.2766],[-3.8823,50.2766],[-3.8824,50.2766],[-3.8823,50.2766]],[[-3.8813,50.2755],[-3.8812,50.2755],[-3.8813,50.2755],[-3.8813,50.2755]],[[-3.8821,50.2766],[-3.8822,50.2766],[-3.8821,50.2766],[-3.8821,50.2766]],[[-3.8811,50.2771],[-3.8812,50.277],[-3.8811,50.277],[-3.8811,50.2771]],[[-3.8813,50.2771],[-3.8813,50.2771],[-3.8813,50.277],[-3.8813,50.2771]],[[-3.8815,50.2754],[-3.8813,50.2755],[-3.8815,50.2754],[-3.8815,50.2754]],[[-3.8825,50.2767],[-3.8824,50.2767],[-3.8823,50.2767],[-3.8825,50.2767]],[[-3.8822,50.2765],[-3.8823,50.2765],[-3.8822,50.2764],[-3.8822,50.2765]],[[-3.8869,50.2827],[-3.8868,50.2826],[-3.8868,50.2827],[-3.8869,50.2827]],[[-3.8876,50.2818],[-3.8875,50.2818],[-3.8875,50.2818],[-3.8876,50.2818]],[[-3.8818,50.2741],[-3.8819,50.274],[-3.8818,50.274],[-3.8818,50.2741]],[[-3.8825,50.2766],[-3.8825,50.2766],[-3.8827,50.2766],[-3.8825,50.2766]],[[-3.831,50.3104],[-3.8311,50.3104],[-3.8311,50.3103],[-3.831,50.3104]],[[-3.8824,50.2765],[-3.8826,50.2764],[-3.8825,50.2764],[-3.8824,50.2765]],[[-3.8817,50.2741],[-3.8818,50.2741],[-3.8818,50.2741],[-3.8817,50.2741]],[[-3.8791,50.2797],[-3.8791,50.2797],[-3.8793,50.2799],[-3.8791,50.2797]],[[-3.88,50.2819],[-3.8801,50.2818],[-3.8799,50.2819],[-3.88,50.2819]],[[-3.8413,50.3091],[-3.8414,50.3091],[-3.841,50.3091],[-3.8413,50.3091]],[[-3.8354,50.3087],[-3.8355,50.3088],[-3.8357,50.3087],[-3.8354,50.3087]],[[-3.8546,50.3091],[-3.8547,50.309],[-3.8545,50.3087],[-3.8546,50.3091]],[[-3.8356,50.3087],[-3.836,50.3086],[-3.8356,50.3087],[-3.8356,50.3087]],[[-3.8419,50.3091],[-3.8412,50.3092],[-3.8417,50.3092],[-3.8419,50.3091]]]},"properties":{"MCZ_NAME":"Devon Avon Estuary","MCZ_CODE":"UKMCZ0058"}},{"type":"Feature","geometry":{"type":"Polygon","coordinates":[[[-3.6724,50.4513],[-3.6756,50.4498],[-3.675,50.4463],[-3.6846,50.4447],[-3.6843,50.4388],[-3.68,50.436],[-3.6818,50.4276],[-3.6589,50.4121],[-3.6436,50.412],[-3.6423,50.4089],[-3.6478,50.4066],[-3.6447,50.4056],[-3.6343,50.4088],[-3.63,50.4034],[-3.6323,50.4],[-3.6237,50.3979],[-3.6225,50.4007],[-3.6099,50.3923],[-3.6024,50.3953],[-3.5747,50.3918],[-3.5916,50.3824],[-3.5863,50.3798],[-3.5909,50.3795],[-3.5975,50.3846],[-3.594,50.3897],[-3.5987,50.3914],[-3.6059,50.3854],[-3.6143,50.3837],[-3.6075,50.3886],[-3.6261,50.392],[-3.6354,50.3981],[-3.6631,50.3924],[-3.6722,50.3968],[-3.6668,50.3946],[-3.644,50.3969],[-3.6339,50.4051],[-3.647,50.4044],[-3.6496,50.4067],[-3.6451,50.4105],[-3.6585,50.4106],[-3.6626,50.4148],[-3.6609,50.4115],[-3.6661,50.413],[-3.6701,50.4181],[-3.6631,50.4149],[-3.6826,50.4277],[-3.6807,50.4364],[-3.6908,50.4391],[-3.6818,50.4368],[-3.6846,50.4448],[-3.6751,50.4463],[-3.6756,50.4498],[-3.6724,50.4513]],[[-3.6721,50.3969],[-3.6721,50.3969],[-3.6721,50.3969],[-3.6721,50.3969]],[[-3.6475,50.4068],[-3.6474,50.4068],[-3.6475,50.4068],[-3.6475,50.4068]],[[-3.6513,50.4112],[-3.6512,50.4112],[-3.6513,50.4112],[-3.6513,50.4112]],[[-3.6514,50.4109],[-3.6514,50.4109],[-3.6514,50.411],[-3.6514,50.4109]],[[-3.6516,50.411],[-3.6517,50.411],[-3.6516,50.4109],[-3.6516,50.411]],[[-3.6504,50.411],[-3.6502,50.411],[-3.6503,50.411],[-3.6504,50.411]],[[-3.6504,50.4109],[-3.6506,50.411],[-3.6507,50.4109],[-3.6504,50.4109]],[[-3.6514,50.4111],[-3.6518,50.4111],[-3.6514,50.4111],[-3.6514,50.4111]],[[-3.6495,50.4108],[-3.65,50.4108],[-3.6495,50.4107],[-3.6495,50.4108]],[[-3.6484,50.411],[-3.6494,50.4107],[-3.6489,50.4107],[-3.6484,50.411]]]},"properties":{"MCZ_NAME":"Dart Estuary","MCZ_CODE":"UKMCZ0057"}},{"type":"Feature","geometry":{"type":"Polygon","coordinates":[[[1.8894,51.1988],[1.7257,51.098],[1.5485,51.0372],[1.4672,50.9995],[1.4005,51.0203],[1.7862,51.2071],[1.8421,51.2471],[1.8875,51.2877],[1.8965,51.2432],[1.895,51.2211],[1.8894,51.1988]]]},"properties":{"MCZ_NAME":"Foreland","MCZ_CODE":"UKMCZ0060"}},{"type":"Feature","geometry":{"type":"Polygon","coordinates":[[[0.5717,50.853],[0.5351,50.8192],[0.518,50.7271],[0.4375,50.7183],[0.2411,50.726],[0.2416,50.7351],[0.2606,50.7386],[0.2689,50.75],[0.2929,50.7668],[0.2957,50.7655],[0.2934,50.7671],[0.3025,50.7749],[0.3341,50.7882],[0.3318,50.7908],[0.3437,50.8045],[0.3625,50.8157],[0.4162,50.8308],[0.4804,50.8375],[0.5226,50.8484],[0.5717,50.853]]]},"properties":{"MCZ_NAME":"Beachy Head East","MCZ_CODE":"UKMCZ0053"}},{"type":"Feature","geometry":{"type":"Polygon","coordinates":[[[-3.7874,51.263],[-3.7867,51.2461],[-3.8086,51.2318],[-3.8275,51.2327],[-3.8301,51.2304],[-3.8393,51.235],[-3.8534,51.2346],[-3.8615,51.2308],[-3.8719,51.2313],[-3.8727,51.227],[-3.8809,51.2294],[-3.8839,51.2255],[-3.892,51.2238],[-3.904,51.2296],[-3.9257,51.2319],[-3.9582,51.2191],[-3.9759,51.2205],[-4.0284,51.2164],[-4.0321,51.2146],[-4.0318,51.2105],[-4.0414,51.21],[-4.0387,51.2067],[-4.0508,51.2075],[-4.0723,51.2174],[-4.075,51.2169],[-4.0704,51.2141],[-4.0801,51.2181],[-4.088,51.2173],[-4.0976,51.2108],[-4.1022,51.2132],[-4.1021,51.2163],[-4.113,51.2164],[-4.1137,51.2109],[-4.1217,51.2126],[-4.1217,51.2104],[-4.1437,51.2071],[-4.1456,51.2042],[-4.1668,51.2028],[-4.1776,51.1973],[-4.2013,51.2006],[-4.2116,51.1901],[-4.2293,51.1885],[-4.2143,51.1824],[-4.2115,51.1784],[-4.2145,51.1764],[-4.2098,51.1708],[-4.2162,51.1516],[-4.2238,51.1442],[-4.2557,51.1469],[-4.2619,51.1428],[-4.2359,51.1309],[-4.2428,51.1254],[-4.2404,51.1206],[-4.2226,51.1178],[-4.2229,51.0898],[-4.2154,51.0754],[-4.2192,51.065],[-4.2258,51.0621],[-4.2383,51.0415],[-4.2562,51.0389],[-4.2614,51.035],[-4.2667,51.038],[-4.2445,51.1136],[-4.2856,51.1417],[-4.2661,51.1594],[-4.2336,51.1583],[-4.2262,51.1668],[-4.2276,51.1779],[-4.2404,51.1879],[-4.2379,51.2058],[-4.2114,51.2165],[-4.1829,51.2176],[-4.0963,51.2351],[-4.0532,51.2308],[-4.0062,51.2368],[-3.9654,51.2367],[-3.9512,51.2438],[-3.9297,51.2486],[-3.8904,51.245],[-3.8485,51.2525],[-3.8196,51.2514],[-3.8073,51.2593],[-3.7874,51.263]],[[-4.2548,51.0394],[-4.2547,51.0394],[-4.2547,51.0394],[-4.2548,51.0394]],[[-4.2527,51.0401],[-4.2526,51.0401],[-4.2527,51.0401],[-4.2527,51.0401]],[[-4.2548,51.0395],[-4.2548,51.0395],[-4.2547,51.0395],[-4.2548,51.0395]],[[-4.1333,51.2087],[-4.1333,51.2087],[-4.1333,51.2087],[-4.1333,51.2087]],[[-4.2534,51.0398],[-4.2534,51.0398],[-4.2535,51.0398],[-4.2534,51.0398]],[[-4.0435,51.2075],[-4.0434,51.2075],[-4.0435,51.2075],[-4.0435,51.2075]],[[-3.9641,51.2199],[-3.9641,51.2199],[-3.9641,51.2199],[-3.9641,51.2199]],[[-4.0623,51.2129],[-4.0623,51.2129],[-4.0623,51.2129],[-4.0623,51.2129]],[[-4.1235,51.2108],[-4.1234,51.2109],[-4.1235,51.2109],[-4.1235,51.2108]],[[-4.2542,51.0395],[-4.2542,51.0395],[-4.2542,51.0396],[-4.2542,51.0395]],[[-4.2483,51.0404],[-4.2484,51.0404],[-4.2483,51.0404],[-4.2483,51.0404]],[[-4.2532,51.0397],[-4.2532,51.0397],[-4.2532,51.0397],[-4.2532,51.0397]],[[-4.2533,51.0397],[-4.2533,51.0397],[-4.2533,51.0397],[-4.2533,51.0397]],[[-4.2474,51.0404],[-4.2473,51.0405],[-4.2474,51.0405],[-4.2474,51.0404]],[[-4.2473,51.0404],[-4.2472,51.0404],[-4.2473,51.0405],[-4.2473,51.0404]],[[-4.2244,51.1446],[-4.2244,51.1446],[-4.2244,51.1446],[-4.2244,51.1446]],[[-3.9234,51.2312],[-3.9233,51.2312],[-3.9233,51.2312],[-3.9234,51.2312]],[[-4.2475,51.0405],[-4.2475,51.0405],[-4.2476,51.0405],[-4.2475,51.0405]],[[-4.1211,51.2111],[-4.1211,51.2111],[-4.1211,51.2111],[-4.1211,51.2111]],[[-4.2477,51.0405],[-4.2477,51.0404],[-4.2477,51.0405],[-4.2477,51.0405]],[[-4.2533,51.0397],[-4.2533,51.0397],[-4.2532,51.0397],[-4.2533,51.0397]],[[-4.1277,51.2113],[-4.1276,51.2113],[-4.1277,51.2113],[-4.1277,51.2113]],[[-4.2245,51.1446],[-4.2245,51.1446],[-4.2245,51.1446],[-4.2245,51.1446]],[[-4.2548,51.0395],[-4.2548,51.0395],[-4.2549,51.0395],[-4.2548,51.0395]],[[-4.1274,51.2111],[-4.1273,51.2111],[-4.1273,51.2111],[-4.1274,51.2111]],[[-3.9229,51.2312],[-3.923,51.2312],[-3.9229,51.2312],[-3.9229,51.2312]],[[-4.2302,51.1453],[-4.2303,51.1453],[-4.2303,51.1453],[-4.2302,51.1453]],[[-4.0981,51.2114],[-4.0981,51.2114],[-4.0981,51.2114],[-4.0981,51.2114]],[[-3.7953,51.242],[-3.7952,51.242],[-3.7953,51.2421],[-3.7953,51.242]],[[-4.128,51.211],[-4.128,51.211],[-4.1281,51.211],[-4.128,51.211]],[[-4.2531,51.04],[-4.2531,51.04],[-4.2531,51.04],[-4.2531,51.04]],[[-4.1263,51.2109],[-4.1264,51.2109],[-4.1263,51.2109],[-4.1263,51.2109]],[[-4.0483,51.2076],[-4.0483,51.2075],[-4.0482,51.2075],[-4.0483,51.2076]],[[-4.1333,51.2086],[-4.1333,51.2086],[-4.1334,51.2086],[-4.1333,51.2086]],[[-4.1226,51.2109],[-4.1225,51.2109],[-4.1225,51.2109],[-4.1226,51.2109]],[[-3.993,51.2185],[-3.993,51.2184],[-3.9929,51.2184],[-3.993,51.2185]],[[-3.9792,51.2194],[-3.9791,51.2195],[-3.9791,51.2195],[-3.9792,51.2194]],[[-4.206,51.1957],[-4.2059,51.1956],[-4.2059,51.1957],[-4.206,51.1957]],[[-4.2218,51.1456],[-4.2217,51.1456],[-4.2217,51.1456],[-4.2218,51.1456]],[[-4.2143,51.1803],[-4.2143,51.1803],[-4.2143,51.1804],[-4.2143,51.1803]],[[-4.1269,51.2113],[-4.127,51.2112],[-4.127,51.2112],[-4.1269,51.2113]],[[-3.9678,51.2194],[-3.9677,51.2194],[-3.9678,51.2194],[-3.9678,51.2194]],[[-4.2218,51.1458],[-4.2217,51.1458],[-4.2218,51.1458],[-4.2218,51.1458]],[[-4.2246,51.189],[-4.2246,51.189],[-4.2245,51.1891],[-4.2246,51.189]],[[-4.0432,51.2076],[-4.0432,51.2076],[-4.0432,51.2076],[-4.0432,51.2076]],[[-4.2429,51.1238],[-4.2429,51.1238],[-4.243,51.1238],[-4.2429,51.1238]],[[-3.8792,51.229],[-3.8792,51.229],[-3.8792,51.229],[-3.8792,51.229]],[[-4.1259,51.2109],[-4.1258,51.2109],[-4.1259,51.2109],[-4.1259,51.2109]],[[-3.7895,51.2447],[-3.7895,51.2448],[-3.7895,51.2448],[-3.7895,51.2447]],[[-4.2545,51.0395],[-4.2546,51.0394],[-4.2545,51.0394],[-4.2545,51.0395]],[[-3.9245,51.2314],[-3.9244,51.2314],[-3.9245,51.2314],[-3.9245,51.2314]],[[-3.9932,51.2184],[-3.9932,51.2184],[-3.9932,51.2184],[-3.9932,51.2184]],[[-4.2127,51.1779],[-4.2126,51.1779],[-4.2127,51.1779],[-4.2127,51.1779]],[[-4.0182,51.2166],[-4.0182,51.2165],[-4.0181,51.2165],[-4.0182,51.2166]],[[-4.0812,51.2177],[-4.0812,51.2177],[-4.0811,51.2177],[-4.0812,51.2177]],[[-3.8134,51.2318],[-3.8135,51.2317],[-3.8134,51.2317],[-3.8134,51.2318]],[[-3.8123,51.2321],[-3.8123,51.2322],[-3.8124,51.2322],[-3.8123,51.2321]],[[-4.0228,51.2163],[-4.0227,51.2163],[-4.0228,51.2163],[-4.0228,51.2163]],[[-4.2297,51.1453],[-4.2297,51.1453],[-4.2297,51.1453],[-4.2297,51.1453]],[[-3.8793,51.229],[-3.8793,51.229],[-3.8793,51.2291],[-3.8793,51.229]],[[-3.8791,51.2291],[-3.8791,51.229],[-3.8791,51.229],[-3.8791,51.2291]],[[-4.206,51.1957],[-4.206,51.1957],[-4.206,51.1957],[-4.206,51.1957]],[[-4.203,51.2005],[-4.2029,51.2005],[-4.203,51.2005],[-4.203,51.2005]],[[-4.2536,51.0397],[-4.2536,51.0397],[-4.2536,51.0396],[-4.2536,51.0397]],[[-4.2478,51.0403],[-4.2478,51.0404],[-4.2479,51.0404],[-4.2478,51.0403]],[[-4.1211,51.2111],[-4.1211,51.2111],[-4.121,51.2111],[-4.1211,51.2111]],[[-4.2035,51.2005],[-4.2036,51.2005],[-4.2035,51.2004],[-4.2035,51.2005]],[[-4.0954,51.213],[-4.0953,51.213],[-4.0954,51.2131],[-4.0954,51.213]],[[-3.8793,51.229],[-3.8794,51.229],[-3.8793,51.229],[-3.8793,51.229]],[[-3.9233,51.2313],[-3.9233,51.2313],[-3.9232,51.2313],[-3.9233,51.2313]],[[-4.1732,51.1993],[-4.1731,51.1994],[-4.1732,51.1994],[-4.1732,51.1993]],[[-3.9231,51.2312],[-3.9232,51.2312],[-3.9231,51.2312],[-3.9231,51.2312]],[[-4.0079,51.2168],[-4.0079,51.2168],[-4.008,51.2168],[-4.0079,51.2168]],[[-4.1734,51.1993],[-4.1734,51.1994],[-4.1734,51.1994],[-4.1734,51.1993]],[[-3.8979,51.2259],[-3.8978,51.2259],[-3.8979,51.226],[-3.8979,51.2259]],[[-4.0115,51.217],[-4.0114,51.217],[-4.0115,51.217],[-4.0115,51.217]],[[-4.0893,51.2163],[-4.0892,51.2163],[-4.0893,51.2163],[-4.0893,51.2163]],[[-4.2391,51.0414],[-4.239,51.0415],[-4.2391,51.0414],[-4.2391,51.0414]],[[-3.9836,51.2185],[-3.9837,51.2184],[-3.9836,51.2184],[-3.9836,51.2185]],[[-3.9401,51.2274],[-3.9401,51.2275],[-3.9401,51.2275],[-3.9401,51.2274]],[[-4.2138,51.1763],[-4.2137,51.1763],[-4.2137,51.1763],[-4.2138,51.1763]],[[-3.8794,51.229],[-3.8794,51.2291],[-3.8795,51.2291],[-3.8794,51.229]],[[-4.2583,51.1451],[-4.2582,51.1451],[-4.2583,51.1451],[-4.2583,51.1451]],[[-4.1257,51.2109],[-4.1255,51.2108],[-4.1257,51.2109],[-4.1257,51.2109]],[[-3.8986,51.2259],[-3.8985,51.2259],[-3.8986,51.2259],[-3.8986,51.2259]],[[-4.1291,51.2119],[-4.129,51.2119],[-4.1291,51.2119],[-4.1291,51.2119]],[[-3.8957,51.2251],[-3.8957,51.2251],[-3.8957,51.2251],[-3.8957,51.2251]],[[-4.2159,51.1829],[-4.2158,51.1829],[-4.2159,51.1829],[-4.2159,51.1829]],[[-4.2147,51.1805],[-4.2146,51.1805],[-4.2147,51.1805],[-4.2147,51.1805]],[[-3.9102,51.23],[-3.9101,51.23],[-3.9101,51.2301],[-3.9102,51.23]],[[-4.026,51.2166],[-4.0261,51.2166],[-4.026,51.2166],[-4.026,51.2166]],[[-3.8718,51.2302],[-3.8718,51.2301],[-3.8717,51.2302],[-3.8718,51.2302]],[[-4.1295,51.2119],[-4.1294,51.2119],[-4.1295,51.2119],[-4.1295,51.2119]],[[-4.0466,51.2078],[-4.0465,51.2078],[-4.0466,51.2078],[-4.0466,51.2078]],[[-4.2053,51.1983],[-4.2053,51.1983],[-4.2054,51.1983],[-4.2053,51.1983]],[[-4.1285,51.2111],[-4.1285,51.211],[-4.1285,51.211],[-4.1285,51.2111]],[[-4.1675,51.2023],[-4.1675,51.2024],[-4.1676,51.2024],[-4.1675,51.2023]],[[-3.9811,51.2194],[-3.9812,51.2194],[-3.9811,51.2194],[-3.9811,51.2194]],[[-3.812,51.232],[-3.812,51.232],[-3.8119,51.232],[-3.812,51.232]],[[-4.0184,51.2167],[-4.0185,51.2167],[-4.0185,51.2167],[-4.0184,51.2167]],[[-4.1471,51.2045],[-4.1471,51.2045],[-4.147,51.2045],[-4.1471,51.2045]],[[-4.01,51.2169],[-4.0099,51.2169],[-4.01,51.2169],[-4.01,51.2169]],[[-3.8991,51.226],[-3.8992,51.226],[-3.8991,51.226],[-3.8991,51.226]],[[-4.2063,51.1958],[-4.2062,51.1958],[-4.2063,51.1958],[-4.2063,51.1958]],[[-4.2136,51.1775],[-4.2135,51.1776],[-4.2136,51.1776],[-4.2136,51.1775]],[[-4.0903,51.2147],[-4.0903,51.2147],[-4.0903,51.2147],[-4.0903,51.2147]],[[-4.1255,51.2111],[-4.1253,51.2111],[-4.1253,51.2111],[-4.1255,51.2111]],[[-4.222,51.1456],[-4.2221,51.1456],[-4.222,51.1455],[-4.222,51.1456]],[[-4.0181,51.2166],[-4.0179,51.2166],[-4.018,51.2166],[-4.0181,51.2166]],[[-4.2287,51.1451],[-4.2286,51.1451],[-4.2287,51.1451],[-4.2287,51.1451]],[[-4.1692,51.2014],[-4.1692,51.2013],[-4.1691,51.2013],[-4.1692,51.2014]],[[-3.8813,51.2291],[-3.8814,51.229],[-3.8813,51.229],[-3.8813,51.2291]],[[-4.0117,51.2175],[-4.0116,51.2176],[-4.0117,51.2176],[-4.0117,51.2175]],[[-4.0061,51.2178],[-4.0062,51.2178],[-4.0061,51.2178],[-4.0061,51.2178]],[[-4.0403,51.2071],[-4.0403,51.2071],[-4.0404,51.2071],[-4.0403,51.2071]],[[-4.1809,51.1991],[-4.1808,51.1991],[-4.1808,51.1991],[-4.1809,51.1991]],[[-4.1747,51.199],[-4.1747,51.199],[-4.1748,51.1991],[-4.1747,51.199]],[[-4.1918,51.1995],[-4.1917,51.1995],[-4.1917,51.1995],[-4.1918,51.1995]],[[-4.1743,51.1989],[-4.1743,51.1989],[-4.1744,51.199],[-4.1743,51.1989]],[[-3.9419,51.2255],[-3.9418,51.2256],[-3.9419,51.2256],[-3.9419,51.2255]],[[-4.1368,51.2086],[-4.1367,51.2087],[-4.1368,51.2087],[-4.1368,51.2086]],[[-4.2282,51.145],[-4.2282,51.145],[-4.2283,51.145],[-4.2282,51.145]],[[-3.9529,51.221],[-3.953,51.221],[-3.9529,51.2209],[-3.9529,51.221]],[[-4.2129,51.1791],[-4.2128,51.1792],[-4.2129,51.1792],[-4.2129,51.1791]],[[-3.9411,51.2269],[-3.9411,51.227],[-3.9411,51.227],[-3.9411,51.2269]],[[-3.9229,51.2311],[-3.9228,51.2311],[-3.9228,51.2312],[-3.9229,51.2311]],[[-4.1566,51.2043],[-4.1568,51.2043],[-4.1567,51.2043],[-4.1566,51.2043]],[[-4.0259,51.2166],[-4.0258,51.2165],[-4.0258,51.2165],[-4.0259,51.2166]],[[-4.1887,51.1997],[-4.1886,51.1997],[-4.1887,51.1997],[-4.1887,51.1997]],[[-3.8135,51.2319],[-3.8135,51.2318],[-3.8135,51.2318],[-3.8135,51.2319]],[[-3.9993,51.2183],[-3.9991,51.2183],[-3.9992,51.2183],[-3.9993,51.2183]],[[-4.1717,51.2006],[-4.1717,51.2006],[-4.1718,51.2007],[-4.1717,51.2006]],[[-4.1158,51.2116],[-4.1157,51.2116],[-4.1156,51.2116],[-4.1158,51.2116]],[[-4.0175,51.2167],[-4.0175,51.2167],[-4.0176,51.2167],[-4.0175,51.2167]],[[-4.2217,51.1456],[-4.2217,51.1457],[-4.2219,51.1457],[-4.2217,51.1456]],[[-4.0154,51.217],[-4.0154,51.2171],[-4.0155,51.217],[-4.0154,51.217]],[[-4.205,51.1966],[-4.2051,51.1966],[-4.205,51.1966],[-4.205,51.1966]],[[-4.2595,51.1411],[-4.2594,51.1411],[-4.2596,51.1411],[-4.2595,51.1411]],[[-3.8857,51.2258],[-3.8856,51.2257],[-3.8856,51.2258],[-3.8857,51.2258]],[[-3.9722,51.2199],[-3.972,51.2199],[-3.9722,51.2199],[-3.9722,51.2199]],[[-4.0812,51.2177],[-4.0813,51.2177],[-4.0812,51.2177],[-4.0812,51.2177]],[[-4.0887,51.216],[-4.0887,51.216],[-4.0889,51.216],[-4.0887,51.216]],[[-4.0401,51.2081],[-4.0401,51.2081],[-4.0399,51.2081],[-4.0401,51.2081]],[[-4.0432,51.2074],[-4.0431,51.2074],[-4.0431,51.2074],[-4.0432,51.2074]],[[-3.9114,51.23],[-3.9112,51.23],[-3.9113,51.2301],[-3.9114,51.23]],[[-4.2037,51.1983],[-4.2036,51.1983],[-4.2036,51.1984],[-4.2037,51.1983]],[[-3.8511,51.2348],[-3.8512,51.2347],[-3.851,51.2347],[-3.8511,51.2348]],[[-4.1562,51.2045],[-4.1561,51.2046],[-4.1562,51.2046],[-4.1562,51.2045]],[[-4.1269,51.2111],[-4.1269,51.2111],[-4.1267,51.2111],[-4.1269,51.2111]],[[-4.1236,51.211],[-4.1239,51.2111],[-4.1237,51.211],[-4.1236,51.211]],[[-4.1862,51.1998],[-4.1864,51.1997],[-4.1862,51.1997],[-4.1862,51.1998]],[[-3.9625,51.2196],[-3.9626,51.2196],[-3.9625,51.2196],[-3.9625,51.2196]],[[-4.1468,51.2045],[-4.1469,51.2045],[-4.1468,51.2045],[-4.1468,51.2045]],[[-3.8125,51.2321],[-3.8126,51.2321],[-3.8126,51.2321],[-3.8125,51.2321]],[[-4.088,51.2177],[-4.088,51.2176],[-4.088,51.2176],[-4.088,51.2177]],[[-3.962,51.2197],[-3.9619,51.2196],[-3.9619,51.2196],[-3.962,51.2197]],[[-4.1798,51.1988],[-4.1799,51.1988],[-4.1798,51.1988],[-4.1798,51.1988]],[[-4.0509,51.2079],[-4.0508,51.208],[-4.0509,51.208],[-4.0509,51.2079]],[[-4.2053,51.1962],[-4.2053,51.1962],[-4.2053,51.1961],[-4.2053,51.1962]],[[-4.0407,51.2071],[-4.0405,51.2071],[-4.0406,51.2071],[-4.0407,51.2071]],[[-4.0441,51.2079],[-4.0441,51.2079],[-4.0442,51.208],[-4.0441,51.2079]],[[-3.9086,51.2293],[-3.9086,51.2294],[-3.9086,51.2294],[-3.9086,51.2293]],[[-4.1364,51.2086],[-4.1366,51.2086],[-4.1365,51.2086],[-4.1364,51.2086]],[[-4.1908,51.2003],[-4.1909,51.2003],[-4.1907,51.2003],[-4.1908,51.2003]],[[-3.8006,51.2364],[-3.8005,51.2365],[-3.8005,51.2365],[-3.8006,51.2364]],[[-4.0229,51.2162],[-4.023,51.2162],[-4.0229,51.2162],[-4.0229,51.2162]],[[-4.0812,51.2178],[-4.0811,51.2178],[-4.0812,51.2178],[-4.0812,51.2178]],[[-3.8741,51.2277],[-3.8741,51.2278],[-3.8742,51.2278],[-3.8741,51.2277]],[[-3.8855,51.2261],[-3.8855,51.226],[-3.8854,51.2261],[-3.8855,51.2261]],[[-4.0341,51.2101],[-4.0341,51.2102],[-4.0342,51.2102],[-4.0341,51.2101]],[[-4.1021,51.2137],[-4.1021,51.2136],[-4.102,51.2136],[-4.1021,51.2137]],[[-3.8121,51.2322],[-3.812,51.2322],[-3.8121,51.2323],[-3.8121,51.2322]],[[-3.7938,51.2437],[-3.7937,51.2437],[-3.7938,51.2437],[-3.7938,51.2437]],[[-4.2463,51.0407],[-4.2463,51.0407],[-4.2462,51.0407],[-4.2463,51.0407]],[[-3.9104,51.2298],[-3.9104,51.2299],[-3.9105,51.2299],[-3.9104,51.2298]],[[-4.0066,51.2174],[-4.0068,51.2174],[-4.0066,51.2174],[-4.0066,51.2174]],[[-3.8123,51.232],[-3.8123,51.2321],[-3.8124,51.2321],[-3.8123,51.232]],[[-4.1301,51.2113],[-4.13,51.2113],[-4.1301,51.2113],[-4.1301,51.2113]],[[-4.0931,51.213],[-4.093,51.213],[-4.0932,51.213],[-4.0931,51.213]],[[-4.0203,51.2165],[-4.0202,51.2166],[-4.0203,51.2166],[-4.0203,51.2165]],[[-4.0083,51.2167],[-4.0081,51.2168],[-4.0082,51.2168],[-4.0083,51.2167]],[[-4.1886,51.1999],[-4.1888,51.1999],[-4.1886,51.1998],[-4.1886,51.1999]],[[-4.0482,51.2084],[-4.0483,51.2084],[-4.0482,51.2084],[-4.0482,51.2084]],[[-4.0323,51.2146],[-4.0322,51.2147],[-4.0323,51.2147],[-4.0323,51.2146]],[[-4.2358,51.1194],[-4.2356,51.1194],[-4.2358,51.1194],[-4.2358,51.1194]],[[-4.2612,51.1435],[-4.2612,51.1435],[-4.2613,51.1436],[-4.2612,51.1435]],[[-4.2097,51.1921],[-4.21,51.192],[-4.2098,51.192],[-4.2097,51.1921]],[[-3.9614,51.2195],[-3.9613,51.2194],[-3.9613,51.2195],[-3.9614,51.2195]],[[-3.9792,51.2197],[-3.9791,51.2196],[-3.9791,51.2197],[-3.9792,51.2197]],[[-4.1477,51.2046],[-4.1476,51.2045],[-4.1476,51.2046],[-4.1477,51.2046]],[[-4.163,51.2028],[-4.1629,51.2028],[-4.163,51.2029],[-4.163,51.2028]],[[-3.8081,51.2322],[-3.8083,51.2322],[-3.8082,51.2321],[-3.8081,51.2322]],[[-4.1863,51.2],[-4.1863,51.1999],[-4.1861,51.1999],[-4.1863,51.2]],[[-4.1717,51.2008],[-4.1717,51.2009],[-4.1718,51.2009],[-4.1717,51.2008]],[[-4.2041,51.1986],[-4.204,51.1986],[-4.2041,51.1986],[-4.2041,51.1986]],[[-4.2098,51.1947],[-4.2098,51.1948],[-4.21,51.1948],[-4.2098,51.1947]],[[-3.9266,51.2318],[-3.9266,51.2319],[-3.9267,51.2318],[-3.9266,51.2318]],[[-4.1671,51.2029],[-4.1672,51.2029],[-4.1671,51.2028],[-4.1671,51.2029]],[[-3.9218,51.2306],[-3.9219,51.2306],[-3.9217,51.2305],[-3.9218,51.2306]],[[-4.205,51.1975],[-4.2048,51.1975],[-4.205,51.1975],[-4.205,51.1975]],[[-3.9359,51.2287],[-3.936,51.2286],[-3.9358,51.2287],[-3.9359,51.2287]],[[-4.2606,51.1415],[-4.2604,51.1415],[-4.2606,51.1415],[-4.2606,51.1415]],[[-3.7955,51.2413],[-3.7955,51.2414],[-3.7956,51.2414],[-3.7955,51.2413]],[[-4.04,51.2081],[-4.0399,51.2081],[-4.0399,51.2082],[-4.04,51.2081]],[[-4.0184,51.2167],[-4.0183,51.2168],[-4.0185,51.2168],[-4.0184,51.2167]],[[-4.0951,51.213],[-4.0951,51.213],[-4.0949,51.213],[-4.0951,51.213]],[[-3.8151,51.2313],[-3.8148,51.2313],[-3.8151,51.2313],[-3.8151,51.2313]],[[-3.8127,51.2319],[-3.8127,51.2319],[-3.8126,51.2319],[-3.8127,51.2319]],[[-4.0892,51.2176],[-4.0895,51.2175],[-4.0892,51.2175],[-4.0892,51.2176]],[[-4.1726,51.1991],[-4.1725,51.1991],[-4.1726,51.1992],[-4.1726,51.1991]],[[-4.1841,51.2005],[-4.1842,51.2006],[-4.1843,51.2006],[-4.1841,51.2005]],[[-4.203,51.2003],[-4.2028,51.2003],[-4.203,51.2003],[-4.203,51.2003]],[[-4.2125,51.1779],[-4.2125,51.1778],[-4.2123,51.1778],[-4.2125,51.1779]],[[-4.2587,51.1452],[-4.2586,51.1453],[-4.2589,51.1453],[-4.2587,51.1452]],[[-4.251,51.1381],[-4.251,51.1381],[-4.2512,51.1381],[-4.251,51.1381]],[[-4.0065,51.2172],[-4.0063,51.2172],[-4.0065,51.2172],[-4.0065,51.2172]],[[-4.228,51.187],[-4.228,51.187],[-4.2282,51.187],[-4.228,51.187]],[[-4.2045,51.1976],[-4.2045,51.1977],[-4.2047,51.1977],[-4.2045,51.1976]],[[-3.8781,51.2291],[-3.878,51.2291],[-3.8779,51.2291],[-3.8781,51.2291]],[[-4.2361,51.1195],[-4.2363,51.1195],[-4.236,51.1194],[-4.2361,51.1195]],[[-4.2052,51.1981],[-4.2053,51.198],[-4.2052,51.198],[-4.2052,51.1981]],[[-4.1709,51.2014],[-4.171,51.2013],[-4.1707,51.2014],[-4.1709,51.2014]],[[-4.2227,51.1455],[-4.223,51.1455],[-4.2226,51.1455],[-4.2227,51.1455]],[[-3.9458,51.2238],[-3.9457,51.2238],[-3.9457,51.2239],[-3.9458,51.2238]],[[-3.8996,51.226],[-3.8994,51.226],[-3.8996,51.2261],[-3.8996,51.226]],[[-4.0137,51.2175],[-4.0138,51.2174],[-4.0136,51.2175],[-4.0137,51.2175]],[[-3.8948,51.2246],[-3.8948,51.2245],[-3.8947,51.2245],[-3.8948,51.2246]],[[-4.2102,51.1921],[-4.2104,51.1921],[-4.2101,51.192],[-4.2102,51.1921]],[[-4.1982,51.1999],[-4.1981,51.2],[-4.1983,51.2001],[-4.1982,51.1999]],[[-3.936,51.2289],[-3.9361,51.2288],[-3.936,51.2288],[-3.936,51.2289]],[[-4.0411,51.2093],[-4.041,51.2093],[-4.0414,51.2093],[-4.0411,51.2093]],[[-4.1438,51.2072],[-4.1437,51.2072],[-4.1439,51.2073],[-4.1438,51.2072]],[[-3.9667,51.2199],[-3.9666,51.2198],[-3.9665,51.2199],[-3.9667,51.2199]],[[-4.1919,51.1998],[-4.1918,51.1999],[-4.1919,51.2],[-4.1919,51.1998]],[[-3.801,51.2364],[-3.8011,51.2364],[-3.8009,51.2363],[-3.801,51.2364]],[[-4.1724,51.1991],[-4.1722,51.1991],[-4.1724,51.1992],[-4.1724,51.1991]],[[-4.2532,51.1388],[-4.2532,51.1388],[-4.2535,51.1388],[-4.2532,51.1388]],[[-4.1861,51.1998],[-4.1861,51.1997],[-4.1859,51.1998],[-4.1861,51.1998]],[[-4.0319,51.2123],[-4.0318,51.2123],[-4.032,51.2124],[-4.0319,51.2123]],[[-4.205,51.1967],[-4.2051,51.1967],[-4.2052,51.1967],[-4.205,51.1967]],[[-4.2082,51.1955],[-4.2078,51.1955],[-4.2081,51.1956],[-4.2082,51.1955]],[[-3.9355,51.2289],[-3.9352,51.2289],[-3.9353,51.2289],[-3.9355,51.2289]],[[-4.2271,51.1863],[-4.2269,51.1863],[-4.2271,51.1864],[-4.2271,51.1863]],[[-4.2409,51.1214],[-4.2411,51.1214],[-4.2408,51.1213],[-4.2409,51.1214]],[[-3.8085,51.232],[-3.8085,51.232],[-3.8083,51.2321],[-3.8085,51.232]],[[-4.214,51.1814],[-4.2141,51.1815],[-4.2143,51.1815],[-4.214,51.1814]],[[-4.1703,51.2008],[-4.1702,51.2009],[-4.1704,51.2009],[-4.1703,51.2008]],[[-3.9497,51.2218],[-3.9496,51.2218],[-3.9498,51.2219],[-3.9497,51.2218]],[[-4.0135,51.2176],[-4.0137,51.2175],[-4.0135,51.2175],[-4.0135,51.2176]],[[-4.2038,51.1999],[-4.2039,51.1998],[-4.2037,51.1998],[-4.2038,51.1999]],[[-4.2291,51.1871],[-4.229,51.1872],[-4.2292,51.1872],[-4.2291,51.1871]],[[-4.1003,51.2133],[-4.1,51.2132],[-4.1005,51.2134],[-4.1003,51.2133]],[[-4.2524,51.1466],[-4.2523,51.1466],[-4.2526,51.1466],[-4.2524,51.1466]],[[-4.2059,51.1958],[-4.2058,51.1957],[-4.2056,51.1957],[-4.2059,51.1958]],[[-4.018,51.2168],[-4.0179,51.2167],[-4.0179,51.2168],[-4.018,51.2168]],[[-3.9398,51.2283],[-3.9398,51.2283],[-3.9399,51.2284],[-3.9398,51.2283]],[[-3.9456,51.2236],[-3.9457,51.2237],[-3.9458,51.2237],[-3.9456,51.2236]],[[-3.8111,51.2319],[-3.8112,51.2319],[-3.8109,51.2319],[-3.8111,51.2319]],[[-4.2133,51.1904],[-4.2134,51.1903],[-4.2132,51.1903],[-4.2133,51.1904]],[[-3.8925,51.2242],[-3.8925,51.2241],[-3.8924,51.2241],[-3.8925,51.2242]],[[-4.1563,51.2043],[-4.1565,51.2043],[-4.1563,51.2042],[-4.1563,51.2043]],[[-3.8946,51.2246],[-3.8944,51.2246],[-3.8943,51.2246],[-3.8946,51.2246]],[[-4.1187,51.212],[-4.1185,51.2121],[-4.1188,51.2121],[-4.1187,51.212]],[[-4.213,51.1779],[-4.2129,51.1779],[-4.2131,51.178],[-4.213,51.1779]],[[-4.0629,51.2135],[-4.0626,51.2135],[-4.063,51.2135],[-4.0629,51.2135]],[[-4.0365,51.2105],[-4.0364,51.2105],[-4.036,51.2104],[-4.0365,51.2105]],[[-4.2217,51.1853],[-4.2214,51.1854],[-4.2216,51.1854],[-4.2217,51.1853]],[[-3.9712,51.2196],[-3.9711,51.2195],[-3.9711,51.2196],[-3.9712,51.2196]],[[-4.1918,51.1997],[-4.1918,51.1996],[-4.1916,51.1996],[-4.1918,51.1997]],[[-4.1669,51.2026],[-4.1669,51.2027],[-4.1672,51.2027],[-4.1669,51.2026]],[[-4.1718,51.2008],[-4.172,51.2009],[-4.172,51.2009],[-4.1718,51.2008]],[[-4.2574,51.0386],[-4.2572,51.0386],[-4.2573,51.0387],[-4.2574,51.0386]],[[-4.048,51.2084],[-4.0479,51.2084],[-4.0477,51.2084],[-4.048,51.2084]],[[-3.9364,51.2288],[-3.9368,51.2288],[-3.9364,51.2287],[-3.9364,51.2288]],[[-3.8782,51.2291],[-3.8783,51.2291],[-3.878,51.229],[-3.8782,51.2291]],[[-4.1172,51.2113],[-4.117,51.2113],[-4.1172,51.2113],[-4.1172,51.2113]],[[-3.9798,51.2195],[-3.9797,51.2194],[-3.9796,51.2196],[-3.9798,51.2195]],[[-4.0227,51.2163],[-4.0228,51.2162],[-4.0227,51.2161],[-4.0227,51.2163]],[[-3.8156,51.2314],[-3.8155,51.2313],[-3.8154,51.2313],[-3.8156,51.2314]],[[-3.9636,51.2196],[-3.9635,51.2197],[-3.9637,51.2197],[-3.9636,51.2196]],[[-3.7903,51.2443],[-3.7903,51.2444],[-3.7905,51.2444],[-3.7903,51.2443]],[[-4.0898,51.2165],[-4.0894,51.2165],[-4.0895,51.2165],[-4.0898,51.2165]],[[-4.051,51.2079],[-4.0511,51.208],[-4.0512,51.2079],[-4.051,51.2079]],[[-3.8936,51.2245],[-3.8933,51.2244],[-3.8935,51.2245],[-3.8936,51.2245]],[[-4.185,51.2002],[-4.185,51.2002],[-4.1849,51.2002],[-4.185,51.2002]],[[-3.8129,51.232],[-3.8128,51.232],[-3.813,51.232],[-3.8129,51.232]],[[-4.1918,51.1995],[-4.1919,51.1996],[-4.192,51.1994],[-4.1918,51.1995]],[[-4.0257,51.2167],[-4.0261,51.2166],[-4.0256,51.2166],[-4.0257,51.2167]],[[-4.2036,51.1984],[-4.2033,51.1983],[-4.2036,51.1985],[-4.2036,51.1984]],[[-3.8077,51.2323],[-3.8078,51.2322],[-3.8075,51.2322],[-3.8077,51.2323]],[[-4.0931,51.2139],[-4.0927,51.2139],[-4.093,51.2139],[-4.0931,51.2139]],[[-4.2049,51.1967],[-4.2046,51.1966],[-4.2048,51.1967],[-4.2049,51.1967]],[[-3.9526,51.221],[-3.9526,51.2209],[-3.9524,51.221],[-3.9526,51.221]],[[-3.9667,51.2198],[-3.9669,51.2198],[-3.9665,51.2197],[-3.9667,51.2198]],[[-4.0209,51.2167],[-4.021,51.2164],[-4.0209,51.2164],[-4.0209,51.2167]],[[-3.8093,51.232],[-3.8093,51.2319],[-3.8091,51.232],[-3.8093,51.232]],[[-4.1752,51.199],[-4.1751,51.199],[-4.1751,51.1991],[-4.1752,51.199]],[[-3.8158,51.2314],[-3.8156,51.2315],[-3.8158,51.2315],[-3.8158,51.2314]],[[-3.7887,51.2455],[-3.7889,51.2457],[-3.789,51.2457],[-3.7887,51.2455]],[[-4.1362,51.2087],[-4.1358,51.2086],[-4.1359,51.2087],[-4.1362,51.2087]],[[-4.2081,51.1952],[-4.2083,51.1951],[-4.2081,51.1951],[-4.2081,51.1952]],[[-3.9796,51.2192],[-3.9793,51.2194],[-3.9796,51.2193],[-3.9796,51.2192]],[[-4.0927,51.214],[-4.0926,51.2141],[-4.0929,51.2142],[-4.0927,51.214]],[[-4.1535,51.2044],[-4.1536,51.2043],[-4.1533,51.2043],[-4.1535,51.2044]],[[-4.1715,51.2009],[-4.1714,51.2011],[-4.1717,51.2011],[-4.1715,51.2009]],[[-3.9615,51.2198],[-3.9616,51.2197],[-3.9613,51.2196],[-3.9615,51.2198]],[[-3.9269,51.2322],[-3.927,51.2321],[-3.9269,51.232],[-3.9269,51.2322]],[[-3.9529,51.2211],[-3.9528,51.2211],[-3.953,51.2212],[-3.9529,51.2211]],[[-4.2364,51.1194],[-4.236,51.1194],[-4.2359,51.1194],[-4.2364,51.1194]],[[-3.9707,51.2195],[-3.9705,51.2195],[-3.9709,51.2196],[-3.9707,51.2195]],[[-4.2226,51.1455],[-4.223,51.1455],[-4.2225,51.1454],[-4.2226,51.1455]],[[-3.9799,51.2194],[-3.98,51.2195],[-3.9802,51.2194],[-3.9799,51.2194]],[[-3.8813,51.2285],[-3.8812,51.2286],[-3.8814,51.2286],[-3.8813,51.2285]],[[-4.2182,51.184],[-4.2183,51.1841],[-4.2185,51.184],[-4.2182,51.184]],[[-4.0678,51.2156],[-4.0678,51.2157],[-4.0681,51.2157],[-4.0678,51.2156]],[[-4.0553,51.2115],[-4.0553,51.2117],[-4.0555,51.2117],[-4.0553,51.2115]],[[-3.8008,51.2364],[-3.8007,51.2364],[-3.8007,51.2366],[-3.8008,51.2364]],[[-4.1912,51.2],[-4.1911,51.1998],[-4.1909,51.1999],[-4.1912,51.2]],[[-3.925,51.2316],[-3.9248,51.2317],[-3.925,51.2317],[-3.925,51.2316]],[[-3.8816,51.2284],[-3.8817,51.2283],[-3.8814,51.2283],[-3.8816,51.2284]],[[-4.2149,51.1811],[-4.2149,51.1812],[-4.2151,51.1812],[-4.2149,51.1811]],[[-4.1902,51.2],[-4.1905,51.2],[-4.1901,51.1999],[-4.1902,51.2]],[[-4.134,51.2088],[-4.1343,51.209],[-4.1343,51.2089],[-4.134,51.2088]],[[-4.0459,51.2075],[-4.0458,51.2076],[-4.046,51.2076],[-4.0459,51.2075]],[[-4.1762,51.1986],[-4.1759,51.1985],[-4.176,51.1987],[-4.1762,51.1986]],[[-3.9833,51.2186],[-3.983,51.2184],[-3.983,51.2185],[-3.9833,51.2186]],[[-4.0046,51.2186],[-4.0046,51.2187],[-4.0048,51.2186],[-4.0046,51.2186]],[[-4.2125,51.179],[-4.2125,51.1791],[-4.2128,51.1791],[-4.2125,51.179]],[[-4.1667,51.2029],[-4.1662,51.2029],[-4.1664,51.203],[-4.1667,51.2029]],[[-4.1703,51.2011],[-4.1704,51.201],[-4.1701,51.201],[-4.1703,51.2011]],[[-4.0879,51.2174],[-4.0884,51.2174],[-4.0881,51.2173],[-4.0879,51.2174]],[[-3.9461,51.2241],[-3.9459,51.2239],[-3.9458,51.2241],[-3.9461,51.2241]],[[-3.7956,51.242],[-3.7952,51.242],[-3.7955,51.2421],[-3.7956,51.242]],[[-4.205,51.1981],[-4.2051,51.198],[-4.2048,51.1979],[-4.205,51.1981]],[[-4.2234,51.1447],[-4.2234,51.1446],[-4.2229,51.1446],[-4.2234,51.1447]],[[-3.9577,51.22],[-3.9577,51.22],[-3.9573,51.22],[-3.9577,51.22]],[[-4.1717,51.2002],[-4.1715,51.2001],[-4.1713,51.2001],[-4.1717,51.2002]],[[-3.9244,51.2316],[-3.9244,51.2314],[-3.9242,51.2315],[-3.9244,51.2316]],[[-4.1976,51.2001],[-4.1977,51.2],[-4.1975,51.1998],[-4.1976,51.2001]],[[-4.1985,51.1999],[-4.1988,51.1998],[-4.1985,51.1998],[-4.1985,51.1999]],[[-4.0422,51.2073],[-4.0417,51.2072],[-4.042,51.2073],[-4.0422,51.2073]],[[-3.9513,51.2211],[-3.9512,51.221],[-3.951,51.221],[-3.9513,51.2211]],[[-4.2131,51.1904],[-4.2127,51.1903],[-4.2129,51.1905],[-4.2131,51.1904]],[[-4.2002,51.2006],[-4.2006,51.2005],[-4.2,51.2005],[-4.2002,51.2006]],[[-3.9991,51.2184],[-3.999,51.2185],[-3.9994,51.2185],[-3.9991,51.2184]],[[-4.2115,51.1917],[-4.2114,51.1916],[-4.2111,51.1915],[-4.2115,51.1917]],[[-3.8876,51.2258],[-3.8876,51.2255],[-3.8875,51.2257],[-3.8876,51.2258]],[[-3.9613,51.2198],[-3.961,51.2196],[-3.961,51.2197],[-3.9613,51.2198]],[[-4.1846,51.2003],[-4.1845,51.2004],[-4.1849,51.2005],[-4.1846,51.2003]],[[-3.9503,51.222],[-3.9498,51.2221],[-3.9501,51.2222],[-3.9503,51.222]],[[-4.0191,51.2168],[-4.019,51.2165],[-4.019,51.2168],[-4.0191,51.2168]],[[-4.1827,51.1996],[-4.1827,51.1997],[-4.1829,51.1998],[-4.1827,51.1996]],[[-4.2141,51.1813],[-4.2144,51.1815],[-4.2147,51.1815],[-4.2141,51.1813]],[[-3.9813,51.2194],[-3.9817,51.2193],[-3.9813,51.2193],[-3.9813,51.2194]],[[-3.9987,51.2184],[-3.9981,51.2185],[-3.9986,51.2185],[-3.9987,51.2184]],[[-3.8785,51.2294],[-3.8782,51.2293],[-3.8784,51.2295],[-3.8785,51.2294]],[[-4.2183,51.1839],[-4.2184,51.1839],[-4.2179,51.1838],[-4.2183,51.1839]],[[-4.2043,51.1982],[-4.2048,51.1982],[-4.2047,51.1982],[-4.2043,51.1982]],[[-4.2039,51.1983],[-4.2037,51.1984],[-4.2039,51.1985],[-4.2039,51.1983]],[[-4.0058,51.2183],[-4.0054,51.2183],[-4.0058,51.2184],[-4.0058,51.2183]],[[-4.1691,51.2014],[-4.1691,51.2012],[-4.1686,51.2012],[-4.1691,51.2014]],[[-3.9896,51.2184],[-3.9901,51.2183],[-3.9898,51.2183],[-3.9896,51.2184]],[[-4.2275,51.1866],[-4.2273,51.1867],[-4.2277,51.1867],[-4.2275,51.1866]],[[-3.8855,51.2259],[-3.8853,51.2258],[-3.8851,51.226],[-3.8855,51.2259]],[[-4.1707,51.2013],[-4.1707,51.2012],[-4.1703,51.2011],[-4.1707,51.2013]],[[-4.2409,51.1215],[-4.2406,51.1214],[-4.2401,51.1215],[-4.2409,51.1215]],[[-3.9761,51.2208],[-3.9765,51.2207],[-3.9762,51.2206],[-3.9761,51.2208]],[[-4.0586,51.213],[-4.0582,51.213],[-4.0583,51.2131],[-4.0586,51.213]],[[-4.1757,51.1992],[-4.1753,51.199],[-4.1753,51.1992],[-4.1757,51.1992]],[[-4.0891,51.2166],[-4.0887,51.2167],[-4.089,51.2167],[-4.0891,51.2166]],[[-4.1931,51.1995],[-4.1935,51.1996],[-4.1938,51.1995],[-4.1931,51.1995]],[[-4.0895,51.2176],[-4.0892,51.2178],[-4.0897,51.2178],[-4.0895,51.2176]],[[-4.0311,51.2157],[-4.0303,51.2158],[-4.031,51.2157],[-4.0311,51.2157]],[[-4.102,51.2135],[-4.1012,51.2134],[-4.1015,51.2135],[-4.102,51.2135]],[[-4.203,51.1999],[-4.203,51.2001],[-4.2033,51.2],[-4.203,51.1999]],[[-4.2396,51.1332],[-4.2393,51.1334],[-4.24,51.1334],[-4.2396,51.1332]],[[-4.1915,51.2],[-4.1915,51.1998],[-4.1911,51.1998],[-4.1915,51.2]],[[-3.8795,51.2293],[-3.8796,51.2292],[-3.8792,51.2291],[-3.8795,51.2293]],[[-3.8117,51.2322],[-3.8117,51.232],[-3.8113,51.2319],[-3.8117,51.2322]],[[-3.9278,51.2314],[-3.9273,51.2315],[-3.9275,51.2316],[-3.9278,51.2314]],[[-4.1978,51.1997],[-4.1979,51.1999],[-4.1982,51.1999],[-4.1978,51.1997]],[[-4.0965,51.2128],[-4.0963,51.2127],[-4.0958,51.2127],[-4.0965,51.2128]],[[-4.0555,51.2108],[-4.0548,51.2106],[-4.0546,51.2106],[-4.0555,51.2108]],[[-4.2096,51.1921],[-4.2096,51.1919],[-4.2092,51.1919],[-4.2096,51.1921]],[[-4.0946,51.2133],[-4.094,51.2132],[-4.0942,51.2134],[-4.0946,51.2133]],[[-3.921,51.2307],[-3.9204,51.2305],[-3.9207,51.2307],[-3.921,51.2307]],[[-4.2042,51.1982],[-4.2047,51.198],[-4.2039,51.1981],[-4.2042,51.1982]],[[-4.1807,51.1991],[-4.1805,51.1988],[-4.1802,51.1989],[-4.1807,51.1991]],[[-3.8819,51.2283],[-3.882,51.2286],[-3.8825,51.2286],[-3.8819,51.2283]],[[-4.1714,51.2011],[-4.1712,51.2006],[-4.1711,51.2011],[-4.1714,51.2011]],[[-4.243,51.1345],[-4.2444,51.1349],[-4.245,51.135],[-4.243,51.1345]],[[-4.0892,51.218],[-4.0888,51.2181],[-4.0893,51.2182],[-4.0892,51.218]],[[-4.2047,51.1976],[-4.2042,51.1973],[-4.2039,51.1974],[-4.2047,51.1976]],[[-4.0571,51.2122],[-4.0563,51.2123],[-4.0572,51.2124],[-4.0571,51.2122]],[[-4.2081,51.1955],[-4.2077,51.1951],[-4.2073,51.1952],[-4.2081,51.1955]],[[-4.0755,51.2175],[-4.0749,51.2174],[-4.0756,51.2178],[-4.0755,51.2175]],[[-4.0483,51.2081],[-4.0474,51.2078],[-4.0477,51.2082],[-4.0483,51.2081]],[[-4.2108,51.1919],[-4.211,51.1918],[-4.2101,51.1916],[-4.2108,51.1919]],[[-4.088,51.2177],[-4.0878,51.2175],[-4.0869,51.2175],[-4.088,51.2177]],[[-4.0587,51.2128],[-4.0584,51.2126],[-4.0573,51.2128],[-4.0587,51.2128]],[[-4.0891,51.2178],[-4.0888,51.2174],[-4.0881,51.2176],[-4.0891,51.2178]],[[-4.0718,51.2178],[-4.0723,51.2175],[-4.0715,51.2171],[-4.0718,51.2178]],[[-4.0759,51.2175],[-4.076,51.2169],[-4.0747,51.2172],[-4.0759,51.2175]]]},"properties":{"MCZ_NAME":"Bideford to Foreland Point","MCZ_CODE":"UKMCZ0029"}},{"type":"Feature","geometry":{"type":"Polygon","coordinates":[[[-4.5249,51.0203],[-4.5289,51.0164],[-4.5263,51.0154],[-4.527,51.0117],[-4.5351,51.0086],[-4.5301,51.0049],[-4.5332,51.0008],[-4.5303,50.9967],[-4.5353,50.9945],[-4.5294,50.9862],[-4.5357,50.9792],[-4.5329,50.9773],[-4.5352,50.9755],[-4.5327,50.9739],[-4.5331,50.9654],[-4.5444,50.9529],[-4.5411,50.9492],[-4.5427,50.9444],[-4.5501,50.9408],[-4.5455,50.9289],[-4.555,50.9259],[-4.5523,50.924],[-4.5639,50.9152],[-4.5635,50.9083],[-4.5699,50.904],[-4.5641,50.901],[-4.5656,50.8944],[-4.5611,50.8919],[-4.5675,50.8854],[-4.5597,50.8797],[-4.5623,50.8764],[-4.5581,50.8752],[-4.5561,50.8368],[-4.5519,50.8299],[-4.5467,50.83],[-4.5566,50.8315],[-4.5587,50.8288],[-4.5567,50.8085],[-4.561,50.8005],[-4.557,50.7986],[-4.557,50.7939],[-4.5619,50.7813],[-4.5903,50.7662],[-4.6105,50.7622],[-4.6193,50.7565],[-4.6173,50.7552],[-4.6199,50.7513],[-4.6331,50.7499],[-4.6361,50.7483],[-4.6343,50.7465],[-4.6398,50.7457],[-4.6346,50.7409],[-4.6414,50.7381],[-4.6538,50.7399],[-4.6504,50.7375],[-4.6494,50.7289],[-4.6559,50.7235],[-4.653,50.7216],[-4.6552,50.7154],[-4.6674,50.711],[-4.6655,50.7089],[-4.6681,50.7067],[-4.6812,50.7044],[-4.6854,50.6996],[-4.6803,50.696],[-4.6985,50.6944],[-4.7015,50.6918],[-4.6952,50.6905],[-4.7054,50.6906],[-4.7025,50.6876],[-4.7055,50.6858],[-4.7261,50.6841],[-4.7298,50.6736],[-4.7383,50.6714],[-4.7417,50.6745],[-4.74,50.6763],[-4.7441,50.6764],[-4.7464,50.6711],[-4.7571,50.672],[-4.7593,50.668],[-4.7621,50.6709],[-4.8412,50.669],[-4.8419,50.8363],[-4.6544,50.8371],[-4.6538,50.741],[-4.6173,50.7669],[-4.5913,50.773],[-4.5778,50.7846],[-4.5674,50.828],[-4.5677,50.8497],[-4.5769,50.8829],[-4.6161,50.8835],[-4.613,50.9583],[-4.575,50.9585],[-4.575,51.0214],[-4.5249,51.0203]],[[-4.5557,50.9218],[-4.5557,50.9218],[-4.5557,50.9218],[-4.5557,50.9218]],[[-4.5563,50.9217],[-4.5563,50.9217],[-4.5563,50.9217],[-4.5563,50.9217]],[[-4.5562,50.9217],[-4.5562,50.9217],[-4.5563,50.9217],[-4.5562,50.9217]],[[-4.5561,50.9217],[-4.5561,50.9217],[-4.556,50.9217],[-4.5561,50.9217]],[[-4.5559,50.9217],[-4.5559,50.9217],[-4.5559,50.9217],[-4.5559,50.9217]],[[-4.5561,50.9217],[-4.5561,50.9217],[-4.5561,50.9217],[-4.5561,50.9217]],[[-4.5548,50.9227],[-4.5548,50.9227],[-4.5548,50.9227],[-4.5548,50.9227]],[[-4.5561,50.9217],[-4.5561,50.9217],[-4.5562,50.9217],[-4.5561,50.9217]],[[-4.5473,50.936],[-4.5473,50.936],[-4.5473,50.936],[-4.5473,50.936]],[[-4.547,50.9351],[-4.547,50.9351],[-4.547,50.9351],[-4.547,50.9351]],[[-4.5457,50.9318],[-4.5457,50.9318],[-4.5457,50.9318],[-4.5457,50.9318]],[[-4.5458,50.9321],[-4.5458,50.9321],[-4.5458,50.9321],[-4.5458,50.9321]],[[-4.556,50.9217],[-4.556,50.9218],[-4.556,50.9217],[-4.556,50.9217]],[[-4.5458,50.9318],[-4.5458,50.9318],[-4.5458,50.9318],[-4.5458,50.9318]],[[-4.5474,50.936],[-4.5474,50.936],[-4.5474,50.936],[-4.5474,50.936]],[[-4.5444,50.9429],[-4.5443,50.9429],[-4.5444,50.9429],[-4.5444,50.9429]],[[-4.5534,50.9234],[-4.5533,50.9234],[-4.5534,50.9234],[-4.5534,50.9234]],[[-4.5559,50.9217],[-4.5559,50.9217],[-4.5559,50.9217],[-4.5559,50.9217]],[[-4.556,50.9217],[-4.556,50.9217],[-4.556,50.9217],[-4.556,50.9217]],[[-4.5455,50.9323],[-4.5455,50.9323],[-4.5454,50.9323],[-4.5455,50.9323]],[[-4.5546,50.9228],[-4.5546,50.9228],[-4.5546,50.9228],[-4.5546,50.9228]],[[-4.5458,50.9319],[-4.5458,50.9319],[-4.5458,50.9319],[-4.5458,50.9319]],[[-4.5558,50.9218],[-4.5558,50.9218],[-4.5558,50.9217],[-4.5558,50.9218]],[[-4.5455,50.9322],[-4.5455,50.9322],[-4.5455,50.9322],[-4.5455,50.9322]],[[-4.5475,50.936],[-4.5475,50.936],[-4.5475,50.936],[-4.5475,50.936]],[[-4.5531,50.9236],[-4.5531,50.9236],[-4.5531,50.9236],[-4.5531,50.9236]],[[-4.5562,50.9259],[-4.5562,50.9259],[-4.5562,50.9259],[-4.5562,50.9259]],[[-4.5534,50.9235],[-4.5534,50.9235],[-4.5534,50.9235],[-4.5534,50.9235]],[[-4.5472,50.9352],[-4.5472,50.9352],[-4.5472,50.9352],[-4.5472,50.9352]],[[-4.5455,50.9322],[-4.5455,50.9322],[-4.5455,50.9322],[-4.5455,50.9322]],[[-4.5552,50.9259],[-4.5552,50.9259],[-4.5552,50.9259],[-4.5552,50.9259]],[[-4.5559,50.9218],[-4.5559,50.9218],[-4.5559,50.9218],[-4.5559,50.9218]],[[-4.5556,50.9222],[-4.5556,50.9222],[-4.5556,50.9222],[-4.5556,50.9222]],[[-4.5471,50.9352],[-4.5471,50.9352],[-4.5471,50.9352],[-4.5471,50.9352]],[[-4.547,50.9352],[-4.547,50.9352],[-4.547,50.9352],[-4.547,50.9352]],[[-4.5477,50.9364],[-4.5477,50.9364],[-4.5477,50.9364],[-4.5477,50.9364]],[[-4.554,50.9234],[-4.554,50.9235],[-4.554,50.9235],[-4.554,50.9234]],[[-4.5459,50.932],[-4.5459,50.932],[-4.5459,50.932],[-4.5459,50.932]],[[-4.5457,50.9321],[-4.5457,50.9321],[-4.5456,50.9321],[-4.5457,50.9321]],[[-4.5538,50.9235],[-4.5537,50.9235],[-4.5537,50.9235],[-4.5538,50.9235]],[[-4.5539,50.9235],[-4.5538,50.9235],[-4.5539,50.9235],[-4.5539,50.9235]],[[-4.5457,50.9321],[-4.5457,50.932],[-4.5456,50.9321],[-4.5457,50.9321]],[[-4.5527,50.9237],[-4.5527,50.9237],[-4.5527,50.9237],[-4.5527,50.9237]],[[-4.5527,50.9237],[-4.5527,50.9237],[-4.5526,50.9237],[-4.5527,50.9237]],[[-4.5454,50.9323],[-4.5454,50.9323],[-4.5454,50.9323],[-4.5454,50.9323]],[[-4.5555,50.9222],[-4.5555,50.9222],[-4.5554,50.9222],[-4.5555,50.9222]],[[-4.5529,50.9236],[-4.5529,50.9236],[-4.553,50.9236],[-4.5529,50.9236]],[[-4.5439,50.9439],[-4.5439,50.9439],[-4.544,50.9439],[-4.5439,50.9439]],[[-4.5457,50.9322],[-4.5457,50.9322],[-4.5457,50.9322],[-4.5457,50.9322]],[[-4.5528,50.9237],[-4.5528,50.9237],[-4.5528,50.9237],[-4.5528,50.9237]],[[-4.5562,50.9217],[-4.5562,50.9217],[-4.5562,50.9217],[-4.5562,50.9217]],[[-4.558,50.9203],[-4.558,50.9203],[-4.558,50.9203],[-4.558,50.9203]],[[-4.5459,50.932],[-4.5459,50.932],[-4.5459,50.932],[-4.5459,50.932]],[[-4.5443,50.9429],[-4.5442,50.9429],[-4.5443,50.9429],[-4.5443,50.9429]],[[-4.5474,50.9359],[-4.5475,50.9359],[-4.5474,50.9359],[-4.5474,50.9359]],[[-4.5469,50.9349],[-4.5469,50.9349],[-4.5469,50.9349],[-4.5469,50.9349]],[[-4.5457,50.9322],[-4.5457,50.9322],[-4.5457,50.9321],[-4.5457,50.9322]],[[-4.5439,50.9439],[-4.5439,50.9439],[-4.5439,50.9439],[-4.5439,50.9439]],[[-4.5662,50.9058],[-4.5661,50.9058],[-4.5661,50.9058],[-4.5662,50.9058]],[[-4.5477,50.9364],[-4.5476,50.9364],[-4.5477,50.9364],[-4.5477,50.9364]],[[-4.5558,50.9217],[-4.5558,50.9217],[-4.5558,50.9217],[-4.5558,50.9217]],[[-4.5458,50.9322],[-4.5457,50.9322],[-4.5458,50.9322],[-4.5458,50.9322]],[[-4.5469,50.9313],[-4.5468,50.9313],[-4.5468,50.9313],[-4.5469,50.9313]],[[-4.5456,50.9322],[-4.5456,50.9321],[-4.5456,50.9322],[-4.5456,50.9322]],[[-4.5457,50.9319],[-4.5457,50.9319],[-4.5457,50.9319],[-4.5457,50.9319]],[[-4.5459,50.9321],[-4.5459,50.9321],[-4.5459,50.9321],[-4.5459,50.9321]],[[-4.547,50.935],[-4.547,50.935],[-4.547,50.935],[-4.547,50.935]],[[-4.5475,50.9358],[-4.5474,50.9358],[-4.5475,50.9359],[-4.5475,50.9358]],[[-4.5557,50.9219],[-4.5557,50.9219],[-4.5557,50.9219],[-4.5557,50.9219]],[[-4.557,50.9262],[-4.557,50.9262],[-4.557,50.9262],[-4.557,50.9262]],[[-4.5474,50.9359],[-4.5474,50.9359],[-4.5474,50.9359],[-4.5474,50.9359]],[[-4.5559,50.9222],[-4.556,50.9222],[-4.5559,50.9222],[-4.5559,50.9222]],[[-4.5469,50.935],[-4.5469,50.935],[-4.5469,50.935],[-4.5469,50.935]],[[-4.5443,50.9429],[-4.5443,50.9429],[-4.5444,50.9429],[-4.5443,50.9429]],[[-4.5459,50.9318],[-4.5459,50.9318],[-4.5459,50.9318],[-4.5459,50.9318]],[[-4.5468,50.9348],[-4.5468,50.9348],[-4.5468,50.9348],[-4.5468,50.9348]],[[-4.5557,50.9217],[-4.5557,50.9217],[-4.5557,50.9217],[-4.5557,50.9217]],[[-4.5468,50.9348],[-4.5468,50.9348],[-4.5468,50.9348],[-4.5468,50.9348]],[[-4.5477,50.9378],[-4.5477,50.9378],[-4.5477,50.9378],[-4.5477,50.9378]],[[-4.5469,50.932],[-4.547,50.932],[-4.5469,50.932],[-4.5469,50.932]],[[-4.5529,50.9236],[-4.5529,50.9236],[-4.5529,50.9236],[-4.5529,50.9236]],[[-4.5442,50.943],[-4.5442,50.943],[-4.5442,50.943],[-4.5442,50.943]],[[-4.5478,50.9379],[-4.5478,50.9379],[-4.5478,50.9379],[-4.5478,50.9379]],[[-4.556,50.9218],[-4.556,50.9218],[-4.556,50.9218],[-4.556,50.9218]],[[-4.5465,50.9313],[-4.5465,50.9313],[-4.5465,50.9313],[-4.5465,50.9313]],[[-4.5458,50.9322],[-4.5458,50.9322],[-4.5458,50.9322],[-4.5458,50.9322]],[[-4.5473,50.9359],[-4.5473,50.9359],[-4.5473,50.9359],[-4.5473,50.9359]],[[-4.5474,50.936],[-4.5474,50.9361],[-4.5474,50.9361],[-4.5474,50.936]],[[-4.5557,50.9222],[-4.5557,50.9222],[-4.5557,50.9222],[-4.5557,50.9222]],[[-4.5559,50.9222],[-4.5558,50.9222],[-4.5558,50.9222],[-4.5559,50.9222]],[[-4.5458,50.932],[-4.5458,50.932],[-4.5458,50.932],[-4.5458,50.932]],[[-4.5469,50.9349],[-4.5468,50.9349],[-4.5469,50.9349],[-4.5469,50.9349]],[[-4.5467,50.9346],[-4.5468,50.9346],[-4.5467,50.9346],[-4.5467,50.9346]],[[-4.5429,50.9454],[-4.5429,50.9454],[-4.5429,50.9454],[-4.5429,50.9454]],[[-4.5556,50.9222],[-4.5556,50.9221],[-4.5556,50.9221],[-4.5556,50.9222]],[[-4.565,50.9015],[-4.565,50.9015],[-4.5651,50.9015],[-4.565,50.9015]],[[-4.5479,50.938],[-4.5479,50.938],[-4.5479,50.938],[-4.5479,50.938]],[[-4.544,50.9439],[-4.544,50.9439],[-4.544,50.9439],[-4.544,50.9439]],[[-4.5458,50.9319],[-4.5457,50.9319],[-4.5458,50.9319],[-4.5458,50.9319]],[[-4.5465,50.9313],[-4.5464,50.9314],[-4.5465,50.9313],[-4.5465,50.9313]],[[-4.5535,50.9235],[-4.5534,50.9235],[-4.5535,50.9235],[-4.5535,50.9235]],[[-4.5474,50.9358],[-4.5474,50.9358],[-4.5473,50.9358],[-4.5474,50.9358]],[[-4.5458,50.9317],[-4.5457,50.9317],[-4.5457,50.9317],[-4.5458,50.9317]],[[-4.5561,50.9222],[-4.5561,50.9222],[-4.5561,50.9222],[-4.5561,50.9222]],[[-4.5567,50.9211],[-4.5567,50.9211],[-4.5567,50.9211],[-4.5567,50.9211]],[[-4.5577,50.9184],[-4.5577,50.9184],[-4.5577,50.9183],[-4.5577,50.9184]],[[-4.5559,50.9219],[-4.5559,50.9219],[-4.5559,50.9219],[-4.5559,50.9219]],[[-4.5469,50.9348],[-4.5469,50.9349],[-4.5469,50.9349],[-4.5469,50.9348]],[[-4.5563,50.926],[-4.5563,50.926],[-4.5563,50.926],[-4.5563,50.926]],[[-4.5476,50.9365],[-4.5476,50.9364],[-4.5476,50.9364],[-4.5476,50.9365]],[[-4.5557,50.9221],[-4.5557,50.9221],[-4.5557,50.9221],[-4.5557,50.9221]],[[-4.5646,50.9094],[-4.5646,50.9094],[-4.5646,50.9094],[-4.5646,50.9094]],[[-4.5556,50.9259],[-4.5556,50.9259],[-4.5556,50.9259],[-4.5556,50.9259]],[[-4.5472,50.9342],[-4.5471,50.9342],[-4.5472,50.9342],[-4.5472,50.9342]],[[-4.5466,50.9346],[-4.5467,50.9346],[-4.5466,50.9346],[-4.5466,50.9346]],[[-4.5471,50.9351],[-4.5471,50.9351],[-4.5471,50.9351],[-4.5471,50.9351]],[[-4.5458,50.9321],[-4.5458,50.9321],[-4.5458,50.9321],[-4.5458,50.9321]],[[-4.5474,50.9365],[-4.5474,50.9365],[-4.5473,50.9365],[-4.5474,50.9365]],[[-4.5475,50.9365],[-4.5475,50.9365],[-4.5475,50.9365],[-4.5475,50.9365]],[[-4.5433,50.9441],[-4.5433,50.9441],[-4.5433,50.9441],[-4.5433,50.9441]],[[-4.558,50.9202],[-4.558,50.9202],[-4.558,50.9202],[-4.558,50.9202]],[[-4.5562,50.9214],[-4.5562,50.9214],[-4.5562,50.9214],[-4.5562,50.9214]],[[-4.5479,50.938],[-4.548,50.9379],[-4.5479,50.9379],[-4.5479,50.938]],[[-4.5565,50.9214],[-4.5564,50.9214],[-4.5565,50.9214],[-4.5565,50.9214]],[[-4.5535,50.9236],[-4.5535,50.9236],[-4.5535,50.9236],[-4.5535,50.9236]],[[-4.5558,50.9222],[-4.5558,50.9222],[-4.5558,50.9222],[-4.5558,50.9222]],[[-4.5665,50.9059],[-4.5665,50.9058],[-4.5664,50.9058],[-4.5665,50.9059]],[[-4.5455,50.9432],[-4.5455,50.9432],[-4.5455,50.9432],[-4.5455,50.9432]],[[-4.5468,50.9343],[-4.5467,50.9343],[-4.5468,50.9343],[-4.5468,50.9343]],[[-4.5649,50.9015],[-4.5649,50.9015],[-4.5649,50.9015],[-4.5649,50.9015]],[[-4.5466,50.9346],[-4.5466,50.9346],[-4.5467,50.9346],[-4.5466,50.9346]],[[-4.5479,50.9379],[-4.5479,50.9378],[-4.5479,50.9378],[-4.5479,50.9379]],[[-4.5464,50.9313],[-4.5464,50.9313],[-4.5464,50.9313],[-4.5464,50.9313]],[[-4.5572,50.9184],[-4.5572,50.9184],[-4.5572,50.9184],[-4.5572,50.9184]],[[-4.5528,50.9236],[-4.5528,50.9236],[-4.5528,50.9236],[-4.5528,50.9236]],[[-4.547,50.9351],[-4.547,50.9351],[-4.547,50.9351],[-4.547,50.9351]],[[-4.545,50.9432],[-4.545,50.9432],[-4.545,50.9432],[-4.545,50.9432]],[[-4.5659,50.901],[-4.5659,50.901],[-4.5659,50.901],[-4.5659,50.901]],[[-4.5431,50.9451],[-4.5431,50.9451],[-4.5431,50.9451],[-4.5431,50.9451]],[[-4.5555,50.9222],[-4.5555,50.9222],[-4.5555,50.9222],[-4.5555,50.9222]],[[-4.5644,50.9146],[-4.5645,50.9146],[-4.5645,50.9146],[-4.5644,50.9146]],[[-4.5473,50.9363],[-4.5473,50.9364],[-4.5473,50.9364],[-4.5473,50.9363]],[[-4.5463,50.9314],[-4.5463,50.9314],[-4.5463,50.9314],[-4.5463,50.9314]],[[-4.5549,50.9227],[-4.5549,50.9227],[-4.5549,50.9227],[-4.5549,50.9227]],[[-4.5453,50.9432],[-4.5454,50.9432],[-4.5453,50.9432],[-4.5453,50.9432]],[[-4.548,50.938],[-4.548,50.938],[-4.548,50.938],[-4.548,50.938]],[[-4.5533,50.9234],[-4.5533,50.9234],[-4.5533,50.9234],[-4.5533,50.9234]],[[-4.5462,50.9315],[-4.5462,50.9315],[-4.5462,50.9315],[-4.5462,50.9315]],[[-4.5477,50.9377],[-4.5477,50.9377],[-4.5477,50.9377],[-4.5477,50.9377]],[[-4.5472,50.9362],[-4.5471,50.9362],[-4.5472,50.9362],[-4.5472,50.9362]],[[-4.555,50.9227],[-4.555,50.9227],[-4.555,50.9227],[-4.555,50.9227]],[[-4.5579,50.9183],[-4.5579,50.9183],[-4.5579,50.9183],[-4.5579,50.9183]],[[-4.5548,50.9226],[-4.5548,50.9227],[-4.5548,50.9227],[-4.5548,50.9226]],[[-4.5436,50.944],[-4.5436,50.944],[-4.5436,50.944],[-4.5436,50.944]],[[-4.5457,50.932],[-4.5457,50.932],[-4.5457,50.932],[-4.5457,50.932]],[[-4.5432,50.9455],[-4.5432,50.9455],[-4.5432,50.9455],[-4.5432,50.9455]],[[-4.5486,50.9384],[-4.5486,50.9384],[-4.5485,50.9384],[-4.5486,50.9384]],[[-4.5432,50.9454],[-4.5432,50.9454],[-4.5432,50.9454],[-4.5432,50.9454]],[[-4.5476,50.9343],[-4.5476,50.9343],[-4.5476,50.9343],[-4.5476,50.9343]],[[-4.5455,50.9435],[-4.5454,50.9435],[-4.5455,50.9435],[-4.5455,50.9435]],[[-4.5456,50.9322],[-4.5456,50.9322],[-4.5456,50.9323],[-4.5456,50.9322]],[[-4.5581,50.9202],[-4.5581,50.9202],[-4.5581,50.9202],[-4.5581,50.9202]],[[-4.5658,50.8994],[-4.5658,50.8994],[-4.5657,50.8994],[-4.5658,50.8994]],[[-4.5537,50.9235],[-4.5536,50.9235],[-4.5536,50.9235],[-4.5537,50.9235]],[[-4.5477,50.9365],[-4.5477,50.9365],[-4.5477,50.9365],[-4.5477,50.9365]],[[-4.5467,50.9345],[-4.5467,50.9345],[-4.5467,50.9345],[-4.5467,50.9345]],[[-4.5466,50.934],[-4.5466,50.934],[-4.5467,50.934],[-4.5466,50.934]],[[-4.5479,50.9379],[-4.5478,50.9379],[-4.5478,50.9379],[-4.5479,50.9379]],[[-4.5471,50.9361],[-4.5471,50.9361],[-4.5471,50.9361],[-4.5471,50.9361]],[[-4.5466,50.9345],[-4.5466,50.9345],[-4.5466,50.9345],[-4.5466,50.9345]],[[-4.5563,50.9214],[-4.5563,50.9214],[-4.5564,50.9214],[-4.5563,50.9214]],[[-4.5549,50.9228],[-4.5549,50.9228],[-4.5549,50.9228],[-4.5549,50.9228]],[[-4.5478,50.9379],[-4.5478,50.9379],[-4.5478,50.9379],[-4.5478,50.9379]],[[-4.5472,50.9361],[-4.5472,50.936],[-4.5471,50.936],[-4.5472,50.9361]],[[-4.5555,50.922],[-4.5555,50.922],[-4.5555,50.922],[-4.5555,50.922]],[[-4.5468,50.9312],[-4.5468,50.9312],[-4.5467,50.9312],[-4.5468,50.9312]],[[-4.5454,50.9324],[-4.5454,50.9324],[-4.5454,50.9324],[-4.5454,50.9324]],[[-4.5474,50.9375],[-4.5474,50.9375],[-4.5474,50.9375],[-4.5474,50.9375]],[[-4.555,50.926],[-4.555,50.926],[-4.555,50.926],[-4.555,50.926]],[[-4.5428,50.9451],[-4.5428,50.9451],[-4.5429,50.9451],[-4.5428,50.9451]],[[-4.5537,50.9235],[-4.5537,50.9235],[-4.5537,50.9235],[-4.5537,50.9235]],[[-4.5471,50.932],[-4.5471,50.932],[-4.5471,50.932],[-4.5471,50.932]],[[-4.5573,50.9184],[-4.5573,50.9183],[-4.5572,50.9184],[-4.5573,50.9184]],[[-4.5637,50.9146],[-4.5637,50.9146],[-4.5637,50.9146],[-4.5637,50.9146]],[[-4.5526,50.9238],[-4.5526,50.9238],[-4.5526,50.9238],[-4.5526,50.9238]],[[-4.5474,50.9354],[-4.5474,50.9354],[-4.5474,50.9354],[-4.5474,50.9354]],[[-4.5478,50.9378],[-4.5478,50.9378],[-4.5478,50.9378],[-4.5478,50.9378]],[[-4.5467,50.9313],[-4.5467,50.9313],[-4.5467,50.9313],[-4.5467,50.9313]],[[-4.5555,50.9222],[-4.5555,50.9222],[-4.5555,50.9222],[-4.5555,50.9222]],[[-4.5427,50.9446],[-4.5426,50.9446],[-4.5427,50.9446],[-4.5427,50.9446]],[[-4.5667,50.9021],[-4.5667,50.9022],[-4.5667,50.9022],[-4.5667,50.9021]],[[-4.5455,50.9323],[-4.5455,50.9323],[-4.5455,50.9323],[-4.5455,50.9323]],[[-4.5638,50.9146],[-4.5638,50.9145],[-4.5638,50.9146],[-4.5638,50.9146]],[[-4.5643,50.9115],[-4.5643,50.9114],[-4.5643,50.9115],[-4.5643,50.9115]],[[-4.5472,50.9364],[-4.5473,50.9364],[-4.5472,50.9364],[-4.5472,50.9364]],[[-4.5557,50.8451],[-4.5557,50.8451],[-4.5557,50.8451],[-4.5557,50.8451]],[[-4.5572,50.9209],[-4.5572,50.9209],[-4.5572,50.9209],[-4.5572,50.9209]],[[-4.5479,50.9343],[-4.5478,50.9343],[-4.5478,50.9343],[-4.5479,50.9343]],[[-4.551,50.9385],[-4.551,50.9385],[-4.551,50.9385],[-4.551,50.9385]],[[-4.5504,50.9385],[-4.5504,50.9385],[-4.5504,50.9385],[-4.5504,50.9385]],[[-4.547,50.9344],[-4.5471,50.9344],[-4.547,50.9344],[-4.547,50.9344]],[[-4.5487,50.9385],[-4.5486,50.9385],[-4.5486,50.9385],[-4.5487,50.9385]],[[-4.5566,50.9214],[-4.5567,50.9214],[-4.5566,50.9214],[-4.5566,50.9214]],[[-4.5535,50.9235],[-4.5535,50.9235],[-4.5535,50.9235],[-4.5535,50.9235]],[[-4.5572,50.9209],[-4.5572,50.9209],[-4.5573,50.9209],[-4.5572,50.9209]],[[-4.5573,50.9207],[-4.5573,50.9208],[-4.5573,50.9208],[-4.5573,50.9207]],[[-4.5476,50.9375],[-4.5476,50.9374],[-4.5476,50.9374],[-4.5476,50.9375]],[[-4.7411,50.6741],[-4.741,50.6741],[-4.7411,50.6741],[-4.7411,50.6741]],[[-4.5681,50.902],[-4.5681,50.902],[-4.5681,50.902],[-4.5681,50.902]],[[-4.5488,50.9385],[-4.5488,50.9385],[-4.5488,50.9386],[-4.5488,50.9385]],[[-4.5657,50.8995],[-4.5656,50.8995],[-4.5656,50.8995],[-4.5657,50.8995]],[[-4.5665,50.9059],[-4.5665,50.9059],[-4.5665,50.9059],[-4.5665,50.9059]],[[-4.5639,50.9145],[-4.5639,50.9146],[-4.5639,50.9145],[-4.5639,50.9145]],[[-4.5467,50.9343],[-4.5467,50.9343],[-4.5467,50.9343],[-4.5467,50.9343]],[[-4.5635,50.9145],[-4.5635,50.9145],[-4.5634,50.9145],[-4.5635,50.9145]],[[-4.5436,50.9439],[-4.5437,50.9439],[-4.5436,50.9439],[-4.5436,50.9439]],[[-4.5492,50.9391],[-4.5492,50.939],[-4.5491,50.939],[-4.5492,50.9391]],[[-4.5649,50.8975],[-4.5649,50.8975],[-4.5649,50.8975],[-4.5649,50.8975]],[[-4.5482,50.9354],[-4.5481,50.9354],[-4.5482,50.9354],[-4.5482,50.9354]],[[-4.5569,50.921],[-4.5569,50.921],[-4.5569,50.921],[-4.5569,50.921]],[[-4.5435,50.9439],[-4.5435,50.9439],[-4.5435,50.9439],[-4.5435,50.9439]],[[-4.557,50.921],[-4.557,50.921],[-4.557,50.921],[-4.557,50.921]],[[-4.5545,50.9258],[-4.5545,50.9257],[-4.5545,50.9258],[-4.5545,50.9258]],[[-4.548,50.9343],[-4.548,50.9343],[-4.548,50.9343],[-4.548,50.9343]],[[-4.556,50.9216],[-4.556,50.9216],[-4.556,50.9216],[-4.556,50.9216]],[[-4.5565,50.9214],[-4.5566,50.9214],[-4.5565,50.9214],[-4.5565,50.9214]],[[-4.565,50.9106],[-4.565,50.9106],[-4.5649,50.9106],[-4.565,50.9106]],[[-4.5482,50.9378],[-4.5482,50.9378],[-4.5481,50.9378],[-4.5482,50.9378]],[[-4.5636,50.9146],[-4.5636,50.9146],[-4.5636,50.9145],[-4.5636,50.9146]],[[-4.5688,50.9043],[-4.5688,50.9043],[-4.5687,50.9043],[-4.5688,50.9043]],[[-4.5511,50.9385],[-4.5512,50.9384],[-4.5511,50.9384],[-4.5511,50.9385]],[[-4.5635,50.9144],[-4.5635,50.9144],[-4.5635,50.9144],[-4.5635,50.9144]],[[-4.5649,50.8974],[-4.565,50.8974],[-4.5649,50.8974],[-4.5649,50.8974]],[[-4.5472,50.9374],[-4.5472,50.9374],[-4.5472,50.9374],[-4.5472,50.9374]],[[-4.557,50.9263],[-4.557,50.9263],[-4.557,50.9263],[-4.557,50.9263]],[[-4.5466,50.9344],[-4.5467,50.9344],[-4.5466,50.9344],[-4.5466,50.9344]],[[-4.5643,50.9115],[-4.5643,50.9115],[-4.5643,50.9115],[-4.5643,50.9115]],[[-4.548,50.9311],[-4.548,50.9311],[-4.548,50.9311],[-4.548,50.9311]],[[-4.5472,50.936],[-4.5472,50.936],[-4.5472,50.936],[-4.5472,50.936]],[[-4.5651,50.9014],[-4.565,50.9015],[-4.5651,50.9015],[-4.5651,50.9014]],[[-4.5558,50.9218],[-4.5557,50.9218],[-4.5557,50.9218],[-4.5558,50.9218]],[[-4.5659,50.9126],[-4.566,50.9126],[-4.5659,50.9126],[-4.5659,50.9126]],[[-4.5427,50.9454],[-4.5426,50.9454],[-4.5427,50.9455],[-4.5427,50.9454]],[[-4.5648,50.8974],[-4.5648,50.8974],[-4.5648,50.8974],[-4.5648,50.8974]],[[-4.5645,50.9123],[-4.5645,50.9123],[-4.5645,50.9123],[-4.5645,50.9123]],[[-4.5652,50.9107],[-4.5652,50.9107],[-4.5652,50.9107],[-4.5652,50.9107]],[[-4.556,50.9222],[-4.556,50.9222],[-4.556,50.9222],[-4.556,50.9222]],[[-4.5576,50.9183],[-4.5576,50.9183],[-4.5576,50.9183],[-4.5576,50.9183]],[[-4.5427,50.9453],[-4.5427,50.9453],[-4.5427,50.9453],[-4.5427,50.9453]],[[-4.5472,50.9362],[-4.5471,50.9362],[-4.5472,50.9362],[-4.5472,50.9362]],[[-4.5508,50.9384],[-4.5509,50.9384],[-4.5508,50.9384],[-4.5508,50.9384]],[[-4.5428,50.9455],[-4.5428,50.9455],[-4.5428,50.9455],[-4.5428,50.9455]],[[-4.565,50.9017],[-4.5649,50.9018],[-4.565,50.9018],[-4.565,50.9017]],[[-4.5467,50.9343],[-4.5468,50.9343],[-4.5467,50.9343],[-4.5467,50.9343]],[[-4.5647,50.8974],[-4.5647,50.8974],[-4.5646,50.8974],[-4.5647,50.8974]],[[-4.565,50.9018],[-4.5651,50.9018],[-4.565,50.9018],[-4.565,50.9018]],[[-4.5583,50.9202],[-4.5583,50.9202],[-4.5583,50.9202],[-4.5583,50.9202]],[[-4.5467,50.9414],[-4.5468,50.9414],[-4.5467,50.9414],[-4.5467,50.9414]],[[-4.5473,50.9373],[-4.5473,50.9373],[-4.5473,50.9373],[-4.5473,50.9373]],[[-4.5687,50.9044],[-4.5687,50.9044],[-4.5687,50.9044],[-4.5687,50.9044]],[[-4.5432,50.9456],[-4.5432,50.9455],[-4.5432,50.9455],[-4.5432,50.9456]],[[-4.5462,50.9341],[-4.5463,50.934],[-4.5462,50.934],[-4.5462,50.9341]],[[-4.5448,50.9436],[-4.5448,50.9436],[-4.5448,50.9436],[-4.5448,50.9436]],[[-4.5571,50.9209],[-4.557,50.9209],[-4.5571,50.9209],[-4.5571,50.9209]],[[-4.5503,50.9384],[-4.5503,50.9384],[-4.5503,50.9384],[-4.5503,50.9384]],[[-4.543,50.9447],[-4.5429,50.9447],[-4.543,50.9447],[-4.543,50.9447]],[[-4.5659,50.902],[-4.5659,50.902],[-4.5658,50.902],[-4.5659,50.902]],[[-4.5463,50.9314],[-4.5462,50.9314],[-4.5462,50.9315],[-4.5463,50.9314]],[[-4.566,50.9007],[-4.566,50.9007],[-4.566,50.9008],[-4.566,50.9007]],[[-4.5672,50.903],[-4.5671,50.903],[-4.5671,50.903],[-4.5672,50.903]],[[-4.5647,50.8974],[-4.5647,50.8974],[-4.5647,50.8975],[-4.5647,50.8974]],[[-4.7064,50.686],[-4.7064,50.686],[-4.7064,50.686],[-4.7064,50.686]],[[-4.5468,50.9342],[-4.5468,50.9342],[-4.5467,50.9342],[-4.5468,50.9342]],[[-4.5658,50.9127],[-4.5658,50.9128],[-4.5658,50.9127],[-4.5658,50.9127]],[[-4.5435,50.9443],[-4.5434,50.9443],[-4.5434,50.9443],[-4.5435,50.9443]],[[-4.5436,50.9439],[-4.5436,50.9439],[-4.5436,50.9439],[-4.5436,50.9439]],[[-4.5568,50.9211],[-4.5568,50.9211],[-4.5568,50.9211],[-4.5568,50.9211]],[[-4.5636,50.9145],[-4.5637,50.9145],[-4.5637,50.9145],[-4.5636,50.9145]],[[-4.5493,50.9391],[-4.5493,50.9391],[-4.5493,50.9391],[-4.5493,50.9391]],[[-4.549,50.9385],[-4.549,50.9385],[-4.5489,50.9385],[-4.549,50.9385]],[[-4.5581,50.9203],[-4.558,50.9203],[-4.5581,50.9203],[-4.5581,50.9203]],[[-4.5457,50.9323],[-4.5457,50.9323],[-4.5457,50.9322],[-4.5457,50.9323]],[[-4.5661,50.9057],[-4.5661,50.9057],[-4.5661,50.9057],[-4.5661,50.9057]],[[-4.5468,50.9413],[-4.5468,50.9414],[-4.5468,50.9414],[-4.5468,50.9413]],[[-4.5663,50.9059],[-4.5662,50.9059],[-4.5662,50.9059],[-4.5663,50.9059]],[[-4.5655,50.9127],[-4.5655,50.9127],[-4.5654,50.9127],[-4.5655,50.9127]],[[-4.707,50.6859],[-4.707,50.6859],[-4.707,50.6859],[-4.707,50.6859]],[[-4.5457,50.934],[-4.5457,50.934],[-4.5457,50.934],[-4.5457,50.934]],[[-4.5645,50.9114],[-4.5644,50.9114],[-4.5645,50.9114],[-4.5645,50.9114]],[[-4.5653,50.9125],[-4.5654,50.9125],[-4.5654,50.9125],[-4.5653,50.9125]],[[-4.5493,50.9392],[-4.5493,50.9391],[-4.5492,50.9391],[-4.5493,50.9392]],[[-4.5671,50.9029],[-4.5671,50.9029],[-4.5671,50.9029],[-4.5671,50.9029]],[[-4.5646,50.9121],[-4.5646,50.9121],[-4.5646,50.9122],[-4.5646,50.9121]],[[-4.5656,50.9127],[-4.5656,50.9127],[-4.5656,50.9127],[-4.5656,50.9127]],[[-4.5451,50.9432],[-4.5451,50.9432],[-4.5451,50.9432],[-4.5451,50.9432]],[[-4.5491,50.9389],[-4.5491,50.939],[-4.5491,50.939],[-4.5491,50.9389]],[[-4.5653,50.9126],[-4.5653,50.9126],[-4.5653,50.9126],[-4.5653,50.9126]],[[-4.5643,50.9118],[-4.5643,50.9118],[-4.5643,50.9118],[-4.5643,50.9118]],[[-4.7069,50.6859],[-4.7069,50.6859],[-4.7069,50.6859],[-4.7069,50.6859]],[[-4.5472,50.9311],[-4.5472,50.9311],[-4.5472,50.9311],[-4.5472,50.9311]],[[-4.5505,50.9385],[-4.5505,50.9385],[-4.5505,50.9385],[-4.5505,50.9385]],[[-4.5644,50.9113],[-4.5644,50.9113],[-4.5644,50.9113],[-4.5644,50.9113]],[[-4.5472,50.9353],[-4.5472,50.9353],[-4.5472,50.9353],[-4.5472,50.9353]],[[-4.5654,50.9126],[-4.5654,50.9126],[-4.5654,50.9126],[-4.5654,50.9126]],[[-4.5471,50.9353],[-4.5472,50.9353],[-4.5471,50.9353],[-4.5471,50.9353]],[[-4.5673,50.9022],[-4.5673,50.9022],[-4.5673,50.9022],[-4.5673,50.9022]],[[-4.5643,50.9147],[-4.5643,50.9147],[-4.5643,50.9147],[-4.5643,50.9147]],[[-4.5566,50.9213],[-4.5566,50.9213],[-4.5566,50.9213],[-4.5566,50.9213]],[[-4.5665,50.9118],[-4.5665,50.9118],[-4.5665,50.9118],[-4.5665,50.9118]],[[-4.5673,50.911],[-4.5674,50.9111],[-4.5674,50.911],[-4.5673,50.911]],[[-4.5644,50.9115],[-4.5644,50.9114],[-4.5644,50.9114],[-4.5644,50.9115]],[[-4.5438,50.9441],[-4.5439,50.9441],[-4.5438,50.9441],[-4.5438,50.9441]],[[-4.5472,50.9344],[-4.5472,50.9344],[-4.5472,50.9344],[-4.5472,50.9344]],[[-4.5461,50.9341],[-4.5461,50.9341],[-4.546,50.9341],[-4.5461,50.9341]],[[-4.5557,50.8447],[-4.5556,50.8447],[-4.5557,50.8448],[-4.5557,50.8447]],[[-4.5663,50.9055],[-4.5662,50.9056],[-4.5663,50.9056],[-4.5663,50.9055]],[[-4.5604,50.9178],[-4.5604,50.9178],[-4.5603,50.9178],[-4.5604,50.9178]],[[-4.5431,50.9456],[-4.5431,50.9456],[-4.5431,50.9456],[-4.5431,50.9456]],[[-4.5469,50.9312],[-4.5469,50.9312],[-4.547,50.9312],[-4.5469,50.9312]],[[-4.5649,50.9079],[-4.5649,50.908],[-4.5649,50.9079],[-4.5649,50.9079]],[[-4.5671,50.9029],[-4.5671,50.9029],[-4.5671,50.9029],[-4.5671,50.9029]],[[-4.5667,50.9058],[-4.5666,50.9058],[-4.5667,50.9058],[-4.5667,50.9058]],[[-4.5672,50.903],[-4.5673,50.903],[-4.5672,50.9029],[-4.5672,50.903]],[[-4.5611,50.9174],[-4.561,50.9174],[-4.5611,50.9174],[-4.5611,50.9174]],[[-4.5469,50.9338],[-4.5468,50.9338],[-4.5469,50.9338],[-4.5469,50.9338]],[[-4.5459,50.9426],[-4.5459,50.9426],[-4.5459,50.9426],[-4.5459,50.9426]],[[-4.5545,50.9262],[-4.5545,50.9261],[-4.5545,50.9261],[-4.5545,50.9262]],[[-4.5569,50.9212],[-4.5569,50.9212],[-4.5569,50.9212],[-4.5569,50.9212]],[[-4.6345,50.7466],[-4.6346,50.7465],[-4.6345,50.7465],[-4.6345,50.7466]],[[-4.5675,50.9032],[-4.5675,50.9032],[-4.5675,50.9032],[-4.5675,50.9032]],[[-4.7383,50.6715],[-4.7383,50.6715],[-4.7383,50.6715],[-4.7383,50.6715]],[[-4.5646,50.9122],[-4.5645,50.9122],[-4.5645,50.9122],[-4.5646,50.9122]],[[-4.5641,50.9146],[-4.564,50.9146],[-4.5641,50.9146],[-4.5641,50.9146]],[[-4.5676,50.9032],[-4.5676,50.9032],[-4.5676,50.9032],[-4.5676,50.9032]],[[-4.5484,50.9357],[-4.5483,50.9357],[-4.5484,50.9357],[-4.5484,50.9357]],[[-4.5489,50.9376],[-4.5489,50.9376],[-4.5489,50.9376],[-4.5489,50.9376]],[[-4.5434,50.9441],[-4.5434,50.944],[-4.5434,50.944],[-4.5434,50.9441]],[[-4.5679,50.9031],[-4.5679,50.9031],[-4.5679,50.9031],[-4.5679,50.9031]],[[-4.5651,50.9119],[-4.5651,50.9119],[-4.5651,50.9119],[-4.5651,50.9119]],[[-4.5481,50.9355],[-4.548,50.9355],[-4.5481,50.9355],[-4.5481,50.9355]],[[-4.543,50.9457],[-4.543,50.9457],[-4.543,50.9457],[-4.543,50.9457]],[[-4.5652,50.91],[-4.5652,50.91],[-4.5652,50.9101],[-4.5652,50.91]],[[-4.5649,50.9015],[-4.5648,50.9015],[-4.5648,50.9015],[-4.5649,50.9015]],[[-4.565,50.8973],[-4.565,50.8973],[-4.5649,50.8973],[-4.565,50.8973]],[[-4.5495,50.939],[-4.5495,50.939],[-4.5495,50.939],[-4.5495,50.939]],[[-4.5701,50.9037],[-4.5701,50.9037],[-4.5701,50.9037],[-4.5701,50.9037]],[[-4.5653,50.8988],[-4.5653,50.8988],[-4.5653,50.8988],[-4.5653,50.8988]],[[-4.5652,50.9101],[-4.5651,50.9101],[-4.5651,50.9101],[-4.5652,50.9101]],[[-4.5651,50.9123],[-4.5651,50.9123],[-4.5651,50.9123],[-4.5651,50.9123]],[[-4.5478,50.9413],[-4.5479,50.9412],[-4.5479,50.9412],[-4.5478,50.9413]],[[-4.5656,50.9123],[-4.5656,50.9123],[-4.5656,50.9123],[-4.5656,50.9123]],[[-4.7379,50.6716],[-4.7379,50.6716],[-4.7379,50.6716],[-4.7379,50.6716]],[[-4.5601,50.9178],[-4.5602,50.9178],[-4.5601,50.9178],[-4.5601,50.9178]],[[-4.5651,50.8973],[-4.5651,50.8973],[-4.5651,50.8973],[-4.5651,50.8973]],[[-4.5659,50.9118],[-4.5658,50.9118],[-4.5658,50.9118],[-4.5659,50.9118]],[[-4.7389,50.6729],[-4.7389,50.6729],[-4.7389,50.6729],[-4.7389,50.6729]],[[-4.546,50.9315],[-4.546,50.9316],[-4.546,50.9315],[-4.546,50.9315]],[[-4.5653,50.8992],[-4.5652,50.8993],[-4.5653,50.8993],[-4.5653,50.8992]],[[-4.568,50.9032],[-4.568,50.9032],[-4.568,50.9032],[-4.568,50.9032]],[[-4.5464,50.934],[-4.5465,50.934],[-4.5464,50.934],[-4.5464,50.934]],[[-4.5676,50.9033],[-4.5676,50.9033],[-4.5676,50.9033],[-4.5676,50.9033]],[[-4.7416,50.6744],[-4.7415,50.6744],[-4.7416,50.6745],[-4.7416,50.6744]],[[-4.5668,50.9026],[-4.5667,50.9026],[-4.5668,50.9026],[-4.5668,50.9026]],[[-4.5672,50.9056],[-4.5673,50.9056],[-4.5672,50.9056],[-4.5672,50.9056]],[[-4.5644,50.9094],[-4.5645,50.9094],[-4.5645,50.9094],[-4.5644,50.9094]],[[-4.5655,50.9127],[-4.5656,50.9128],[-4.5656,50.9127],[-4.5655,50.9127]],[[-4.5646,50.9091],[-4.5647,50.9091],[-4.5647,50.9091],[-4.5646,50.9091]],[[-4.5652,50.9099],[-4.5652,50.9099],[-4.5651,50.9099],[-4.5652,50.9099]],[[-4.5677,50.9031],[-4.5677,50.9031],[-4.5676,50.9031],[-4.5677,50.9031]],[[-4.7416,50.6744],[-4.7417,50.6744],[-4.7416,50.6744],[-4.7416,50.6744]],[[-4.5652,50.8984],[-4.5652,50.8984],[-4.5652,50.8984],[-4.5652,50.8984]],[[-4.5665,50.9027],[-4.5665,50.9027],[-4.5665,50.9026],[-4.5665,50.9027]],[[-4.5472,50.9343],[-4.5472,50.9343],[-4.5472,50.9343],[-4.5472,50.9343]],[[-4.5597,50.9179],[-4.5598,50.9179],[-4.5598,50.9178],[-4.5597,50.9179]],[[-4.738,50.6715],[-4.738,50.6715],[-4.738,50.6716],[-4.738,50.6715]],[[-4.5652,50.9126],[-4.5652,50.9126],[-4.5652,50.9126],[-4.5652,50.9126]],[[-4.5654,50.8977],[-4.5654,50.8977],[-4.5653,50.8977],[-4.5654,50.8977]],[[-4.5464,50.934],[-4.5464,50.9341],[-4.5465,50.934],[-4.5464,50.934]],[[-4.5675,50.8988],[-4.5674,50.8988],[-4.5675,50.8989],[-4.5675,50.8988]],[[-4.5666,50.9023],[-4.5667,50.9023],[-4.5666,50.9023],[-4.5666,50.9023]],[[-4.5474,50.9355],[-4.5473,50.9355],[-4.5474,50.9355],[-4.5474,50.9355]],[[-4.741,50.6742],[-4.741,50.6742],[-4.741,50.6742],[-4.741,50.6742]],[[-4.5694,50.9041],[-4.5694,50.9041],[-4.5694,50.9041],[-4.5694,50.9041]],[[-4.5663,50.9108],[-4.5662,50.9109],[-4.5663,50.9109],[-4.5663,50.9108]],[[-4.5449,50.9436],[-4.5449,50.9436],[-4.5449,50.9436],[-4.5449,50.9436]],[[-4.5656,50.8977],[-4.5657,50.8977],[-4.5656,50.8977],[-4.5656,50.8977]],[[-4.5499,50.9385],[-4.5499,50.9385],[-4.5499,50.9384],[-4.5499,50.9385]],[[-4.5463,50.9341],[-4.5463,50.9341],[-4.5462,50.9341],[-4.5463,50.9341]],[[-4.6348,50.7466],[-4.6347,50.7466],[-4.6347,50.7466],[-4.6348,50.7466]],[[-4.564,50.9148],[-4.5641,50.9148],[-4.564,50.9148],[-4.564,50.9148]],[[-4.5557,50.8449],[-4.5557,50.845],[-4.5557,50.845],[-4.5557,50.8449]],[[-4.5429,50.9457],[-4.5428,50.9457],[-4.5429,50.9457],[-4.5429,50.9457]],[[-4.566,50.902],[-4.566,50.902],[-4.566,50.902],[-4.566,50.902]],[[-4.5658,50.9128],[-4.5658,50.9128],[-4.5658,50.9128],[-4.5658,50.9128]],[[-4.5415,50.9485],[-4.5415,50.9485],[-4.5414,50.9484],[-4.5415,50.9485]],[[-4.5651,50.91],[-4.565,50.91],[-4.5651,50.9101],[-4.5651,50.91]],[[-4.5473,50.9353],[-4.5472,50.9354],[-4.5473,50.9354],[-4.5473,50.9353]],[[-4.5648,50.9098],[-4.5648,50.9098],[-4.5649,50.9098],[-4.5648,50.9098]],[[-4.5654,50.8985],[-4.5654,50.8985],[-4.5655,50.8985],[-4.5654,50.8985]],[[-4.5656,50.8992],[-4.5655,50.8992],[-4.5656,50.8992],[-4.5656,50.8992]],[[-4.5675,50.9031],[-4.5675,50.9031],[-4.5675,50.9031],[-4.5675,50.9031]],[[-4.5592,50.9179],[-4.5593,50.9179],[-4.5593,50.9179],[-4.5592,50.9179]],[[-4.5659,50.9119],[-4.5659,50.9119],[-4.5659,50.9119],[-4.5659,50.9119]],[[-4.5653,50.8992],[-4.5652,50.8992],[-4.5653,50.8992],[-4.5653,50.8992]],[[-4.5661,50.9071],[-4.566,50.9071],[-4.5661,50.9071],[-4.5661,50.9071]],[[-4.7382,50.6715],[-4.7382,50.6715],[-4.7382,50.6715],[-4.7382,50.6715]],[[-4.5682,50.9032],[-4.5681,50.9032],[-4.5682,50.9032],[-4.5682,50.9032]],[[-4.5647,50.908],[-4.5647,50.908],[-4.5647,50.908],[-4.5647,50.908]],[[-4.741,50.6741],[-4.741,50.6741],[-4.7409,50.6741],[-4.741,50.6741]],[[-4.5467,50.9414],[-4.5467,50.9414],[-4.5467,50.9414],[-4.5467,50.9414]],[[-4.5558,50.8448],[-4.5557,50.8448],[-4.5557,50.8448],[-4.5558,50.8448]],[[-4.5643,50.9151],[-4.5644,50.915],[-4.5643,50.915],[-4.5643,50.9151]],[[-4.5664,50.8988],[-4.5664,50.8988],[-4.5664,50.8988],[-4.5664,50.8988]],[[-4.6211,50.7512],[-4.6212,50.7512],[-4.6212,50.7512],[-4.6211,50.7512]],[[-4.5472,50.9355],[-4.5472,50.9355],[-4.5472,50.9355],[-4.5472,50.9355]],[[-4.5653,50.8981],[-4.5653,50.8981],[-4.5653,50.8981],[-4.5653,50.8981]],[[-4.5672,50.9029],[-4.5672,50.9029],[-4.5672,50.9029],[-4.5672,50.9029]],[[-4.5694,50.9036],[-4.5694,50.9036],[-4.5695,50.9036],[-4.5694,50.9036]],[[-4.549,50.9388],[-4.549,50.9389],[-4.549,50.9389],[-4.549,50.9388]],[[-4.5437,50.9438],[-4.5436,50.9438],[-4.5436,50.9438],[-4.5437,50.9438]],[[-4.546,50.9341],[-4.546,50.9341],[-4.5459,50.9341],[-4.546,50.9341]],[[-4.6294,50.7509],[-4.6294,50.7509],[-4.6294,50.7509],[-4.6294,50.7509]],[[-4.5652,50.9128],[-4.5652,50.9128],[-4.5653,50.9128],[-4.5652,50.9128]],[[-4.5593,50.9201],[-4.5592,50.9201],[-4.5593,50.9201],[-4.5593,50.9201]],[[-4.565,50.9099],[-4.565,50.9099],[-4.565,50.9099],[-4.565,50.9099]],[[-4.6348,50.7466],[-4.6349,50.7466],[-4.6348,50.7465],[-4.6348,50.7466]],[[-4.5478,50.9355],[-4.5477,50.9355],[-4.5478,50.9355],[-4.5478,50.9355]],[[-4.5654,50.8976],[-4.5655,50.8976],[-4.5655,50.8976],[-4.5654,50.8976]],[[-4.5463,50.9308],[-4.5464,50.9307],[-4.5463,50.9308],[-4.5463,50.9308]],[[-4.5429,50.9459],[-4.5428,50.946],[-4.5429,50.946],[-4.5429,50.9459]],[[-4.5657,50.9071],[-4.5657,50.907],[-4.5657,50.907],[-4.5657,50.9071]],[[-4.5656,50.8978],[-4.5656,50.8978],[-4.5656,50.8978],[-4.5656,50.8978]],[[-4.564,50.9146],[-4.5639,50.9146],[-4.5639,50.9146],[-4.564,50.9146]],[[-4.5659,50.9071],[-4.5659,50.907],[-4.5659,50.907],[-4.5659,50.9071]],[[-4.5681,50.9032],[-4.5681,50.9031],[-4.568,50.9031],[-4.5681,50.9032]],[[-4.5657,50.8978],[-4.5658,50.8978],[-4.5657,50.8978],[-4.5657,50.8978]],[[-4.5649,50.9099],[-4.5649,50.9099],[-4.5649,50.9099],[-4.5649,50.9099]],[[-4.5462,50.9341],[-4.5461,50.9341],[-4.5462,50.9341],[-4.5462,50.9341]],[[-4.5468,50.9343],[-4.5468,50.9343],[-4.5469,50.9343],[-4.5468,50.9343]],[[-4.5677,50.902],[-4.5676,50.9021],[-4.5676,50.9021],[-4.5677,50.902]],[[-4.7439,50.6732],[-4.7439,50.6732],[-4.7439,50.6732],[-4.7439,50.6732]],[[-4.6345,50.7465],[-4.6345,50.7465],[-4.6344,50.7465],[-4.6345,50.7465]],[[-4.569,50.9026],[-4.569,50.9026],[-4.569,50.9026],[-4.569,50.9026]],[[-4.5668,50.9058],[-4.5668,50.9058],[-4.5668,50.9058],[-4.5668,50.9058]],[[-4.5428,50.9456],[-4.5427,50.9456],[-4.5428,50.9456],[-4.5428,50.9456]],[[-4.5653,50.9014],[-4.5653,50.9014],[-4.5653,50.9014],[-4.5653,50.9014]],[[-4.5687,50.9044],[-4.5687,50.9044],[-4.5687,50.9044],[-4.5687,50.9044]],[[-4.7063,50.6861],[-4.7062,50.6861],[-4.7062,50.6861],[-4.7063,50.6861]],[[-4.5458,50.934],[-4.5459,50.934],[-4.5458,50.934],[-4.5458,50.934]],[[-4.744,50.673],[-4.7439,50.673],[-4.744,50.673],[-4.744,50.673]],[[-4.5478,50.9354],[-4.5478,50.9354],[-4.5478,50.9354],[-4.5478,50.9354]],[[-4.5681,50.9033],[-4.568,50.9033],[-4.5681,50.9033],[-4.5681,50.9033]],[[-4.5653,50.9123],[-4.5653,50.9123],[-4.5652,50.9123],[-4.5653,50.9123]],[[-4.5677,50.9013],[-4.5676,50.9013],[-4.5677,50.9013],[-4.5677,50.9013]],[[-4.5464,50.9343],[-4.5464,50.9343],[-4.5463,50.9343],[-4.5464,50.9343]],[[-4.5652,50.9102],[-4.5652,50.9102],[-4.5651,50.9102],[-4.5652,50.9102]],[[-4.564,50.9094],[-4.5641,50.9094],[-4.564,50.9094],[-4.564,50.9094]],[[-4.7442,50.6734],[-4.7441,50.6734],[-4.7442,50.6734],[-4.7442,50.6734]],[[-4.566,50.9021],[-4.566,50.9021],[-4.5659,50.9021],[-4.566,50.9021]],[[-4.6347,50.7465],[-4.6347,50.7465],[-4.6346,50.7465],[-4.6347,50.7465]],[[-4.744,50.6732],[-4.744,50.6732],[-4.744,50.6732],[-4.744,50.6732]],[[-4.5653,50.9019],[-4.5654,50.9019],[-4.5653,50.9019],[-4.5653,50.9019]],[[-4.559,50.9201],[-4.5591,50.92],[-4.559,50.92],[-4.559,50.9201]],[[-4.5472,50.9354],[-4.5472,50.9354],[-4.5472,50.9354],[-4.5472,50.9354]],[[-4.5677,50.9111],[-4.5677,50.9111],[-4.5676,50.9111],[-4.5677,50.9111]],[[-4.5689,50.9043],[-4.5689,50.9043],[-4.5689,50.9043],[-4.5689,50.9043]],[[-4.5689,50.9035],[-4.5689,50.9035],[-4.5689,50.9035],[-4.5689,50.9035]],[[-4.5466,50.9341],[-4.5465,50.9341],[-4.5466,50.9341],[-4.5466,50.9341]],[[-4.5652,50.898],[-4.5652,50.898],[-4.5653,50.898],[-4.5652,50.898]],[[-4.5654,50.9101],[-4.5654,50.9101],[-4.5653,50.9101],[-4.5654,50.9101]],[[-4.5659,50.8983],[-4.5659,50.8983],[-4.566,50.8983],[-4.5659,50.8983]],[[-4.5651,50.9099],[-4.5651,50.91],[-4.5651,50.91],[-4.5651,50.9099]],[[-4.5655,50.9105],[-4.5655,50.9105],[-4.5655,50.9105],[-4.5655,50.9105]],[[-4.5658,50.9071],[-4.5657,50.9071],[-4.5658,50.9072],[-4.5658,50.9071]],[[-4.6205,50.7514],[-4.6204,50.7514],[-4.6205,50.7514],[-4.6205,50.7514]],[[-4.5696,50.9041],[-4.5697,50.9041],[-4.5696,50.9041],[-4.5696,50.9041]],[[-4.5476,50.9355],[-4.5476,50.9355],[-4.5476,50.9355],[-4.5476,50.9355]],[[-4.7382,50.6714],[-4.7382,50.6714],[-4.7382,50.6714],[-4.7382,50.6714]],[[-4.5647,50.9097],[-4.5647,50.9097],[-4.5647,50.9097],[-4.5647,50.9097]],[[-4.5641,50.9093],[-4.5641,50.9093],[-4.5641,50.9093],[-4.5641,50.9093]],[[-4.546,50.934],[-4.5461,50.934],[-4.5461,50.934],[-4.546,50.934]],[[-4.567,50.9129],[-4.567,50.9129],[-4.5671,50.9129],[-4.567,50.9129]],[[-4.5439,50.9441],[-4.544,50.944],[-4.5439,50.944],[-4.5439,50.9441]],[[-4.5653,50.8994],[-4.5653,50.8994],[-4.5653,50.8994],[-4.5653,50.8994]],[[-4.7415,50.6742],[-4.7415,50.6742],[-4.7415,50.6742],[-4.7415,50.6742]],[[-4.5462,50.934],[-4.5463,50.934],[-4.5462,50.934],[-4.5462,50.934]],[[-4.5675,50.9012],[-4.5675,50.9012],[-4.5676,50.9012],[-4.5675,50.9012]],[[-4.5644,50.9009],[-4.5643,50.9009],[-4.5644,50.9009],[-4.5644,50.9009]],[[-4.5661,50.8994],[-4.5661,50.8994],[-4.5662,50.8994],[-4.5661,50.8994]],[[-4.739,50.673],[-4.7389,50.673],[-4.7389,50.673],[-4.739,50.673]],[[-4.5684,50.9034],[-4.5684,50.9034],[-4.5684,50.9034],[-4.5684,50.9034]],[[-4.5653,50.8995],[-4.5652,50.8995],[-4.5653,50.8995],[-4.5653,50.8995]],[[-4.566,50.9107],[-4.5659,50.9107],[-4.5659,50.9108],[-4.566,50.9107]],[[-4.6211,50.7513],[-4.6211,50.7512],[-4.621,50.7513],[-4.6211,50.7513]],[[-4.5666,50.901],[-4.5666,50.901],[-4.5665,50.901],[-4.5666,50.901]],[[-4.568,50.9032],[-4.568,50.9033],[-4.568,50.9033],[-4.568,50.9032]],[[-4.5675,50.9019],[-4.5675,50.9019],[-4.5675,50.9019],[-4.5675,50.9019]],[[-4.5654,50.9018],[-4.5653,50.9018],[-4.5654,50.9018],[-4.5654,50.9018]],[[-4.543,50.9459],[-4.543,50.9459],[-4.543,50.9459],[-4.543,50.9459]],[[-4.5648,50.9013],[-4.5648,50.9013],[-4.5648,50.9013],[-4.5648,50.9013]],[[-4.5595,50.9179],[-4.5595,50.9179],[-4.5596,50.9179],[-4.5595,50.9179]],[[-4.5639,50.9093],[-4.5639,50.9092],[-4.5639,50.9093],[-4.5639,50.9093]],[[-4.5695,50.9042],[-4.5695,50.9042],[-4.5694,50.9042],[-4.5695,50.9042]],[[-4.5467,50.9307],[-4.5467,50.9307],[-4.5467,50.9307],[-4.5467,50.9307]],[[-4.5688,50.9045],[-4.5687,50.9045],[-4.5688,50.9045],[-4.5688,50.9045]],[[-4.7448,50.6736],[-4.7448,50.6736],[-4.7448,50.6736],[-4.7448,50.6736]],[[-4.739,50.6729],[-4.7389,50.673],[-4.739,50.673],[-4.739,50.6729]],[[-4.5639,50.9092],[-4.5639,50.9091],[-4.5639,50.9091],[-4.5639,50.9092]],[[-4.5669,50.899],[-4.5669,50.899],[-4.567,50.899],[-4.5669,50.899]],[[-4.5656,50.9106],[-4.5656,50.9106],[-4.5656,50.9105],[-4.5656,50.9106]],[[-4.5691,50.9034],[-4.569,50.9034],[-4.5691,50.9034],[-4.5691,50.9034]],[[-4.5663,50.9021],[-4.5663,50.9021],[-4.5663,50.902],[-4.5663,50.9021]],[[-4.5628,50.9166],[-4.5628,50.9166],[-4.5627,50.9166],[-4.5628,50.9166]],[[-4.5655,50.9167],[-4.5656,50.9167],[-4.5655,50.9167],[-4.5655,50.9167]],[[-4.5645,50.9154],[-4.5645,50.9153],[-4.5644,50.9154],[-4.5645,50.9154]],[[-4.7416,50.6744],[-4.7415,50.6744],[-4.7415,50.6744],[-4.7416,50.6744]],[[-4.5705,50.9047],[-4.5706,50.9047],[-4.5705,50.9047],[-4.5705,50.9047]],[[-4.5663,50.9057],[-4.5662,50.9057],[-4.5663,50.9057],[-4.5663,50.9057]],[[-4.5589,50.9203],[-4.559,50.9203],[-4.5589,50.9203],[-4.5589,50.9203]],[[-4.5634,50.9166],[-4.5634,50.9166],[-4.5635,50.9166],[-4.5634,50.9166]],[[-4.5645,50.9147],[-4.5646,50.9147],[-4.5645,50.9147],[-4.5645,50.9147]],[[-4.5599,50.9178],[-4.56,50.9178],[-4.5599,50.9178],[-4.5599,50.9178]],[[-4.5696,50.9035],[-4.5696,50.9035],[-4.5696,50.9035],[-4.5696,50.9035]],[[-4.5494,50.9394],[-4.5493,50.9394],[-4.5493,50.9394],[-4.5494,50.9394]],[[-4.5653,50.9019],[-4.5653,50.9019],[-4.5652,50.9019],[-4.5653,50.9019]],[[-4.5661,50.8995],[-4.5661,50.8995],[-4.566,50.8995],[-4.5661,50.8995]],[[-4.566,50.9071],[-4.566,50.9071],[-4.5659,50.9071],[-4.566,50.9071]],[[-4.5663,50.9022],[-4.5662,50.9022],[-4.5662,50.9022],[-4.5663,50.9022]],[[-4.7439,50.673],[-4.7438,50.673],[-4.7439,50.673],[-4.7439,50.673]],[[-4.564,50.9092],[-4.564,50.9092],[-4.564,50.9092],[-4.564,50.9092]],[[-4.5659,50.8994],[-4.5658,50.8994],[-4.5659,50.8994],[-4.5659,50.8994]],[[-4.5649,50.8997],[-4.5649,50.8997],[-4.565,50.8997],[-4.5649,50.8997]],[[-4.5662,50.9123],[-4.5662,50.9123],[-4.5662,50.9123],[-4.5662,50.9123]],[[-4.7411,50.6742],[-4.7412,50.6742],[-4.7411,50.6742],[-4.7411,50.6742]],[[-4.5425,50.9501],[-4.5425,50.9501],[-4.5424,50.9501],[-4.5425,50.9501]],[[-4.5467,50.9312],[-4.5467,50.9312],[-4.5467,50.9312],[-4.5467,50.9312]],[[-4.5651,50.8979],[-4.565,50.8979],[-4.5651,50.8979],[-4.5651,50.8979]],[[-4.5643,50.901],[-4.5642,50.901],[-4.5643,50.901],[-4.5643,50.901]],[[-4.565,50.9017],[-4.565,50.9017],[-4.565,50.9017],[-4.565,50.9017]],[[-4.5652,50.9009],[-4.5651,50.9009],[-4.5651,50.9009],[-4.5652,50.9009]],[[-4.5652,50.9106],[-4.5651,50.9106],[-4.5651,50.9106],[-4.5652,50.9106]],[[-4.5651,50.9121],[-4.565,50.9121],[-4.565,50.9122],[-4.5651,50.9121]],[[-4.5595,50.8693],[-4.5595,50.8693],[-4.5595,50.8693],[-4.5595,50.8693]],[[-4.6209,50.7513],[-4.6209,50.7512],[-4.6209,50.7512],[-4.6209,50.7513]],[[-4.582,50.7717],[-4.582,50.7717],[-4.582,50.7717],[-4.582,50.7717]],[[-4.7441,50.6735],[-4.7441,50.6735],[-4.7441,50.6735],[-4.7441,50.6735]],[[-4.6211,50.7512],[-4.621,50.7512],[-4.6211,50.7512],[-4.6211,50.7512]],[[-4.5654,50.9011],[-4.5653,50.9011],[-4.5654,50.9011],[-4.5654,50.9011]],[[-4.5679,50.9032],[-4.5678,50.9032],[-4.5678,50.9032],[-4.5679,50.9032]],[[-4.5674,50.9012],[-4.5674,50.9012],[-4.5674,50.9012],[-4.5674,50.9012]],[[-4.5483,50.9361],[-4.5483,50.9361],[-4.5482,50.9361],[-4.5483,50.9361]],[[-4.545,50.9436],[-4.5449,50.9436],[-4.545,50.9436],[-4.545,50.9436]],[[-4.5655,50.8992],[-4.5654,50.8992],[-4.5654,50.8992],[-4.5655,50.8992]],[[-4.6803,50.6966],[-4.6803,50.6965],[-4.6803,50.6966],[-4.6803,50.6966]],[[-4.5651,50.8996],[-4.5651,50.8997],[-4.5652,50.8997],[-4.5651,50.8996]],[[-4.5644,50.9094],[-4.5644,50.9094],[-4.5644,50.9094],[-4.5644,50.9094]],[[-4.5642,50.9094],[-4.5643,50.9094],[-4.5642,50.9094],[-4.5642,50.9094]],[[-4.6205,50.7515],[-4.6204,50.7515],[-4.6204,50.7516],[-4.6205,50.7515]],[[-4.5654,50.9106],[-4.5654,50.9106],[-4.5654,50.9106],[-4.5654,50.9106]],[[-4.7441,50.6734],[-4.7441,50.6733],[-4.744,50.6733],[-4.7441,50.6734]],[[-4.5648,50.9014],[-4.5648,50.9014],[-4.5648,50.9014],[-4.5648,50.9014]],[[-4.5485,50.9411],[-4.5485,50.9411],[-4.5484,50.9411],[-4.5485,50.9411]],[[-4.5649,50.9008],[-4.5649,50.9008],[-4.5649,50.9008],[-4.5649,50.9008]],[[-4.5692,50.9043],[-4.5692,50.9043],[-4.5691,50.9043],[-4.5692,50.9043]],[[-4.5711,50.9041],[-4.571,50.9041],[-4.5711,50.9041],[-4.5711,50.9041]],[[-4.5657,50.8985],[-4.5657,50.8986],[-4.5657,50.8986],[-4.5657,50.8985]],[[-4.744,50.6726],[-4.744,50.6727],[-4.744,50.6727],[-4.744,50.6726]],[[-4.549,50.9411],[-4.5489,50.9411],[-4.549,50.9411],[-4.549,50.9411]],[[-4.5695,50.9042],[-4.5694,50.9043],[-4.5695,50.9043],[-4.5695,50.9042]],[[-4.5653,50.8975],[-4.5653,50.8974],[-4.5652,50.8975],[-4.5653,50.8975]],[[-4.5671,50.9022],[-4.5671,50.9022],[-4.5671,50.9022],[-4.5671,50.9022]],[[-4.5467,50.9344],[-4.5468,50.9344],[-4.5468,50.9344],[-4.5467,50.9344]],[[-4.5649,50.8876],[-4.5648,50.8876],[-4.5648,50.8876],[-4.5649,50.8876]],[[-4.5638,50.9092],[-4.5638,50.9092],[-4.5638,50.9092],[-4.5638,50.9092]],[[-4.5671,50.9102],[-4.5671,50.9101],[-4.5671,50.9102],[-4.5671,50.9102]],[[-4.5656,50.9129],[-4.5656,50.9129],[-4.5657,50.9129],[-4.5656,50.9129]],[[-4.547,50.9317],[-4.5471,50.9317],[-4.547,50.9317],[-4.547,50.9317]],[[-4.5478,50.9361],[-4.5478,50.936],[-4.5477,50.9361],[-4.5478,50.9361]],[[-4.5582,50.7908],[-4.5581,50.7908],[-4.5581,50.7908],[-4.5582,50.7908]],[[-4.5673,50.8988],[-4.5673,50.8988],[-4.5672,50.8988],[-4.5673,50.8988]],[[-4.5654,50.8976],[-4.5652,50.8976],[-4.5653,50.8976],[-4.5654,50.8976]],[[-4.5577,50.7956],[-4.5577,50.7956],[-4.5577,50.7956],[-4.5577,50.7956]],[[-4.531,51.0056],[-4.5311,51.0056],[-4.5311,51.0056],[-4.531,51.0056]],[[-4.7439,50.6728],[-4.7439,50.6728],[-4.7439,50.6728],[-4.7439,50.6728]],[[-4.5474,50.9357],[-4.5474,50.9357],[-4.5473,50.9357],[-4.5474,50.9357]],[[-4.5709,50.9041],[-4.5709,50.9041],[-4.5709,50.9041],[-4.5709,50.9041]],[[-4.5638,50.9146],[-4.5638,50.9146],[-4.5637,50.9146],[-4.5638,50.9146]],[[-4.5677,50.8868],[-4.5678,50.8868],[-4.5677,50.8868],[-4.5677,50.8868]],[[-4.5647,50.9012],[-4.5647,50.9012],[-4.5646,50.9012],[-4.5647,50.9012]],[[-4.5648,50.9081],[-4.5647,50.9081],[-4.5648,50.9081],[-4.5648,50.9081]],[[-4.7439,50.6729],[-4.7439,50.6729],[-4.7439,50.6729],[-4.7439,50.6729]],[[-4.744,50.6731],[-4.7439,50.6731],[-4.744,50.6732],[-4.744,50.6731]],[[-4.7066,50.686],[-4.7067,50.686],[-4.7066,50.686],[-4.7066,50.686]],[[-4.5704,50.9043],[-4.5703,50.9043],[-4.5704,50.9044],[-4.5704,50.9043]],[[-4.5654,50.9123],[-4.5654,50.9122],[-4.5653,50.9122],[-4.5654,50.9123]],[[-4.7139,50.6853],[-4.7139,50.6853],[-4.7138,50.6853],[-4.7139,50.6853]],[[-4.6402,50.7458],[-4.6401,50.7458],[-4.6402,50.7458],[-4.6402,50.7458]],[[-4.7379,50.6717],[-4.738,50.6717],[-4.7379,50.6717],[-4.7379,50.6717]],[[-4.543,50.9458],[-4.543,50.9458],[-4.543,50.9458],[-4.543,50.9458]],[[-4.5558,50.8447],[-4.5557,50.8447],[-4.5558,50.8447],[-4.5558,50.8447]],[[-4.5466,50.9308],[-4.5465,50.9308],[-4.5465,50.9308],[-4.5466,50.9308]],[[-4.5594,50.9201],[-4.5595,50.92],[-4.5594,50.92],[-4.5594,50.9201]],[[-4.5487,50.9411],[-4.5487,50.9411],[-4.5488,50.9411],[-4.5487,50.9411]],[[-4.5649,50.8999],[-4.5649,50.8999],[-4.565,50.8999],[-4.5649,50.8999]],[[-4.6369,50.746],[-4.6369,50.746],[-4.6368,50.746],[-4.6369,50.746]],[[-4.564,50.9093],[-4.564,50.9093],[-4.564,50.9093],[-4.564,50.9093]],[[-4.566,50.9107],[-4.566,50.9108],[-4.5661,50.9108],[-4.566,50.9107]],[[-4.5583,50.9201],[-4.5583,50.92],[-4.5582,50.92],[-4.5583,50.9201]],[[-4.5649,50.9121],[-4.5649,50.9121],[-4.5648,50.9121],[-4.5649,50.9121]],[[-4.5666,50.8987],[-4.5667,50.8987],[-4.5667,50.8987],[-4.5666,50.8987]],[[-4.5816,50.7719],[-4.5816,50.7719],[-4.5817,50.7719],[-4.5816,50.7719]],[[-4.5576,50.9208],[-4.5578,50.9208],[-4.5576,50.9208],[-4.5576,50.9208]],[[-4.7138,50.6853],[-4.7138,50.6854],[-4.7138,50.6854],[-4.7138,50.6853]],[[-4.5494,50.9387],[-4.5494,50.9387],[-4.5495,50.9387],[-4.5494,50.9387]],[[-4.567,50.9018],[-4.5671,50.9019],[-4.5671,50.9018],[-4.567,50.9018]],[[-4.5666,50.899],[-4.5666,50.899],[-4.5666,50.899],[-4.5666,50.899]],[[-4.5482,50.9311],[-4.5481,50.9311],[-4.5482,50.9311],[-4.5482,50.9311]],[[-4.5665,50.8987],[-4.5665,50.8987],[-4.5665,50.8987],[-4.5665,50.8987]],[[-4.5813,50.7718],[-4.5814,50.7718],[-4.5813,50.7718],[-4.5813,50.7718]],[[-4.5655,50.9108],[-4.5655,50.9108],[-4.5655,50.9108],[-4.5655,50.9108]],[[-4.7464,50.6712],[-4.7465,50.6712],[-4.7464,50.6712],[-4.7464,50.6712]],[[-4.5586,50.8754],[-4.5587,50.8754],[-4.5586,50.8754],[-4.5586,50.8754]],[[-4.5583,50.92],[-4.5583,50.92],[-4.5582,50.92],[-4.5583,50.92]],[[-4.5312,51.011],[-4.5311,51.0111],[-4.5312,51.0111],[-4.5312,51.011]],[[-4.5569,50.8532],[-4.5568,50.8532],[-4.5569,50.8532],[-4.5569,50.8532]],[[-4.6292,50.7509],[-4.6291,50.7509],[-4.6291,50.7509],[-4.6292,50.7509]],[[-4.5483,50.9411],[-4.5482,50.9411],[-4.5481,50.9411],[-4.5483,50.9411]],[[-4.6212,50.7512],[-4.6213,50.7511],[-4.6212,50.7511],[-4.6212,50.7512]],[[-4.6358,50.7484],[-4.6358,50.7484],[-4.6359,50.7485],[-4.6358,50.7484]],[[-4.565,50.9122],[-4.5649,50.9122],[-4.565,50.9122],[-4.565,50.9122]],[[-4.5646,50.9166],[-4.5645,50.9166],[-4.5647,50.9166],[-4.5646,50.9166]],[[-4.5652,50.8991],[-4.5652,50.899],[-4.5651,50.8991],[-4.5652,50.8991]],[[-4.5705,50.9039],[-4.5704,50.9039],[-4.5705,50.9039],[-4.5705,50.9039]],[[-4.5678,50.8868],[-4.5679,50.8868],[-4.5678,50.8868],[-4.5678,50.8868]],[[-4.5683,50.9034],[-4.5683,50.9034],[-4.5682,50.9034],[-4.5683,50.9034]],[[-4.7416,50.6743],[-4.7416,50.6743],[-4.7416,50.6743],[-4.7416,50.6743]],[[-4.5664,50.8988],[-4.5665,50.8988],[-4.5664,50.8988],[-4.5664,50.8988]],[[-4.5592,50.9199],[-4.5593,50.9199],[-4.5591,50.9199],[-4.5592,50.9199]],[[-4.5591,50.9179],[-4.559,50.9179],[-4.559,50.9179],[-4.5591,50.9179]],[[-4.7593,50.6682],[-4.7592,50.6683],[-4.7593,50.6683],[-4.7593,50.6682]],[[-4.7504,50.6714],[-4.7504,50.6714],[-4.7504,50.6714],[-4.7504,50.6714]],[[-4.5666,50.8988],[-4.5667,50.8988],[-4.5666,50.8988],[-4.5666,50.8988]],[[-4.5664,50.9107],[-4.5665,50.9107],[-4.5665,50.9107],[-4.5664,50.9107]],[[-4.6291,50.7506],[-4.629,50.7506],[-4.6291,50.7506],[-4.6291,50.7506]],[[-4.5651,50.9012],[-4.5652,50.9012],[-4.5651,50.9011],[-4.5651,50.9012]],[[-4.5656,50.8974],[-4.5655,50.8975],[-4.5657,50.8975],[-4.5656,50.8974]],[[-4.5429,50.9479],[-4.543,50.9479],[-4.5428,50.9479],[-4.5429,50.9479]],[[-4.5645,50.913],[-4.5644,50.9129],[-4.5644,50.913],[-4.5645,50.913]],[[-4.7504,50.6715],[-4.7504,50.6715],[-4.7504,50.6715],[-4.7504,50.6715]],[[-4.5472,50.9309],[-4.5471,50.931],[-4.5472,50.931],[-4.5472,50.9309]],[[-4.5469,50.9342],[-4.547,50.9342],[-4.5469,50.9342],[-4.5469,50.9342]],[[-4.5653,50.9108],[-4.5652,50.9108],[-4.5652,50.9108],[-4.5653,50.9108]],[[-4.6767,50.7066],[-4.6766,50.7066],[-4.6767,50.7066],[-4.6767,50.7066]],[[-4.7138,50.6853],[-4.7138,50.6853],[-4.7137,50.6853],[-4.7138,50.6853]],[[-4.5578,50.8667],[-4.5577,50.8667],[-4.5577,50.8667],[-4.5578,50.8667]],[[-4.5615,50.8711],[-4.5614,50.8711],[-4.5615,50.8711],[-4.5615,50.8711]],[[-4.5503,50.9385],[-4.5501,50.9385],[-4.5502,50.9385],[-4.5503,50.9385]],[[-4.5572,50.856],[-4.5573,50.8559],[-4.5573,50.8559],[-4.5572,50.856]],[[-4.6217,50.7513],[-4.6217,50.7513],[-4.6216,50.7513],[-4.6217,50.7513]],[[-4.5654,50.9129],[-4.5653,50.9129],[-4.5654,50.9129],[-4.5654,50.9129]],[[-4.5576,50.7955],[-4.5575,50.7955],[-4.5576,50.7955],[-4.5576,50.7955]],[[-4.5485,50.9382],[-4.5484,50.9383],[-4.5485,50.9383],[-4.5485,50.9382]],[[-4.5598,50.92],[-4.5597,50.92],[-4.5598,50.92],[-4.5598,50.92]],[[-4.6359,50.7487],[-4.6358,50.7487],[-4.6359,50.7487],[-4.6359,50.7487]],[[-4.7376,50.6722],[-4.7375,50.6722],[-4.7376,50.6723],[-4.7376,50.6722]],[[-4.5624,50.9171],[-4.5625,50.9171],[-4.5624,50.9171],[-4.5624,50.9171]],[[-4.5456,50.9426],[-4.5457,50.9426],[-4.5455,50.9426],[-4.5456,50.9426]],[[-4.5655,50.9082],[-4.5656,50.9081],[-4.5655,50.9081],[-4.5655,50.9082]],[[-4.571,50.9038],[-4.5709,50.9038],[-4.571,50.9039],[-4.571,50.9038]],[[-4.5584,50.9204],[-4.5585,50.9204],[-4.5584,50.9204],[-4.5584,50.9204]],[[-4.6767,50.7067],[-4.6766,50.7067],[-4.6766,50.7067],[-4.6767,50.7067]],[[-4.5656,50.9082],[-4.5655,50.9082],[-4.5656,50.9082],[-4.5656,50.9082]],[[-4.5653,50.9129],[-4.5655,50.9129],[-4.5654,50.9129],[-4.5653,50.9129]],[[-4.5466,50.931],[-4.5466,50.9309],[-4.5466,50.931],[-4.5466,50.931]],[[-4.5478,50.936],[-4.5479,50.936],[-4.5478,50.936],[-4.5478,50.936]],[[-4.5481,50.9375],[-4.5481,50.9375],[-4.548,50.9375],[-4.5481,50.9375]],[[-4.5645,50.9131],[-4.5646,50.9131],[-4.5645,50.9131],[-4.5645,50.9131]],[[-4.622,50.7514],[-4.6221,50.7513],[-4.622,50.7513],[-4.622,50.7514]],[[-4.5497,50.9385],[-4.5497,50.9385],[-4.5498,50.9385],[-4.5497,50.9385]],[[-4.5336,51.0105],[-4.5337,51.0105],[-4.5336,51.0105],[-4.5336,51.0105]],[[-4.554,50.9256],[-4.5539,50.9257],[-4.5539,50.9257],[-4.554,50.9256]],[[-4.5596,50.8702],[-4.5595,50.8703],[-4.5596,50.8703],[-4.5596,50.8702]],[[-4.5571,50.856],[-4.5571,50.856],[-4.557,50.856],[-4.5571,50.856]],[[-4.5649,50.9094],[-4.565,50.9093],[-4.5649,50.9093],[-4.5649,50.9094]],[[-4.6331,50.75],[-4.633,50.7501],[-4.6331,50.7501],[-4.6331,50.75]],[[-4.5691,50.9035],[-4.5691,50.9035],[-4.569,50.9035],[-4.5691,50.9035]],[[-4.64,50.7458],[-4.64,50.7457],[-4.6399,50.7457],[-4.64,50.7458]],[[-4.568,50.9029],[-4.5681,50.9029],[-4.568,50.9029],[-4.568,50.9029]],[[-4.533,50.999],[-4.5329,50.9991],[-4.5331,50.9991],[-4.533,50.999]],[[-4.5584,50.8655],[-4.5583,50.8655],[-4.5584,50.8655],[-4.5584,50.8655]],[[-4.5577,50.8655],[-4.5577,50.8655],[-4.5576,50.8655],[-4.5577,50.8655]],[[-4.5698,50.9046],[-4.5699,50.9047],[-4.5699,50.9047],[-4.5698,50.9046]],[[-4.5669,50.9112],[-4.567,50.9112],[-4.567,50.9112],[-4.5669,50.9112]],[[-4.558,50.8593],[-4.5582,50.8592],[-4.5581,50.8592],[-4.558,50.8593]],[[-4.546,50.9525],[-4.5459,50.9525],[-4.546,50.9525],[-4.546,50.9525]],[[-4.5582,50.8667],[-4.5581,50.8667],[-4.5582,50.8667],[-4.5582,50.8667]],[[-4.5583,50.9204],[-4.5582,50.9204],[-4.5581,50.9204],[-4.5583,50.9204]],[[-4.5659,50.9022],[-4.5658,50.9022],[-4.5659,50.9022],[-4.5659,50.9022]],[[-4.5466,50.9312],[-4.5467,50.9312],[-4.5466,50.9312],[-4.5466,50.9312]],[[-4.5663,50.8987],[-4.5664,50.8987],[-4.5662,50.8987],[-4.5663,50.8987]],[[-4.5466,50.9344],[-4.5467,50.9343],[-4.5466,50.9343],[-4.5466,50.9344]],[[-4.5653,50.9166],[-4.5654,50.9166],[-4.5652,50.9166],[-4.5653,50.9166]],[[-4.5649,50.9166],[-4.565,50.9166],[-4.5649,50.9166],[-4.5649,50.9166]],[[-4.5686,50.9027],[-4.5687,50.9027],[-4.5685,50.9026],[-4.5686,50.9027]],[[-4.5256,51.0201],[-4.5255,51.0201],[-4.5256,51.0201],[-4.5256,51.0201]],[[-4.5677,50.8857],[-4.5678,50.8857],[-4.5679,50.8857],[-4.5677,50.8857]],[[-4.5668,50.9108],[-4.5668,50.9109],[-4.5669,50.9108],[-4.5668,50.9108]],[[-4.5478,50.9413],[-4.5477,50.9413],[-4.5476,50.9413],[-4.5478,50.9413]],[[-4.6213,50.7513],[-4.6213,50.7513],[-4.6214,50.7513],[-4.6213,50.7513]],[[-4.6372,50.746],[-4.6371,50.7459],[-4.6371,50.746],[-4.6372,50.746]],[[-4.5887,50.7683],[-4.5887,50.7683],[-4.5888,50.7683],[-4.5887,50.7683]],[[-4.5469,50.9414],[-4.5469,50.9414],[-4.5468,50.9414],[-4.5469,50.9414]],[[-4.5636,50.9146],[-4.5636,50.9146],[-4.5635,50.9146],[-4.5636,50.9146]],[[-4.5689,50.9051],[-4.5689,50.9051],[-4.569,50.9051],[-4.5689,50.9051]],[[-4.739,50.673],[-4.739,50.6731],[-4.739,50.6731],[-4.739,50.673]],[[-4.5666,50.9109],[-4.5666,50.9109],[-4.5666,50.9109],[-4.5666,50.9109]],[[-4.5736,50.7762],[-4.5736,50.7762],[-4.5736,50.7763],[-4.5736,50.7762]],[[-4.5663,50.9111],[-4.5664,50.911],[-4.5663,50.9111],[-4.5663,50.9111]],[[-4.5465,50.931],[-4.5464,50.9311],[-4.5465,50.9311],[-4.5465,50.931]],[[-4.6367,50.746],[-4.6366,50.746],[-4.6367,50.7461],[-4.6367,50.746]],[[-4.5595,50.8687],[-4.5594,50.8688],[-4.5595,50.8688],[-4.5595,50.8687]],[[-4.6805,50.6966],[-4.6805,50.6966],[-4.6805,50.6966],[-4.6805,50.6966]],[[-4.548,50.9361],[-4.5481,50.9361],[-4.5479,50.9361],[-4.548,50.9361]],[[-4.6361,50.7487],[-4.6361,50.7487],[-4.6362,50.7487],[-4.6361,50.7487]],[[-4.528,51.0174],[-4.5282,51.0173],[-4.528,51.0173],[-4.528,51.0174]],[[-4.5686,50.9048],[-4.5686,50.9049],[-4.5686,50.9049],[-4.5686,50.9048]],[[-4.5427,50.948],[-4.5425,50.948],[-4.5426,50.948],[-4.5427,50.948]],[[-4.7582,50.6705],[-4.7582,50.6705],[-4.7582,50.6706],[-4.7582,50.6705]],[[-4.742,50.6753],[-4.742,50.6754],[-4.742,50.6754],[-4.742,50.6753]],[[-4.5588,50.9207],[-4.5586,50.9207],[-4.5587,50.9208],[-4.5588,50.9207]],[[-4.6332,50.75],[-4.6333,50.75],[-4.6332,50.75],[-4.6332,50.75]],[[-4.5578,50.8661],[-4.5577,50.8662],[-4.5578,50.8661],[-4.5578,50.8661]],[[-4.5481,50.9376],[-4.5481,50.9376],[-4.548,50.9376],[-4.5481,50.9376]],[[-4.5483,50.9378],[-4.5485,50.9378],[-4.5484,50.9378],[-4.5483,50.9378]],[[-4.6366,50.7483],[-4.6368,50.7483],[-4.6367,50.7483],[-4.6366,50.7483]],[[-4.5346,50.9925],[-4.5346,50.9926],[-4.5347,50.9925],[-4.5346,50.9925]],[[-4.5605,50.8783],[-4.5605,50.8783],[-4.5605,50.8783],[-4.5605,50.8783]],[[-4.5595,50.8695],[-4.5594,50.8695],[-4.5595,50.8696],[-4.5595,50.8695]],[[-4.5589,50.8753],[-4.5589,50.8753],[-4.559,50.8752],[-4.5589,50.8753]],[[-4.6364,50.7486],[-4.6363,50.7486],[-4.6364,50.7486],[-4.6364,50.7486]],[[-4.565,50.9081],[-4.565,50.9081],[-4.5649,50.908],[-4.565,50.9081]],[[-4.5285,51.0166],[-4.5284,51.0166],[-4.5285,51.0166],[-4.5285,51.0166]],[[-4.558,50.8655],[-4.5581,50.8655],[-4.558,50.8655],[-4.558,50.8655]],[[-4.6403,50.7459],[-4.6404,50.7459],[-4.6403,50.7458],[-4.6403,50.7459]],[[-4.561,50.9172],[-4.5608,50.9172],[-4.561,50.9172],[-4.561,50.9172]],[[-4.6369,50.7459],[-4.6368,50.7459],[-4.6369,50.7459],[-4.6369,50.7459]],[[-4.5675,50.906],[-4.5676,50.906],[-4.5673,50.906],[-4.5675,50.906]],[[-4.5659,50.8987],[-4.5659,50.8988],[-4.566,50.8988],[-4.5659,50.8987]],[[-4.5643,50.9129],[-4.5641,50.913],[-4.5642,50.913],[-4.5643,50.9129]],[[-4.7137,50.6854],[-4.7137,50.6854],[-4.7136,50.6854],[-4.7137,50.6854]],[[-4.5674,50.8866],[-4.5675,50.8866],[-4.5676,50.8866],[-4.5674,50.8866]],[[-4.6768,50.7066],[-4.6767,50.7067],[-4.6768,50.7067],[-4.6768,50.7066]],[[-4.5877,50.7696],[-4.5878,50.7696],[-4.5877,50.7696],[-4.5877,50.7696]],[[-4.5485,50.9413],[-4.5487,50.9413],[-4.5484,50.9413],[-4.5485,50.9413]],[[-4.5653,50.9107],[-4.5655,50.9107],[-4.5653,50.9106],[-4.5653,50.9107]],[[-4.5659,50.9019],[-4.5657,50.9019],[-4.5658,50.902],[-4.5659,50.9019]],[[-4.5548,50.9261],[-4.5548,50.926],[-4.5547,50.9261],[-4.5548,50.9261]],[[-4.6334,50.7501],[-4.6335,50.7501],[-4.6333,50.7501],[-4.6334,50.7501]],[[-4.5577,50.9183],[-4.5578,50.9182],[-4.5576,50.9183],[-4.5577,50.9183]],[[-4.5581,50.8655],[-4.5582,50.8654],[-4.5581,50.8654],[-4.5581,50.8655]],[[-4.5476,50.9359],[-4.5477,50.9359],[-4.5476,50.9359],[-4.5476,50.9359]],[[-4.5627,50.8898],[-4.5627,50.8898],[-4.5626,50.8898],[-4.5627,50.8898]],[[-4.6349,50.7493],[-4.6348,50.7494],[-4.6349,50.7494],[-4.6349,50.7493]],[[-4.5715,50.9038],[-4.5715,50.9039],[-4.5716,50.9038],[-4.5715,50.9038]],[[-4.5667,50.9071],[-4.5665,50.9071],[-4.5667,50.9072],[-4.5667,50.9071]],[[-4.5646,50.9127],[-4.5647,50.9127],[-4.5648,50.9127],[-4.5646,50.9127]],[[-4.5476,50.9413],[-4.5478,50.9412],[-4.5476,50.9413],[-4.5476,50.9413]],[[-4.5652,50.9016],[-4.5652,50.9015],[-4.5651,50.9016],[-4.5652,50.9016]],[[-4.5613,50.9173],[-4.5613,50.9173],[-4.5611,50.9173],[-4.5613,50.9173]],[[-4.5464,50.9301],[-4.5466,50.9301],[-4.5465,50.9301],[-4.5464,50.9301]],[[-4.5581,50.8216],[-4.558,50.8216],[-4.5581,50.8216],[-4.5581,50.8216]],[[-4.6404,50.746],[-4.6405,50.746],[-4.6403,50.746],[-4.6404,50.746]],[[-4.5604,50.8784],[-4.5603,50.8785],[-4.5604,50.8785],[-4.5604,50.8784]],[[-4.5655,50.9107],[-4.5655,50.9107],[-4.5653,50.9107],[-4.5655,50.9107]],[[-4.5575,50.7955],[-4.5573,50.7954],[-4.5573,50.7955],[-4.5575,50.7955]],[[-4.5663,50.9104],[-4.5666,50.9103],[-4.5664,50.9103],[-4.5663,50.9104]],[[-4.5336,51.0104],[-4.5337,51.0104],[-4.5336,51.0104],[-4.5336,51.0104]],[[-4.5798,50.7719],[-4.5798,50.772],[-4.5799,50.772],[-4.5798,50.7719]],[[-4.7054,50.6863],[-4.7053,50.6862],[-4.7053,50.6863],[-4.7054,50.6863]],[[-4.7443,50.6736],[-4.7445,50.6736],[-4.7443,50.6736],[-4.7443,50.6736]],[[-4.5293,51.0137],[-4.5292,51.0137],[-4.5293,51.0138],[-4.5293,51.0137]],[[-4.5491,50.9362],[-4.5489,50.9363],[-4.5491,50.9363],[-4.5491,50.9362]],[[-4.5549,50.9263],[-4.5548,50.9264],[-4.5549,50.9264],[-4.5549,50.9263]],[[-4.5577,50.8291],[-4.5576,50.8291],[-4.5578,50.8291],[-4.5577,50.8291]],[[-4.5331,51.002],[-4.533,51.0021],[-4.5332,51.002],[-4.5331,51.002]],[[-4.622,50.7514],[-4.622,50.7514],[-4.6218,50.7514],[-4.622,50.7514]],[[-4.5683,50.8856],[-4.5684,50.8855],[-4.5683,50.8855],[-4.5683,50.8856]],[[-4.5594,50.8687],[-4.5592,50.8688],[-4.5593,50.8688],[-4.5594,50.8687]],[[-4.5693,50.9036],[-4.5691,50.9036],[-4.5691,50.9036],[-4.5693,50.9036]],[[-4.5593,50.8701],[-4.5591,50.8702],[-4.5592,50.8702],[-4.5593,50.8701]],[[-4.5658,50.9023],[-4.5658,50.9023],[-4.5657,50.9023],[-4.5658,50.9023]],[[-4.5302,51.0172],[-4.53,51.0172],[-4.5301,51.0172],[-4.5302,51.0172]],[[-4.5654,50.9121],[-4.5652,50.9121],[-4.5653,50.9121],[-4.5654,50.9121]],[[-4.5331,51.0092],[-4.533,51.0093],[-4.5331,51.0093],[-4.5331,51.0092]],[[-4.5652,50.912],[-4.5651,50.912],[-4.5653,50.912],[-4.5652,50.912]],[[-4.5645,50.9129],[-4.5645,50.913],[-4.5646,50.913],[-4.5645,50.9129]],[[-4.5284,51.0168],[-4.5283,51.0168],[-4.5284,51.0168],[-4.5284,51.0168]],[[-4.5504,50.939],[-4.5505,50.9391],[-4.5507,50.939],[-4.5504,50.939]],[[-4.5472,50.9308],[-4.5471,50.9308],[-4.547,50.9308],[-4.5472,50.9308]],[[-4.6347,50.7501],[-4.6346,50.7502],[-4.6347,50.7502],[-4.6347,50.7501]],[[-4.5593,50.8695],[-4.5594,50.8695],[-4.5593,50.8695],[-4.5593,50.8695]],[[-4.5298,51.0172],[-4.5297,51.0173],[-4.5298,51.0173],[-4.5298,51.0172]],[[-4.6356,50.7484],[-4.6354,50.7484],[-4.6355,50.7484],[-4.6356,50.7484]],[[-4.5486,50.936],[-4.5487,50.936],[-4.5489,50.936],[-4.5486,50.936]],[[-4.5574,50.8534],[-4.5572,50.8534],[-4.5573,50.8534],[-4.5574,50.8534]],[[-4.6294,50.7506],[-4.6294,50.7507],[-4.6295,50.7506],[-4.6294,50.7506]],[[-4.5543,50.9253],[-4.5541,50.9253],[-4.5542,50.9254],[-4.5543,50.9253]],[[-4.5486,50.9378],[-4.5484,50.9379],[-4.5485,50.9379],[-4.5486,50.9378]],[[-4.5468,50.931],[-4.5469,50.9309],[-4.5468,50.9309],[-4.5468,50.931]],[[-4.558,50.8654],[-4.5581,50.8654],[-4.558,50.8654],[-4.558,50.8654]],[[-4.5617,50.9173],[-4.562,50.9172],[-4.5618,50.9172],[-4.5617,50.9173]],[[-4.6364,50.7482],[-4.6362,50.7482],[-4.6363,50.7482],[-4.6364,50.7482]],[[-4.7164,50.6837],[-4.7163,50.6837],[-4.7164,50.6838],[-4.7164,50.6837]],[[-4.5465,50.9312],[-4.5466,50.9311],[-4.5465,50.9311],[-4.5465,50.9312]],[[-4.5673,50.8866],[-4.5672,50.8866],[-4.5674,50.8866],[-4.5673,50.8866]],[[-4.5667,50.8852],[-4.5666,50.8852],[-4.5667,50.8852],[-4.5667,50.8852]],[[-4.5655,50.9109],[-4.5654,50.9108],[-4.5654,50.9109],[-4.5655,50.9109]],[[-4.5702,50.9038],[-4.5701,50.9038],[-4.57,50.9038],[-4.5702,50.9038]],[[-4.5675,50.8869],[-4.5676,50.8868],[-4.5674,50.8868],[-4.5675,50.8869]],[[-4.5468,50.9342],[-4.5469,50.9341],[-4.5467,50.9341],[-4.5468,50.9342]],[[-4.5328,50.9991],[-4.5326,50.9992],[-4.5327,50.9992],[-4.5328,50.9991]],[[-4.5937,50.7661],[-4.5935,50.7661],[-4.5937,50.7661],[-4.5937,50.7661]],[[-4.5341,51.0025],[-4.534,51.0026],[-4.5341,51.0026],[-4.5341,51.0025]],[[-4.5573,50.8616],[-4.5572,50.8617],[-4.5573,50.8617],[-4.5573,50.8616]],[[-4.6299,50.7512],[-4.63,50.7512],[-4.63,50.7511],[-4.6299,50.7512]],[[-4.5549,50.9258],[-4.5546,50.9258],[-4.5547,50.9258],[-4.5549,50.9258]],[[-4.6022,50.7645],[-4.6021,50.7645],[-4.6021,50.7645],[-4.6022,50.7645]],[[-4.5309,51.0056],[-4.5309,51.0056],[-4.5307,51.0056],[-4.5309,51.0056]],[[-4.6349,50.7488],[-4.635,50.7488],[-4.6348,50.7488],[-4.6349,50.7488]],[[-4.5678,50.8867],[-4.5676,50.8867],[-4.5677,50.8867],[-4.5678,50.8867]],[[-4.5925,50.7662],[-4.5924,50.7662],[-4.5926,50.7663],[-4.5925,50.7662]],[[-4.7464,50.6717],[-4.7462,50.6717],[-4.7463,50.6718],[-4.7464,50.6717]],[[-4.7454,50.6774],[-4.7454,50.6773],[-4.7454,50.6774],[-4.7454,50.6774]],[[-4.56,50.8715],[-4.5599,50.8714],[-4.5598,50.8714],[-4.56,50.8715]],[[-4.5668,50.9019],[-4.5665,50.9019],[-4.5668,50.9019],[-4.5668,50.9019]],[[-4.5675,50.8867],[-4.5672,50.8867],[-4.5674,50.8867],[-4.5675,50.8867]],[[-4.5645,50.8952],[-4.5643,50.8952],[-4.5645,50.8952],[-4.5645,50.8952]],[[-4.5644,50.9127],[-4.5644,50.9127],[-4.5642,50.9127],[-4.5644,50.9127]],[[-4.5647,50.888],[-4.5647,50.8879],[-4.5646,50.8879],[-4.5647,50.888]],[[-4.594,50.766],[-4.5941,50.7661],[-4.5941,50.766],[-4.594,50.766]],[[-4.5681,50.8865],[-4.5681,50.8864],[-4.568,50.8864],[-4.5681,50.8865]],[[-4.5481,50.9377],[-4.5484,50.9377],[-4.5482,50.9377],[-4.5481,50.9377]],[[-4.5679,50.8855],[-4.568,50.8854],[-4.5677,50.8855],[-4.5679,50.8855]],[[-4.5685,50.8864],[-4.5683,50.8865],[-4.5685,50.8865],[-4.5685,50.8864]],[[-4.5656,50.8843],[-4.5659,50.8843],[-4.5658,50.8843],[-4.5656,50.8843]],[[-4.5288,51.0134],[-4.5287,51.0135],[-4.5288,51.0135],[-4.5288,51.0134]],[[-4.5569,50.8575],[-4.5567,50.8576],[-4.5569,50.8576],[-4.5569,50.8575]],[[-4.5615,50.9172],[-4.5617,50.9172],[-4.5616,50.9171],[-4.5615,50.9172]],[[-4.7459,50.6718],[-4.7458,50.6718],[-4.7458,50.6719],[-4.7459,50.6718]],[[-4.5655,50.899],[-4.5655,50.899],[-4.5653,50.899],[-4.5655,50.899]],[[-4.6216,50.7514],[-4.6215,50.7513],[-4.6213,50.7513],[-4.6216,50.7514]],[[-4.5568,50.8562],[-4.5571,50.8561],[-4.5568,50.8562],[-4.5568,50.8562]],[[-4.5352,51.0078],[-4.5353,51.0077],[-4.5352,51.0077],[-4.5352,51.0078]],[[-4.753,50.6709],[-4.7529,50.6708],[-4.7528,50.6709],[-4.753,50.6709]],[[-4.5672,50.9059],[-4.5669,50.9059],[-4.5671,50.906],[-4.5672,50.9059]],[[-4.5594,50.8694],[-4.5593,50.8694],[-4.5595,50.8694],[-4.5594,50.8694]],[[-4.5654,50.912],[-4.5656,50.9119],[-4.5653,50.9119],[-4.5654,50.912]],[[-4.5557,50.8456],[-4.556,50.8456],[-4.5558,50.8456],[-4.5557,50.8456]],[[-4.5569,50.8535],[-4.5567,50.8535],[-4.5568,50.8535],[-4.5569,50.8535]],[[-4.5331,51.0029],[-4.533,51.003],[-4.5332,51.003],[-4.5331,51.0029]],[[-4.5675,50.8868],[-4.5673,50.8868],[-4.5675,50.8868],[-4.5675,50.8868]],[[-4.561,50.8782],[-4.561,50.8782],[-4.5609,50.8781],[-4.561,50.8782]],[[-4.5335,51.0083],[-4.5334,51.0083],[-4.5336,51.0083],[-4.5335,51.0083]],[[-4.5611,50.9172],[-4.5614,50.9172],[-4.5612,50.9172],[-4.5611,50.9172]],[[-4.7589,50.6687],[-4.7588,50.6688],[-4.7589,50.6688],[-4.7589,50.6687]],[[-4.5641,50.8831],[-4.564,50.8832],[-4.5641,50.8832],[-4.5641,50.8831]],[[-4.5658,50.902],[-4.5657,50.902],[-4.5656,50.902],[-4.5658,50.902]],[[-4.5697,50.904],[-4.5699,50.9039],[-4.5698,50.9039],[-4.5697,50.904]],[[-4.5921,50.7666],[-4.5922,50.7667],[-4.5923,50.7667],[-4.5921,50.7666]],[[-4.6393,50.7442],[-4.6392,50.7442],[-4.6395,50.7443],[-4.6393,50.7442]],[[-4.5573,50.831],[-4.5571,50.831],[-4.5574,50.831],[-4.5573,50.831]],[[-4.5478,50.9376],[-4.5479,50.9376],[-4.5477,50.9376],[-4.5478,50.9376]],[[-4.5644,50.8951],[-4.5645,50.8951],[-4.5643,50.8951],[-4.5644,50.8951]],[[-4.5587,50.8754],[-4.5589,50.8753],[-4.5587,50.8753],[-4.5587,50.8754]],[[-4.5665,50.9105],[-4.5664,50.9105],[-4.5666,50.9105],[-4.5665,50.9105]],[[-4.5649,50.9016],[-4.565,50.9016],[-4.5648,50.9016],[-4.5649,50.9016]],[[-4.5683,50.8868],[-4.568,50.8868],[-4.5683,50.8869],[-4.5683,50.8868]],[[-4.5567,50.8559],[-4.5568,50.8559],[-4.5565,50.8559],[-4.5567,50.8559]],[[-4.5289,51.0137],[-4.529,51.0137],[-4.5288,51.0137],[-4.5289,51.0137]],[[-4.5622,50.891],[-4.5622,50.8909],[-4.5621,50.891],[-4.5622,50.891]],[[-4.5448,50.9515],[-4.5451,50.9515],[-4.5448,50.9515],[-4.5448,50.9515]],[[-4.6043,50.765],[-4.6042,50.7651],[-4.6043,50.7652],[-4.6043,50.765]],[[-4.7452,50.676],[-4.7449,50.676],[-4.7451,50.676],[-4.7452,50.676]],[[-4.5663,50.8992],[-4.566,50.8992],[-4.5662,50.8993],[-4.5663,50.8992]],[[-4.5633,50.9147],[-4.5633,50.9146],[-4.5632,50.9146],[-4.5633,50.9147]],[[-4.5643,50.915],[-4.5645,50.915],[-4.5643,50.9149],[-4.5643,50.915]],[[-4.5575,50.8318],[-4.5578,50.8318],[-4.5575,50.8318],[-4.5575,50.8318]],[[-4.5584,50.9208],[-4.558,50.9208],[-4.5582,50.9208],[-4.5584,50.9208]],[[-4.7457,50.6719],[-4.7455,50.672],[-4.7457,50.672],[-4.7457,50.6719]],[[-4.5656,50.8844],[-4.5654,50.8844],[-4.5656,50.8844],[-4.5656,50.8844]],[[-4.5289,51.0166],[-4.5287,51.0166],[-4.5289,51.0166],[-4.5289,51.0166]],[[-4.558,50.8664],[-4.558,50.8664],[-4.5578,50.8664],[-4.558,50.8664]],[[-4.7137,50.6855],[-4.7138,50.6854],[-4.7136,50.6855],[-4.7137,50.6855]],[[-4.5605,50.9176],[-4.5603,50.9177],[-4.5604,50.9177],[-4.5605,50.9176]],[[-4.5873,50.7697],[-4.5871,50.7698],[-4.5874,50.7698],[-4.5873,50.7697]],[[-4.5697,50.9052],[-4.5694,50.9052],[-4.5696,50.9053],[-4.5697,50.9052]],[[-4.5652,50.908],[-4.5652,50.9081],[-4.5653,50.9081],[-4.5652,50.908]],[[-4.651,50.7308],[-4.6508,50.7307],[-4.6509,50.7308],[-4.651,50.7308]],[[-4.5599,50.8737],[-4.5597,50.8738],[-4.5599,50.8738],[-4.5599,50.8737]],[[-4.5659,50.9105],[-4.566,50.9105],[-4.5661,50.9105],[-4.5659,50.9105]],[[-4.6766,50.7069],[-4.6764,50.7069],[-4.6764,50.7069],[-4.6766,50.7069]],[[-4.567,50.8867],[-4.5671,50.8866],[-4.5668,50.8866],[-4.567,50.8867]],[[-4.5623,50.8764],[-4.5622,50.8765],[-4.5624,50.8765],[-4.5623,50.8764]],[[-4.5539,50.9262],[-4.5541,50.9261],[-4.554,50.9261],[-4.5539,50.9262]],[[-4.5579,50.9181],[-4.5585,50.9181],[-4.5579,50.9181],[-4.5579,50.9181]],[[-4.547,50.931],[-4.5469,50.931],[-4.5468,50.9311],[-4.547,50.931]],[[-4.5677,50.9049],[-4.5675,50.9049],[-4.5677,50.9049],[-4.5677,50.9049]],[[-4.5636,50.8898],[-4.5638,50.8897],[-4.5637,50.8897],[-4.5636,50.8898]],[[-4.6341,50.7501],[-4.6341,50.7501],[-4.6338,50.7501],[-4.6341,50.7501]],[[-4.6506,50.7305],[-4.6507,50.7304],[-4.6505,50.7304],[-4.6506,50.7305]],[[-4.5646,50.8885],[-4.5647,50.8884],[-4.5645,50.8884],[-4.5646,50.8885]],[[-4.5689,50.9049],[-4.5685,50.9049],[-4.5688,50.905],[-4.5689,50.9049]],[[-4.6059,50.7642],[-4.6057,50.7643],[-4.6059,50.7643],[-4.6059,50.7642]],[[-4.5446,50.9513],[-4.5442,50.9513],[-4.5444,50.9513],[-4.5446,50.9513]],[[-4.5678,50.8858],[-4.5682,50.8858],[-4.5679,50.8857],[-4.5678,50.8858]],[[-4.5348,50.9923],[-4.5347,50.9923],[-4.5347,50.9924],[-4.5348,50.9923]],[[-4.5631,50.9166],[-4.5635,50.9166],[-4.5631,50.9165],[-4.5631,50.9166]],[[-4.562,50.9172],[-4.5621,50.9171],[-4.5618,50.9171],[-4.562,50.9172]],[[-4.7163,50.6837],[-4.7164,50.6836],[-4.7164,50.6836],[-4.7163,50.6837]],[[-4.5573,50.8619],[-4.5571,50.862],[-4.5573,50.8619],[-4.5573,50.8619]],[[-4.5612,50.8758],[-4.5615,50.8757],[-4.5612,50.8758],[-4.5612,50.8758]],[[-4.7295,50.6801],[-4.7297,50.68],[-4.7295,50.6801],[-4.7295,50.6801]],[[-4.7581,50.6718],[-4.758,50.6718],[-4.7581,50.6719],[-4.7581,50.6718]],[[-4.6804,50.7073],[-4.6807,50.7074],[-4.6805,50.7073],[-4.6804,50.7073]],[[-4.5443,50.9433],[-4.5446,50.9432],[-4.5444,50.9432],[-4.5443,50.9433]],[[-4.5576,50.8294],[-4.5574,50.8295],[-4.5576,50.8295],[-4.5576,50.8294]],[[-4.5572,50.8082],[-4.5572,50.8082],[-4.5569,50.8082],[-4.5572,50.8082]],[[-4.6404,50.7461],[-4.6401,50.7461],[-4.6402,50.7461],[-4.6404,50.7461]],[[-4.5345,50.9926],[-4.5342,50.9926],[-4.5344,50.9926],[-4.5345,50.9926]],[[-4.7581,50.6701],[-4.7581,50.6702],[-4.7582,50.6703],[-4.7581,50.6701]],[[-4.6168,50.7582],[-4.6168,50.7583],[-4.617,50.7583],[-4.6168,50.7582]],[[-4.738,50.6717],[-4.7379,50.6719],[-4.738,50.6718],[-4.738,50.6717]],[[-4.6396,50.7459],[-4.6398,50.7459],[-4.6397,50.7459],[-4.6396,50.7459]],[[-4.5261,51.0202],[-4.5258,51.0202],[-4.5261,51.0202],[-4.5261,51.0202]],[[-4.5507,50.9392],[-4.5508,50.9393],[-4.551,50.9393],[-4.5507,50.9392]],[[-4.5649,50.9129],[-4.565,50.9129],[-4.5649,50.9129],[-4.5649,50.9129]],[[-4.5669,50.9059],[-4.5666,50.9058],[-4.5666,50.9059],[-4.5669,50.9059]],[[-4.5581,50.9182],[-4.5586,50.9182],[-4.5578,50.9182],[-4.5581,50.9182]],[[-4.567,50.8858],[-4.5676,50.8857],[-4.5669,50.8857],[-4.567,50.8858]],[[-4.5577,50.8593],[-4.558,50.8592],[-4.5578,50.8592],[-4.5577,50.8593]],[[-4.5348,50.996],[-4.5348,50.9959],[-4.5346,50.996],[-4.5348,50.996]],[[-4.5663,50.9018],[-4.5662,50.9018],[-4.5659,50.9018],[-4.5663,50.9018]],[[-4.5345,50.9957],[-4.5343,50.9958],[-4.5346,50.9958],[-4.5345,50.9957]],[[-4.5285,51.0115],[-4.5282,51.0115],[-4.5286,51.0115],[-4.5285,51.0115]],[[-4.5581,50.9182],[-4.5586,50.9181],[-4.5579,50.9182],[-4.5581,50.9182]],[[-4.5581,50.9183],[-4.5587,50.9182],[-4.558,50.9183],[-4.5581,50.9183]],[[-4.5605,50.8715],[-4.5607,50.8714],[-4.5605,50.8715],[-4.5605,50.8715]],[[-4.5361,50.9921],[-4.536,50.9922],[-4.5363,50.9922],[-4.5361,50.9921]],[[-4.5433,50.9442],[-4.5436,50.9441],[-4.5438,50.9441],[-4.5433,50.9442]],[[-4.5583,50.9203],[-4.5587,50.9203],[-4.5581,50.9203],[-4.5583,50.9203]],[[-4.5624,50.8819],[-4.5623,50.8819],[-4.5625,50.882],[-4.5624,50.8819]],[[-4.5593,50.8702],[-4.5596,50.8701],[-4.5594,50.8701],[-4.5593,50.8702]],[[-4.5675,50.8856],[-4.5681,50.8856],[-4.5675,50.8856],[-4.5675,50.8856]],[[-4.5573,50.8308],[-4.5567,50.8309],[-4.5573,50.8308],[-4.5573,50.8308]],[[-4.7279,50.6806],[-4.728,50.6806],[-4.7278,50.6805],[-4.7279,50.6806]],[[-4.5692,50.9045],[-4.5693,50.9045],[-4.5689,50.9045],[-4.5692,50.9045]],[[-4.566,50.9167],[-4.5654,50.9168],[-4.5657,50.9168],[-4.566,50.9167]],[[-4.5604,50.8715],[-4.5604,50.8714],[-4.5601,50.8715],[-4.5604,50.8715]],[[-4.5501,50.9391],[-4.5503,50.9391],[-4.5502,50.939],[-4.5501,50.9391]],[[-4.7176,50.6843],[-4.7176,50.6844],[-4.7178,50.6844],[-4.7176,50.6843]],[[-4.5633,50.882],[-4.5635,50.882],[-4.5634,50.8819],[-4.5633,50.882]],[[-4.5342,51.0098],[-4.534,51.0099],[-4.5341,51.0099],[-4.5342,51.0098]],[[-4.5472,50.9313],[-4.5476,50.9312],[-4.5473,50.9311],[-4.5472,50.9313]],[[-4.5329,51.0105],[-4.533,51.0104],[-4.5328,51.0105],[-4.5329,51.0105]],[[-4.5365,50.9945],[-4.5363,50.9946],[-4.5365,50.9946],[-4.5365,50.9945]],[[-4.5579,50.863],[-4.5576,50.8631],[-4.5578,50.8631],[-4.5579,50.863]],[[-4.6149,50.7598],[-4.615,50.7597],[-4.6147,50.7597],[-4.6149,50.7598]],[[-4.5662,50.8988],[-4.5662,50.8987],[-4.566,50.8987],[-4.5662,50.8988]],[[-4.558,50.8611],[-4.5578,50.8611],[-4.558,50.8612],[-4.558,50.8611]],[[-4.7278,50.6806],[-4.7276,50.6807],[-4.7276,50.6808],[-4.7278,50.6806]],[[-4.5571,50.8315],[-4.5568,50.8315],[-4.5573,50.8316],[-4.5571,50.8315]],[[-4.5359,50.9959],[-4.536,50.9959],[-4.5362,50.9958],[-4.5359,50.9959]],[[-4.5672,50.8858],[-4.5677,50.8858],[-4.5669,50.8858],[-4.5672,50.8858]],[[-4.5824,50.7717],[-4.5826,50.7716],[-4.5824,50.7716],[-4.5824,50.7717]],[[-4.5333,51.0005],[-4.533,51.0005],[-4.5333,51.0005],[-4.5333,51.0005]],[[-4.5668,50.9061],[-4.567,50.9061],[-4.5667,50.906],[-4.5668,50.9061]],[[-4.5336,51.0026],[-4.5333,51.0027],[-4.5337,51.0027],[-4.5336,51.0026]],[[-4.5617,50.8721],[-4.5621,50.8721],[-4.5618,50.872],[-4.5617,50.8721]],[[-4.5684,50.9049],[-4.5685,50.9047],[-4.5683,50.9048],[-4.5684,50.9049]],[[-4.6511,50.7307],[-4.6511,50.7306],[-4.6509,50.7306],[-4.6511,50.7307]],[[-4.559,50.8736],[-4.5594,50.8735],[-4.559,50.8736],[-4.559,50.8736]],[[-4.5352,50.9948],[-4.535,50.9949],[-4.5353,50.9949],[-4.5352,50.9948]],[[-4.5683,50.9075],[-4.5681,50.9075],[-4.5684,50.9075],[-4.5683,50.9075]],[[-4.6402,50.746],[-4.6402,50.746],[-4.6399,50.7459],[-4.6402,50.746]],[[-4.5394,50.9593],[-4.5392,50.9592],[-4.5393,50.9593],[-4.5394,50.9593]],[[-4.5701,50.9047],[-4.5701,50.9048],[-4.5703,50.9047],[-4.5701,50.9047]],[[-4.5653,50.9078],[-4.565,50.9078],[-4.5652,50.9079],[-4.5653,50.9078]],[[-4.5636,50.9167],[-4.5642,50.9166],[-4.5637,50.9166],[-4.5636,50.9167]],[[-4.5349,50.9937],[-4.5345,50.9938],[-4.5347,50.9938],[-4.5349,50.9937]],[[-4.5584,50.92],[-4.5591,50.9199],[-4.5586,50.9199],[-4.5584,50.92]],[[-4.549,50.9355],[-4.5487,50.9355],[-4.5489,50.9356],[-4.549,50.9355]],[[-4.6801,50.7075],[-4.6803,50.7074],[-4.6801,50.7073],[-4.6801,50.7075]],[[-4.5611,50.8714],[-4.5608,50.8715],[-4.5611,50.8715],[-4.5611,50.8714]],[[-4.5634,50.8905],[-4.563,50.8905],[-4.5633,50.8906],[-4.5634,50.8905]],[[-4.714,50.6854],[-4.7142,50.6854],[-4.714,50.6853],[-4.714,50.6854]],[[-4.5573,50.8622],[-4.5576,50.8621],[-4.5572,50.8622],[-4.5573,50.8622]],[[-4.5582,50.9208],[-4.5585,50.9207],[-4.558,50.9207],[-4.5582,50.9208]],[[-4.567,50.9013],[-4.5667,50.9012],[-4.5666,50.9013],[-4.567,50.9013]],[[-4.5658,50.9013],[-4.566,50.9013],[-4.5658,50.9012],[-4.5658,50.9013]],[[-4.6752,50.7078],[-4.6754,50.7077],[-4.6751,50.7077],[-4.6752,50.7078]],[[-4.5608,50.7869],[-4.5604,50.7869],[-4.5606,50.7869],[-4.5608,50.7869]],[[-4.6742,50.7077],[-4.6742,50.7076],[-4.6736,50.7076],[-4.6742,50.7077]],[[-4.728,50.6805],[-4.7282,50.6805],[-4.7281,50.6803],[-4.728,50.6805]],[[-4.5649,50.8951],[-4.565,50.8951],[-4.5653,50.8951],[-4.5649,50.8951]],[[-4.56,50.7999],[-4.5601,50.7998],[-4.5597,50.7998],[-4.56,50.7999]],[[-4.5363,50.995],[-4.5363,50.9949],[-4.5358,50.995],[-4.5363,50.995]],[[-4.5678,50.9101],[-4.5679,50.91],[-4.5674,50.9101],[-4.5678,50.9101]],[[-4.5646,50.9082],[-4.5645,50.908],[-4.5643,50.9081],[-4.5646,50.9082]],[[-4.566,50.9012],[-4.5664,50.9013],[-4.5662,50.9012],[-4.566,50.9012]],[[-4.5679,50.9011],[-4.5676,50.9012],[-4.5679,50.9013],[-4.5679,50.9011]],[[-4.5482,50.9375],[-4.5488,50.9376],[-4.5487,50.9375],[-4.5482,50.9375]],[[-4.7288,50.6802],[-4.7289,50.68],[-4.7287,50.6801],[-4.7288,50.6802]],[[-4.5657,50.9105],[-4.5661,50.9103],[-4.5656,50.9104],[-4.5657,50.9105]],[[-4.7285,50.6787],[-4.7284,50.6789],[-4.7285,50.679],[-4.7285,50.6787]],[[-4.5612,50.787],[-4.5614,50.7869],[-4.5608,50.7869],[-4.5612,50.787]],[[-4.6341,50.7492],[-4.6343,50.7493],[-4.6347,50.7493],[-4.6341,50.7492]],[[-4.5683,50.9049],[-4.5682,50.9048],[-4.5678,50.9049],[-4.5683,50.9049]],[[-4.5356,50.9922],[-4.5355,50.9921],[-4.5351,50.9922],[-4.5356,50.9922]],[[-4.5672,50.8946],[-4.5674,50.8945],[-4.5671,50.8945],[-4.5672,50.8946]],[[-4.5466,50.942],[-4.5464,50.9422],[-4.5468,50.9422],[-4.5466,50.942]],[[-4.5495,50.9412],[-4.5482,50.9414],[-4.5487,50.9414],[-4.5495,50.9412]],[[-4.568,50.9027],[-4.5679,50.9026],[-4.5675,50.9027],[-4.568,50.9027]],[[-4.7283,50.6805],[-4.7284,50.6802],[-4.7282,50.6803],[-4.7283,50.6805]],[[-4.5641,50.9129],[-4.5646,50.9128],[-4.5641,50.9128],[-4.5641,50.9129]],[[-4.5615,50.8774],[-4.5617,50.8773],[-4.5613,50.8772],[-4.5615,50.8774]],[[-4.6338,50.7501],[-4.6344,50.7501],[-4.6334,50.75],[-4.6338,50.7501]],[[-4.6527,50.7363],[-4.6523,50.7365],[-4.6527,50.7364],[-4.6527,50.7363]],[[-4.5644,50.9126],[-4.565,50.9126],[-4.5642,50.9126],[-4.5644,50.9126]],[[-4.5705,50.9041],[-4.5704,50.904],[-4.5698,50.9041],[-4.5705,50.9041]],[[-4.5616,50.8721],[-4.5613,50.8721],[-4.5609,50.8724],[-4.5616,50.8721]],[[-4.5508,50.9409],[-4.5513,50.9408],[-4.5507,50.9408],[-4.5508,50.9409]],[[-4.6518,50.7343],[-4.6513,50.7342],[-4.6516,50.7344],[-4.6518,50.7343]],[[-4.5439,50.9437],[-4.5447,50.9436],[-4.5439,50.9436],[-4.5439,50.9437]],[[-4.565,50.895],[-4.5652,50.8949],[-4.5642,50.895],[-4.565,50.895]],[[-4.5345,50.9964],[-4.5349,50.9963],[-4.5342,50.9963],[-4.5345,50.9964]],[[-4.5498,50.9394],[-4.5502,50.9392],[-4.5496,50.9392],[-4.5498,50.9394]],[[-4.5545,50.9263],[-4.5544,50.9262],[-4.5538,50.9263],[-4.5545,50.9263]],[[-4.5876,50.7701],[-4.5875,50.7702],[-4.588,50.7702],[-4.5876,50.7701]],[[-4.6556,50.724],[-4.6548,50.7238],[-4.6546,50.7239],[-4.6556,50.724]],[[-4.6296,50.7508],[-4.6289,50.7507],[-4.6291,50.7509],[-4.6296,50.7508]],[[-4.5339,51.0079],[-4.535,51.0078],[-4.5336,51.0079],[-4.5339,51.0079]],[[-4.7181,50.6842],[-4.7177,50.6842],[-4.718,50.6845],[-4.7181,50.6842]],[[-4.5608,50.8721],[-4.5607,50.872],[-4.5602,50.8721],[-4.5608,50.8721]],[[-4.5662,50.911],[-4.5657,50.9108],[-4.5655,50.9109],[-4.5662,50.911]],[[-4.6513,50.7306],[-4.6517,50.7305],[-4.6512,50.7304],[-4.6513,50.7306]],[[-4.5691,50.9048],[-4.5698,50.9046],[-4.5688,50.9046],[-4.5691,50.9048]],[[-4.7301,50.6799],[-4.7298,50.6801],[-4.7306,50.6799],[-4.7301,50.6799]],[[-4.7289,50.6802],[-4.7294,50.6802],[-4.7294,50.6799],[-4.7289,50.6802]],[[-4.5453,50.9526],[-4.5443,50.9525],[-4.5444,50.9528],[-4.5453,50.9526]],[[-4.7176,50.684],[-4.7175,50.6836],[-4.717,50.6838],[-4.7176,50.684]],[[-4.7134,50.6861],[-4.7145,50.6859],[-4.714,50.6856],[-4.7134,50.6861]],[[-4.7458,50.6777],[-4.7461,50.6774],[-4.7457,50.6771],[-4.7458,50.6777]],[[-4.5643,50.9169],[-4.5653,50.9169],[-4.5641,50.9167],[-4.5643,50.9169]],[[-4.5457,50.9528],[-4.5469,50.9527],[-4.5452,50.9524],[-4.5457,50.9528]],[[-4.7461,50.6771],[-4.7466,50.6772],[-4.7463,50.6765],[-4.7461,50.6771]],[[-4.5553,50.9264],[-4.5569,50.9263],[-4.5559,50.9259],[-4.5553,50.9264]],[[-4.7233,50.6856],[-4.7243,50.6857],[-4.7246,50.6853],[-4.7233,50.6856]],[[-4.6677,50.7097],[-4.6679,50.7092],[-4.6669,50.7094],[-4.6677,50.7097]],[[-4.7045,50.6933],[-4.7062,50.6927],[-4.7046,50.6927],[-4.7045,50.6933]],[[-4.7276,50.6834],[-4.7284,50.6827],[-4.7268,50.6826],[-4.7276,50.6834]]]},"properties":{"MCZ_NAME":"Hartland Point to Tintagel","MCZ_CODE":"UKMCZ0034"}},{"type":"Feature","geometry":{"type":"Polygon","coordinates":[[[-5.4887,50.1281],[-5.4801,50.1273],[-5.4713,50.1219],[-5.4625,50.123],[-5.454,50.118],[-5.4539,50.1139],[-5.4483,50.1105],[-5.4406,50.1118],[-5.4284,50.1049],[-5.4267,50.1009],[-5.4292,50.0971],[-5.5001,50.1026],[-5.5001,50.1187],[-5.5077,50.1185],[-5.5084,50.1275],[-5.4887,50.1281]],[[-5.4609,50.1201],[-5.4609,50.1201],[-5.4609,50.1201],[-5.4609,50.1201]],[[-5.4295,50.0981],[-5.4295,50.0981],[-5.4295,50.0982],[-5.4295,50.0981]],[[-5.461,50.1201],[-5.461,50.1201],[-5.4611,50.1202],[-5.461,50.1201]],[[-5.4628,50.1203],[-5.4629,50.1204],[-5.4628,50.1203],[-5.4628,50.1203]],[[-5.4538,50.1105],[-5.4537,50.1105],[-5.4538,50.1105],[-5.4538,50.1105]],[[-5.4487,50.1116],[-5.4485,50.1117],[-5.4487,50.1117],[-5.4487,50.1116]],[[-5.4466,50.1113],[-5.4467,50.1113],[-5.4466,50.1113],[-5.4466,50.1113]],[[-5.4476,50.111],[-5.4477,50.1111],[-5.4477,50.111],[-5.4476,50.111]],[[-5.4813,50.1216],[-5.4812,50.1216],[-5.4814,50.1216],[-5.4813,50.1216]],[[-5.4816,50.122],[-5.4815,50.1221],[-5.4816,50.1221],[-5.4816,50.122]],[[-5.4283,50.1042],[-5.4281,50.1043],[-5.4282,50.1043],[-5.4283,50.1042]],[[-5.4802,50.1218],[-5.48,50.1219],[-5.4802,50.1219],[-5.4802,50.1218]],[[-5.4817,50.121],[-5.4815,50.1211],[-5.4818,50.1211],[-5.4817,50.121]],[[-5.4486,50.1118],[-5.4486,50.1119],[-5.4488,50.1119],[-5.4486,50.1118]],[[-5.4273,50.1012],[-5.4271,50.1012],[-5.4274,50.1014],[-5.4273,50.1012]],[[-5.4758,50.1224],[-5.4754,50.1224],[-5.4753,50.1226],[-5.4758,50.1224]],[[-5.4608,50.1205],[-5.4601,50.1206],[-5.4605,50.1209],[-5.4608,50.1205]],[[-5.456,50.1094],[-5.4545,50.1098],[-5.4539,50.1104],[-5.456,50.1094]],[[-5.4785,50.1194],[-5.479,50.1154],[-5.4755,50.1173],[-5.4785,50.1194]]]},"properties":{"MCZ_NAME":"Mounts Bay","MCZ_CODE":"UKMCZ0036"}},{"type":"Feature","geometry":{"type":"Polygon","coordinates":[[[-1.47,55.0812],[-1.4722,55.0846],[-1.47,55.085],[-1.4744,55.0858],[-1.4726,55.0844],[-1.4789,55.0799],[-1.475,55.0777],[-1.4783,55.0786],[-1.4773,55.0839],[-1.4734,55.0844],[-1.4885,55.095],[-1.4984,55.1107],[-1.4684,55.1001],[-1.4682,55.1163],[-1.5103,55.1379],[-1.5209,55.1493],[-1.5247,55.1581],[-1.5211,55.1702],[-1.5132,55.1748],[-1.5147,55.1793],[-1.512,55.1834],[-1.499,55.1855],[-1.5052,55.1926],[-1.5018,55.1963],[-1.5107,55.1992],[-1.524,55.2125],[-1.5291,55.2222],[-1.5251,55.2269],[-1.5267,55.2284],[-1.5455,55.2397],[-1.5595,55.2532],[-1.5626,55.2519],[-1.5596,55.2533],[-1.5725,55.2759],[-1.5702,55.2914],[-1.5579,55.3072],[-1.5498,55.3113],[-1.5494,55.3218],[-1.5702,55.3353],[-1.5705,55.3398],[-1.5817,55.3394],[-1.589,55.3457],[-1.6014,55.3616],[-1.6082,55.3837],[-1.6143,55.3858],[-1.6046,55.39],[-1.483,55.3896],[-1.4892,55.382],[-1.4652,55.368],[-1.4512,55.3493],[-1.4463,55.319],[-1.456,55.2919],[-1.4734,55.2762],[-1.4707,55.2747],[-1.5054,55.2727],[-1.4379,55.0904],[-1.3943,55.0956],[-1.3911,55.0893],[-1.3622,55.0852],[-1.359,55.0717],[-1.3412,55.0498],[-1.4395,55.0442],[-1.4485,55.0508],[-1.4549,55.0622],[-1.4492,55.0722],[-1.4559,55.0702],[-1.4639,55.0796],[-1.47,55.0812]],[[-1.4719,55.0856],[-1.472,55.0855],[-1.4718,55.0855],[-1.4719,55.0856]],[[-1.4697,55.0824],[-1.4694,55.0824],[-1.4696,55.0825],[-1.4697,55.0824]],[[-1.5081,55.1985],[-1.5079,55.1984],[-1.5077,55.1985],[-1.5081,55.1985]],[[-1.5089,55.1815],[-1.5103,55.18],[-1.5101,55.1801],[-1.5089,55.1815]],[[-1.5042,55.1845],[-1.5042,55.1846],[-1.5059,55.1836],[-1.5042,55.1845]],[[-1.4492,55.0727],[-1.4493,55.0723],[-1.4484,55.072],[-1.4492,55.0727]],[[-1.5388,55.3368],[-1.5406,55.3337],[-1.5377,55.333],[-1.5388,55.3368]]]},"properties":{"MCZ_NAME":"Coquet to St Marys","MCZ_CODE":"UKMCZ0030"}},{"type":"Feature","geometry":{"type":"Polygon","coordinates":[[[-2.6302,53.7664],[-2.6431,53.7653],[-2.6454,53.7597],[-2.6564,53.7604],[-2.66,53.7514],[-2.665,53.7484],[-2.6805,53.752],[-2.6847,53.749],[-2.6733,53.7459],[-2.6963,53.7516],[-2.7108,53.7476],[-2.7168,53.7495],[-2.7217,53.7564],[-2.7446,53.7575],[-2.7742,53.7535],[-2.7739,53.7481],[-2.776,53.7535],[-2.8154,53.746],[-2.82,53.7447],[-2.8167,53.7433],[-2.8171,53.7395],[-2.8206,53.7385],[-2.8236,53.7384],[-2.8181,53.7397],[-2.8206,53.7443],[-2.8277,53.7397],[-2.8317,53.7395],[-2.8262,53.7414],[-2.8287,53.7427],[-2.8554,53.7352],[-2.8513,53.7328],[-2.849,53.7351],[-2.8514,53.7326],[-2.8447,53.7301],[-2.8427,53.7319],[-2.8466,53.7359],[-2.836,53.737],[-2.8384,53.736],[-2.8354,53.7332],[-2.8388,53.736],[-2.845,53.7337],[-2.8415,53.7345],[-2.8431,53.7298],[-2.8406,53.733],[-2.8401,53.7288],[-2.8334,53.7306],[-2.8364,53.7281],[-2.843,53.7292],[-2.8361,53.7248],[-2.8212,53.7303],[-2.8355,53.7244],[-2.8266,53.7204],[-2.8299,53.7195],[-2.8237,53.716],[-2.8267,53.7159],[-2.823,53.7118],[-2.8244,53.7085],[-2.8215,53.7079],[-2.8244,53.7079],[-2.8244,53.7011],[-2.8315,53.7007],[-2.8333,53.6971],[-2.8256,53.6876],[-2.819,53.6875],[-2.8184,53.6848],[-2.824,53.6807],[-2.8181,53.6787],[-2.8098,53.6623],[-2.7939,53.6628],[-2.777,53.6714],[-2.7737,53.6779],[-2.7778,53.6708],[-2.7634,53.6709],[-2.7797,53.6707],[-2.7938,53.6628],[-2.7736,53.6603],[-2.8099,53.6622],[-2.8108,53.6483],[-2.8063,53.6415],[-2.8057,53.6332],[-2.8079,53.6288],[-2.8009,53.6249],[-2.8082,53.629],[-2.806,53.6333],[-2.8065,53.6415],[-2.8109,53.6482],[-2.8095,53.6608],[-2.8186,53.6787],[-2.8244,53.6808],[-2.8189,53.6864],[-2.8257,53.6873],[-2.8336,53.696],[-2.8305,53.7021],[-2.8245,53.702],[-2.8262,53.713],[-2.8342,53.7218],[-2.8475,53.7294],[-2.8645,53.734],[-2.8772,53.7299],[-2.8768,53.7321],[-2.8841,53.731],[-2.879,53.7296],[-2.8972,53.7247],[-2.9006,53.7195],[-2.896,53.7101],[-2.8987,53.7142],[-2.9004,53.712],[-2.8988,53.7144],[-2.9017,53.7194],[-2.9124,53.7241],[-2.9016,53.7157],[-2.9063,53.7166],[-2.9032,53.7141],[-2.9029,53.7117],[-2.9053,53.714],[-2.9073,53.7112],[-2.9049,53.7087],[-2.9062,53.7132],[-2.9086,53.7123],[-2.9038,53.715],[-2.9106,53.72],[-2.9083,53.7151],[-2.9103,53.7183],[-2.9118,53.7137],[-2.9109,53.719],[-2.9138,53.7176],[-2.911,53.72],[-2.9144,53.7209],[-2.9151,53.7261],[-2.9293,53.7242],[-2.9207,53.7175],[-2.9159,53.7176],[-2.9195,53.7171],[-2.913,53.7125],[-2.9153,53.7137],[-2.9143,53.7109],[-2.921,53.7173],[-2.9187,53.7108],[-2.9183,53.7138],[-2.9202,53.7121],[-2.9218,53.7178],[-2.9224,53.7138],[-2.9234,53.7189],[-2.9271,53.7207],[-2.9258,53.7168],[-2.9291,53.7133],[-2.9265,53.7186],[-2.93,53.7196],[-2.9278,53.7212],[-2.9305,53.7244],[-2.9333,53.7236],[-2.9323,53.7187],[-2.9351,53.7195],[-2.9336,53.7224],[-2.9366,53.7217],[-2.933,53.7252],[-2.9397,53.7243],[-2.9482,53.7115],[-2.9353,53.7125],[-2.9422,53.7092],[-2.9377,53.7085],[-2.9401,53.7075],[-2.9366,53.7049],[-2.9279,53.7084],[-2.9359,53.705],[-2.9252,53.7066],[-2.9298,53.7052],[-2.9262,53.7047],[-2.9277,53.7027],[-2.9321,53.705],[-2.9287,53.7012],[-2.9318,53.7],[-2.9325,53.7049],[-2.9437,53.7082],[-2.955,53.7041],[-2.9449,53.7057],[-2.9536,53.7024],[-2.9515,53.7009],[-2.9367,53.7019],[-2.9465,53.7005],[-2.9374,53.7012],[-2.9428,53.6999],[-2.9352,53.6983],[-2.9511,53.6998],[-2.9371,53.6951],[-2.9528,53.6998],[-2.9455,53.6948],[-2.9531,53.6995],[-2.9582,53.6975],[-2.945,53.6933],[-2.9578,53.6969],[-2.9538,53.6936],[-2.9561,53.696],[-2.9627,53.6948],[-2.9573,53.691],[-2.9375,53.6934],[-2.9525,53.6914],[-2.9474,53.6884],[-2.9513,53.6904],[-2.9493,53.6876],[-2.9538,53.6822],[-2.9448,53.6787],[-2.9539,53.6814],[-2.954,53.6846],[-2.9576,53.6833],[-2.9513,53.6864],[-2.9521,53.6902],[-2.9573,53.6861],[-2.9519,53.6907],[-2.9549,53.6918],[-2.9607,53.6858],[-2.9573,53.6902],[-2.9615,53.6881],[-2.96,53.6918],[-2.9621,53.6892],[-2.9641,53.6922],[-2.9675,53.6895],[-2.9628,53.6928],[-2.9716,53.6923],[-2.9646,53.6934],[-2.9671,53.695],[-2.9649,53.698],[-2.9751,53.6972],[-2.976,53.734],[-2.9438,53.7362],[-2.9359,53.7411],[-2.9448,53.7415],[-2.9354,53.7413],[-2.9369,53.7446],[-2.9262,53.7384],[-2.9201,53.741],[-2.9283,53.7391],[-2.9253,53.7377],[-2.9167,53.7375],[-2.9166,53.7428],[-2.9168,53.7392],[-2.9134,53.7393],[-2.9163,53.7377],[-2.906,53.7366],[-2.9252,53.7373],[-2.9327,53.7411],[-2.9388,53.7392],[-2.9358,53.7373],[-2.9429,53.736],[-2.9374,53.7365],[-2.94,53.7346],[-2.9526,53.7329],[-2.9428,53.7322],[-2.9428,53.7343],[-2.9423,53.7321],[-2.9421,53.7343],[-2.9408,53.7321],[-2.9363,53.7365],[-2.9406,53.7338],[-2.9379,53.7346],[-2.9403,53.7334],[-2.9381,53.7321],[-2.9327,53.7378],[-2.9339,53.734],[-2.9303,53.7366],[-2.9303,53.7343],[-2.9272,53.7357],[-2.9294,53.734],[-2.9216,53.7353],[-2.9356,53.7329],[-2.9246,53.7338],[-2.9283,53.7314],[-2.921,53.7316],[-2.9204,53.7348],[-2.9207,53.7318],[-2.9177,53.7316],[-2.9183,53.7344],[-2.9155,53.7319],[-2.9166,53.7351],[-2.9145,53.7318],[-2.9126,53.7352],[-2.9122,53.732],[-2.9106,53.735],[-2.9103,53.7322],[-2.8591,53.7378],[-2.8566,53.7385],[-2.8587,53.7506],[-2.8598,53.7465],[-2.8556,53.7384],[-2.8211,53.7459],[-2.8229,53.748],[-2.8204,53.7461],[-2.7886,53.753],[-2.7957,53.7623],[-2.7899,53.7658],[-2.7953,53.762],[-2.7904,53.7579],[-2.7823,53.7574],[-2.7901,53.7583],[-2.7834,53.7569],[-2.789,53.7569],[-2.7846,53.7563],[-2.7891,53.7562],[-2.7879,53.7533],[-2.7304,53.7586],[-2.7193,53.7567],[-2.7151,53.7498],[-2.7104,53.7482],[-2.6975,53.7524],[-2.6863,53.7494],[-2.6777,53.7534],[-2.6672,53.7486],[-2.6612,53.7512],[-2.6568,53.7607],[-2.6458,53.7603],[-2.6442,53.7657],[-2.623,53.7706],[-2.6224,53.7737],[-2.6279,53.7779],[-2.6209,53.7725],[-2.6302,53.7664]],[[-2.9034,53.7197],[-2.9033,53.7197],[-2.9034,53.7197],[-2.9034,53.7197]],[[-2.93,53.7409],[-2.93,53.7409],[-2.93,53.7409],[-2.93,53.7409]],[[-2.9035,53.724],[-2.9035,53.724],[-2.9036,53.724],[-2.9035,53.724]],[[-2.9417,53.7357],[-2.9418,53.7357],[-2.9417,53.7357],[-2.9417,53.7357]],[[-2.9306,53.7408],[-2.9305,53.7408],[-2.9305,53.7408],[-2.9306,53.7408]],[[-2.9389,53.6959],[-2.9388,53.6959],[-2.9389,53.6959],[-2.9389,53.6959]],[[-2.9043,53.7271],[-2.9044,53.7271],[-2.9043,53.727],[-2.9043,53.7271]],[[-2.79,53.7657],[-2.7898,53.7657],[-2.7901,53.7656],[-2.79,53.7657]],[[-2.9007,53.7265],[-2.9007,53.7264],[-2.9006,53.7265],[-2.9007,53.7265]],[[-2.7912,53.7648],[-2.7913,53.7648],[-2.7913,53.7647],[-2.7912,53.7648]],[[-2.9438,53.7323],[-2.944,53.7323],[-2.9438,53.7322],[-2.9438,53.7323]],[[-2.8972,53.7249],[-2.8972,53.7248],[-2.897,53.7248],[-2.8972,53.7249]],[[-2.8394,53.7361],[-2.8391,53.7361],[-2.8394,53.7361],[-2.8394,53.7361]],[[-2.9445,53.7125],[-2.9448,53.7125],[-2.9447,53.7124],[-2.9445,53.7125]],[[-2.7063,53.7491],[-2.7062,53.7492],[-2.7065,53.7491],[-2.7063,53.7491]],[[-2.9383,53.7349],[-2.9381,53.735],[-2.938,53.7352],[-2.9383,53.7349]],[[-2.8997,53.7172],[-2.8999,53.7171],[-2.8993,53.7172],[-2.8997,53.7172]],[[-2.8995,53.7168],[-2.8992,53.717],[-2.8997,53.7169],[-2.8995,53.7168]],[[-2.943,53.7102],[-2.9426,53.7103],[-2.9427,53.7104],[-2.943,53.7102]],[[-2.8496,53.7319],[-2.849,53.7317],[-2.8494,53.732],[-2.8496,53.7319]],[[-2.934,53.7408],[-2.9336,53.741],[-2.9343,53.741],[-2.934,53.7408]],[[-2.904,53.7273],[-2.9042,53.7271],[-2.9037,53.7269],[-2.904,53.7273]],[[-2.9419,53.7083],[-2.942,53.7079],[-2.9418,53.7079],[-2.9419,53.7083]],[[-2.8858,53.7299],[-2.8856,53.7292],[-2.8853,53.7298],[-2.8858,53.7299]],[[-2.9009,53.7264],[-2.9007,53.7259],[-2.9001,53.7258],[-2.9009,53.7264]],[[-2.8857,53.7308],[-2.886,53.7306],[-2.8853,53.7303],[-2.8857,53.7308]],[[-2.8996,53.7159],[-2.8989,53.7158],[-2.8995,53.7164],[-2.8996,53.7159]],[[-2.9001,53.72],[-2.9009,53.7198],[-2.8995,53.7194],[-2.9001,53.72]],[[-2.8872,53.7268],[-2.8879,53.7274],[-2.8883,53.7264],[-2.8872,53.7268]],[[-2.9006,53.7186],[-2.8992,53.7174],[-2.8992,53.7186],[-2.9006,53.7186]],[[-2.8867,53.73],[-2.888,53.7282],[-2.8866,53.7268],[-2.8867,53.73]],[[-2.906,53.7276],[-2.904,53.7286],[-2.9078,53.7284],[-2.906,53.7276]],[[-2.8866,53.7303],[-2.8899,53.7299],[-2.891,53.7253],[-2.8866,53.7303]],[[-2.9035,53.7286],[-2.9014,53.7264],[-2.895,53.7297],[-2.9035,53.7286]],[[-2.8973,53.7247],[-2.906,53.7261],[-2.899,53.7215],[-2.8973,53.7247]],[[-2.8916,53.7256],[-2.8894,53.7307],[-2.9005,53.7263],[-2.8916,53.7256]],[[-2.8991,53.7215],[-2.9061,53.7243],[-2.908,53.727],[-2.9051,53.7273],[-2.9129,53.727],[-2.9044,53.7207],[-2.8991,53.7215]]]},"properties":{"MCZ_NAME":"Ribble Estuary","MCZ_CODE":"UKMCZ0067"}},{"type":"Feature","geometry":{"type":"Polygon","coordinates":[[[0.6202,51.4377],[0.6269,51.4376],[0.6283,51.4425],[0.6332,51.4449],[0.6295,51.4422],[0.6314,51.4411],[0.6359,51.4462],[0.6451,51.4437],[0.657,51.4493],[0.6626,51.4475],[0.6634,51.4436],[0.6721,51.448],[0.669,51.4438],[0.6767,51.4388],[0.6735,51.4347],[0.6758,51.4335],[0.7133,51.4356],[0.7235,51.4467],[0.7216,51.4583],[0.7112,51.465],[0.7198,51.4653],[0.7715,51.4527],[0.7861,51.4403],[0.7693,51.4409],[0.744,51.4477],[0.7455,51.4405],[0.7371,51.4319],[0.7361,51.4215],[0.7203,51.4171],[0.6969,51.4206],[0.6988,51.4102],[0.7055,51.4084],[0.6987,51.4096],[0.6959,51.4072],[0.7,51.3992],[0.7046,51.3985],[0.7019,51.3962],[0.7052,51.3951],[0.7047,51.3984],[0.7069,51.3978],[0.7059,51.3946],[0.7192,51.3881],[0.714,51.384],[0.6952,51.3798],[0.6948,51.3849],[0.7029,51.3925],[0.6869,51.3917],[0.6825,51.3803],[0.6716,51.3763],[0.6705,51.3732],[0.6717,51.3772],[0.6665,51.379],[0.6669,51.383],[0.6631,51.3824],[0.6656,51.383],[0.6625,51.3827],[0.6623,51.3852],[0.6609,51.3832],[0.6576,51.3926],[0.6482,51.3976],[0.64,51.3951],[0.641,51.3876],[0.6301,51.3807],[0.6285,51.3731],[0.6229,51.3773],[0.6249,51.3812],[0.6346,51.3857],[0.6346,51.3891],[0.6195,51.3882],[0.6219,51.3824],[0.6164,51.378],[0.6121,51.3788],[0.5968,51.3868],[0.6021,51.3906],[0.5946,51.3865],[0.5929,51.3903],[0.561,51.3948],[0.5619,51.3979],[0.5543,51.3975],[0.5482,51.4076],[0.5358,51.4098],[0.5258,51.3956],[0.5225,51.3851],[0.5136,51.3843],[0.5104,51.391],[0.5081,51.3906],[0.5096,51.3935],[0.5062,51.3938],[0.4893,51.3791],[0.4831,51.3768],[0.4852,51.3784],[0.4821,51.3787],[0.4828,51.3768],[0.4505,51.365],[0.4507,51.3594],[0.4577,51.3521],[0.4496,51.3481],[0.4582,51.3359],[0.4513,51.3305],[0.4604,51.3305],[0.4564,51.3273],[0.461,51.3255],[0.4583,51.3211],[0.4633,51.3216],[0.4645,51.3188],[0.4598,51.3182],[0.4641,51.3189],[0.461,51.3215],[0.4569,51.3183],[0.4633,51.3042],[0.4693,51.3019],[0.4798,51.3035],[0.4861,51.2997],[0.4929,51.3011],[0.5063,51.2958],[0.4927,51.3009],[0.4689,51.3015],[0.4619,51.3049],[0.4563,51.318],[0.4599,51.3257],[0.4552,51.3271],[0.4593,51.3303],[0.4503,51.3303],[0.4511,51.3338],[0.4572,51.3359],[0.448,51.3474],[0.456,51.3517],[0.4482,51.3595],[0.4497,51.3665],[0.481,51.3814],[0.49,51.382],[0.4919,51.3917],[0.4977,51.3918],[0.4935,51.3936],[0.4986,51.3923],[0.5039,51.3972],[0.5087,51.3965],[0.5191,51.387],[0.523,51.398],[0.5156,51.4002],[0.5229,51.3998],[0.5324,51.4127],[0.5635,51.4095],[0.5766,51.4158],[0.6109,51.4174],[0.6238,51.4241],[0.6173,51.4284],[0.6138,51.423],[0.6052,51.4206],[0.6101,51.4226],[0.6123,51.4296],[0.6181,51.4311],[0.6202,51.4377]],[[0.6505,51.4461],[0.6505,51.4461],[0.6505,51.4461],[0.6505,51.4461]],[[0.6407,51.4424],[0.6407,51.4424],[0.6407,51.4424],[0.6407,51.4424]],[[0.6496,51.4458],[0.6496,51.4458],[0.6496,51.4458],[0.6496,51.4458]],[[0.6408,51.4424],[0.6408,51.4424],[0.6408,51.4424],[0.6408,51.4424]],[[0.6384,51.4414],[0.6384,51.4414],[0.6384,51.4414],[0.6384,51.4414]],[[0.6009,51.3841],[0.6009,51.3841],[0.6009,51.3841],[0.6009,51.3841]],[[0.7436,51.4432],[0.7437,51.4431],[0.7437,51.4432],[0.7436,51.4432]],[[0.5996,51.3851],[0.5996,51.3851],[0.5996,51.3851],[0.5996,51.3851]],[[0.6004,51.3849],[0.6003,51.3849],[0.6004,51.3849],[0.6004,51.3849]],[[0.6496,51.4458],[0.6496,51.4458],[0.6495,51.4458],[0.6496,51.4458]],[[0.4894,51.3818],[0.4895,51.3818],[0.4894,51.3818],[0.4894,51.3818]],[[0.6496,51.4457],[0.6496,51.4457],[0.6496,51.4457],[0.6496,51.4457]],[[0.5856,51.3909],[0.5856,51.3909],[0.5856,51.3909],[0.5856,51.3909]],[[0.6304,51.4435],[0.6304,51.4435],[0.6304,51.4435],[0.6304,51.4435]],[[0.5709,51.4136],[0.5709,51.4136],[0.5709,51.4136],[0.5709,51.4136]],[[0.6169,51.3961],[0.6169,51.3961],[0.6169,51.3962],[0.6169,51.3961]],[[0.6323,51.4437],[0.6323,51.4437],[0.6323,51.4437],[0.6323,51.4437]],[[0.6312,51.442],[0.6313,51.442],[0.6312,51.442],[0.6312,51.442]],[[0.6377,51.4395],[0.6378,51.4395],[0.6377,51.4395],[0.6377,51.4395]],[[0.6766,51.3935],[0.6765,51.3935],[0.6766,51.3935],[0.6766,51.3935]],[[0.6752,51.3946],[0.6752,51.3946],[0.6752,51.3946],[0.6752,51.3946]],[[0.574,51.4094],[0.5741,51.4094],[0.5741,51.4094],[0.574,51.4094]],[[0.6094,51.3944],[0.6094,51.3945],[0.6094,51.3945],[0.6094,51.3944]],[[0.6753,51.3946],[0.6753,51.3946],[0.6752,51.3946],[0.6753,51.3946]],[[0.6313,51.4413],[0.6314,51.4413],[0.6313,51.4413],[0.6313,51.4413]],[[0.6346,51.427],[0.6346,51.427],[0.6346,51.427],[0.6346,51.427]],[[0.6349,51.4279],[0.6349,51.4279],[0.6349,51.428],[0.6349,51.4279]],[[0.5994,51.3847],[0.5995,51.3847],[0.5994,51.3847],[0.5994,51.3847]],[[0.6471,51.4335],[0.6472,51.4335],[0.6472,51.4336],[0.6471,51.4335]],[[0.6312,51.4419],[0.6313,51.4419],[0.6313,51.4419],[0.6312,51.4419]],[[0.6805,51.3896],[0.6805,51.3896],[0.6805,51.3896],[0.6805,51.3896]],[[0.6207,51.4375],[0.6207,51.4375],[0.6207,51.4375],[0.6207,51.4375]],[[0.6236,51.4242],[0.6236,51.4242],[0.6236,51.4242],[0.6236,51.4242]],[[0.5947,51.3885],[0.5948,51.3885],[0.5948,51.3885],[0.5947,51.3885]],[[0.562,51.4078],[0.5619,51.4078],[0.562,51.4078],[0.562,51.4078]],[[0.6964,51.3805],[0.6965,51.3806],[0.6964,51.3806],[0.6964,51.3805]],[[0.5737,51.4092],[0.5737,51.4092],[0.5737,51.4092],[0.5737,51.4092]],[[0.57,51.4133],[0.5701,51.4133],[0.5701,51.4133],[0.57,51.4133]],[[0.6349,51.4279],[0.6348,51.4279],[0.6348,51.4279],[0.6349,51.4279]],[[0.6508,51.4457],[0.6508,51.4457],[0.6508,51.4457],[0.6508,51.4457]],[[0.6604,51.4406],[0.6605,51.4406],[0.6605,51.4406],[0.6604,51.4406]],[[0.5758,51.4154],[0.5759,51.4154],[0.5759,51.4154],[0.5758,51.4154]],[[0.5758,51.4154],[0.5757,51.4154],[0.5758,51.4154],[0.5758,51.4154]],[[0.6168,51.427],[0.6169,51.427],[0.6169,51.4271],[0.6168,51.427]],[[0.6314,51.4417],[0.6313,51.4417],[0.6313,51.4417],[0.6314,51.4417]],[[0.6354,51.4227],[0.6355,51.4227],[0.6355,51.4228],[0.6354,51.4227]],[[0.6074,51.3816],[0.6074,51.3815],[0.6075,51.3815],[0.6074,51.3816]],[[0.6005,51.385],[0.6006,51.3849],[0.6006,51.385],[0.6005,51.385]],[[0.635,51.4442],[0.635,51.4442],[0.635,51.4442],[0.635,51.4442]],[[0.6489,51.4454],[0.649,51.4454],[0.6489,51.4454],[0.6489,51.4454]],[[0.5994,51.3859],[0.5994,51.3859],[0.5994,51.3859],[0.5994,51.3859]],[[0.5619,51.4078],[0.5619,51.4078],[0.5619,51.4078],[0.5619,51.4078]],[[0.617,51.4273],[0.6169,51.4273],[0.617,51.4273],[0.617,51.4273]],[[0.6833,51.4186],[0.6833,51.4186],[0.6833,51.4186],[0.6833,51.4186]],[[0.67,51.3925],[0.67,51.3925],[0.67,51.3925],[0.67,51.3925]],[[0.6113,51.398],[0.6112,51.398],[0.6112,51.398],[0.6113,51.398]],[[0.6749,51.3937],[0.675,51.3938],[0.675,51.3938],[0.6749,51.3937]],[[0.7112,51.3905],[0.7113,51.3905],[0.7112,51.3905],[0.7112,51.3905]],[[0.6751,51.3939],[0.675,51.3939],[0.6751,51.3939],[0.6751,51.3939]],[[0.6079,51.4066],[0.608,51.4066],[0.608,51.4067],[0.6079,51.4066]],[[0.6712,51.4184],[0.6713,51.4184],[0.6713,51.4185],[0.6712,51.4184]],[[0.5961,51.3873],[0.5961,51.3873],[0.5962,51.3874],[0.5961,51.3873]],[[0.6513,51.4411],[0.6514,51.4411],[0.6513,51.4411],[0.6513,51.4411]],[[0.6922,51.3966],[0.6924,51.3966],[0.6923,51.3966],[0.6922,51.3966]],[[0.6701,51.3926],[0.6702,51.3926],[0.6701,51.3926],[0.6701,51.3926]],[[0.5706,51.4133],[0.5707,51.4134],[0.5706,51.4134],[0.5706,51.4133]],[[0.6607,51.4406],[0.6606,51.4406],[0.6607,51.4405],[0.6607,51.4406]],[[0.6203,51.4272],[0.6204,51.4271],[0.6204,51.4272],[0.6203,51.4272]],[[0.6351,51.4438],[0.6352,51.4438],[0.6351,51.4438],[0.6351,51.4438]],[[0.6868,51.4188],[0.6868,51.4188],[0.6868,51.4188],[0.6868,51.4188]],[[0.6169,51.4272],[0.617,51.4272],[0.617,51.4272],[0.6169,51.4272]],[[0.6596,51.4415],[0.6595,51.4415],[0.6596,51.4415],[0.6596,51.4415]],[[0.5952,51.3871],[0.5953,51.3871],[0.5953,51.3872],[0.5952,51.3871]],[[0.7025,51.3911],[0.7025,51.3911],[0.7025,51.3911],[0.7025,51.3911]],[[0.6107,51.3971],[0.6107,51.3971],[0.6107,51.3971],[0.6107,51.3971]],[[0.6989,51.4103],[0.699,51.4103],[0.699,51.4103],[0.6989,51.4103]],[[0.65,51.4457],[0.6501,51.4458],[0.65,51.4458],[0.65,51.4457]],[[0.6727,51.3907],[0.6728,51.3907],[0.6728,51.3907],[0.6727,51.3907]],[[0.5947,51.3879],[0.5947,51.3879],[0.5947,51.388],[0.5947,51.3879]],[[0.6152,51.3959],[0.6152,51.396],[0.6152,51.3959],[0.6152,51.3959]],[[0.6879,51.4054],[0.688,51.4054],[0.6879,51.4055],[0.6879,51.4054]],[[0.5998,51.3851],[0.5999,51.3851],[0.5998,51.3851],[0.5998,51.3851]],[[0.5645,51.41],[0.5644,51.41],[0.5644,51.41],[0.5645,51.41]],[[0.5941,51.3886],[0.5942,51.3886],[0.5942,51.3886],[0.5941,51.3886]],[[0.7091,51.3829],[0.7092,51.3829],[0.7091,51.3829],[0.7091,51.3829]],[[0.573,51.4091],[0.5731,51.4091],[0.5731,51.4092],[0.573,51.4091]],[[0.5805,51.4057],[0.5805,51.4056],[0.5805,51.4057],[0.5805,51.4057]],[[0.6573,51.4447],[0.6573,51.4447],[0.6573,51.4447],[0.6573,51.4447]],[[0.5801,51.4058],[0.5801,51.4058],[0.5802,51.4058],[0.5801,51.4058]],[[0.5872,51.393],[0.5873,51.3931],[0.5872,51.3931],[0.5872,51.393]],[[0.5971,51.3876],[0.5971,51.3876],[0.5971,51.3876],[0.5971,51.3876]],[[0.5842,51.4153],[0.5843,51.4153],[0.5842,51.4153],[0.5842,51.4153]],[[0.5938,51.3882],[0.5939,51.3883],[0.5938,51.3883],[0.5938,51.3882]],[[0.6381,51.4173],[0.6381,51.4173],[0.6381,51.4173],[0.6381,51.4173]],[[0.6633,51.4407],[0.6634,51.4407],[0.6633,51.4408],[0.6633,51.4407]],[[0.5941,51.3877],[0.5942,51.3877],[0.5942,51.3877],[0.5941,51.3877]],[[0.6265,51.4387],[0.6266,51.4388],[0.6265,51.4388],[0.6265,51.4387]],[[0.678,51.3938],[0.678,51.3938],[0.678,51.3939],[0.678,51.3938]],[[0.5808,51.4154],[0.581,51.4154],[0.5809,51.4154],[0.5808,51.4154]],[[0.5741,51.4138],[0.5742,51.4138],[0.5742,51.4138],[0.5741,51.4138]],[[0.6251,51.4257],[0.6253,51.4257],[0.6252,51.4257],[0.6251,51.4257]],[[0.6407,51.4294],[0.6408,51.4294],[0.6408,51.4294],[0.6407,51.4294]],[[0.6035,51.3835],[0.6035,51.3834],[0.6036,51.3834],[0.6035,51.3835]],[[0.6734,51.4191],[0.6735,51.4192],[0.6734,51.4192],[0.6734,51.4191]],[[0.6283,51.4381],[0.6284,51.4381],[0.6283,51.4381],[0.6283,51.4381]],[[0.6359,51.4429],[0.6359,51.4428],[0.6359,51.4429],[0.6359,51.4429]],[[0.6459,51.4415],[0.646,51.4415],[0.646,51.4416],[0.6459,51.4415]],[[0.6169,51.4271],[0.617,51.4272],[0.6169,51.4271],[0.6169,51.4271]],[[0.6232,51.423],[0.6233,51.423],[0.6233,51.423],[0.6232,51.423]],[[0.6312,51.442],[0.6313,51.442],[0.6313,51.442],[0.6312,51.442]],[[0.6201,51.4374],[0.6202,51.4375],[0.6201,51.4375],[0.6201,51.4374]],[[0.5954,51.3873],[0.5955,51.3873],[0.5954,51.3874],[0.5954,51.3873]],[[0.6896,51.4012],[0.6896,51.4011],[0.6896,51.4012],[0.6896,51.4012]],[[0.5731,51.4113],[0.5732,51.4113],[0.5731,51.4113],[0.5731,51.4113]],[[0.6382,51.4166],[0.6383,51.4166],[0.6382,51.4166],[0.6382,51.4166]],[[0.6368,51.433],[0.6369,51.433],[0.6369,51.433],[0.6368,51.433]],[[0.6281,51.4393],[0.6282,51.4393],[0.6281,51.4393],[0.6281,51.4393]],[[0.6345,51.4406],[0.6346,51.4406],[0.6345,51.4406],[0.6345,51.4406]],[[0.6351,51.4229],[0.6352,51.4228],[0.6352,51.4229],[0.6351,51.4229]],[[0.6501,51.4403],[0.6502,51.4403],[0.6501,51.4403],[0.6501,51.4403]],[[0.6279,51.4381],[0.628,51.4381],[0.6278,51.4382],[0.6279,51.4381]],[[0.5994,51.3847],[0.5995,51.3847],[0.5995,51.3848],[0.5994,51.3847]],[[0.6106,51.3953],[0.6108,51.3953],[0.6107,51.3953],[0.6106,51.3953]],[[0.576,51.4111],[0.576,51.411],[0.576,51.411],[0.576,51.4111]],[[0.5809,51.4062],[0.5809,51.4061],[0.581,51.4062],[0.5809,51.4062]],[[0.6666,51.4058],[0.6667,51.4057],[0.6667,51.4058],[0.6666,51.4058]],[[0.6615,51.4364],[0.6615,51.4365],[0.6615,51.4365],[0.6615,51.4364]],[[0.6392,51.4388],[0.6393,51.4388],[0.6394,51.4388],[0.6392,51.4388]],[[0.6762,51.3936],[0.6761,51.3936],[0.6762,51.3935],[0.6762,51.3936]],[[0.7101,51.3905],[0.7101,51.3904],[0.7102,51.3905],[0.7101,51.3905]],[[0.6288,51.4407],[0.6288,51.4407],[0.6289,51.4407],[0.6288,51.4407]],[[0.6746,51.4148],[0.6745,51.4148],[0.6745,51.4148],[0.6746,51.4148]],[[0.6107,51.3837],[0.6108,51.3837],[0.6108,51.3837],[0.6107,51.3837]],[[0.6367,51.4182],[0.6368,51.4182],[0.6368,51.4182],[0.6367,51.4182]],[[0.6163,51.3961],[0.6163,51.3962],[0.6163,51.3962],[0.6163,51.3961]],[[0.7082,51.3934],[0.7083,51.3934],[0.7082,51.3934],[0.7082,51.3934]],[[0.6413,51.4422],[0.6414,51.4422],[0.6414,51.4423],[0.6413,51.4422]],[[0.6279,51.4395],[0.628,51.4394],[0.6279,51.4395],[0.6279,51.4395]],[[0.6812,51.4102],[0.6812,51.4101],[0.6813,51.4101],[0.6812,51.4102]],[[0.5783,51.4114],[0.5783,51.4115],[0.5782,51.4114],[0.5783,51.4114]],[[0.6254,51.4358],[0.6255,51.4358],[0.6255,51.4359],[0.6254,51.4358]],[[0.6009,51.3847],[0.601,51.3847],[0.601,51.3848],[0.6009,51.3847]],[[0.6182,51.4353],[0.6183,51.4353],[0.6182,51.4354],[0.6182,51.4353]],[[0.6801,51.4209],[0.6801,51.4209],[0.68,51.4208],[0.6801,51.4209]],[[0.6875,51.4002],[0.6874,51.4002],[0.6875,51.4002],[0.6875,51.4002]],[[0.5756,51.4151],[0.5757,51.4151],[0.5757,51.4152],[0.5756,51.4151]],[[0.6807,51.4149],[0.6808,51.4148],[0.6808,51.4149],[0.6807,51.4149]],[[0.6385,51.4396],[0.6385,51.4396],[0.6385,51.4396],[0.6385,51.4396]],[[0.5738,51.4091],[0.5737,51.4091],[0.5737,51.409],[0.5738,51.4091]],[[0.6728,51.393],[0.6729,51.393],[0.6728,51.3931],[0.6728,51.393]],[[0.6251,51.4271],[0.625,51.4271],[0.6251,51.4271],[0.6251,51.4271]],[[0.6402,51.4435],[0.6401,51.4435],[0.6402,51.4435],[0.6402,51.4435]],[[0.6171,51.4272],[0.6172,51.4272],[0.6171,51.4273],[0.6171,51.4272]],[[0.5785,51.407],[0.5786,51.407],[0.5786,51.407],[0.5785,51.407]],[[0.6532,51.4399],[0.6532,51.4399],[0.6532,51.4399],[0.6532,51.4399]],[[0.672,51.3918],[0.6721,51.3918],[0.6721,51.3918],[0.672,51.3918]],[[0.6692,51.4234],[0.6692,51.4234],[0.6693,51.4234],[0.6692,51.4234]],[[0.669,51.4234],[0.669,51.4234],[0.669,51.4234],[0.669,51.4234]],[[0.6829,51.4091],[0.6828,51.409],[0.6829,51.409],[0.6829,51.4091]],[[0.6368,51.4183],[0.6369,51.4184],[0.6369,51.4184],[0.6368,51.4183]],[[0.4795,51.3031],[0.4795,51.3031],[0.4794,51.3031],[0.4795,51.3031]],[[0.623,51.4236],[0.623,51.4236],[0.6231,51.4235],[0.623,51.4236]],[[0.4796,51.3033],[0.4797,51.3033],[0.4796,51.3033],[0.4796,51.3033]],[[0.5862,51.4153],[0.5862,51.4153],[0.5862,51.4153],[0.5862,51.4153]],[[0.6721,51.3919],[0.6722,51.3919],[0.672,51.3919],[0.6721,51.3919]],[[0.5753,51.4149],[0.5754,51.415],[0.5754,51.415],[0.5753,51.4149]],[[0.6758,51.3962],[0.6756,51.3962],[0.6757,51.3962],[0.6758,51.3962]],[[0.6785,51.3939],[0.6786,51.3939],[0.6785,51.3939],[0.6785,51.3939]],[[0.6973,51.3809],[0.6975,51.381],[0.6974,51.381],[0.6973,51.3809]],[[0.6307,51.4434],[0.6308,51.4434],[0.6309,51.4435],[0.6307,51.4434]],[[0.6182,51.3812],[0.6182,51.3813],[0.6181,51.3813],[0.6182,51.3812]],[[0.5753,51.4148],[0.5754,51.4149],[0.5753,51.4149],[0.5753,51.4148]],[[0.576,51.4127],[0.5761,51.4127],[0.576,51.4128],[0.576,51.4127]],[[0.6705,51.4012],[0.6704,51.4012],[0.6704,51.4012],[0.6705,51.4012]],[[0.6155,51.3956],[0.6153,51.3955],[0.6154,51.3955],[0.6155,51.3956]],[[0.5762,51.4103],[0.5762,51.4102],[0.5763,51.4102],[0.5762,51.4103]],[[0.5646,51.4102],[0.5646,51.4102],[0.5645,51.4102],[0.5646,51.4102]],[[0.6765,51.3936],[0.6766,51.3935],[0.6766,51.3936],[0.6765,51.3936]],[[0.7101,51.4205],[0.7102,51.4204],[0.7103,51.4205],[0.7101,51.4205]],[[0.6478,51.4452],[0.6478,51.4452],[0.6477,51.4452],[0.6478,51.4452]],[[0.6289,51.4398],[0.629,51.4398],[0.6289,51.4398],[0.6289,51.4398]],[[0.6483,51.4443],[0.6485,51.4443],[0.6484,51.4443],[0.6483,51.4443]],[[0.6998,51.4089],[0.6997,51.4088],[0.6998,51.4089],[0.6998,51.4089]],[[0.5673,51.4101],[0.5674,51.4102],[0.5673,51.4102],[0.5673,51.4101]],[[0.6609,51.418],[0.6608,51.418],[0.6609,51.418],[0.6609,51.418]],[[0.6495,51.4428],[0.6495,51.4428],[0.6495,51.4428],[0.6495,51.4428]],[[0.6067,51.3834],[0.6068,51.3834],[0.6067,51.3835],[0.6067,51.3834]],[[0.6904,51.4015],[0.6904,51.4015],[0.6905,51.4015],[0.6904,51.4015]],[[0.6737,51.3912],[0.6738,51.3913],[0.6737,51.3913],[0.6737,51.3912]],[[0.6489,51.4455],[0.649,51.4454],[0.649,51.4455],[0.6489,51.4455]],[[0.6903,51.4016],[0.6903,51.4016],[0.6904,51.4016],[0.6903,51.4016]],[[0.677,51.4027],[0.6771,51.4027],[0.6771,51.4027],[0.677,51.4027]],[[0.7003,51.3819],[0.7004,51.382],[0.7002,51.3819],[0.7003,51.3819]],[[0.6596,51.4416],[0.6597,51.4416],[0.6597,51.4416],[0.6596,51.4416]],[[0.6494,51.4457],[0.6494,51.4457],[0.6495,51.4457],[0.6494,51.4457]],[[0.6486,51.4422],[0.6488,51.4421],[0.6489,51.4421],[0.6486,51.4422]],[[0.6737,51.4016],[0.6738,51.4015],[0.6738,51.4016],[0.6737,51.4016]],[[0.6023,51.3969],[0.6024,51.3969],[0.6024,51.397],[0.6023,51.3969]],[[0.6146,51.424],[0.6145,51.424],[0.6145,51.4239],[0.6146,51.424]],[[0.6012,51.3847],[0.6013,51.3847],[0.6012,51.3848],[0.6012,51.3847]],[[0.6503,51.4456],[0.6503,51.4456],[0.6503,51.4456],[0.6503,51.4456]],[[0.675,51.4027],[0.675,51.4028],[0.6751,51.4028],[0.675,51.4027]],[[0.6225,51.4235],[0.6224,51.4235],[0.6224,51.4234],[0.6225,51.4235]],[[0.6411,51.4452],[0.6411,51.4451],[0.6412,51.4451],[0.6411,51.4452]],[[0.6231,51.3766],[0.6231,51.3767],[0.623,51.3767],[0.6231,51.3766]],[[0.6835,51.4043],[0.6836,51.4043],[0.6835,51.4043],[0.6835,51.4043]],[[0.5753,51.4086],[0.5754,51.4086],[0.5753,51.4086],[0.5753,51.4086]],[[0.5748,51.4144],[0.5749,51.4145],[0.5748,51.4145],[0.5748,51.4144]],[[0.6838,51.4117],[0.6838,51.4117],[0.6839,51.4118],[0.6838,51.4117]],[[0.6347,51.4405],[0.6348,51.4405],[0.6348,51.4405],[0.6347,51.4405]],[[0.6184,51.3811],[0.6185,51.3811],[0.6185,51.3812],[0.6184,51.3811]],[[0.6661,51.4233],[0.6662,51.4233],[0.6662,51.4234],[0.6661,51.4233]],[[0.5616,51.4087],[0.5617,51.4087],[0.5617,51.4088],[0.5616,51.4087]],[[0.5939,51.3886],[0.594,51.3885],[0.594,51.3886],[0.5939,51.3886]],[[0.6297,51.4418],[0.6298,51.4417],[0.6298,51.4418],[0.6297,51.4418]],[[0.681,51.4073],[0.6811,51.4073],[0.681,51.4074],[0.681,51.4073]],[[0.5723,51.4135],[0.5722,51.4134],[0.5723,51.4134],[0.5723,51.4135]],[[0.7109,51.39],[0.7111,51.39],[0.711,51.3901],[0.7109,51.39]],[[0.6234,51.4315],[0.6235,51.4315],[0.6235,51.4316],[0.6234,51.4315]],[[0.5734,51.4106],[0.5735,51.4106],[0.5733,51.4107],[0.5734,51.4106]],[[0.613,51.4068],[0.6131,51.4069],[0.613,51.4069],[0.613,51.4068]],[[0.6071,51.4069],[0.6071,51.4069],[0.6072,51.4069],[0.6071,51.4069]],[[0.6657,51.382],[0.6656,51.3821],[0.6656,51.382],[0.6657,51.382]],[[0.6747,51.404],[0.6747,51.404],[0.6748,51.404],[0.6747,51.404]],[[0.589,51.3928],[0.5891,51.3927],[0.5891,51.3928],[0.589,51.3928]],[[0.624,51.3773],[0.6241,51.3773],[0.624,51.3774],[0.624,51.3773]],[[0.5754,51.4148],[0.5755,51.4148],[0.5755,51.4148],[0.5754,51.4148]],[[0.634,51.4407],[0.6343,51.4407],[0.6343,51.4407],[0.634,51.4407]],[[0.6306,51.4209],[0.6305,51.4209],[0.6307,51.4208],[0.6306,51.4209]],[[0.6384,51.4165],[0.6385,51.4166],[0.6383,51.4165],[0.6384,51.4165]],[[0.6722,51.3939],[0.6723,51.3939],[0.6722,51.3939],[0.6722,51.3939]],[[0.6171,51.4273],[0.6172,51.4273],[0.6172,51.4274],[0.6171,51.4273]],[[0.5761,51.4104],[0.5762,51.4105],[0.5761,51.4105],[0.5761,51.4104]],[[0.5949,51.3884],[0.595,51.3884],[0.595,51.3884],[0.5949,51.3884]],[[0.6474,51.445],[0.6475,51.445],[0.6475,51.4451],[0.6474,51.445]],[[0.6201,51.407],[0.62,51.407],[0.6199,51.4069],[0.6201,51.407]],[[0.612,51.4273],[0.612,51.4273],[0.6119,51.4274],[0.612,51.4273]],[[0.6706,51.393],[0.6705,51.393],[0.6705,51.3929],[0.6706,51.393]],[[0.7113,51.3897],[0.7113,51.3897],[0.7114,51.3897],[0.7113,51.3897]],[[0.5795,51.4046],[0.5796,51.4046],[0.5795,51.4046],[0.5795,51.4046]],[[0.6345,51.4281],[0.6346,51.428],[0.6345,51.4281],[0.6345,51.4281]],[[0.6745,51.3947],[0.6746,51.3947],[0.6745,51.3948],[0.6745,51.3947]],[[0.6684,51.3925],[0.6686,51.3924],[0.6685,51.3925],[0.6684,51.3925]],[[0.6763,51.4068],[0.6765,51.4067],[0.6764,51.4068],[0.6763,51.4068]],[[0.6182,51.4352],[0.6183,51.4353],[0.6182,51.4353],[0.6182,51.4352]],[[0.6013,51.3849],[0.6014,51.3849],[0.6013,51.3849],[0.6013,51.3849]],[[0.6783,51.4218],[0.6785,51.4218],[0.6785,51.4218],[0.6783,51.4218]],[[0.6317,51.4427],[0.6316,51.4427],[0.6316,51.4426],[0.6317,51.4427]],[[0.6762,51.3962],[0.6764,51.3963],[0.6762,51.3963],[0.6762,51.3962]],[[0.7002,51.4097],[0.7001,51.4096],[0.7002,51.4096],[0.7002,51.4097]],[[0.6743,51.3947],[0.6744,51.3947],[0.6743,51.3948],[0.6743,51.3947]],[[0.7094,51.3902],[0.7095,51.3903],[0.7094,51.3903],[0.7094,51.3902]],[[0.6761,51.3936],[0.6763,51.3935],[0.6763,51.3937],[0.6761,51.3936]],[[0.5953,51.3876],[0.5955,51.3876],[0.5954,51.3877],[0.5953,51.3876]],[[0.6193,51.4368],[0.6193,51.4368],[0.6192,51.4368],[0.6193,51.4368]],[[0.6111,51.3974],[0.6112,51.3975],[0.6111,51.3975],[0.6111,51.3974]],[[0.6418,51.44],[0.6419,51.44],[0.6418,51.44],[0.6418,51.44]],[[0.671,51.4176],[0.6711,51.4176],[0.6711,51.4176],[0.671,51.4176]],[[0.6081,51.4065],[0.6082,51.4064],[0.6082,51.4065],[0.6081,51.4065]],[[0.6246,51.4247],[0.6248,51.4248],[0.6246,51.4248],[0.6246,51.4247]],[[0.6506,51.4459],[0.6507,51.446],[0.6506,51.446],[0.6506,51.4459]],[[0.675,51.4027],[0.675,51.4027],[0.6751,51.4027],[0.675,51.4027]],[[0.7089,51.3829],[0.709,51.3829],[0.709,51.383],[0.7089,51.3829]],[[0.6746,51.4148],[0.6746,51.4149],[0.6745,51.4149],[0.6746,51.4148]],[[0.623,51.4233],[0.6231,51.4233],[0.623,51.4234],[0.623,51.4233]],[[0.6805,51.4062],[0.6806,51.4062],[0.6804,51.4063],[0.6805,51.4062]],[[0.6751,51.3939],[0.675,51.3938],[0.6751,51.3938],[0.6751,51.3939]],[[0.5781,51.4115],[0.5782,51.4115],[0.5782,51.4115],[0.5781,51.4115]],[[0.5903,51.3949],[0.5904,51.395],[0.5903,51.395],[0.5903,51.3949]],[[0.6287,51.4281],[0.6286,51.428],[0.6287,51.428],[0.6287,51.4281]],[[0.6413,51.4339],[0.6415,51.4338],[0.6414,51.4339],[0.6413,51.4339]],[[0.6758,51.4217],[0.6759,51.4218],[0.6758,51.4218],[0.6758,51.4217]],[[0.5945,51.3879],[0.5946,51.388],[0.5945,51.388],[0.5945,51.3879]],[[0.6391,51.4307],[0.6393,51.4307],[0.6391,51.4308],[0.6391,51.4307]],[[0.6371,51.4221],[0.637,51.4221],[0.6372,51.4221],[0.6371,51.4221]],[[0.6277,51.4397],[0.6277,51.4396],[0.6278,51.4396],[0.6277,51.4397]],[[0.6198,51.4306],[0.62,51.4306],[0.6199,51.4307],[0.6198,51.4306]],[[0.6822,51.3808],[0.6823,51.3808],[0.6822,51.3809],[0.6822,51.3808]],[[0.6314,51.4212],[0.6315,51.4212],[0.6315,51.4212],[0.6314,51.4212]],[[0.672,51.3946],[0.6718,51.3946],[0.6719,51.3946],[0.672,51.3946]],[[0.6779,51.3935],[0.678,51.3935],[0.6781,51.3935],[0.6779,51.3935]],[[0.5945,51.387],[0.5947,51.387],[0.5946,51.387],[0.5945,51.387]],[[0.5946,51.3881],[0.5945,51.3882],[0.5945,51.3882],[0.5946,51.3881]],[[0.6384,51.4181],[0.6383,51.4181],[0.6383,51.418],[0.6384,51.4181]],[[0.59,51.3951],[0.5902,51.3951],[0.5901,51.3951],[0.59,51.3951]],[[0.655,51.4398],[0.6552,51.4398],[0.6551,51.4399],[0.655,51.4398]],[[0.6474,51.4448],[0.6474,51.4447],[0.6475,51.4448],[0.6474,51.4448]],[[0.6277,51.4382],[0.6277,51.4382],[0.6275,51.4382],[0.6277,51.4382]],[[0.6967,51.4185],[0.6968,51.4186],[0.6967,51.4186],[0.6967,51.4185]],[[0.6244,51.4247],[0.6245,51.4247],[0.6244,51.4248],[0.6244,51.4247]],[[0.6791,51.3939],[0.6792,51.3939],[0.6793,51.394],[0.6791,51.3939]],[[0.6549,51.445],[0.6549,51.4449],[0.655,51.4449],[0.6549,51.445]],[[0.6341,51.4422],[0.634,51.4422],[0.634,51.4421],[0.6341,51.4422]],[[0.5943,51.387],[0.5944,51.3871],[0.5943,51.387],[0.5943,51.387]],[[0.5941,51.3872],[0.5942,51.3872],[0.5941,51.3872],[0.5941,51.3872]],[[0.6134,51.3982],[0.6136,51.3982],[0.6134,51.3983],[0.6134,51.3982]],[[0.633,51.4442],[0.6332,51.4442],[0.6332,51.4442],[0.633,51.4442]],[[0.6827,51.4091],[0.6828,51.4091],[0.6827,51.4091],[0.6827,51.4091]],[[0.677,51.4028],[0.6772,51.4028],[0.6771,51.4029],[0.677,51.4028]],[[0.6066,51.3841],[0.6068,51.3841],[0.6068,51.3841],[0.6066,51.3841]],[[0.6894,51.3973],[0.6897,51.3973],[0.6895,51.3973],[0.6894,51.3973]],[[0.6655,51.3822],[0.6654,51.3822],[0.6656,51.3822],[0.6655,51.3822]],[[0.6721,51.3915],[0.6724,51.3915],[0.6724,51.3915],[0.6721,51.3915]],[[0.6581,51.4447],[0.6582,51.4447],[0.6581,51.4448],[0.6581,51.4447]],[[0.6172,51.4275],[0.6173,51.4274],[0.6173,51.4275],[0.6172,51.4275]],[[0.6837,51.4116],[0.6837,51.4117],[0.6836,51.4115],[0.6837,51.4116]],[[0.4529,51.3459],[0.4532,51.3459],[0.4533,51.346],[0.4529,51.3459]],[[0.6193,51.4283],[0.6193,51.4283],[0.6195,51.4282],[0.6193,51.4283]],[[0.5045,51.2958],[0.5048,51.2959],[0.5045,51.2958],[0.5045,51.2958]],[[0.6368,51.4182],[0.6366,51.4181],[0.6367,51.4181],[0.6368,51.4182]],[[0.6266,51.4378],[0.6265,51.4378],[0.6264,51.4378],[0.6266,51.4378]],[[0.576,51.4154],[0.576,51.4155],[0.5759,51.4155],[0.576,51.4154]],[[0.6843,51.4035],[0.6845,51.4037],[0.6844,51.4036],[0.6843,51.4035]],[[0.5742,51.4091],[0.5743,51.4091],[0.5742,51.4092],[0.5742,51.4091]],[[0.6391,51.4406],[0.6392,51.4406],[0.6393,51.4407],[0.6391,51.4406]],[[0.6667,51.3887],[0.6667,51.3888],[0.6666,51.3887],[0.6667,51.3887]],[[0.6723,51.3944],[0.6724,51.3944],[0.6724,51.3945],[0.6723,51.3944]],[[0.6757,51.3922],[0.6759,51.3923],[0.6758,51.3923],[0.6757,51.3922]],[[0.6818,51.4026],[0.6819,51.4026],[0.6819,51.4027],[0.6818,51.4026]],[[0.6219,51.4377],[0.6221,51.4377],[0.622,51.4378],[0.6219,51.4377]],[[0.6056,51.3974],[0.6058,51.3974],[0.6058,51.3975],[0.6056,51.3974]],[[0.6058,51.3975],[0.606,51.3974],[0.6059,51.3975],[0.6058,51.3975]],[[0.6712,51.3924],[0.6711,51.3925],[0.6711,51.3924],[0.6712,51.3924]],[[0.6756,51.3939],[0.6756,51.3938],[0.6757,51.3938],[0.6756,51.3939]],[[0.7105,51.39],[0.7106,51.39],[0.7107,51.39],[0.7105,51.39]],[[0.6121,51.4],[0.612,51.4],[0.612,51.4],[0.6121,51.4]],[[0.6883,51.405],[0.6885,51.405],[0.6885,51.4051],[0.6883,51.405]],[[0.6875,51.4176],[0.6876,51.4178],[0.6875,51.4177],[0.6875,51.4176]],[[0.6259,51.4378],[0.6262,51.4378],[0.6261,51.4379],[0.6259,51.4378]],[[0.5738,51.4095],[0.5739,51.4095],[0.5738,51.4096],[0.5738,51.4095]],[[0.7121,51.3905],[0.7122,51.3904],[0.7122,51.3905],[0.7121,51.3905]],[[0.6117,51.3996],[0.6118,51.3995],[0.6119,51.3995],[0.6117,51.3996]],[[0.6784,51.3935],[0.6784,51.3935],[0.6785,51.3935],[0.6784,51.3935]],[[0.6643,51.4226],[0.6644,51.4225],[0.6645,51.4226],[0.6643,51.4226]],[[0.6637,51.4218],[0.6637,51.4217],[0.6638,51.4218],[0.6637,51.4218]],[[0.6629,51.4401],[0.663,51.4401],[0.663,51.4402],[0.6629,51.4401]],[[0.6243,51.4361],[0.6245,51.4361],[0.6246,51.4362],[0.6243,51.4361]],[[0.6339,51.4271],[0.6342,51.427],[0.6341,51.4271],[0.6339,51.4271]],[[0.6556,51.4396],[0.6556,51.4395],[0.6557,51.4395],[0.6556,51.4396]],[[0.6818,51.4081],[0.6817,51.4081],[0.6819,51.4082],[0.6818,51.4081]],[[0.572,51.3959],[0.5718,51.3959],[0.5719,51.3959],[0.572,51.3959]],[[0.6347,51.4281],[0.6348,51.4281],[0.6347,51.4282],[0.6347,51.4281]],[[0.6416,51.4426],[0.6417,51.4426],[0.6415,51.4426],[0.6416,51.4426]],[[0.6347,51.4268],[0.6348,51.4268],[0.6349,51.4268],[0.6347,51.4268]],[[0.7215,51.4218],[0.7214,51.4218],[0.7216,51.4217],[0.7215,51.4218]],[[0.6169,51.4269],[0.6167,51.4269],[0.6169,51.4269],[0.6169,51.4269]],[[0.6643,51.4378],[0.6643,51.4377],[0.6644,51.4378],[0.6643,51.4378]],[[0.6722,51.3943],[0.6722,51.3942],[0.6723,51.3942],[0.6722,51.3943]],[[0.5763,51.4129],[0.5765,51.413],[0.5763,51.413],[0.5763,51.4129]],[[0.6753,51.4051],[0.6754,51.4051],[0.6755,51.4051],[0.6753,51.4051]],[[0.6284,51.4408],[0.6284,51.4407],[0.6285,51.4408],[0.6284,51.4408]],[[0.6744,51.3948],[0.6745,51.3948],[0.6745,51.3949],[0.6744,51.3948]],[[0.6043,51.3837],[0.6045,51.3837],[0.6044,51.3838],[0.6043,51.3837]],[[0.6494,51.4411],[0.6495,51.4411],[0.6495,51.4412],[0.6494,51.4411]],[[0.6755,51.4091],[0.6754,51.4091],[0.6753,51.409],[0.6755,51.4091]],[[0.6503,51.4443],[0.6505,51.4443],[0.6506,51.4443],[0.6503,51.4443]],[[0.6867,51.3976],[0.6867,51.3975],[0.6868,51.3974],[0.6867,51.3976]],[[0.6594,51.3918],[0.6595,51.3917],[0.6596,51.3917],[0.6594,51.3918]],[[0.6406,51.4423],[0.6407,51.4422],[0.6408,51.4423],[0.6406,51.4423]],[[0.5874,51.3928],[0.5875,51.3928],[0.5876,51.3929],[0.5874,51.3928]],[[0.6499,51.4442],[0.6501,51.4442],[0.65,51.4443],[0.6499,51.4442]],[[0.6293,51.4304],[0.6293,51.4304],[0.6294,51.4304],[0.6293,51.4304]],[[0.6485,51.4418],[0.6487,51.4419],[0.6487,51.4419],[0.6485,51.4418]],[[0.6122,51.4002],[0.6124,51.4001],[0.6123,51.4003],[0.6122,51.4002]],[[0.5949,51.3881],[0.595,51.3882],[0.5949,51.3882],[0.5949,51.3881]],[[0.7097,51.384],[0.7099,51.3841],[0.7098,51.3841],[0.7097,51.384]],[[0.6231,51.3763],[0.6232,51.3763],[0.6231,51.3763],[0.6231,51.3763]],[[0.7126,51.4202],[0.7125,51.4202],[0.7126,51.4202],[0.7126,51.4202]],[[0.6225,51.4233],[0.6227,51.4233],[0.6227,51.4234],[0.6225,51.4233]],[[0.6314,51.4417],[0.6316,51.4418],[0.6313,51.4418],[0.6314,51.4417]],[[0.6801,51.3799],[0.6804,51.3798],[0.6801,51.3799],[0.6801,51.3799]],[[0.659,51.3913],[0.6592,51.3913],[0.659,51.3914],[0.659,51.3913]],[[0.6365,51.428],[0.6367,51.428],[0.6366,51.4281],[0.6365,51.428]],[[0.604,51.3943],[0.6042,51.3943],[0.6042,51.3944],[0.604,51.3943]],[[0.6253,51.4359],[0.6252,51.436],[0.6251,51.4359],[0.6253,51.4359]],[[0.6354,51.4421],[0.6357,51.442],[0.6355,51.4421],[0.6354,51.4421]],[[0.6228,51.4358],[0.623,51.4358],[0.6229,51.4359],[0.6228,51.4358]],[[0.6231,51.4277],[0.6233,51.4277],[0.6232,51.4277],[0.6231,51.4277]],[[0.6302,51.4241],[0.6305,51.424],[0.6302,51.4241],[0.6302,51.4241]],[[0.6907,51.4095],[0.6909,51.4096],[0.6908,51.4096],[0.6907,51.4095]],[[0.6152,51.3962],[0.6153,51.3961],[0.6153,51.3962],[0.6152,51.3962]],[[0.6199,51.4069],[0.6198,51.4068],[0.62,51.4068],[0.6199,51.4069]],[[0.6778,51.3935],[0.6777,51.3934],[0.6778,51.3934],[0.6778,51.3935]],[[0.6692,51.4363],[0.6692,51.4362],[0.6694,51.4362],[0.6692,51.4363]],[[0.6339,51.4296],[0.6337,51.4295],[0.6339,51.4295],[0.6339,51.4296]],[[0.6184,51.4347],[0.6185,51.4347],[0.6185,51.4348],[0.6184,51.4347]],[[0.6663,51.4201],[0.6664,51.4201],[0.6664,51.4202],[0.6663,51.4201]],[[0.6809,51.4072],[0.6811,51.4072],[0.681,51.4073],[0.6809,51.4072]],[[0.62,51.434],[0.6198,51.4339],[0.62,51.4339],[0.62,51.434]],[[0.6785,51.4202],[0.6786,51.4202],[0.6786,51.4203],[0.6785,51.4202]],[[0.6674,51.3831],[0.6675,51.3832],[0.6673,51.3832],[0.6674,51.3831]],[[0.6182,51.3814],[0.6182,51.3813],[0.6184,51.3813],[0.6182,51.3814]],[[0.6512,51.4364],[0.6513,51.4363],[0.6513,51.4364],[0.6512,51.4364]],[[0.6267,51.4378],[0.6266,51.4379],[0.6266,51.4378],[0.6267,51.4378]],[[0.5675,51.4101],[0.5676,51.41],[0.5677,51.4101],[0.5675,51.4101]],[[0.6749,51.4167],[0.675,51.4166],[0.675,51.4168],[0.6749,51.4167]],[[0.6777,51.4029],[0.6777,51.4028],[0.6778,51.4029],[0.6777,51.4029]],[[0.617,51.3961],[0.6172,51.396],[0.6172,51.3961],[0.617,51.3961]],[[0.6034,51.3845],[0.6036,51.3844],[0.6035,51.3845],[0.6034,51.3845]],[[0.6792,51.387],[0.679,51.387],[0.6789,51.3869],[0.6792,51.387]],[[0.6494,51.4432],[0.6495,51.4431],[0.6496,51.4432],[0.6494,51.4432]],[[0.6853,51.404],[0.685,51.4039],[0.685,51.4039],[0.6853,51.404]],[[0.6705,51.3941],[0.6703,51.394],[0.6704,51.3941],[0.6705,51.3941]],[[0.6751,51.4028],[0.6753,51.4028],[0.6751,51.4029],[0.6751,51.4028]],[[0.6037,51.4013],[0.604,51.4013],[0.6039,51.4013],[0.6037,51.4013]],[[0.6242,51.4346],[0.6243,51.4346],[0.6242,51.4347],[0.6242,51.4346]],[[0.6282,51.4396],[0.6284,51.4396],[0.6283,51.4397],[0.6282,51.4396]],[[0.6769,51.4006],[0.6768,51.4007],[0.6768,51.4006],[0.6769,51.4006]],[[0.6706,51.442],[0.6708,51.4421],[0.6706,51.4421],[0.6706,51.442]],[[0.6836,51.4031],[0.6838,51.4031],[0.6838,51.4031],[0.6836,51.4031]],[[0.6209,51.4354],[0.6208,51.4354],[0.6209,51.4353],[0.6209,51.4354]],[[0.7123,51.4202],[0.7124,51.4203],[0.7123,51.4203],[0.7123,51.4202]],[[0.6668,51.3813],[0.6671,51.3813],[0.667,51.3814],[0.6668,51.3813]],[[0.7143,51.385],[0.7145,51.3849],[0.7144,51.385],[0.7143,51.385]],[[0.5892,51.3925],[0.5891,51.3927],[0.5891,51.3927],[0.5892,51.3925]],[[0.6823,51.4026],[0.6825,51.4027],[0.6823,51.4027],[0.6823,51.4026]],[[0.6709,51.4234],[0.671,51.4234],[0.671,51.4235],[0.6709,51.4234]],[[0.5975,51.3873],[0.5977,51.3872],[0.5976,51.3874],[0.5975,51.3873]],[[0.6463,51.4443],[0.6466,51.4443],[0.6464,51.4444],[0.6463,51.4443]],[[0.6644,51.3852],[0.6643,51.3851],[0.6644,51.3851],[0.6644,51.3852]],[[0.7027,51.3917],[0.7028,51.3917],[0.7028,51.3918],[0.7027,51.3917]],[[0.6213,51.4378],[0.6215,51.4376],[0.6214,51.4378],[0.6213,51.4378]],[[0.6754,51.3921],[0.6757,51.3922],[0.6756,51.3922],[0.6754,51.3921]],[[0.6281,51.4323],[0.6283,51.4322],[0.6284,51.4322],[0.6281,51.4323]],[[0.6068,51.401],[0.6067,51.4009],[0.6069,51.4009],[0.6068,51.401]],[[0.664,51.4194],[0.6641,51.4195],[0.6639,51.4194],[0.664,51.4194]],[[0.6048,51.3842],[0.6049,51.3841],[0.605,51.3842],[0.6048,51.3842]],[[0.6699,51.3931],[0.67,51.3932],[0.67,51.3932],[0.6699,51.3931]],[[0.6345,51.4278],[0.6345,51.4277],[0.6346,51.4276],[0.6345,51.4278]],[[0.6346,51.427],[0.6348,51.427],[0.6347,51.4271],[0.6346,51.427]],[[0.6316,51.4211],[0.6319,51.4212],[0.6317,51.4212],[0.6316,51.4211]],[[0.6726,51.3944],[0.6728,51.3944],[0.6727,51.3945],[0.6726,51.3944]],[[0.5752,51.4121],[0.5753,51.412],[0.5754,51.412],[0.5752,51.4121]],[[0.682,51.4083],[0.6821,51.4084],[0.682,51.4084],[0.682,51.4083]],[[0.6273,51.4384],[0.6275,51.4384],[0.6273,51.4384],[0.6273,51.4384]],[[0.6617,51.4206],[0.6619,51.4206],[0.6616,51.4206],[0.6617,51.4206]],[[0.6344,51.4311],[0.6345,51.431],[0.6348,51.4311],[0.6344,51.4311]],[[0.5881,51.3933],[0.5882,51.3934],[0.588,51.3934],[0.5881,51.3933]],[[0.6244,51.4339],[0.6243,51.434],[0.6242,51.4339],[0.6244,51.4339]],[[0.6594,51.4434],[0.6595,51.4435],[0.6594,51.4435],[0.6594,51.4434]],[[0.6261,51.4312],[0.6262,51.4311],[0.626,51.4313],[0.6261,51.4312]],[[0.5855,51.3907],[0.5857,51.3907],[0.5857,51.3908],[0.5855,51.3907]],[[0.6199,51.4071],[0.6198,51.407],[0.62,51.407],[0.6199,51.4071]],[[0.6336,51.427],[0.6337,51.4271],[0.6335,51.4271],[0.6336,51.427]],[[0.6068,51.384],[0.6066,51.3841],[0.6066,51.384],[0.6068,51.384]],[[0.6234,51.425],[0.6235,51.4249],[0.6235,51.425],[0.6234,51.425]],[[0.5874,51.3942],[0.5877,51.3942],[0.5876,51.3943],[0.5874,51.3942]],[[0.6333,51.4285],[0.6336,51.4285],[0.6334,51.4285],[0.6333,51.4285]],[[0.6712,51.4235],[0.6711,51.4233],[0.6713,51.4234],[0.6712,51.4235]],[[0.6452,51.4439],[0.6454,51.4439],[0.6452,51.4441],[0.6452,51.4439]],[[0.689,51.3973],[0.6893,51.3973],[0.6891,51.3973],[0.689,51.3973]],[[0.6517,51.4431],[0.6519,51.4433],[0.6517,51.4433],[0.6517,51.4431]],[[0.6113,51.3981],[0.6114,51.3983],[0.6113,51.3983],[0.6113,51.3981]],[[0.5947,51.3873],[0.5945,51.3872],[0.5946,51.3872],[0.5947,51.3873]],[[0.5939,51.3949],[0.5937,51.3949],[0.5938,51.3948],[0.5939,51.3949]],[[0.6372,51.4268],[0.6375,51.4268],[0.6374,51.4269],[0.6372,51.4268]],[[0.623,51.3764],[0.6232,51.3764],[0.6232,51.3764],[0.623,51.3764]],[[0.701,51.39],[0.7009,51.3898],[0.701,51.3898],[0.701,51.39]],[[0.6664,51.3859],[0.6666,51.3859],[0.6664,51.3861],[0.6664,51.3859]],[[0.6624,51.4382],[0.6626,51.4383],[0.6624,51.4383],[0.6624,51.4382]],[[0.5985,51.3894],[0.5982,51.3893],[0.5983,51.3893],[0.5985,51.3894]],[[0.6584,51.4453],[0.6585,51.4453],[0.6585,51.4455],[0.6584,51.4453]],[[0.6015,51.398],[0.6013,51.3981],[0.6013,51.3981],[0.6015,51.398]],[[0.6228,51.3886],[0.623,51.3886],[0.6229,51.3887],[0.6228,51.3886]],[[0.6335,51.4442],[0.6336,51.4441],[0.6336,51.4443],[0.6335,51.4442]],[[0.598,51.3868],[0.5981,51.3868],[0.5981,51.3869],[0.598,51.3868]],[[0.676,51.4141],[0.6759,51.4139],[0.6761,51.4139],[0.676,51.4141]],[[0.6266,51.4381],[0.6268,51.4379],[0.6269,51.4379],[0.6266,51.4381]],[[0.6506,51.4459],[0.6505,51.4459],[0.6504,51.4458],[0.6506,51.4459]],[[0.611,51.3959],[0.6112,51.3959],[0.6112,51.396],[0.611,51.3959]],[[0.7118,51.3841],[0.7116,51.3841],[0.7118,51.384],[0.7118,51.3841]],[[0.6304,51.4359],[0.6302,51.4358],[0.6303,51.4358],[0.6304,51.4359]],[[0.6628,51.3832],[0.6626,51.3832],[0.6629,51.3831],[0.6628,51.3832]],[[0.6115,51.3977],[0.6117,51.3978],[0.6116,51.3978],[0.6115,51.3977]],[[0.7134,51.3841],[0.7133,51.384],[0.7134,51.384],[0.7134,51.3841]],[[0.62,51.4071],[0.6203,51.407],[0.6201,51.4071],[0.62,51.4071]],[[0.6034,51.385],[0.6036,51.3849],[0.6034,51.385],[0.6034,51.385]],[[0.6519,51.4421],[0.6516,51.442],[0.6518,51.442],[0.6519,51.4421]],[[0.6185,51.3805],[0.6187,51.3807],[0.6186,51.3807],[0.6185,51.3805]],[[0.626,51.4341],[0.6261,51.4341],[0.626,51.4342],[0.626,51.4341]],[[0.6494,51.4445],[0.6492,51.4443],[0.6494,51.4444],[0.6494,51.4445]],[[0.6335,51.4287],[0.6337,51.4287],[0.6336,51.4288],[0.6335,51.4287]],[[0.6072,51.4007],[0.6073,51.4008],[0.607,51.4008],[0.6072,51.4007]],[[0.6149,51.4075],[0.6151,51.4076],[0.6149,51.4076],[0.6149,51.4075]],[[0.6823,51.4086],[0.6822,51.4086],[0.6821,51.4085],[0.6823,51.4086]],[[0.6112,51.3983],[0.6113,51.3984],[0.6112,51.3984],[0.6112,51.3983]],[[0.6766,51.4035],[0.6767,51.4034],[0.6768,51.4035],[0.6766,51.4035]],[[0.6618,51.3933],[0.6616,51.3934],[0.6616,51.3933],[0.6618,51.3933]],[[0.5714,51.396],[0.5716,51.396],[0.5715,51.396],[0.5714,51.396]],[[0.6524,51.4376],[0.6526,51.4377],[0.6524,51.4377],[0.6524,51.4376]],[[0.5938,51.3875],[0.5941,51.3876],[0.5938,51.3876],[0.5938,51.3875]],[[0.6461,51.4364],[0.6462,51.4364],[0.6463,51.4365],[0.6461,51.4364]],[[0.604,51.3943],[0.6039,51.3943],[0.6036,51.3941],[0.604,51.3943]],[[0.5958,51.3876],[0.5959,51.3876],[0.596,51.3878],[0.5958,51.3876]],[[0.617,51.4282],[0.6172,51.4282],[0.6172,51.4283],[0.617,51.4282]],[[0.6751,51.3956],[0.675,51.3955],[0.6752,51.3956],[0.6751,51.3956]],[[0.6781,51.3936],[0.6783,51.3937],[0.6783,51.3938],[0.6781,51.3936]],[[0.601,51.3864],[0.6011,51.3865],[0.6009,51.3866],[0.601,51.3864]],[[0.6634,51.4408],[0.6635,51.4407],[0.6637,51.4409],[0.6634,51.4408]],[[0.7127,51.4203],[0.7128,51.4202],[0.713,51.4203],[0.7127,51.4203]],[[0.5852,51.3909],[0.5852,51.3907],[0.5853,51.3909],[0.5852,51.3909]],[[0.6179,51.3816],[0.6181,51.3815],[0.618,51.3816],[0.6179,51.3816]],[[0.6117,51.3994],[0.6118,51.3994],[0.6116,51.3995],[0.6117,51.3994]],[[0.5763,51.4152],[0.5761,51.4152],[0.5763,51.4153],[0.5763,51.4152]],[[0.6754,51.4186],[0.6756,51.4187],[0.6754,51.4187],[0.6754,51.4186]],[[0.6373,51.4395],[0.6375,51.4395],[0.6374,51.4396],[0.6373,51.4395]],[[0.7,51.4103],[0.6998,51.4103],[0.6998,51.4102],[0.7,51.4103]],[[0.713,51.3844],[0.7133,51.3843],[0.7133,51.3844],[0.713,51.3844]],[[0.5665,51.4101],[0.5663,51.4101],[0.5665,51.41],[0.5665,51.4101]],[[0.5785,51.4068],[0.5786,51.4067],[0.5786,51.4068],[0.5785,51.4068]],[[0.6908,51.4079],[0.6909,51.4081],[0.6908,51.408],[0.6908,51.4079]],[[0.659,51.4453],[0.6591,51.4453],[0.6589,51.4454],[0.659,51.4453]],[[0.6301,51.4317],[0.6305,51.4317],[0.6304,51.4317],[0.6301,51.4317]],[[0.5859,51.4153],[0.5862,51.4152],[0.586,51.4153],[0.5859,51.4153]],[[0.5704,51.3936],[0.5703,51.3935],[0.5705,51.3935],[0.5704,51.3936]],[[0.68,51.42],[0.6801,51.4198],[0.6802,51.4199],[0.68,51.42]],[[0.5714,51.4125],[0.5716,51.4125],[0.5715,51.4126],[0.5714,51.4125]],[[0.6717,51.3922],[0.6718,51.3921],[0.6716,51.3924],[0.6717,51.3922]],[[0.6269,51.4291],[0.627,51.4291],[0.627,51.4293],[0.6269,51.4291]],[[0.5712,51.3934],[0.5711,51.3933],[0.5713,51.3933],[0.5712,51.3934]],[[0.6777,51.4217],[0.6779,51.4216],[0.6777,51.4217],[0.6777,51.4217]],[[0.7175,51.4207],[0.7177,51.4206],[0.7176,51.4207],[0.7175,51.4207]],[[0.6814,51.4075],[0.6815,51.4077],[0.6814,51.4077],[0.6814,51.4075]],[[0.599,51.3883],[0.5991,51.3883],[0.5989,51.3885],[0.599,51.3883]],[[0.6664,51.3963],[0.6664,51.3962],[0.6665,51.3963],[0.6664,51.3963]],[[0.6636,51.3937],[0.6637,51.3936],[0.6637,51.3938],[0.6636,51.3937]],[[0.6008,51.3863],[0.6009,51.3864],[0.6006,51.3864],[0.6008,51.3863]],[[0.5713,51.4105],[0.5713,51.4104],[0.5716,51.4106],[0.5713,51.4105]],[[0.6705,51.3937],[0.6706,51.3939],[0.6704,51.3938],[0.6705,51.3937]],[[0.5944,51.3882],[0.5944,51.3884],[0.5942,51.3883],[0.5944,51.3882]],[[0.6751,51.3944],[0.6754,51.3944],[0.6753,51.3945],[0.6751,51.3944]],[[0.6623,51.438],[0.6624,51.4382],[0.6623,51.4382],[0.6623,51.438]],[[0.6322,51.4233],[0.6322,51.4232],[0.6323,51.4233],[0.6322,51.4233]],[[0.7137,51.3846],[0.7139,51.3846],[0.7138,51.3847],[0.7137,51.3846]],[[0.6152,51.3844],[0.6155,51.3842],[0.6152,51.3844],[0.6152,51.3844]],[[0.6706,51.3933],[0.6703,51.3932],[0.6704,51.3932],[0.6706,51.3933]],[[0.5939,51.3877],[0.5942,51.3878],[0.5939,51.3878],[0.5939,51.3877]],[[0.7024,51.3909],[0.7022,51.3909],[0.7024,51.3908],[0.7024,51.3909]],[[0.7063,51.4201],[0.7065,51.4201],[0.7067,51.4201],[0.7063,51.4201]],[[0.6795,51.4205],[0.6796,51.4204],[0.6797,51.4205],[0.6795,51.4205]],[[0.5755,51.4094],[0.5758,51.4096],[0.5756,51.4095],[0.5755,51.4094]],[[0.6066,51.3843],[0.6064,51.3844],[0.6066,51.3842],[0.6066,51.3843]],[[0.5762,51.4151],[0.5765,51.4151],[0.5764,51.4151],[0.5762,51.4151]],[[0.6899,51.405],[0.69,51.4051],[0.6899,51.4051],[0.6899,51.405]],[[0.6056,51.3838],[0.6058,51.3838],[0.6059,51.3838],[0.6056,51.3838]],[[0.6342,51.4271],[0.6344,51.4269],[0.6347,51.4269],[0.6342,51.4271]],[[0.6047,51.4071],[0.6045,51.4071],[0.6047,51.407],[0.6047,51.4071]],[[0.6532,51.439],[0.6535,51.4392],[0.6534,51.4392],[0.6532,51.439]],[[0.662,51.394],[0.6622,51.3939],[0.6622,51.394],[0.662,51.394]],[[0.698,51.3816],[0.6982,51.3816],[0.698,51.3818],[0.698,51.3816]],[[0.6797,51.4019],[0.6796,51.402],[0.6795,51.402],[0.6797,51.4019]],[[0.6018,51.3843],[0.6021,51.3842],[0.602,51.3843],[0.6018,51.3843]],[[0.5772,51.4154],[0.577,51.4154],[0.5773,51.4153],[0.5772,51.4154]],[[0.6128,51.4008],[0.6129,51.4007],[0.613,51.4009],[0.6128,51.4008]],[[0.6091,51.3987],[0.6093,51.3987],[0.609,51.3988],[0.6091,51.3987]],[[0.6368,51.4325],[0.6371,51.4325],[0.6369,51.4325],[0.6368,51.4325]],[[0.5802,51.4059],[0.5801,51.406],[0.5799,51.4059],[0.5802,51.4059]],[[0.6283,51.4411],[0.6285,51.4409],[0.6284,51.4411],[0.6283,51.4411]],[[0.6336,51.4288],[0.6338,51.4288],[0.6336,51.4289],[0.6336,51.4288]],[[0.6764,51.3945],[0.6762,51.3946],[0.6761,51.3945],[0.6764,51.3945]],[[0.6969,51.4182],[0.6968,51.4185],[0.6968,51.4182],[0.6969,51.4182]],[[0.6282,51.4382],[0.6283,51.4383],[0.6279,51.4383],[0.6282,51.4382]],[[0.6666,51.3825],[0.6668,51.3824],[0.6667,51.3825],[0.6666,51.3825]],[[0.6903,51.4013],[0.6906,51.4015],[0.6904,51.4015],[0.6903,51.4013]],[[0.6668,51.3825],[0.6668,51.3824],[0.667,51.3825],[0.6668,51.3825]],[[0.6136,51.3993],[0.6135,51.3992],[0.6137,51.3992],[0.6136,51.3993]],[[0.6252,51.4258],[0.6254,51.4258],[0.6252,51.426],[0.6252,51.4258]],[[0.6856,51.4042],[0.6856,51.4043],[0.6853,51.4043],[0.6856,51.4042]],[[0.6535,51.4467],[0.6537,51.4467],[0.6536,51.4468],[0.6535,51.4467]],[[0.6507,51.4422],[0.6511,51.4422],[0.6509,51.4423],[0.6507,51.4422]],[[0.6004,51.3981],[0.6,51.3981],[0.6001,51.3981],[0.6004,51.3981]],[[0.6124,51.4004],[0.6125,51.4003],[0.6126,51.4004],[0.6124,51.4004]],[[0.6835,51.4115],[0.6833,51.4114],[0.6835,51.4114],[0.6835,51.4115]],[[0.6229,51.437],[0.6232,51.437],[0.6228,51.437],[0.6229,51.437]],[[0.7116,51.3906],[0.7119,51.3906],[0.7117,51.3907],[0.7116,51.3906]],[[0.6731,51.403],[0.673,51.4031],[0.6729,51.403],[0.6731,51.403]],[[0.6262,51.4264],[0.626,51.4264],[0.6262,51.4263],[0.6262,51.4264]],[[0.6637,51.4393],[0.6639,51.4393],[0.6637,51.4394],[0.6637,51.4393]],[[0.6833,51.4044],[0.6834,51.4043],[0.6835,51.4044],[0.6833,51.4044]],[[0.6322,51.4402],[0.6323,51.4404],[0.6321,51.4403],[0.6322,51.4402]],[[0.633,51.4271],[0.6328,51.427],[0.633,51.427],[0.633,51.4271]],[[0.6774,51.4047],[0.6772,51.4046],[0.6775,51.4046],[0.6774,51.4047]],[[0.6503,51.4459],[0.6505,51.446],[0.6504,51.4462],[0.6503,51.4459]],[[0.6191,51.4359],[0.6193,51.4358],[0.6192,51.436],[0.6191,51.4359]],[[0.6186,51.3811],[0.6189,51.381],[0.6187,51.3812],[0.6186,51.3811]],[[0.6248,51.4365],[0.6249,51.4366],[0.6246,51.4366],[0.6248,51.4365]],[[0.7129,51.3905],[0.7131,51.3906],[0.713,51.3907],[0.7129,51.3905]],[[0.6907,51.412],[0.6911,51.412],[0.6913,51.4121],[0.6907,51.412]],[[0.664,51.439],[0.6641,51.4391],[0.6639,51.4391],[0.664,51.439]],[[0.6758,51.4033],[0.6762,51.4032],[0.6759,51.4034],[0.6758,51.4033]],[[0.613,51.4295],[0.6132,51.4294],[0.6134,51.4295],[0.613,51.4295]],[[0.635,51.4271],[0.6348,51.4269],[0.635,51.4269],[0.635,51.4271]],[[0.6111,51.3958],[0.6111,51.3957],[0.6113,51.3958],[0.6111,51.3958]],[[0.614,51.4072],[0.6144,51.4072],[0.6143,51.4073],[0.614,51.4072]],[[0.6387,51.432],[0.6391,51.4319],[0.6389,51.432],[0.6387,51.432]],[[0.6639,51.4219],[0.6639,51.4218],[0.664,51.4219],[0.6639,51.4219]],[[0.6811,51.4074],[0.6812,51.4074],[0.6813,51.4075],[0.6811,51.4074]],[[0.6897,51.4012],[0.6898,51.4013],[0.6896,51.4014],[0.6897,51.4012]],[[0.5941,51.3879],[0.5942,51.3879],[0.5942,51.388],[0.5941,51.3879]],[[0.671,51.3921],[0.6708,51.3921],[0.6709,51.392],[0.671,51.3921]],[[0.6724,51.3915],[0.6728,51.3915],[0.6726,51.3916],[0.6724,51.3915]],[[0.602,51.3846],[0.6023,51.3846],[0.602,51.3847],[0.602,51.3846]],[[0.6337,51.4272],[0.6338,51.4271],[0.634,51.4273],[0.6337,51.4272]],[[0.7004,51.3821],[0.7007,51.3822],[0.7007,51.3823],[0.7004,51.3821]],[[0.6823,51.4042],[0.6823,51.4042],[0.6819,51.4043],[0.6823,51.4042]],[[0.6322,51.4238],[0.6321,51.4236],[0.6322,51.4236],[0.6322,51.4238]],[[0.6299,51.421],[0.6304,51.4208],[0.6303,51.4209],[0.6299,51.421]],[[0.6718,51.3918],[0.6719,51.3918],[0.6721,51.3918],[0.6718,51.3918]],[[0.6329,51.4288],[0.6331,51.4287],[0.6332,51.429],[0.6329,51.4288]],[[0.7005,51.3901],[0.7006,51.3902],[0.7006,51.39],[0.7005,51.3901]],[[0.5896,51.3951],[0.5894,51.395],[0.5896,51.395],[0.5896,51.3951]],[[0.6621,51.3934],[0.662,51.3934],[0.662,51.3933],[0.6621,51.3934]],[[0.6499,51.444],[0.6502,51.4441],[0.65,51.4441],[0.6499,51.444]],[[0.6347,51.4273],[0.6349,51.4273],[0.6348,51.4275],[0.6347,51.4273]],[[0.6553,51.4397],[0.6551,51.4397],[0.6552,51.4395],[0.6553,51.4397]],[[0.5806,51.406],[0.5806,51.406],[0.5808,51.4061],[0.5806,51.406]],[[0.703,51.4089],[0.7031,51.4088],[0.7032,51.4089],[0.703,51.4089]],[[0.6383,51.42],[0.6385,51.42],[0.6385,51.4201],[0.6383,51.42]],[[0.6534,51.443],[0.6533,51.443],[0.6534,51.4429],[0.6534,51.443]],[[0.612,51.4275],[0.6122,51.4272],[0.6121,51.4276],[0.612,51.4275]],[[0.6296,51.4388],[0.6292,51.4387],[0.6293,51.4386],[0.6296,51.4388]],[[0.5732,51.3953],[0.5733,51.3952],[0.5734,51.3953],[0.5732,51.3953]],[[0.6728,51.4192],[0.6731,51.4192],[0.673,51.4193],[0.6728,51.4192]],[[0.6737,51.4033],[0.6736,51.4033],[0.6737,51.4032],[0.6737,51.4033]],[[0.6585,51.4452],[0.6584,51.4453],[0.6582,51.4453],[0.6585,51.4452]],[[0.6218,51.3881],[0.6217,51.3882],[0.6214,51.3881],[0.6218,51.3881]],[[0.6133,51.4052],[0.613,51.4052],[0.6133,51.4051],[0.6133,51.4052]],[[0.6412,51.4408],[0.6411,51.4406],[0.6413,51.4408],[0.6412,51.4408]],[[0.5943,51.3882],[0.5944,51.3879],[0.5945,51.3881],[0.5943,51.3882]],[[0.5704,51.396],[0.5702,51.3959],[0.5705,51.3959],[0.5704,51.396]],[[0.6741,51.3922],[0.674,51.3923],[0.674,51.3921],[0.6741,51.3922]],[[0.5688,51.3952],[0.5689,51.3951],[0.569,51.3953],[0.5688,51.3952]],[[0.6145,51.4241],[0.6146,51.424],[0.6149,51.4241],[0.6145,51.4241]],[[0.6757,51.4044],[0.6756,51.4046],[0.6754,51.4045],[0.6757,51.4044]],[[0.6198,51.4307],[0.6197,51.4306],[0.6201,51.4307],[0.6198,51.4307]],[[0.6207,51.4377],[0.6205,51.4376],[0.6209,51.4376],[0.6207,51.4377]],[[0.6227,51.4256],[0.623,51.4256],[0.6228,51.4257],[0.6227,51.4256]],[[0.579,51.406],[0.5794,51.4059],[0.5797,51.406],[0.579,51.406]],[[0.6714,51.4174],[0.6713,51.4172],[0.6715,51.4173],[0.6714,51.4174]],[[0.6768,51.4],[0.6771,51.4001],[0.6769,51.4001],[0.6768,51.4]],[[0.6192,51.3813],[0.6189,51.3812],[0.6192,51.3812],[0.6192,51.3813]],[[0.6771,51.4],[0.677,51.3999],[0.6773,51.4],[0.6771,51.4]],[[0.5715,51.413],[0.5719,51.4132],[0.5717,51.4132],[0.5715,51.413]],[[0.6341,51.4292],[0.634,51.4291],[0.6339,51.4293],[0.6341,51.4292]],[[0.6176,51.4317],[0.6176,51.4316],[0.6178,51.4317],[0.6176,51.4317]],[[0.6694,51.4363],[0.6696,51.4363],[0.6697,51.4364],[0.6694,51.4363]],[[0.6192,51.4283],[0.619,51.4283],[0.6189,51.4282],[0.6192,51.4283]],[[0.594,51.388],[0.5942,51.3881],[0.594,51.3878],[0.594,51.388]],[[0.6554,51.4394],[0.6557,51.4395],[0.6555,51.4396],[0.6554,51.4394]],[[0.6122,51.3984],[0.6121,51.3986],[0.6119,51.3986],[0.6122,51.3984]],[[0.562,51.4082],[0.5622,51.4081],[0.5621,51.4082],[0.562,51.4082]],[[0.6779,51.3941],[0.6783,51.394],[0.6783,51.3941],[0.6779,51.3941]],[[0.6799,51.404],[0.6801,51.4041],[0.68,51.4041],[0.6799,51.404]],[[0.5758,51.4153],[0.5758,51.4151],[0.576,51.4151],[0.5758,51.4153]],[[0.6705,51.3924],[0.6707,51.3926],[0.6704,51.3926],[0.6705,51.3924]],[[0.63,51.4291],[0.6302,51.429],[0.6301,51.4291],[0.63,51.4291]],[[0.6341,51.4269],[0.634,51.427],[0.6346,51.4269],[0.6341,51.4269]],[[0.6158,51.3978],[0.616,51.3976],[0.616,51.3978],[0.6158,51.3978]],[[0.6173,51.3802],[0.6172,51.3801],[0.6175,51.3801],[0.6173,51.3802]],[[0.6772,51.4011],[0.6773,51.4012],[0.6771,51.4012],[0.6772,51.4011]],[[0.6846,51.4181],[0.6844,51.418],[0.6847,51.418],[0.6846,51.4181]],[[0.6722,51.3993],[0.6725,51.3993],[0.6724,51.3994],[0.6722,51.3993]],[[0.7098,51.4204],[0.7097,51.4205],[0.7091,51.4204],[0.7098,51.4204]],[[0.6868,51.4064],[0.6864,51.4064],[0.6864,51.4064],[0.6868,51.4064]],[[0.6331,51.421],[0.6333,51.4211],[0.6331,51.4212],[0.6331,51.421]],[[0.6545,51.393],[0.6545,51.3929],[0.6548,51.3928],[0.6545,51.393]],[[0.6139,51.3984],[0.6141,51.3985],[0.6139,51.3986],[0.6139,51.3984]],[[0.6602,51.418],[0.6604,51.4181],[0.6601,51.4181],[0.6602,51.418]],[[0.5722,51.4133],[0.5723,51.4132],[0.5724,51.4133],[0.5722,51.4133]],[[0.6241,51.4331],[0.6242,51.4331],[0.6244,51.4332],[0.6241,51.4331]],[[0.6051,51.3999],[0.6053,51.3998],[0.6052,51.4],[0.6051,51.3999]],[[0.6365,51.4433],[0.6367,51.4434],[0.6366,51.4435],[0.6365,51.4433]],[[0.6152,51.3957],[0.6151,51.3956],[0.6153,51.3956],[0.6152,51.3957]],[[0.6387,51.4434],[0.6385,51.4434],[0.6386,51.4432],[0.6387,51.4434]],[[0.6029,51.3849],[0.6026,51.3848],[0.6029,51.385],[0.6029,51.3849]],[[0.675,51.3946],[0.675,51.3947],[0.6746,51.3948],[0.675,51.3946]],[[0.7024,51.3908],[0.7021,51.3909],[0.7023,51.3907],[0.7024,51.3908]],[[0.6019,51.3839],[0.602,51.3842],[0.6017,51.384],[0.6019,51.3839]],[[0.6371,51.4319],[0.6374,51.4318],[0.6376,51.4319],[0.6371,51.4319]],[[0.6151,51.3958],[0.6154,51.3957],[0.6151,51.3959],[0.6151,51.3958]],[[0.6712,51.3922],[0.671,51.3922],[0.6712,51.392],[0.6712,51.3922]],[[0.6749,51.417],[0.6748,51.4167],[0.6749,51.4168],[0.6749,51.417]],[[0.6132,51.4231],[0.6129,51.4229],[0.6133,51.4231],[0.6132,51.4231]],[[0.698,51.3809],[0.6975,51.3809],[0.6973,51.3808],[0.698,51.3809]],[[0.6271,51.4387],[0.6274,51.4387],[0.6272,51.4388],[0.6271,51.4387]],[[0.6382,51.4416],[0.6384,51.4415],[0.6384,51.4417],[0.6382,51.4416]],[[0.5988,51.3898],[0.5986,51.3899],[0.5987,51.3897],[0.5988,51.3898]],[[0.6022,51.3859],[0.6022,51.3857],[0.6025,51.3859],[0.6022,51.3859]],[[0.6184,51.4352],[0.6186,51.4352],[0.6184,51.435],[0.6184,51.4352]],[[0.659,51.4444],[0.6593,51.4443],[0.6592,51.4445],[0.659,51.4444]],[[0.6039,51.3942],[0.6043,51.3942],[0.6042,51.3943],[0.6039,51.3942]],[[0.6802,51.4202],[0.6801,51.42],[0.6803,51.42],[0.6802,51.4202]],[[0.6718,51.3939],[0.6719,51.394],[0.6715,51.3939],[0.6718,51.3939]],[[0.6673,51.4235],[0.667,51.4235],[0.6669,51.4234],[0.6673,51.4235]],[[0.6838,51.403],[0.6841,51.403],[0.684,51.4031],[0.6838,51.403]],[[0.5898,51.3943],[0.5896,51.3944],[0.5898,51.3942],[0.5898,51.3943]],[[0.6862,51.404],[0.6865,51.404],[0.6866,51.4041],[0.6862,51.404]],[[0.675,51.394],[0.6753,51.3938],[0.6754,51.3939],[0.675,51.394]],[[0.6725,51.3919],[0.6724,51.392],[0.6721,51.3919],[0.6725,51.3919]],[[0.6306,51.4317],[0.6309,51.4317],[0.6306,51.4318],[0.6306,51.4317]],[[0.6643,51.4225],[0.6641,51.4222],[0.6642,51.4222],[0.6643,51.4225]],[[0.6338,51.4275],[0.6341,51.4274],[0.6344,51.4273],[0.6338,51.4275]],[[0.5708,51.3935],[0.571,51.3936],[0.5707,51.3936],[0.5708,51.3935]],[[0.6209,51.4377],[0.6211,51.4376],[0.621,51.4378],[0.6209,51.4377]],[[0.6389,51.4307],[0.6392,51.4308],[0.639,51.431],[0.6389,51.4307]],[[0.6717,51.4138],[0.6716,51.4138],[0.6714,51.4138],[0.6717,51.4138]],[[0.6908,51.3971],[0.691,51.3972],[0.691,51.3973],[0.6908,51.3971]],[[0.6348,51.4284],[0.6346,51.4283],[0.6349,51.4282],[0.6348,51.4284]],[[0.6024,51.3845],[0.6027,51.3844],[0.6027,51.3846],[0.6024,51.3845]],[[0.6776,51.3939],[0.6775,51.394],[0.6773,51.3938],[0.6776,51.3939]],[[0.5984,51.3868],[0.5984,51.3867],[0.5989,51.3867],[0.5984,51.3868]],[[0.6724,51.3907],[0.6725,51.3908],[0.6722,51.3908],[0.6724,51.3907]],[[0.6585,51.4378],[0.6589,51.4379],[0.6586,51.4379],[0.6585,51.4378]],[[0.7004,51.3837],[0.7003,51.3838],[0.7001,51.3837],[0.7004,51.3837]],[[0.6068,51.3842],[0.6069,51.3845],[0.6067,51.3844],[0.6068,51.3842]],[[0.6254,51.3876],[0.6257,51.3877],[0.6254,51.3877],[0.6254,51.3876]],[[0.678,51.3937],[0.6783,51.3939],[0.6781,51.3939],[0.678,51.3937]],[[0.6275,51.4379],[0.6277,51.438],[0.6276,51.438],[0.6275,51.4379]],[[0.6665,51.3964],[0.6666,51.3963],[0.6668,51.3964],[0.6665,51.3964]],[[0.6247,51.4365],[0.6244,51.4366],[0.6243,51.4365],[0.6247,51.4365]],[[0.5614,51.4079],[0.562,51.4079],[0.5616,51.408],[0.5614,51.4079]],[[0.6648,51.4229],[0.665,51.4229],[0.6649,51.4231],[0.6648,51.4229]],[[0.693,51.3994],[0.6933,51.3994],[0.693,51.3995],[0.693,51.3994]],[[0.6133,51.4234],[0.6135,51.4234],[0.6133,51.4236],[0.6133,51.4234]],[[0.6799,51.4194],[0.6802,51.4196],[0.68,51.4196],[0.6799,51.4194]],[[0.6834,51.4034],[0.6836,51.4034],[0.6833,51.4036],[0.6834,51.4034]],[[0.6656,51.3955],[0.6652,51.3955],[0.6655,51.3954],[0.6656,51.3955]],[[0.6162,51.3966],[0.6159,51.3966],[0.6161,51.3964],[0.6162,51.3966]],[[0.6082,51.4002],[0.6084,51.4002],[0.6084,51.4005],[0.6082,51.4002]],[[0.6219,51.3877],[0.6222,51.3875],[0.6223,51.3876],[0.6219,51.3877]],[[0.612,51.395],[0.6119,51.3949],[0.6123,51.395],[0.612,51.395]],[[0.6783,51.3941],[0.6785,51.394],[0.6786,51.3941],[0.6783,51.3941]],[[0.6223,51.4278],[0.6227,51.4279],[0.6221,51.4279],[0.6223,51.4278]],[[0.5708,51.4107],[0.5706,51.4108],[0.5705,51.4107],[0.5708,51.4107]],[[0.7085,51.3933],[0.7087,51.3932],[0.7088,51.3934],[0.7085,51.3933]],[[0.6712,51.3993],[0.671,51.3993],[0.6711,51.3991],[0.6712,51.3993]],[[0.655,51.4451],[0.6551,51.4451],[0.6554,51.4453],[0.655,51.4451]],[[0.627,51.4376],[0.6276,51.4377],[0.6277,51.4378],[0.627,51.4376]],[[0.6864,51.4193],[0.6866,51.4192],[0.6865,51.4194],[0.6864,51.4193]],[[0.6289,51.4299],[0.6292,51.4299],[0.6291,51.4301],[0.6289,51.4299]],[[0.7061,51.4184],[0.7068,51.4182],[0.7062,51.4184],[0.7061,51.4184]],[[0.6832,51.4022],[0.6836,51.4022],[0.6833,51.4023],[0.6832,51.4022]],[[0.5944,51.389],[0.5941,51.3889],[0.5947,51.3888],[0.5944,51.389]],[[0.6468,51.4442],[0.6471,51.4442],[0.6469,51.4444],[0.6468,51.4442]],[[0.5948,51.3872],[0.5947,51.3872],[0.5951,51.3871],[0.5948,51.3872]],[[0.6281,51.4379],[0.6284,51.4381],[0.6278,51.438],[0.6281,51.4379]],[[0.6168,51.3815],[0.6172,51.3816],[0.6171,51.3817],[0.6168,51.3815]],[[0.6998,51.3834],[0.6994,51.3835],[0.7002,51.3834],[0.6998,51.3834]],[[0.6898,51.4016],[0.6901,51.4015],[0.6903,51.4016],[0.6898,51.4016]],[[0.7051,51.4083],[0.7053,51.4082],[0.7054,51.4084],[0.7051,51.4083]],[[0.6726,51.4054],[0.6729,51.4053],[0.6726,51.4055],[0.6726,51.4054]],[[0.6705,51.3924],[0.6709,51.3923],[0.6707,51.3926],[0.6705,51.3924]],[[0.5727,51.3947],[0.5729,51.3946],[0.573,51.3947],[0.5727,51.3947]],[[0.6846,51.4006],[0.6849,51.4007],[0.6846,51.4007],[0.6846,51.4006]],[[0.6097,51.3861],[0.6096,51.3858],[0.6098,51.386],[0.6097,51.3861]],[[0.5868,51.3929],[0.5871,51.3929],[0.5871,51.393],[0.5868,51.3929]],[[0.6688,51.3919],[0.6683,51.3922],[0.6688,51.3918],[0.6688,51.3919]],[[0.6742,51.4181],[0.6745,51.418],[0.6745,51.4183],[0.6742,51.4181]],[[0.6131,51.4067],[0.6135,51.4067],[0.6133,51.4069],[0.6131,51.4067]],[[0.665,51.4391],[0.6651,51.439],[0.6654,51.439],[0.665,51.4391]],[[0.6449,51.4421],[0.6447,51.4421],[0.6449,51.4418],[0.6449,51.4421]],[[0.6386,51.4428],[0.6388,51.4428],[0.6387,51.4431],[0.6386,51.4428]],[[0.6773,51.4125],[0.6776,51.4125],[0.6776,51.4127],[0.6773,51.4125]],[[0.5954,51.3875],[0.5956,51.3874],[0.5957,51.3876],[0.5954,51.3875]],[[0.6291,51.4306],[0.6293,51.4303],[0.6293,51.4305],[0.6291,51.4306]],[[0.6223,51.3875],[0.6224,51.3874],[0.6224,51.3877],[0.6223,51.3875]],[[0.6125,51.4005],[0.6128,51.4004],[0.6129,51.4007],[0.6125,51.4005]],[[0.5945,51.3886],[0.595,51.3885],[0.5946,51.3886],[0.5945,51.3886]],[[0.6723,51.4057],[0.6725,51.4055],[0.6726,51.4056],[0.6723,51.4057]],[[0.6003,51.3848],[0.5999,51.3847],[0.6001,51.3846],[0.6003,51.3848]],[[0.6749,51.4028],[0.6754,51.4028],[0.6751,51.403],[0.6749,51.4028]],[[0.7112,51.42],[0.7109,51.42],[0.7112,51.4198],[0.7112,51.42]],[[0.612,51.3951],[0.6117,51.3952],[0.6115,51.395],[0.612,51.3951]],[[0.6196,51.3879],[0.6197,51.3877],[0.6199,51.3878],[0.6196,51.3879]],[[0.6213,51.4377],[0.6211,51.4374],[0.6215,51.4376],[0.6213,51.4377]],[[0.6995,51.41],[0.6994,51.4103],[0.6993,51.4101],[0.6995,51.41]],[[0.5794,51.4058],[0.5797,51.4058],[0.5793,51.4059],[0.5794,51.4058]],[[0.6912,51.3972],[0.6909,51.3971],[0.6913,51.3969],[0.6912,51.3972]],[[0.6373,51.4173],[0.6375,51.4172],[0.6377,51.4173],[0.6373,51.4173]],[[0.5797,51.4057],[0.58,51.4058],[0.5795,51.4059],[0.5797,51.4057]],[[0.6403,51.4432],[0.6406,51.4433],[0.6403,51.4435],[0.6403,51.4432]],[[0.6383,51.4177],[0.638,51.4177],[0.6382,51.4176],[0.6383,51.4177]],[[0.6382,51.4406],[0.639,51.4407],[0.6388,51.4407],[0.6382,51.4406]],[[0.4739,51.3763],[0.4742,51.3764],[0.4739,51.3764],[0.4739,51.3763]],[[0.6134,51.3986],[0.6132,51.3985],[0.6133,51.3983],[0.6134,51.3986]],[[0.675,51.3938],[0.675,51.394],[0.6747,51.3939],[0.675,51.3938]],[[0.5719,51.4114],[0.5723,51.4113],[0.5721,51.4115],[0.5719,51.4114]],[[0.475,51.3752],[0.4753,51.3752],[0.4751,51.3753],[0.475,51.3752]],[[0.6204,51.427],[0.6209,51.427],[0.6208,51.4271],[0.6204,51.427]],[[0.6698,51.3937],[0.6701,51.3937],[0.6699,51.3938],[0.6698,51.3937]],[[0.5759,51.4102],[0.5761,51.41],[0.5762,51.4102],[0.5759,51.4102]],[[0.6691,51.4199],[0.6689,51.4199],[0.6691,51.4197],[0.6691,51.4199]],[[0.6587,51.3915],[0.6586,51.3917],[0.6583,51.3916],[0.6587,51.3915]],[[0.6354,51.4304],[0.6362,51.4305],[0.6358,51.4305],[0.6354,51.4304]],[[0.6674,51.4412],[0.6678,51.441],[0.6675,51.4413],[0.6674,51.4412]],[[0.6897,51.4125],[0.6896,51.4123],[0.6901,51.4121],[0.6897,51.4125]],[[0.6198,51.4369],[0.6201,51.4369],[0.62,51.4371],[0.6198,51.4369]],[[0.7012,51.39],[0.7014,51.39],[0.7013,51.3902],[0.7012,51.39]],[[0.7054,51.408],[0.7052,51.4081],[0.7054,51.4078],[0.7054,51.408]],[[0.6109,51.4052],[0.6114,51.4054],[0.6112,51.4055],[0.6109,51.4052]],[[0.6249,51.4338],[0.6251,51.4337],[0.6253,51.4338],[0.6249,51.4338]],[[0.6466,51.4383],[0.6462,51.4384],[0.6464,51.4382],[0.6466,51.4383]],[[0.5754,51.4087],[0.5748,51.4088],[0.5751,51.4087],[0.5754,51.4087]],[[0.7105,51.3903],[0.711,51.3902],[0.7109,51.3904],[0.7105,51.3903]],[[0.6217,51.4313],[0.6216,51.4312],[0.6219,51.4312],[0.6217,51.4313]],[[0.5991,51.3968],[0.5996,51.397],[0.5993,51.397],[0.5991,51.3968]],[[0.6985,51.3811],[0.6988,51.381],[0.6988,51.3813],[0.6985,51.3811]],[[0.6341,51.4286],[0.6344,51.4284],[0.6346,51.4286],[0.6341,51.4286]],[[0.67,51.3936],[0.6701,51.3937],[0.6696,51.3937],[0.67,51.3936]],[[0.6049,51.3849],[0.6049,51.3847],[0.6051,51.3848],[0.6049,51.3849]],[[0.6588,51.3917],[0.6592,51.3914],[0.6591,51.3917],[0.6588,51.3917]],[[0.6767,51.3928],[0.6771,51.3928],[0.6768,51.3929],[0.6767,51.3928]],[[0.6673,51.4058],[0.6685,51.4059],[0.6676,51.4059],[0.6673,51.4058]],[[0.6803,51.4205],[0.6804,51.4202],[0.6807,51.4204],[0.6803,51.4205]],[[0.6349,51.4418],[0.6352,51.4422],[0.6347,51.4421],[0.6349,51.4418]],[[0.6196,51.4068],[0.62,51.4072],[0.6196,51.407],[0.6196,51.4068]],[[0.6755,51.4086],[0.6763,51.4085],[0.676,51.4087],[0.6755,51.4086]],[[0.5661,51.3958],[0.5659,51.3958],[0.5661,51.3956],[0.5661,51.3958]],[[0.6766,51.3965],[0.6771,51.3967],[0.6766,51.3966],[0.6766,51.3965]],[[0.6765,51.3926],[0.6766,51.3925],[0.6769,51.3927],[0.6765,51.3926]],[[0.5979,51.3976],[0.5981,51.3975],[0.5983,51.3976],[0.5979,51.3976]],[[0.6773,51.4048],[0.6777,51.4046],[0.6778,51.4047],[0.6773,51.4048]],[[0.6235,51.4297],[0.6236,51.4298],[0.6229,51.4298],[0.6235,51.4297]],[[0.6715,51.3946],[0.672,51.3947],[0.6721,51.3949],[0.6715,51.3946]],[[0.6479,51.4402],[0.6475,51.44],[0.6478,51.44],[0.6479,51.4402]],[[0.6626,51.4386],[0.6628,51.4385],[0.6629,51.4387],[0.6626,51.4386]],[[0.6848,51.4175],[0.685,51.4177],[0.6846,51.4176],[0.6848,51.4175]],[[0.6842,51.4027],[0.6842,51.4026],[0.6846,51.4027],[0.6842,51.4027]],[[0.654,51.4398],[0.6539,51.4398],[0.6545,51.4395],[0.654,51.4398]],[[0.6795,51.3795],[0.68,51.3798],[0.6798,51.3798],[0.6795,51.3795]],[[0.6456,51.4358],[0.6462,51.4364],[0.6459,51.4363],[0.6456,51.4358]],[[0.6789,51.4224],[0.6791,51.4225],[0.6785,51.4226],[0.6789,51.4224]],[[0.5994,51.3861],[0.5996,51.3858],[0.5997,51.3861],[0.5994,51.3861]],[[0.6384,51.4166],[0.6383,51.4168],[0.6377,51.4167],[0.6384,51.4166]],[[0.6737,51.4079],[0.6732,51.4077],[0.6734,51.4076],[0.6737,51.4079]],[[0.6746,51.394],[0.6748,51.3941],[0.6746,51.3943],[0.6746,51.394]],[[0.6908,51.398],[0.6906,51.3979],[0.6908,51.3978],[0.6908,51.398]],[[0.6308,51.4276],[0.631,51.4277],[0.6308,51.4279],[0.6308,51.4276]],[[0.6599,51.4418],[0.6598,51.4416],[0.6602,51.4417],[0.6599,51.4418]],[[0.5882,51.3922],[0.5883,51.392],[0.5886,51.3922],[0.5882,51.3922]],[[0.7012,51.3897],[0.7016,51.3899],[0.7011,51.3899],[0.7012,51.3897]],[[0.6064,51.384],[0.6058,51.384],[0.6062,51.3838],[0.6064,51.384]],[[0.6146,51.4071],[0.6147,51.407],[0.6147,51.4074],[0.6146,51.4071]],[[0.5988,51.3864],[0.5991,51.3861],[0.5989,51.3865],[0.5988,51.3864]],[[0.5978,51.406],[0.5977,51.4059],[0.5981,51.4059],[0.5978,51.406]],[[0.6684,51.4398],[0.6687,51.44],[0.6685,51.44],[0.6684,51.4398]],[[0.6051,51.3995],[0.6047,51.3994],[0.605,51.3994],[0.6051,51.3995]],[[0.6345,51.4282],[0.634,51.4285],[0.6343,51.4282],[0.6345,51.4282]],[[0.5986,51.3893],[0.5988,51.3896],[0.5985,51.3895],[0.5986,51.3893]],[[0.6748,51.4182],[0.6753,51.4184],[0.6748,51.4184],[0.6748,51.4182]],[[0.6308,51.4213],[0.631,51.4215],[0.6306,51.4214],[0.6308,51.4213]],[[0.6493,51.4411],[0.6497,51.4411],[0.6494,51.4413],[0.6493,51.4411]],[[0.6772,51.4127],[0.6777,51.4127],[0.6775,51.4129],[0.6772,51.4127]],[[0.6369,51.4193],[0.6366,51.4193],[0.6367,51.4189],[0.6369,51.4193]],[[0.6667,51.3874],[0.6668,51.3875],[0.6665,51.3878],[0.6667,51.3874]],[[0.6208,51.4278],[0.6213,51.4278],[0.6208,51.4279],[0.6208,51.4278]],[[0.6754,51.3936],[0.6751,51.3937],[0.6755,51.3938],[0.6754,51.3936]],[[0.6732,51.3909],[0.6737,51.3911],[0.6733,51.3911],[0.6732,51.3909]],[[0.5988,51.3866],[0.5982,51.3864],[0.5984,51.3864],[0.5988,51.3866]],[[0.6114,51.3983],[0.6114,51.3987],[0.6112,51.3985],[0.6114,51.3983]],[[0.6874,51.3974],[0.6877,51.3973],[0.6877,51.3975],[0.6874,51.3974]],[[0.7214,51.4179],[0.7216,51.4177],[0.7215,51.418],[0.7214,51.4179]],[[0.648,51.4335],[0.6473,51.4335],[0.6472,51.4334],[0.648,51.4335]],[[0.6768,51.4028],[0.6767,51.4026],[0.6771,51.4026],[0.6768,51.4028]],[[0.6795,51.4211],[0.6797,51.4209],[0.6801,51.4209],[0.6795,51.4211]],[[0.6832,51.3928],[0.683,51.3928],[0.6836,51.393],[0.6832,51.3928]],[[0.6012,51.4008],[0.6013,51.401],[0.6009,51.4009],[0.6012,51.4008]],[[0.6539,51.445],[0.6544,51.4451],[0.6542,51.4452],[0.6539,51.445]],[[0.6211,51.3881],[0.621,51.3879],[0.6209,51.3885],[0.6211,51.3881]],[[0.6741,51.4186],[0.6745,51.4185],[0.6745,51.4187],[0.6741,51.4186]],[[0.5854,51.4153],[0.5856,51.4152],[0.5859,51.4154],[0.5854,51.4153]],[[0.6775,51.3932],[0.6777,51.3933],[0.6774,51.3935],[0.6775,51.3932]],[[0.6829,51.3988],[0.683,51.399],[0.6826,51.399],[0.6829,51.3988]],[[0.5886,51.3921],[0.5885,51.392],[0.589,51.392],[0.5886,51.3921]],[[0.6747,51.4179],[0.6747,51.4182],[0.6746,51.4185],[0.6747,51.4179]],[[0.6014,51.3981],[0.6016,51.398],[0.6019,51.3982],[0.6014,51.3981]],[[0.6674,51.4208],[0.6676,51.4208],[0.668,51.4211],[0.6674,51.4208]],[[0.5795,51.4048],[0.5798,51.4046],[0.5798,51.4048],[0.5795,51.4048]],[[0.6767,51.4086],[0.6765,51.4088],[0.6761,51.4087],[0.6767,51.4086]],[[0.6868,51.4013],[0.6873,51.4013],[0.687,51.4015],[0.6868,51.4013]],[[0.7089,51.3902],[0.7097,51.3904],[0.7092,51.3904],[0.7089,51.3902]],[[0.6377,51.418],[0.6379,51.4179],[0.6376,51.4182],[0.6377,51.418]],[[0.6733,51.3913],[0.6737,51.3912],[0.6736,51.3915],[0.6733,51.3913]],[[0.6746,51.42],[0.6748,51.4198],[0.675,51.4201],[0.6746,51.42]],[[0.6945,51.3968],[0.6949,51.3969],[0.6951,51.3973],[0.6945,51.3968]],[[0.6681,51.3928],[0.6678,51.3925],[0.6682,51.3927],[0.6681,51.3928]],[[0.6759,51.3936],[0.6756,51.3937],[0.6758,51.3934],[0.6759,51.3936]],[[0.6488,51.4429],[0.6495,51.443],[0.6491,51.4431],[0.6488,51.4429]],[[0.6827,51.4101],[0.6824,51.41],[0.6825,51.4097],[0.6827,51.4101]],[[0.645,51.4393],[0.6448,51.4389],[0.6451,51.4392],[0.645,51.4393]],[[0.7073,51.3943],[0.7082,51.3941],[0.7074,51.3944],[0.7073,51.3943]],[[0.6195,51.4307],[0.6188,51.4311],[0.6191,51.4307],[0.6195,51.4307]],[[0.6171,51.3809],[0.6174,51.3808],[0.6175,51.3811],[0.6171,51.3809]],[[0.686,51.3974],[0.6852,51.3974],[0.6858,51.3973],[0.686,51.3974]],[[0.5876,51.3932],[0.5872,51.3931],[0.5874,51.393],[0.5876,51.3932]],[[0.6994,51.381],[0.7,51.3808],[0.6997,51.3812],[0.6994,51.381]],[[0.6721,51.4028],[0.6725,51.4028],[0.6723,51.4029],[0.6721,51.4028]],[[0.676,51.4069],[0.6764,51.4069],[0.6762,51.4071],[0.676,51.4069]],[[0.632,51.4285],[0.6325,51.4286],[0.6322,51.4288],[0.632,51.4285]],[[0.5997,51.4067],[0.6001,51.4067],[0.6002,51.4068],[0.5997,51.4067]],[[0.6743,51.3942],[0.674,51.3941],[0.6744,51.3939],[0.6743,51.3942]],[[0.5736,51.4097],[0.5738,51.4098],[0.5735,51.4098],[0.5736,51.4097]],[[0.6012,51.3944],[0.6017,51.3943],[0.6024,51.3943],[0.6012,51.3944]],[[0.6031,51.3943],[0.6024,51.3943],[0.603,51.3942],[0.6031,51.3943]],[[0.6196,51.4359],[0.6192,51.436],[0.6194,51.4358],[0.6196,51.4359]],[[0.6066,51.3838],[0.6071,51.3838],[0.6069,51.3841],[0.6066,51.3838]],[[0.6218,51.4329],[0.6218,51.4324],[0.622,51.4327],[0.6218,51.4329]],[[0.6129,51.4231],[0.6132,51.4232],[0.6128,51.4234],[0.6129,51.4231]],[[0.6287,51.4289],[0.6285,51.4289],[0.6284,51.4287],[0.6287,51.4289]],[[0.6005,51.3983],[0.6012,51.3982],[0.6012,51.3983],[0.6005,51.3983]],[[0.6228,51.3885],[0.6232,51.3883],[0.623,51.3885],[0.6228,51.3885]],[[0.6325,51.4402],[0.6321,51.4401],[0.6324,51.44],[0.6325,51.4402]],[[0.6187,51.4356],[0.6191,51.4358],[0.619,51.4359],[0.6187,51.4356]],[[0.6583,51.4429],[0.6589,51.443],[0.6587,51.4431],[0.6583,51.4429]],[[0.6908,51.4121],[0.6912,51.4121],[0.691,51.4123],[0.6908,51.4121]],[[0.6685,51.3989],[0.6683,51.399],[0.6681,51.3987],[0.6685,51.3989]],[[0.619,51.4335],[0.6192,51.4331],[0.6192,51.4336],[0.619,51.4335]],[[0.6466,51.4378],[0.6469,51.4379],[0.6464,51.4382],[0.6466,51.4378]],[[0.6132,51.4291],[0.6135,51.4291],[0.6139,51.4293],[0.6132,51.4291]],[[0.5951,51.3876],[0.5948,51.3874],[0.5955,51.3873],[0.5951,51.3876]],[[0.6809,51.4145],[0.6812,51.4143],[0.6809,51.4147],[0.6809,51.4145]],[[0.6416,51.4397],[0.6414,51.44],[0.6414,51.4397],[0.6416,51.4397]],[[0.6767,51.3934],[0.6764,51.3936],[0.676,51.3935],[0.6767,51.3934]],[[0.6588,51.3923],[0.6591,51.3922],[0.6595,51.3924],[0.6588,51.3923]],[[0.6307,51.4217],[0.631,51.4216],[0.6311,51.4219],[0.6307,51.4217]],[[0.6875,51.4182],[0.6873,51.4185],[0.6878,51.418],[0.6875,51.4182]],[[0.6332,51.4426],[0.6335,51.4424],[0.6333,51.4427],[0.6332,51.4426]],[[0.6008,51.395],[0.6012,51.395],[0.601,51.3951],[0.6008,51.395]],[[0.7097,51.3837],[0.7095,51.3835],[0.7099,51.3836],[0.7097,51.3837]],[[0.6023,51.3835],[0.6027,51.3838],[0.6024,51.3842],[0.6023,51.3835]],[[0.5803,51.4059],[0.5805,51.4061],[0.5801,51.4061],[0.5803,51.4059]],[[0.6868,51.4019],[0.6867,51.4017],[0.6872,51.4018],[0.6868,51.4019]],[[0.6724,51.4402],[0.672,51.4403],[0.6719,51.4402],[0.6724,51.4402]],[[0.6318,51.421],[0.6323,51.4207],[0.6329,51.4209],[0.6318,51.421]],[[0.6525,51.4374],[0.6532,51.4374],[0.6528,51.4375],[0.6525,51.4374]],[[0.5819,51.4125],[0.5823,51.4126],[0.5825,51.4128],[0.5819,51.4125]],[[0.6665,51.4205],[0.6661,51.4205],[0.6666,51.4201],[0.6665,51.4205]],[[0.645,51.4401],[0.6454,51.4404],[0.6451,51.4404],[0.645,51.4401]],[[0.5984,51.39],[0.5989,51.39],[0.5986,51.3902],[0.5984,51.39]],[[0.5991,51.3864],[0.5995,51.3862],[0.5992,51.3866],[0.5991,51.3864]],[[0.6758,51.4213],[0.6755,51.4214],[0.676,51.421],[0.6758,51.4213]],[[0.5865,51.3923],[0.5864,51.3926],[0.5863,51.3924],[0.5865,51.3923]],[[0.6666,51.408],[0.6672,51.4082],[0.667,51.4082],[0.6666,51.408]],[[0.6097,51.4059],[0.6096,51.4063],[0.6101,51.4058],[0.6097,51.4059]],[[0.6158,51.3973],[0.6153,51.3971],[0.616,51.3971],[0.6158,51.3973]],[[0.677,51.3935],[0.6768,51.3933],[0.6774,51.3933],[0.677,51.3935]],[[0.6365,51.427],[0.6365,51.4268],[0.6369,51.4269],[0.6365,51.427]],[[0.6341,51.4289],[0.6342,51.4292],[0.6338,51.4287],[0.6341,51.4289]],[[0.6379,51.4403],[0.6385,51.4403],[0.6386,51.4405],[0.6379,51.4403]],[[0.6187,51.4315],[0.6188,51.4314],[0.6194,51.432],[0.6187,51.4315]],[[0.6098,51.4014],[0.6101,51.4017],[0.6096,51.4017],[0.6098,51.4014]],[[0.6715,51.4404],[0.6712,51.4405],[0.6713,51.4401],[0.6715,51.4404]],[[0.6557,51.4412],[0.6562,51.4413],[0.656,51.4414],[0.6557,51.4412]],[[0.6592,51.4445],[0.6596,51.4447],[0.6591,51.4447],[0.6592,51.4445]],[[0.5947,51.3885],[0.5944,51.3884],[0.5948,51.3881],[0.5947,51.3885]],[[0.6853,51.4205],[0.6862,51.4202],[0.6855,51.4206],[0.6853,51.4205]],[[0.624,51.3775],[0.6236,51.3774],[0.6242,51.3774],[0.624,51.3775]],[[0.6771,51.3957],[0.6778,51.3956],[0.6775,51.3959],[0.6771,51.3957]],[[0.604,51.3961],[0.6041,51.396],[0.6046,51.3963],[0.604,51.3961]],[[0.6598,51.3891],[0.659,51.3894],[0.659,51.3892],[0.6598,51.3891]],[[0.6112,51.3973],[0.611,51.3974],[0.6107,51.3972],[0.6112,51.3973]],[[0.6731,51.4215],[0.6736,51.4214],[0.6736,51.4216],[0.6731,51.4215]],[[0.6619,51.3936],[0.6623,51.3933],[0.6622,51.3939],[0.6619,51.3936]],[[0.6734,51.4024],[0.6733,51.4022],[0.6738,51.4022],[0.6734,51.4024]],[[0.5884,51.393],[0.5882,51.3932],[0.5879,51.3929],[0.5884,51.393]],[[0.6143,51.4074],[0.6138,51.4075],[0.6137,51.4073],[0.6143,51.4074]],[[0.6032,51.3943],[0.6035,51.3942],[0.6038,51.3943],[0.6032,51.3943]],[[0.6841,51.4226],[0.6837,51.4226],[0.6846,51.4223],[0.6841,51.4226]],[[0.6989,51.3817],[0.6981,51.3815],[0.6988,51.3815],[0.6989,51.3817]],[[0.6555,51.4424],[0.655,51.4422],[0.6554,51.4421],[0.6555,51.4424]],[[0.6788,51.3938],[0.6784,51.3938],[0.6788,51.3937],[0.6788,51.3938]],[[0.6523,51.4373],[0.6523,51.4376],[0.6527,51.4372],[0.6523,51.4373]],[[0.6104,51.3945],[0.6095,51.3945],[0.61,51.3943],[0.6104,51.3945]],[[0.57,51.3954],[0.5701,51.3952],[0.5707,51.3954],[0.57,51.3954]],[[0.6714,51.3943],[0.6713,51.394],[0.6717,51.3941],[0.6714,51.3943]],[[0.6856,51.4159],[0.6861,51.416],[0.6854,51.4162],[0.6856,51.4159]],[[0.5943,51.3887],[0.5939,51.3891],[0.5937,51.3889],[0.5943,51.3887]],[[0.6267,51.4308],[0.6268,51.4303],[0.627,51.4303],[0.6267,51.4308]],[[0.6829,51.4185],[0.6833,51.4182],[0.6837,51.4183],[0.6829,51.4185]],[[0.6672,51.3816],[0.6674,51.3813],[0.6674,51.3817],[0.6672,51.3816]],[[0.6001,51.3862],[0.5998,51.3864],[0.5998,51.3861],[0.6001,51.3862]],[[0.672,51.3943],[0.6721,51.3945],[0.6716,51.3943],[0.672,51.3943]],[[0.6754,51.3951],[0.6762,51.3953],[0.6754,51.3953],[0.6754,51.3951]],[[0.6228,51.4354],[0.6232,51.4353],[0.623,51.4355],[0.6228,51.4354]],[[0.6692,51.4391],[0.669,51.4393],[0.6686,51.4393],[0.6692,51.4391]],[[0.58,51.4046],[0.5802,51.4043],[0.5804,51.4046],[0.58,51.4046]],[[0.5694,51.3939],[0.5699,51.3935],[0.5703,51.3936],[0.5694,51.3939]],[[0.6413,51.4424],[0.6412,51.4428],[0.641,51.4424],[0.6413,51.4424]],[[0.6101,51.4065],[0.6096,51.4066],[0.6096,51.4063],[0.6101,51.4065]],[[0.6196,51.4283],[0.6201,51.4283],[0.6195,51.4284],[0.6196,51.4283]],[[0.6833,51.4021],[0.6834,51.4019],[0.6837,51.4021],[0.6833,51.4021]],[[0.6845,51.4028],[0.6848,51.4028],[0.6848,51.4031],[0.6845,51.4028]],[[0.6759,51.3923],[0.6764,51.3926],[0.676,51.3926],[0.6759,51.3923]],[[0.58,51.4153],[0.5802,51.4151],[0.5805,51.4154],[0.58,51.4153]],[[0.6126,51.405],[0.6126,51.4048],[0.6132,51.405],[0.6126,51.405]],[[0.6899,51.3986],[0.6894,51.3989],[0.6896,51.3984],[0.6899,51.3986]],[[0.667,51.3835],[0.6673,51.3838],[0.6666,51.3837],[0.667,51.3835]],[[0.6752,51.4027],[0.6756,51.4026],[0.676,51.403],[0.6752,51.4027]],[[0.632,51.4304],[0.6318,51.4302],[0.6325,51.4301],[0.632,51.4304]],[[0.57,51.3958],[0.5704,51.3956],[0.5701,51.396],[0.57,51.3958]],[[0.6662,51.4401],[0.6666,51.4399],[0.6668,51.4401],[0.6662,51.4401]],[[0.634,51.4272],[0.6349,51.4272],[0.6345,51.4273],[0.634,51.4272]],[[0.6561,51.4457],[0.6556,51.4454],[0.6563,51.4455],[0.6561,51.4457]],[[0.6321,51.4231],[0.6323,51.4235],[0.6321,51.4236],[0.6321,51.4231]],[[0.6497,51.4357],[0.65,51.4356],[0.6502,51.4359],[0.6497,51.4357]],[[0.6719,51.3939],[0.672,51.3936],[0.6727,51.3937],[0.6719,51.3939]],[[0.5984,51.3869],[0.5987,51.3871],[0.598,51.3871],[0.5984,51.3869]],[[0.6125,51.3984],[0.6122,51.3987],[0.6114,51.3988],[0.6125,51.3984]],[[0.5869,51.3921],[0.5875,51.392],[0.587,51.3923],[0.5869,51.3921]],[[0.6712,51.4166],[0.6717,51.4166],[0.6711,51.4164],[0.6712,51.4166]],[[0.5994,51.3863],[0.5998,51.3861],[0.5998,51.3866],[0.5994,51.3863]],[[0.6687,51.4361],[0.6692,51.4361],[0.6687,51.4363],[0.6687,51.4361]],[[0.6846,51.4002],[0.685,51.4001],[0.6853,51.4003],[0.6846,51.4002]],[[0.6935,51.3994],[0.693,51.3993],[0.6932,51.3991],[0.6935,51.3994]],[[0.6634,51.394],[0.6635,51.3938],[0.664,51.3939],[0.6634,51.394]],[[0.6093,51.4016],[0.6093,51.4017],[0.6087,51.4017],[0.6093,51.4016]],[[0.6872,51.3974],[0.6875,51.3976],[0.6869,51.3976],[0.6872,51.3974]],[[0.6205,51.435],[0.6209,51.4352],[0.6205,51.4354],[0.6205,51.435]],[[0.5743,51.4088],[0.5748,51.4089],[0.5743,51.4091],[0.5743,51.4088]],[[0.6165,51.4278],[0.6165,51.4275],[0.6172,51.4278],[0.6165,51.4278]],[[0.5879,51.3922],[0.5875,51.3921],[0.5881,51.392],[0.5879,51.3922]],[[0.6448,51.441],[0.6452,51.4411],[0.6448,51.4414],[0.6448,51.441]],[[0.6749,51.4171],[0.6747,51.4172],[0.6748,51.4153],[0.6749,51.4171]],[[0.6764,51.3949],[0.6761,51.3952],[0.6757,51.3951],[0.6764,51.3949]],[[0.6052,51.3847],[0.6053,51.3842],[0.6058,51.3846],[0.6052,51.3847]],[[0.6595,51.4424],[0.6596,51.4427],[0.6592,51.4428],[0.6595,51.4424]],[[0.6745,51.4203],[0.6749,51.4202],[0.675,51.4204],[0.6745,51.4203]],[[0.7096,51.4187],[0.7102,51.4187],[0.7099,51.4189],[0.7096,51.4187]],[[0.5732,51.4092],[0.5739,51.4093],[0.5733,51.4095],[0.5732,51.4092]],[[0.655,51.3928],[0.6561,51.3925],[0.6554,51.3931],[0.655,51.3928]],[[0.6693,51.4072],[0.67,51.4073],[0.6697,51.4075],[0.6693,51.4072]],[[0.6227,51.3884],[0.6226,51.3877],[0.6228,51.3877],[0.6227,51.3884]],[[0.621,51.4373],[0.6212,51.4378],[0.6205,51.4375],[0.621,51.4373]],[[0.5836,51.4153],[0.5838,51.4152],[0.583,51.4154],[0.5836,51.4153]],[[0.6902,51.3972],[0.6907,51.3971],[0.6908,51.3973],[0.6902,51.3972]],[[0.62,51.3884],[0.6201,51.3882],[0.6208,51.3882],[0.62,51.3884]],[[0.6712,51.3919],[0.6717,51.3919],[0.6713,51.3924],[0.6712,51.3919]],[[0.5754,51.4146],[0.5759,51.4149],[0.5756,51.415],[0.5754,51.4146]],[[0.6707,51.3943],[0.6713,51.3944],[0.671,51.3945],[0.6707,51.3943]],[[0.6777,51.407],[0.678,51.4068],[0.6783,51.407],[0.6777,51.407]],[[0.6304,51.4212],[0.6304,51.4209],[0.6309,51.4211],[0.6304,51.4212]],[[0.6743,51.3945],[0.675,51.3942],[0.6752,51.3946],[0.6743,51.3945]],[[0.6606,51.4181],[0.6603,51.4179],[0.6601,51.4186],[0.6606,51.4181]],[[0.5724,51.4113],[0.5728,51.4111],[0.573,51.4114],[0.5724,51.4113]],[[0.5887,51.3934],[0.5889,51.3932],[0.5882,51.3933],[0.5887,51.3934]],[[0.6972,51.4187],[0.6973,51.4184],[0.6976,51.4188],[0.6972,51.4187]],[[0.6705,51.4056],[0.6712,51.4057],[0.6706,51.4058],[0.6705,51.4056]],[[0.6753,51.404],[0.6754,51.4041],[0.6747,51.4042],[0.6753,51.404]],[[0.6709,51.4172],[0.6701,51.4167],[0.6705,51.4167],[0.6709,51.4172]],[[0.6048,51.3969],[0.6042,51.3967],[0.6047,51.3967],[0.6048,51.3969]],[[0.5862,51.3923],[0.5861,51.392],[0.5867,51.392],[0.5862,51.3923]],[[0.6729,51.3953],[0.6732,51.3952],[0.6738,51.3955],[0.6729,51.3953]],[[0.6292,51.4349],[0.63,51.4347],[0.6295,51.4351],[0.6292,51.4349]],[[0.6243,51.4306],[0.6252,51.4307],[0.6255,51.4311],[0.6243,51.4306]],[[0.6568,51.4451],[0.6568,51.4456],[0.6563,51.4455],[0.6568,51.4451]],[[0.649,51.435],[0.6485,51.4347],[0.6492,51.4349],[0.649,51.435]],[[0.6301,51.4286],[0.6304,51.4286],[0.6303,51.4289],[0.6301,51.4286]],[[0.6757,51.4001],[0.6758,51.3999],[0.6762,51.4001],[0.6757,51.4001]],[[0.6603,51.4413],[0.6591,51.4411],[0.6606,51.4412],[0.6603,51.4413]],[[0.6735,51.3938],[0.6732,51.3941],[0.673,51.394],[0.6735,51.3938]],[[0.562,51.4087],[0.5621,51.4084],[0.5625,51.4087],[0.562,51.4087]],[[0.643,51.4378],[0.6422,51.4377],[0.6425,51.4375],[0.643,51.4378]],[[0.6404,51.4321],[0.6402,51.4319],[0.6407,51.4317],[0.6404,51.4321]],[[0.6756,51.4031],[0.6762,51.4031],[0.6757,51.4034],[0.6756,51.4031]],[[0.6251,51.4328],[0.6257,51.4327],[0.6246,51.4332],[0.6251,51.4328]],[[0.6372,51.4331],[0.6381,51.4332],[0.6371,51.4332],[0.6372,51.4331]],[[0.5906,51.3955],[0.5913,51.3955],[0.5911,51.3957],[0.5906,51.3955]],[[0.6826,51.4037],[0.6831,51.4037],[0.6826,51.4041],[0.6826,51.4037]],[[0.6348,51.4202],[0.6352,51.4202],[0.6348,51.4205],[0.6348,51.4202]],[[0.6144,51.3989],[0.6145,51.3985],[0.6148,51.3987],[0.6144,51.3989]],[[0.6309,51.4212],[0.6314,51.4213],[0.6311,51.4215],[0.6309,51.4212]],[[0.6571,51.4452],[0.6568,51.445],[0.6572,51.4448],[0.6571,51.4452]],[[0.6112,51.3964],[0.6106,51.3963],[0.6111,51.3961],[0.6112,51.3964]],[[0.6742,51.3951],[0.6751,51.3949],[0.6749,51.3952],[0.6742,51.3951]],[[0.6699,51.3933],[0.6701,51.3935],[0.6695,51.3936],[0.6699,51.3933]],[[0.6537,51.4386],[0.6544,51.4385],[0.6543,51.4388],[0.6537,51.4386]],[[0.6154,51.3985],[0.6147,51.3982],[0.6151,51.3981],[0.6154,51.3985]],[[0.6393,51.4313],[0.6397,51.4313],[0.6393,51.4316],[0.6393,51.4313]],[[0.6214,51.3886],[0.6214,51.3882],[0.622,51.3882],[0.6214,51.3886]],[[0.6823,51.4127],[0.6834,51.4127],[0.6828,51.4129],[0.6823,51.4127]],[[0.632,51.4212],[0.6329,51.421],[0.6329,51.4211],[0.632,51.4212]],[[0.6844,51.4034],[0.6849,51.4034],[0.6853,51.4037],[0.6844,51.4034]],[[0.6307,51.4216],[0.6305,51.4218],[0.6302,51.4215],[0.6307,51.4216]],[[0.6788,51.3941],[0.6787,51.3945],[0.6782,51.3943],[0.6788,51.3941]],[[0.6049,51.3998],[0.6055,51.3996],[0.605,51.4],[0.6049,51.3998]],[[0.642,51.4403],[0.6428,51.4406],[0.6424,51.4406],[0.642,51.4403]],[[0.6394,51.4446],[0.6396,51.4443],[0.6399,51.4448],[0.6394,51.4446]],[[0.67,51.3928],[0.6706,51.3929],[0.6701,51.3931],[0.67,51.3928]],[[0.6755,51.3957],[0.6752,51.3952],[0.6759,51.3955],[0.6755,51.3957]],[[0.6215,51.3877],[0.6217,51.3881],[0.6213,51.3881],[0.6215,51.3877]],[[0.6462,51.4433],[0.6466,51.4434],[0.6465,51.4437],[0.6462,51.4433]],[[0.6498,51.4431],[0.6492,51.4428],[0.6496,51.4427],[0.6498,51.4431]],[[0.645,51.4436],[0.6452,51.4434],[0.6453,51.4438],[0.645,51.4436]],[[0.6553,51.3927],[0.6559,51.3926],[0.6554,51.3929],[0.6553,51.3927]],[[0.6772,51.393],[0.6773,51.3929],[0.6781,51.3933],[0.6772,51.393]],[[0.6109,51.3954],[0.6115,51.3954],[0.6112,51.3956],[0.6109,51.3954]],[[0.6493,51.4409],[0.6495,51.4406],[0.65,51.4407],[0.6493,51.4409]],[[0.6215,51.4374],[0.6222,51.4371],[0.6219,51.4376],[0.6215,51.4374]],[[0.6357,51.4409],[0.6358,51.4412],[0.6351,51.4412],[0.6357,51.4409]],[[0.6755,51.394],[0.676,51.3936],[0.6762,51.3939],[0.6755,51.394]],[[0.6526,51.4392],[0.6531,51.4391],[0.6528,51.4395],[0.6526,51.4392]],[[0.6937,51.3991],[0.6938,51.3995],[0.6934,51.3996],[0.6937,51.3991]],[[0.6028,51.4009],[0.6023,51.401],[0.6028,51.4004],[0.6028,51.4009]],[[0.6594,51.3895],[0.6598,51.3895],[0.6593,51.3899],[0.6594,51.3895]],[[0.6904,51.3975],[0.6897,51.3976],[0.69,51.3974],[0.6904,51.3975]],[[0.6018,51.3858],[0.6003,51.3855],[0.6012,51.3854],[0.6018,51.3858]],[[0.6759,51.4218],[0.6763,51.422],[0.6756,51.4221],[0.6759,51.4218]],[[0.6707,51.4151],[0.6716,51.4153],[0.6711,51.4154],[0.6707,51.4151]],[[0.5741,51.4088],[0.5738,51.4092],[0.5737,51.4084],[0.5741,51.4088]],[[0.6337,51.4424],[0.634,51.4426],[0.6336,51.4429],[0.6337,51.4424]],[[0.6726,51.4219],[0.6732,51.4216],[0.6729,51.422],[0.6726,51.4219]],[[0.6753,51.4201],[0.6751,51.4197],[0.6756,51.42],[0.6753,51.4201]],[[0.6288,51.4297],[0.6294,51.4296],[0.6289,51.4299],[0.6288,51.4297]],[[0.6812,51.4141],[0.6817,51.4136],[0.6813,51.4142],[0.6812,51.4141]],[[0.6549,51.4408],[0.6554,51.4407],[0.6558,51.4412],[0.6549,51.4408]],[[0.6621,51.4193],[0.6623,51.4197],[0.6617,51.4196],[0.6621,51.4193]],[[0.5888,51.393],[0.5883,51.3928],[0.5888,51.3925],[0.5888,51.393]],[[0.6068,51.3845],[0.6061,51.3848],[0.6061,51.3841],[0.6068,51.3845]],[[0.6302,51.421],[0.6302,51.4215],[0.63,51.4211],[0.6302,51.421]],[[0.5797,51.4049],[0.5799,51.4046],[0.5805,51.4049],[0.5797,51.4049]],[[0.6014,51.4009],[0.602,51.4009],[0.6014,51.4012],[0.6014,51.4009]],[[0.7093,51.42],[0.7102,51.4202],[0.7095,51.4203],[0.7093,51.42]],[[0.6677,51.4364],[0.6676,51.4362],[0.6684,51.4364],[0.6677,51.4364]],[[0.609,51.4072],[0.6097,51.407],[0.61,51.4074],[0.609,51.4072]],[[0.6847,51.4027],[0.6848,51.4024],[0.6856,51.4023],[0.6847,51.4027]],[[0.7212,51.4217],[0.7215,51.4215],[0.7224,51.4219],[0.7212,51.4217]],[[0.6859,51.3977],[0.6861,51.398],[0.6862,51.3975],[0.6859,51.3977]],[[0.652,51.444],[0.6522,51.4435],[0.6524,51.4446],[0.652,51.444]],[[0.6923,51.3979],[0.6919,51.3981],[0.6917,51.3977],[0.6923,51.3979]],[[0.6212,51.3885],[0.6201,51.3884],[0.621,51.3882],[0.6212,51.3885]],[[0.5983,51.3962],[0.5987,51.396],[0.5985,51.3964],[0.5983,51.3962]],[[0.6092,51.4057],[0.6093,51.4053],[0.6084,51.4059],[0.6092,51.4057]],[[0.6493,51.4421],[0.6505,51.4423],[0.6504,51.4427],[0.6493,51.4421]],[[0.6583,51.4395],[0.6588,51.4394],[0.6588,51.4398],[0.6583,51.4395]],[[0.6754,51.3924],[0.6749,51.3923],[0.6751,51.3926],[0.6754,51.3924]],[[0.6008,51.3973],[0.6019,51.3974],[0.6014,51.3977],[0.6008,51.3973]],[[0.6404,51.4365],[0.6411,51.4369],[0.6401,51.4367],[0.6404,51.4365]],[[0.6038,51.3847],[0.6039,51.3845],[0.6029,51.3847],[0.6038,51.3847]],[[0.6887,51.4046],[0.6884,51.4048],[0.688,51.4045],[0.6887,51.4046]],[[0.6725,51.4182],[0.6733,51.4183],[0.6726,51.4185],[0.6725,51.4182]],[[0.6725,51.4218],[0.6745,51.4202],[0.6739,51.4208],[0.6725,51.4218]],[[0.6004,51.3869],[0.601,51.387],[0.6002,51.3872],[0.6004,51.3869]],[[0.6,51.3867],[0.6002,51.3863],[0.6008,51.3867],[0.6,51.3867]],[[0.615,51.3967],[0.6161,51.3967],[0.6153,51.3969],[0.615,51.3967]],[[0.6314,51.4214],[0.6314,51.422],[0.6309,51.4217],[0.6314,51.4214]],[[0.6729,51.4065],[0.6733,51.407],[0.6728,51.407],[0.6729,51.4065]],[[0.677,51.4041],[0.6764,51.4043],[0.6761,51.4041],[0.677,51.4041]],[[0.6091,51.4069],[0.6092,51.4071],[0.6084,51.4072],[0.6091,51.4069]],[[0.601,51.387],[0.6009,51.3867],[0.6017,51.3869],[0.601,51.387]],[[0.663,51.3935],[0.6635,51.3936],[0.663,51.3939],[0.663,51.3935]],[[0.6724,51.4154],[0.6721,51.4158],[0.6712,51.4155],[0.6724,51.4154]],[[0.6452,51.4417],[0.6463,51.4417],[0.6452,51.442],[0.6452,51.4417]],[[0.6708,51.3926],[0.6713,51.3929],[0.6702,51.3928],[0.6708,51.3926]],[[0.6992,51.4114],[0.6991,51.4119],[0.6987,51.4118],[0.6992,51.4114]],[[0.6518,51.4366],[0.652,51.4371],[0.6513,51.4369],[0.6518,51.4366]],[[0.6751,51.4195],[0.6756,51.4192],[0.676,51.4193],[0.6751,51.4195]],[[0.6569,51.4416],[0.6562,51.4415],[0.6569,51.4414],[0.6569,51.4416]],[[0.6182,51.3877],[0.619,51.388],[0.6188,51.3882],[0.6182,51.3877]],[[0.6762,51.3937],[0.6778,51.3935],[0.6766,51.394],[0.6762,51.3937]],[[0.6722,51.4197],[0.6728,51.4192],[0.6727,51.4197],[0.6722,51.4197]],[[0.7152,51.4204],[0.7143,51.4204],[0.7146,51.4202],[0.7152,51.4204]],[[0.6693,51.3926],[0.6705,51.3921],[0.6693,51.3929],[0.6693,51.3926]],[[0.6141,51.3982],[0.6134,51.3982],[0.6138,51.3979],[0.6141,51.3982]],[[0.6754,51.4228],[0.6761,51.4224],[0.6766,51.4225],[0.6754,51.4228]],[[0.6101,51.4015],[0.6117,51.4015],[0.6102,51.4017],[0.6101,51.4015]],[[0.6729,51.4042],[0.6736,51.4042],[0.6733,51.4046],[0.6729,51.4042]],[[0.6867,51.4041],[0.6875,51.4039],[0.6876,51.4044],[0.6867,51.4041]],[[0.7018,51.3903],[0.7023,51.3907],[0.7017,51.3908],[0.7018,51.3903]],[[0.6778,51.4044],[0.6769,51.4042],[0.6775,51.4041],[0.6778,51.4044]],[[0.6641,51.4402],[0.6653,51.4404],[0.6649,51.4406],[0.6641,51.4402]],[[0.6197,51.4307],[0.6204,51.4304],[0.6204,51.4312],[0.6197,51.4307]],[[0.5736,51.4104],[0.5736,51.411],[0.5732,51.4108],[0.5736,51.4104]],[[0.6739,51.4141],[0.6748,51.4143],[0.6748,51.4147],[0.6739,51.4141]],[[0.6244,51.4273],[0.624,51.427],[0.6245,51.4267],[0.6244,51.4273]],[[0.6086,51.406],[0.6079,51.4063],[0.6082,51.4058],[0.6086,51.406]],[[0.6842,51.4182],[0.6835,51.4186],[0.6837,51.418],[0.6842,51.4182]],[[0.6822,51.4048],[0.6828,51.4047],[0.6836,51.4048],[0.6822,51.4048]],[[0.7099,51.3927],[0.7097,51.393],[0.7092,51.3924],[0.7099,51.3927]],[[0.6549,51.4417],[0.6541,51.4416],[0.6539,51.4412],[0.6549,51.4417]],[[0.6851,51.4038],[0.6862,51.4043],[0.6856,51.4044],[0.6851,51.4038]],[[0.6217,51.4322],[0.6211,51.4319],[0.6221,51.4319],[0.6217,51.4322]],[[0.6658,51.4073],[0.6665,51.4071],[0.6668,51.4073],[0.6658,51.4073]],[[0.6155,51.3969],[0.6159,51.397],[0.6147,51.3973],[0.6155,51.3969]],[[0.6707,51.3939],[0.6715,51.3939],[0.671,51.3942],[0.6707,51.3939]],[[0.625,51.4294],[0.6254,51.4294],[0.6256,51.4298],[0.625,51.4294]],[[0.6721,51.4019],[0.6728,51.402],[0.6724,51.4022],[0.6721,51.4019]],[[0.6861,51.403],[0.6864,51.4028],[0.687,51.4032],[0.6861,51.403]],[[0.6749,51.3956],[0.6756,51.3959],[0.6747,51.3959],[0.6749,51.3956]],[[0.6077,51.3989],[0.6084,51.3988],[0.6084,51.3993],[0.6077,51.3989]],[[0.6782,51.4196],[0.6786,51.4194],[0.6789,51.4198],[0.6782,51.4196]],[[0.5715,51.3956],[0.5719,51.3954],[0.572,51.3958],[0.5715,51.3956]],[[0.6703,51.3946],[0.67,51.3943],[0.6719,51.3952],[0.6703,51.3946]],[[0.5982,51.398],[0.5988,51.3975],[0.5987,51.398],[0.5982,51.398]],[[0.6351,51.4401],[0.6345,51.4393],[0.6351,51.4394],[0.6351,51.4401]],[[0.6146,51.4243],[0.6155,51.4251],[0.6152,51.4252],[0.6146,51.4243]],[[0.634,51.4428],[0.6347,51.443],[0.6343,51.4434],[0.634,51.4428]],[[0.6875,51.3977],[0.688,51.3979],[0.6874,51.398],[0.6875,51.3977]],[[0.6865,51.4018],[0.6855,51.4021],[0.6861,51.4016],[0.6865,51.4018]],[[0.6696,51.4362],[0.6709,51.437],[0.6705,51.4371],[0.6696,51.4362]],[[0.6822,51.413],[0.6827,51.413],[0.6819,51.4136],[0.6822,51.413]],[[0.6769,51.3932],[0.6762,51.3928],[0.6772,51.3929],[0.6769,51.3932]],[[0.6642,51.4424],[0.6653,51.4421],[0.6656,51.4424],[0.6642,51.4424]],[[0.616,51.4067],[0.6147,51.4069],[0.6156,51.4066],[0.616,51.4067]],[[0.6763,51.3962],[0.6761,51.3964],[0.6743,51.3959],[0.6763,51.3962]],[[0.6771,51.4196],[0.678,51.4196],[0.6776,51.4199],[0.6771,51.4196]],[[0.7029,51.3832],[0.7027,51.3836],[0.7023,51.383],[0.7029,51.3832]],[[0.6344,51.4302],[0.6342,51.4295],[0.6352,51.4305],[0.6344,51.4302]],[[0.6404,51.4451],[0.6405,51.4446],[0.6411,51.4451],[0.6404,51.4451]],[[0.6979,51.4025],[0.6981,51.4021],[0.6988,51.4022],[0.6979,51.4025]],[[0.6023,51.3978],[0.602,51.3982],[0.6016,51.3978],[0.6023,51.3978]],[[0.6724,51.39],[0.673,51.3905],[0.6724,51.3905],[0.6724,51.39]],[[0.5748,51.4142],[0.5757,51.4144],[0.5752,51.4148],[0.5748,51.4142]],[[0.6289,51.4427],[0.6291,51.4431],[0.6298,51.4429],[0.6289,51.4427]],[[0.6702,51.417],[0.6708,51.4173],[0.6701,51.4174],[0.6702,51.417]],[[0.6799,51.4204],[0.6802,51.4202],[0.6803,51.4208],[0.6799,51.4204]],[[0.6655,51.4402],[0.6655,51.4397],[0.6661,51.4401],[0.6655,51.4402]],[[0.638,51.4176],[0.6375,51.4175],[0.638,51.4173],[0.638,51.4176]],[[0.681,51.4074],[0.681,51.4078],[0.6803,51.4072],[0.681,51.4074]],[[0.6708,51.4003],[0.6715,51.4002],[0.6715,51.4007],[0.6708,51.4003]],[[0.632,51.4207],[0.6325,51.4204],[0.6331,51.4206],[0.632,51.4207]],[[0.6052,51.3963],[0.6042,51.396],[0.6046,51.3958],[0.6052,51.3963]],[[0.676,51.3947],[0.6745,51.3949],[0.6756,51.3945],[0.676,51.3947]],[[0.6069,51.4006],[0.6078,51.4007],[0.6067,51.4009],[0.6069,51.4006]],[[0.6855,51.4037],[0.6859,51.4035],[0.6869,51.4038],[0.6855,51.4037]],[[0.6706,51.3932],[0.6719,51.3938],[0.6707,51.3937],[0.6706,51.3932]],[[0.5734,51.395],[0.5728,51.3949],[0.5735,51.3954],[0.5734,51.395]],[[0.6818,51.4048],[0.6811,51.4059],[0.6808,51.4059],[0.6818,51.4048]],[[0.6834,51.4042],[0.6836,51.4046],[0.6826,51.4046],[0.6834,51.4042]],[[0.6826,51.4019],[0.6834,51.4018],[0.6827,51.4022],[0.6826,51.4019]],[[0.6703,51.4384],[0.6711,51.4385],[0.6701,51.4388],[0.6703,51.4384]],[[0.6633,51.4195],[0.6632,51.4201],[0.6629,51.4193],[0.6633,51.4195]],[[0.6722,51.3945],[0.673,51.3944],[0.6735,51.3949],[0.6722,51.3945]],[[0.6021,51.3982],[0.603,51.3983],[0.6025,51.3988],[0.6021,51.3982]],[[0.6908,51.4107],[0.6911,51.4103],[0.6913,51.411],[0.6908,51.4107]],[[0.6369,51.427],[0.6379,51.4276],[0.6372,51.4276],[0.6369,51.427]],[[0.6129,51.3988],[0.6133,51.3982],[0.6133,51.3988],[0.6129,51.3988]],[[0.6781,51.3963],[0.6788,51.3964],[0.678,51.3968],[0.6781,51.3963]],[[0.6164,51.4273],[0.6162,51.4265],[0.6169,51.4272],[0.6164,51.4273]],[[0.6315,51.4207],[0.6323,51.4209],[0.6311,51.4212],[0.6315,51.4207]],[[0.6369,51.4444],[0.6367,51.4435],[0.6377,51.4438],[0.6369,51.4444]],[[0.6864,51.3981],[0.6864,51.3976],[0.6871,51.3977],[0.6864,51.3981]],[[0.6765,51.4208],[0.6756,51.4208],[0.6765,51.4205],[0.6765,51.4208]],[[0.6139,51.3994],[0.613,51.3993],[0.6137,51.3988],[0.6139,51.3994]],[[0.6726,51.4185],[0.6733,51.4187],[0.6727,51.419],[0.6726,51.4185]],[[0.6178,51.4074],[0.6163,51.4074],[0.6174,51.407],[0.6178,51.4074]],[[0.6786,51.3947],[0.6775,51.3945],[0.6783,51.3941],[0.6786,51.3947]],[[0.6657,51.383],[0.667,51.3833],[0.6653,51.3833],[0.6657,51.383]],[[0.6817,51.4054],[0.6819,51.4058],[0.6812,51.4059],[0.6817,51.4054]],[[0.6909,51.4015],[0.6919,51.4015],[0.6916,51.4019],[0.6909,51.4015]],[[0.6733,51.3917],[0.6741,51.3921],[0.6734,51.3925],[0.6733,51.3917]],[[0.6434,51.4421],[0.6432,51.443],[0.6422,51.4427],[0.6434,51.4421]],[[0.6558,51.4395],[0.6558,51.4391],[0.6567,51.4397],[0.6558,51.4395]],[[0.6917,51.3968],[0.6932,51.3971],[0.6918,51.3971],[0.6917,51.3968]],[[0.6472,51.4372],[0.647,51.4378],[0.6467,51.4378],[0.6472,51.4372]],[[0.701,51.3905],[0.7018,51.3902],[0.7014,51.3908],[0.701,51.3905]],[[0.6766,51.4027],[0.6758,51.4026],[0.6764,51.4023],[0.6766,51.4027]],[[0.6236,51.3879],[0.6234,51.3884],[0.6229,51.3883],[0.6236,51.3879]],[[0.6159,51.3963],[0.6153,51.3965],[0.6155,51.3958],[0.6159,51.3963]],[[0.6368,51.4429],[0.6361,51.442],[0.6369,51.4424],[0.6368,51.4429]],[[0.6748,51.4185],[0.6751,51.4193],[0.6742,51.419],[0.6748,51.4185]],[[0.6765,51.394],[0.6771,51.3936],[0.6775,51.3941],[0.6765,51.394]],[[0.7145,51.4202],[0.7141,51.4207],[0.7129,51.4201],[0.7145,51.4202]],[[0.6233,51.3875],[0.6228,51.3881],[0.6225,51.3874],[0.6233,51.3875]],[[0.6588,51.4373],[0.6597,51.4374],[0.6586,51.4376],[0.6588,51.4373]],[[0.636,51.4426],[0.6366,51.4427],[0.6365,51.4432],[0.636,51.4426]],[[0.6737,51.3952],[0.6751,51.3952],[0.6746,51.3955],[0.6737,51.3952]],[[0.6338,51.4409],[0.6338,51.4414],[0.6323,51.4412],[0.6338,51.4409]],[[0.6478,51.4392],[0.6474,51.4396],[0.6475,51.439],[0.6478,51.4392]],[[0.6655,51.4207],[0.6651,51.4204],[0.6663,51.4202],[0.6655,51.4207]],[[0.6762,51.4083],[0.6772,51.4079],[0.677,51.4083],[0.6762,51.4083]],[[0.6195,51.3885],[0.6191,51.3881],[0.6194,51.3877],[0.6195,51.3885]],[[0.6667,51.4209],[0.6675,51.4207],[0.667,51.4212],[0.6667,51.4209]],[[0.5994,51.3985],[0.6004,51.3983],[0.5999,51.3987],[0.5994,51.3985]],[[0.6216,51.4277],[0.6211,51.4281],[0.6205,51.4278],[0.6216,51.4277]],[[0.607,51.397],[0.6075,51.3967],[0.6082,51.3979],[0.607,51.397]],[[0.6878,51.3974],[0.6888,51.3973],[0.6884,51.3977],[0.6878,51.3974]],[[0.6132,51.4242],[0.6135,51.4239],[0.6145,51.4242],[0.6132,51.4242]],[[0.6397,51.4331],[0.6411,51.4331],[0.6402,51.4333],[0.6397,51.4331]],[[0.5985,51.3982],[0.5982,51.399],[0.5976,51.3988],[0.5985,51.3982]],[[0.7114,51.4198],[0.7128,51.42],[0.7113,51.4201],[0.7114,51.4198]],[[0.6042,51.3965],[0.6051,51.3963],[0.6053,51.3966],[0.6042,51.3965]],[[0.5977,51.3971],[0.5985,51.3968],[0.5989,51.3974],[0.5977,51.3971]],[[0.6748,51.4008],[0.6755,51.4002],[0.6758,51.4004],[0.6748,51.4008]],[[0.6774,51.3942],[0.6779,51.3936],[0.6782,51.3941],[0.6774,51.3942]],[[0.6439,51.4438],[0.6432,51.4439],[0.6433,51.4431],[0.6439,51.4438]],[[0.6315,51.4213],[0.6329,51.4213],[0.6318,51.4216],[0.6315,51.4213]],[[0.6048,51.3845],[0.6046,51.3851],[0.6042,51.3848],[0.6048,51.3845]],[[0.638,51.4447],[0.6392,51.4445],[0.6397,51.4448],[0.638,51.4447]],[[0.664,51.441],[0.6639,51.4406],[0.6649,51.4408],[0.664,51.441]],[[0.5866,51.3926],[0.5876,51.3923],[0.5871,51.3929],[0.5866,51.3926]],[[0.6433,51.437],[0.644,51.4368],[0.6445,51.4372],[0.6433,51.437]],[[0.6005,51.3984],[0.6015,51.3986],[0.6006,51.3988],[0.6005,51.3984]],[[0.6699,51.4007],[0.6712,51.401],[0.6701,51.4011],[0.6699,51.4007]],[[0.6725,51.391],[0.6733,51.3912],[0.6717,51.3915],[0.6725,51.391]],[[0.6739,51.3943],[0.6743,51.3949],[0.6734,51.395],[0.6739,51.3943]],[[0.638,51.4321],[0.6393,51.4322],[0.6387,51.4326],[0.638,51.4321]],[[0.6782,51.4202],[0.6781,51.4197],[0.6789,51.42],[0.6782,51.4202]],[[0.6726,51.3898],[0.6753,51.3921],[0.6742,51.3914],[0.6726,51.3898]],[[0.6731,51.3934],[0.6733,51.3945],[0.6723,51.394],[0.6731,51.3934]],[[0.5878,51.3926],[0.588,51.3933],[0.5888,51.3923],[0.5878,51.3926]],[[0.6786,51.4077],[0.68,51.4082],[0.6796,51.4084],[0.6786,51.4077]],[[0.6756,51.4133],[0.676,51.4137],[0.6765,51.4133],[0.6756,51.4133]],[[0.6195,51.4371],[0.619,51.4374],[0.6189,51.4362],[0.6195,51.4371]],[[0.6039,51.3837],[0.6041,51.3841],[0.6028,51.3844],[0.6039,51.3837]],[[0.6772,51.4087],[0.6764,51.4085],[0.6776,51.4082],[0.6772,51.4087]],[[0.6167,51.4071],[0.6156,51.4071],[0.6164,51.4066],[0.6167,51.4071]],[[0.642,51.4381],[0.6434,51.4383],[0.6424,51.4387],[0.642,51.4381]],[[0.6841,51.4033],[0.6845,51.4033],[0.6822,51.4046],[0.6841,51.4033]],[[0.6493,51.4403],[0.6504,51.4408],[0.6491,51.4407],[0.6493,51.4403]],[[0.6045,51.3944],[0.6073,51.3967],[0.6056,51.3958],[0.6045,51.3944]],[[0.6119,51.3949],[0.611,51.3944],[0.6115,51.3942],[0.6119,51.3949]],[[0.6642,51.4221],[0.665,51.4222],[0.665,51.4228],[0.6642,51.4221]],[[0.6032,51.4002],[0.6026,51.4012],[0.6021,51.4011],[0.6032,51.4002]],[[0.6684,51.4002],[0.6684,51.3998],[0.6701,51.4004],[0.6684,51.4002]],[[0.6317,51.442],[0.6328,51.4412],[0.6338,51.4416],[0.6317,51.442]],[[0.6381,51.4172],[0.6372,51.4172],[0.6381,51.4167],[0.6381,51.4172]],[[0.6846,51.408],[0.6853,51.4078],[0.6855,51.4085],[0.6846,51.408]],[[0.6363,51.4264],[0.6372,51.4265],[0.6374,51.427],[0.6363,51.4264]],[[0.6137,51.4053],[0.6149,51.4049],[0.614,51.4057],[0.6137,51.4053]],[[0.6806,51.4066],[0.679,51.4069],[0.6809,51.406],[0.6806,51.4066]],[[0.6236,51.4237],[0.6239,51.4241],[0.6225,51.4238],[0.6236,51.4237]],[[0.6756,51.4022],[0.676,51.4016],[0.6765,51.4022],[0.6756,51.4022]],[[0.5987,51.3961],[0.5999,51.3968],[0.5987,51.3967],[0.5987,51.3961]],[[0.6864,51.405],[0.6857,51.4045],[0.6872,51.4048],[0.6864,51.405]],[[0.6841,51.4028],[0.6827,51.4025],[0.6835,51.4023],[0.6841,51.4028]],[[0.6767,51.3946],[0.6755,51.3948],[0.6748,51.3942],[0.6767,51.3946]],[[0.6983,51.4103],[0.699,51.4102],[0.6992,51.4109],[0.6983,51.4103]],[[0.6334,51.4274],[0.6347,51.4275],[0.6339,51.4286],[0.6334,51.4274]],[[0.6132,51.4055],[0.6135,51.4059],[0.6121,51.4056],[0.6132,51.4055]],[[0.6713,51.4069],[0.6725,51.4074],[0.6711,51.4075],[0.6713,51.4069]],[[0.6417,51.439],[0.6415,51.4385],[0.6433,51.4393],[0.6417,51.439]],[[0.6379,51.4436],[0.6387,51.4435],[0.6384,51.4444],[0.6379,51.4436]],[[0.6006,51.3974],[0.6014,51.3978],[0.6001,51.398],[0.6006,51.3974]],[[0.6361,51.4413],[0.6359,51.4407],[0.6369,51.4407],[0.6361,51.4413]],[[0.6911,51.4027],[0.6914,51.4025],[0.6903,51.4048],[0.6911,51.4027]],[[0.677,51.3962],[0.6771,51.3958],[0.6785,51.3959],[0.677,51.3962]],[[0.6722,51.4063],[0.6729,51.4054],[0.6725,51.4068],[0.6722,51.4063]],[[0.6294,51.4298],[0.6305,51.4293],[0.6296,51.4304],[0.6294,51.4298]],[[0.6746,51.4032],[0.6756,51.4029],[0.6756,51.4035],[0.6746,51.4032]],[[0.6758,51.3961],[0.6762,51.3956],[0.6769,51.3961],[0.6758,51.3961]],[[0.6119,51.4069],[0.6127,51.4072],[0.6113,51.4075],[0.6119,51.4069]],[[0.6853,51.4007],[0.6866,51.401],[0.6862,51.4014],[0.6853,51.4007]],[[0.6782,51.4082],[0.6772,51.4081],[0.6784,51.4077],[0.6782,51.4082]],[[0.606,51.3974],[0.6049,51.397],[0.6056,51.3965],[0.606,51.3974]],[[0.6713,51.4164],[0.6723,51.4157],[0.6727,51.4161],[0.6713,51.4164]],[[0.6668,51.4421],[0.6669,51.4414],[0.6676,51.4418],[0.6668,51.4421]],[[0.6765,51.4134],[0.6763,51.4127],[0.6774,51.413],[0.6765,51.4134]],[[0.6739,51.3934],[0.6727,51.3932],[0.6743,51.3923],[0.6739,51.3934]],[[0.6545,51.4396],[0.654,51.4394],[0.6561,51.4388],[0.6545,51.4396]],[[0.6043,51.3951],[0.6033,51.3944],[0.6042,51.3946],[0.6043,51.3951]],[[0.7264,51.4228],[0.7282,51.4235],[0.7268,51.4233],[0.7264,51.4228]],[[0.6022,51.3967],[0.6019,51.3961],[0.6031,51.3964],[0.6022,51.3967]],[[0.6391,51.4344],[0.6389,51.434],[0.6407,51.434],[0.6391,51.4344]],[[0.6731,51.4046],[0.6738,51.4041],[0.6745,51.4049],[0.6731,51.4046]],[[0.6707,51.4161],[0.6712,51.4155],[0.6721,51.4159],[0.6707,51.4161]],[[0.6696,51.4035],[0.6672,51.4053],[0.6698,51.4029],[0.6696,51.4035]],[[0.635,51.4272],[0.6356,51.4264],[0.6364,51.4268],[0.635,51.4272]],[[0.6094,51.4063],[0.6095,51.4055],[0.6078,51.4069],[0.6094,51.4063]],[[0.6552,51.4416],[0.6554,51.442],[0.6535,51.442],[0.6552,51.4416]],[[0.6044,51.4004],[0.6038,51.4002],[0.6043,51.3994],[0.6044,51.4004]],[[0.6426,51.4438],[0.6415,51.4429],[0.6428,51.4431],[0.6426,51.4438]],[[0.6926,51.4008],[0.6915,51.4014],[0.6928,51.4002],[0.6926,51.4008]],[[0.688,51.3992],[0.6877,51.3988],[0.6893,51.399],[0.688,51.3992]],[[0.6686,51.3992],[0.6694,51.3994],[0.6691,51.4001],[0.6686,51.3992]],[[0.661,51.4188],[0.6602,51.4188],[0.6608,51.4182],[0.661,51.4188]],[[0.685,51.4028],[0.6866,51.4037],[0.6846,51.4032],[0.685,51.4028]],[[0.6905,51.4083],[0.6911,51.4096],[0.6904,51.4092],[0.6905,51.4083]],[[0.6582,51.4397],[0.6567,51.4406],[0.6565,51.4401],[0.6582,51.4397]],[[0.6304,51.4346],[0.6305,51.4352],[0.6283,51.4355],[0.6304,51.4346]],[[0.6556,51.4414],[0.6574,51.4419],[0.6558,51.4423],[0.6556,51.4414]],[[0.636,51.4387],[0.6382,51.4388],[0.6372,51.4397],[0.636,51.4387]],[[0.6755,51.4219],[0.6756,51.4227],[0.674,51.4223],[0.6755,51.4219]],[[0.6534,51.442],[0.6548,51.4421],[0.6518,51.441],[0.6534,51.442]],[[0.6471,51.4368],[0.6474,51.4354],[0.648,51.4363],[0.6471,51.4368]],[[0.6719,51.4042],[0.6713,51.4037],[0.6732,51.4037],[0.6719,51.4042]],[[0.6739,51.4188],[0.6729,51.418],[0.6743,51.4179],[0.6739,51.4188]],[[0.6381,51.4399],[0.6403,51.4411],[0.6396,51.4413],[0.6381,51.4399]],[[0.6389,51.4437],[0.6398,51.4437],[0.6387,51.4444],[0.6389,51.4437]],[[0.7165,51.4207],[0.7151,51.4202],[0.7167,51.42],[0.7165,51.4207]],[[0.6321,51.4401],[0.6311,51.4409],[0.6335,51.44],[0.6321,51.4401]],[[0.6216,51.3887],[0.6222,51.3877],[0.62,51.3886],[0.6216,51.3887]],[[0.6849,51.3981],[0.6856,51.3988],[0.6843,51.399],[0.6849,51.3981]],[[0.6054,51.3998],[0.6072,51.4005],[0.6055,51.4004],[0.6054,51.3998]],[[0.6724,51.4142],[0.6736,51.4143],[0.6727,51.4148],[0.6724,51.4142]],[[0.6857,51.411],[0.6876,51.4114],[0.6857,51.4116],[0.6857,51.411]],[[0.7083,51.4198],[0.706,51.4198],[0.7081,51.4193],[0.7083,51.4198]],[[0.6503,51.4368],[0.6518,51.4374],[0.6494,51.4372],[0.6503,51.4368]],[[0.6031,51.397],[0.6025,51.3968],[0.6045,51.3963],[0.6031,51.397]],[[0.7099,51.419],[0.7119,51.4192],[0.7097,51.4194],[0.7099,51.419]],[[0.684,51.4114],[0.6856,51.4111],[0.6859,51.4114],[0.684,51.4114]],[[0.6506,51.4418],[0.6493,51.442],[0.651,51.4412],[0.6506,51.4418]],[[0.5857,51.392],[0.5896,51.3923],[0.5887,51.3936],[0.5857,51.392]],[[0.6803,51.3947],[0.68,51.3952],[0.6787,51.3945],[0.6803,51.3947]],[[0.6149,51.3984],[0.6148,51.3973],[0.6163,51.3976],[0.6149,51.3984]],[[0.6916,51.3978],[0.6907,51.3975],[0.6921,51.3969],[0.6916,51.3978]],[[0.6738,51.3928],[0.6763,51.3927],[0.6742,51.3938],[0.6738,51.3928]],[[0.6113,51.4063],[0.6108,51.4075],[0.6096,51.4068],[0.6113,51.4063]],[[0.6405,51.4306],[0.6389,51.4301],[0.6404,51.4293],[0.6405,51.4306]],[[0.6354,51.4339],[0.6356,51.4333],[0.6374,51.4338],[0.6354,51.4339]],[[0.6878,51.4056],[0.6896,51.4067],[0.6873,51.4061],[0.6878,51.4056]],[[0.672,51.3929],[0.6732,51.3922],[0.6727,51.3936],[0.672,51.3929]],[[0.6544,51.4384],[0.6526,51.4377],[0.654,51.4376],[0.6544,51.4384]],[[0.6814,51.406],[0.6828,51.4065],[0.6811,51.4067],[0.6814,51.406]],[[0.6673,51.4082],[0.6695,51.4076],[0.6677,51.4089],[0.6673,51.4082]],[[0.6632,51.3942],[0.6654,51.3952],[0.663,51.3949],[0.6632,51.3942]],[[0.671,51.4377],[0.6709,51.4371],[0.6729,51.4381],[0.671,51.4377]],[[0.637,51.4374],[0.6386,51.4372],[0.6394,51.4387],[0.637,51.4374]],[[0.6945,51.3992],[0.6914,51.4024],[0.6952,51.3975],[0.6945,51.3992]],[[0.6711,51.4071],[0.6705,51.4086],[0.6687,51.4084],[0.6711,51.4071]],[[0.6102,51.4057],[0.6102,51.4065],[0.6123,51.4059],[0.6102,51.4057]],[[0.6757,51.4038],[0.6764,51.405],[0.675,51.405],[0.6757,51.4038]],[[0.6816,51.4025],[0.6837,51.4032],[0.6826,51.4036],[0.6816,51.4025]],[[0.6037,51.3969],[0.6033,51.398],[0.6022,51.3976],[0.6037,51.3969]],[[0.6835,51.4041],[0.6856,51.4044],[0.6837,51.4048],[0.6835,51.4041]],[[0.6132,51.3987],[0.6129,51.4],[0.6116,51.3997],[0.6132,51.3987]],[[0.6884,51.3979],[0.69,51.3973],[0.6908,51.3987],[0.6884,51.3979]],[[0.6714,51.4091],[0.6718,51.4082],[0.6703,51.4089],[0.6714,51.4091]],[[0.672,51.4151],[0.6706,51.4145],[0.6719,51.4139],[0.672,51.4151]],[[0.6817,51.4225],[0.6835,51.423],[0.6784,51.4234],[0.6817,51.4225]],[[0.603,51.3942],[0.5967,51.3962],[0.6011,51.3942],[0.603,51.3942]],[[0.647,51.4446],[0.6481,51.4435],[0.65,51.4441],[0.647,51.4446]],[[0.6798,51.4205],[0.6785,51.4208],[0.6788,51.4195],[0.6798,51.4205]],[[0.6152,51.4061],[0.6157,51.4053],[0.6165,51.4064],[0.6152,51.4061]],[[0.6128,51.4067],[0.6145,51.4068],[0.6127,51.4076],[0.6128,51.4067]],[[0.6671,51.4072],[0.669,51.4073],[0.6674,51.4082],[0.6671,51.4072]],[[0.6822,51.3995],[0.6825,51.399],[0.6843,51.4],[0.6822,51.3995]],[[0.6739,51.4147],[0.6744,51.4162],[0.6729,51.4156],[0.6739,51.4147]],[[0.6791,51.4209],[0.6776,51.4217],[0.6771,51.4203],[0.6791,51.4209]],[[0.6131,51.4001],[0.6147,51.4005],[0.6142,51.3992],[0.6131,51.4001]],[[0.6758,51.4196],[0.678,51.4199],[0.6759,51.4204],[0.6758,51.4196]],[[0.6004,51.3959],[0.6013,51.3951],[0.6024,51.3959],[0.6004,51.3959]],[[0.6667,51.4082],[0.6694,51.4093],[0.6666,51.4058],[0.6667,51.4082]],[[0.7201,51.4206],[0.722,51.4211],[0.7205,51.4218],[0.7201,51.4206]],[[0.6003,51.3967],[0.6021,51.3968],[0.6017,51.3974],[0.6003,51.3967]],[[0.6725,51.4087],[0.6709,51.4078],[0.6727,51.4076],[0.6725,51.4087]],[[0.6716,51.4173],[0.6726,51.4167],[0.6735,51.4179],[0.6716,51.4173]],[[0.6454,51.4409],[0.645,51.4385],[0.6464,51.4366],[0.6454,51.4409]],[[0.6795,51.4035],[0.6817,51.4038],[0.681,51.4044],[0.6795,51.4035]],[[0.6609,51.4422],[0.6614,51.4417],[0.6637,51.4424],[0.6609,51.4422]],[[0.7012,51.4097],[0.7007,51.4087],[0.6995,51.41],[0.7012,51.4097]],[[0.6746,51.4067],[0.6749,51.4077],[0.6728,51.407],[0.6746,51.4067]],[[0.6604,51.4373],[0.6603,51.438],[0.6559,51.439],[0.6604,51.4373]],[[0.6805,51.3968],[0.6766,51.3964],[0.6808,51.395],[0.6805,51.3968]],[[0.6713,51.4177],[0.6724,51.4188],[0.6691,51.4183],[0.6713,51.4177]],[[0.7249,51.4222],[0.7236,51.4221],[0.7259,51.4211],[0.7249,51.4222]],[[0.6,51.398],[0.5985,51.3981],[0.5987,51.3968],[0.6,51.398]],[[0.6526,51.4408],[0.6495,51.4414],[0.6517,51.4399],[0.6526,51.4408]],[[0.6752,51.4164],[0.6761,51.4148],[0.6766,51.4194],[0.6752,51.4164]],[[0.676,51.4213],[0.6775,51.4221],[0.6756,51.4224],[0.676,51.4213]],[[0.672,51.4102],[0.6695,51.4093],[0.6744,51.4082],[0.672,51.4102]],[[0.6598,51.4426],[0.6616,51.4432],[0.6595,51.4436],[0.6598,51.4426]],[[0.6356,51.4443],[0.6374,51.4444],[0.6367,51.4459],[0.6356,51.4443]],[[0.6047,51.3988],[0.6056,51.3976],[0.6071,51.3982],[0.6047,51.3988]],[[0.6683,51.4063],[0.6686,51.407],[0.666,51.4068],[0.6683,51.4063]],[[0.688,51.3978],[0.6902,51.3986],[0.6871,51.3987],[0.688,51.3978]],[[0.6704,51.4409],[0.6723,51.4403],[0.6709,51.442],[0.6704,51.4409]],[[0.6805,51.4059],[0.6784,51.4066],[0.6796,51.4054],[0.6805,51.4059]],[[0.6834,51.399],[0.6857,51.399],[0.6845,51.3999],[0.6834,51.399]],[[0.6822,51.4119],[0.683,51.4108],[0.6844,51.4122],[0.6822,51.4119]],[[0.7221,51.4177],[0.7225,51.4191],[0.7206,51.4185],[0.7221,51.4177]],[[0.6911,51.4013],[0.6923,51.3987],[0.6941,51.3988],[0.6911,51.4013]],[[0.6389,51.4373],[0.6408,51.4376],[0.6401,51.4394],[0.6389,51.4373]],[[0.6839,51.4223],[0.6826,51.4218],[0.6852,51.4206],[0.6839,51.4223]],[[0.6847,51.4212],[0.6863,51.4202],[0.687,51.4216],[0.6847,51.4212]],[[0.6879,51.4051],[0.687,51.4062],[0.685,51.4051],[0.6879,51.4051]],[[0.6711,51.4208],[0.6707,51.4219],[0.6694,51.4205],[0.6711,51.4208]],[[0.6767,51.4057],[0.6781,51.4041],[0.679,51.4047],[0.6767,51.4057]],[[0.6726,51.4169],[0.674,51.4159],[0.6745,51.4179],[0.6726,51.4169]],[[0.6075,51.4004],[0.6051,51.3994],[0.6066,51.3985],[0.6075,51.4004]],[[0.677,51.4034],[0.6807,51.4045],[0.6787,51.4052],[0.677,51.4034]],[[0.7231,51.4214],[0.7229,51.4205],[0.725,51.4209],[0.7231,51.4214]],[[0.6881,51.4041],[0.6854,51.4025],[0.688,51.4023],[0.6881,51.4041]],[[0.6862,51.4045],[0.6904,51.4052],[0.6907,51.4077],[0.6862,51.4045]],[[0.6854,51.4022],[0.683,51.4014],[0.685,51.4008],[0.6854,51.4022]],[[0.6757,51.4218],[0.673,51.4219],[0.6745,51.4203],[0.6757,51.4218]],[[0.6864,51.4198],[0.6876,51.4219],[0.6838,51.4229],[0.6864,51.4198]],[[0.6708,51.4049],[0.673,51.4052],[0.6701,51.4068],[0.6708,51.4049]],[[0.6047,51.3986],[0.6022,51.3981],[0.6047,51.397],[0.6047,51.3986]],[[0.6515,51.4398],[0.6479,51.438],[0.6541,51.4386],[0.6515,51.4398]],[[0.6882,51.4015],[0.687,51.4012],[0.6887,51.3999],[0.6882,51.4015]],[[0.6901,51.4089],[0.6885,51.4071],[0.6898,51.4068],[0.6901,51.4089]],[[0.6731,51.4059],[0.6727,51.407],[0.6765,51.4066],[0.6731,51.4059]],[[0.6694,51.4194],[0.6697,51.4183],[0.6726,51.419],[0.6694,51.4194]],[[0.6939,51.3976],[0.6937,51.3987],[0.6919,51.3975],[0.6939,51.3976]],[[0.6627,51.4405],[0.6653,51.4393],[0.6609,51.4396],[0.6627,51.4405]],[[0.6814,51.4078],[0.6827,51.409],[0.6751,51.4087],[0.6814,51.4078]],[[0.6824,51.4055],[0.6858,51.4048],[0.6852,51.4062],[0.6824,51.4055]],[[0.6481,51.4419],[0.6492,51.4429],[0.6434,51.4428],[0.6481,51.4419]],[[0.6398,51.4447],[0.6381,51.4407],[0.6423,51.4439],[0.6398,51.4447]],[[0.6828,51.4072],[0.685,51.4087],[0.6831,51.409],[0.6828,51.4072]],[[0.6864,51.4008],[0.6861,51.3986],[0.6886,51.3998],[0.6864,51.4008]],[[0.673,51.4197],[0.6724,51.4217],[0.6709,51.4203],[0.673,51.4197]],[[0.6268,51.4389],[0.6301,51.4393],[0.6283,51.4412],[0.6268,51.4389]],[[0.6855,51.4079],[0.6882,51.409],[0.6865,51.4099],[0.6855,51.4079]],[[0.6013,51.4],[0.6013,51.3982],[0.6039,51.3993],[0.6013,51.4]],[[0.6891,51.4109],[0.6867,51.4101],[0.69,51.4094],[0.6891,51.4109]],[[0.5961,51.4075],[0.597,51.406],[0.6033,51.4069],[0.5961,51.4075]],[[0.6841,51.4092],[0.6869,51.4107],[0.6839,51.4114],[0.6841,51.4092]],[[0.6785,51.4011],[0.6825,51.4022],[0.6804,51.4032],[0.6785,51.4011]],[[0.6383,51.4276],[0.6369,51.4295],[0.6348,51.4277],[0.6383,51.4276]],[[0.6002,51.3962],[0.6011,51.3945],[0.6042,51.3955],[0.6002,51.3962]],[[0.6885,51.4076],[0.6833,51.4067],[0.6875,51.4063],[0.6885,51.4076]],[[0.6898,51.4044],[0.6886,51.4019],[0.6914,51.4021],[0.6898,51.4044]],[[0.7289,51.4211],[0.7282,51.4232],[0.7245,51.4226],[0.7289,51.4211]],[[0.6769,51.3953],[0.6818,51.3959],[0.6786,51.3967],[0.6769,51.3953]],[[0.6828,51.4093],[0.6913,51.4117],[0.6846,51.4122],[0.6828,51.4093]],[[0.6673,51.423],[0.6695,51.4217],[0.6742,51.4227],[0.6673,51.423]],[[0.6893,51.3999],[0.6928,51.3985],[0.6912,51.4012],[0.6893,51.3999]],[[0.7192,51.4197],[0.723,51.4201],[0.7203,51.4216],[0.7192,51.4197]],[[0.6637,51.4206],[0.6781,51.4221],[0.6655,51.4232],[0.6637,51.4206]],[[0.6613,51.4458],[0.6587,51.4479],[0.6562,51.4459],[0.6614,51.4436],[0.6613,51.4458]],[[0.6743,51.3997],[0.6838,51.3981],[0.6806,51.3998],[0.6847,51.4005],[0.6783,51.3998],[0.6763,51.401],[0.6794,51.4028],[0.6762,51.4011],[0.6745,51.4037],[0.6738,51.4013],[0.678,51.3998],[0.6743,51.3997]],[[0.6859,51.419],[0.6807,51.4216],[0.682,51.4198],[0.6788,51.4216],[0.6803,51.4194],[0.6769,51.4193],[0.6853,51.4182],[0.6873,51.4144],[0.6859,51.419]],[[0.6334,51.4211],[0.6389,51.4184],[0.6384,51.4217],[0.6313,51.4242],[0.6334,51.4211]],[[0.6085,51.4],[0.6127,51.4012],[0.6024,51.4024],[0.5952,51.4002],[0.5971,51.3967],[0.5966,51.3994],[0.6003,51.3985],[0.6006,51.4015],[0.6085,51.4]],[[0.5788,51.4044],[0.5795,51.4069],[0.5767,51.4041],[0.564,51.4081],[0.5603,51.4033],[0.5814,51.4025],[0.5788,51.4044]]]},"properties":{"MCZ_NAME":"Medway Estuary - Zone 2","MCZ_CODE":"UKMCZ0011-02"}},{"type":"Feature","geometry":{"type":"Polygon","coordinates":[[[-4.8675,50.5373],[-4.8666,50.5338],[-4.8601,50.5372],[-4.8479,50.5322],[-4.8464,50.5257],[-4.8418,50.525],[-4.8432,50.5234],[-4.8301,50.5131],[-4.8102,50.5078],[-4.8049,50.5115],[-4.8082,50.5079],[-4.8186,50.509],[-4.8165,50.5021],[-4.8054,50.4979],[-4.8027,50.4927],[-4.805,50.4975],[-4.8168,50.502],[-4.8168,50.5076],[-4.8238,50.5129],[-4.8303,50.5129],[-4.8349,50.5168],[-4.8409,50.5129],[-4.8351,50.5167],[-4.8541,50.5286],[-4.8855,50.5302],[-4.8995,50.5262],[-4.8954,50.5201],[-4.8994,50.5224],[-4.9,50.5309],[-4.892,50.5323],[-4.8903,50.5362],[-4.8702,50.5337],[-4.8675,50.5373]],[[-4.8166,50.5025],[-4.8166,50.5026],[-4.8167,50.5027],[-4.8166,50.5025]],[[-4.8031,50.4956],[-4.8029,50.4957],[-4.8032,50.4956],[-4.8031,50.4956]],[[-4.8424,50.5229],[-4.8425,50.523],[-4.8426,50.523],[-4.8424,50.5229]],[[-4.8431,50.5227],[-4.843,50.5227],[-4.8433,50.5228],[-4.8431,50.5227]],[[-4.8035,50.4958],[-4.8034,50.4958],[-4.8037,50.4959],[-4.8035,50.4958]],[[-4.8033,50.4958],[-4.803,50.4957],[-4.8033,50.4959],[-4.8033,50.4958]],[[-4.8049,50.4969],[-4.8047,50.497],[-4.8047,50.4972],[-4.8049,50.4969]],[[-4.8053,50.4977],[-4.8052,50.4978],[-4.8055,50.4979],[-4.8053,50.4977]]]},"properties":{"MCZ_NAME":"Camel Estuary","MCZ_CODE":"UKMCZ0056"}},{"type":"Feature","geometry":{"type":"Polygon","coordinates":[[[-1.6785,50.4356],[-1.9247,50.3941],[-1.9597,50.4847],[-1.7091,50.5292],[-1.6785,50.4356]]]},"properties":{"MCZ_NAME":"Albert Field","MCZ_CODE":"UKMCZ0051"}},{"type":"Feature","geometry":{"type":"Polygon","coordinates":[[[-5.1932,50.0816],[-5.197,50.0815],[-5.1889,50.0874],[-5.2085,50.0885],[-5.2029,50.0907],[-5.2042,50.0923],[-5.1991,50.0939],[-5.1971,50.0899],[-5.1838,50.0896],[-5.1584,50.0943],[-5.1693,50.0998],[-5.165,50.1015],[-5.1702,50.1058],[-5.1659,50.1024],[-5.1628,50.104],[-5.1615,50.1093],[-5.1659,50.1123],[-5.1637,50.1128],[-5.1592,50.1081],[-5.1645,50.1001],[-5.1632,50.0967],[-5.1436,50.0989],[-5.1407,50.1025],[-5.145,50.1072],[-5.1411,50.1061],[-5.1363,50.1097],[-5.1378,50.1117],[-5.1302,50.1103],[-5.1395,50.1059],[-5.1404,50.1002],[-5.1242,50.0991],[-5.1112,50.104],[-5.076,50.0856],[-5.081,50.083],[-5.1012,50.0872],[-5.117,50.0821],[-5.1017,50.0892],[-5.093,50.0881],[-5.093,50.0903],[-5.1194,50.0963],[-5.1356,50.091],[-5.1338,50.0954],[-5.1407,50.0965],[-5.151,50.094],[-5.1475,50.0853],[-5.1547,50.0932],[-5.1774,50.0894],[-5.1789,50.0859],[-5.1787,50.0897],[-5.1818,50.0889],[-5.1932,50.0816]],[[-5.1209,50.1013],[-5.1211,50.1012],[-5.1209,50.1012],[-5.1209,50.1013]],[[-5.113,50.0952],[-5.1129,50.0951],[-5.1127,50.0952],[-5.113,50.0952]],[[-5.1204,50.0963],[-5.1202,50.0962],[-5.12,50.0963],[-5.1204,50.0963]]]},"properties":{"MCZ_NAME":"Helford Estuary","MCZ_CODE":"UKMCZ0062"}},{"type":"Feature","geometry":{"type":"Polygon","coordinates":[[[-2.7916,54.0622],[-2.7992,54.0521],[-2.8104,54.0546],[-2.8426,54.0446],[-2.8399,54.0437],[-2.8425,54.0419],[-2.8395,54.0433],[-2.8421,54.0411],[-2.8377,54.042],[-2.8419,54.0411],[-2.8405,54.0393],[-2.8369,54.0409],[-2.8397,54.0385],[-2.8356,54.0406],[-2.8384,54.0375],[-2.8332,54.0398],[-2.8375,54.0367],[-2.8312,54.0385],[-2.837,54.0364],[-2.8331,54.0359],[-2.8352,54.0348],[-2.8326,54.0327],[-2.8285,54.0364],[-2.828,54.0335],[-2.8317,54.0319],[-2.8291,54.028],[-2.8255,54.0302],[-2.829,54.0271],[-2.8285,54.012],[-2.8329,54.0072],[-2.8306,54.0011],[-2.8328,53.9985],[-2.823,53.9949],[-2.8304,53.9972],[-2.8324,53.9948],[-2.8307,53.9973],[-2.835,53.9968],[-2.8341,53.9987],[-2.8561,53.9996],[-2.8624,53.9953],[-2.856,53.9941],[-2.8679,53.9933],[-2.87,53.9826],[-2.8793,53.9791],[-2.8719,53.9703],[-2.8545,53.9665],[-2.8475,53.9683],[-2.8531,53.9677],[-2.8492,53.9658],[-2.844,53.9682],[-2.8464,53.9657],[-2.8429,53.9674],[-2.8412,53.9659],[-2.8458,53.9655],[-2.8359,53.9637],[-2.8461,53.962],[-2.8421,53.9646],[-2.854,53.9652],[-2.8363,53.9546],[-2.8543,53.9651],[-2.8577,53.9647],[-2.8569,53.9618],[-2.8619,53.9646],[-2.8648,53.9633],[-2.8551,53.9592],[-2.8573,53.9575],[-2.863,53.9627],[-2.8694,53.9598],[-2.8611,53.955],[-2.8662,53.9554],[-2.8699,53.9597],[-2.8712,53.9565],[-2.8868,53.9584],[-2.8804,53.9541],[-2.8725,53.9538],[-2.8744,53.9517],[-2.8641,53.9533],[-2.8744,53.9511],[-2.873,53.9494],[-2.8757,53.949],[-2.8709,53.9486],[-2.8758,53.9489],[-2.873,53.9469],[-2.8765,53.9448],[-2.8824,53.9467],[-2.8799,53.9431],[-2.8821,53.9454],[-2.8867,53.9416],[-2.8921,53.9422],[-2.8905,53.9396],[-2.894,53.9415],[-2.8987,53.9393],[-2.8958,53.9387],[-2.9052,53.9406],[-2.9061,53.9385],[-2.906,53.9409],[-2.9156,53.9413],[-2.9101,53.9405],[-2.9121,53.944],[-2.9161,53.9416],[-2.9217,53.9434],[-2.9152,53.9441],[-2.9204,53.9441],[-2.9162,53.9445],[-2.9197,53.9461],[-2.9301,53.9447],[-2.9106,53.9462],[-2.9245,53.95],[-2.9996,53.9286],[-2.9938,53.9128],[-2.9967,53.9087],[-2.9912,53.9079],[-2.9951,53.9099],[-2.9903,53.9115],[-2.9942,53.9096],[-2.9847,53.9045],[-2.9868,53.9015],[-2.9855,53.9041],[-2.9886,53.904],[-2.9894,53.9072],[-2.9927,53.9058],[-2.9906,53.9036],[-2.9956,53.9056],[-2.9916,53.9035],[-2.9945,53.9025],[-2.9908,53.9033],[-2.9941,53.9024],[-2.9911,53.9029],[-2.9933,53.9021],[-2.991,53.9003],[-2.9948,53.9021],[-2.9907,53.8998],[-2.9934,53.8996],[-2.9906,53.899],[-2.9927,53.8972],[-2.9885,53.8947],[-2.984,53.8975],[-2.9897,53.8945],[-2.9862,53.8925],[-2.9834,53.8974],[-2.9856,53.8901],[-2.9665,53.8777],[-2.963,53.8781],[-2.9664,53.8774],[-2.9624,53.8724],[-2.9725,53.8648],[-2.952,53.8601],[-2.949,53.8582],[-2.9542,53.8601],[-2.952,53.8566],[-2.9466,53.8528],[-2.9362,53.8581],[-2.9236,53.8568],[-2.9091,53.865],[-2.9012,53.8646],[-2.8962,53.8607],[-2.8866,53.8635],[-2.8792,53.8606],[-2.8685,53.8661],[-2.8651,53.8595],[-2.8481,53.8575],[-2.8457,53.8587],[-2.847,53.8634],[-2.8178,53.8637],[-2.847,53.8632],[-2.8454,53.8588],[-2.848,53.857],[-2.8651,53.8592],[-2.8689,53.8658],[-2.8791,53.8604],[-2.8864,53.8634],[-2.8963,53.8605],[-2.9062,53.8644],[-2.9111,53.8636],[-2.9137,53.8591],[-2.9334,53.8562],[-2.9439,53.8501],[-2.9601,53.861],[-2.9778,53.8619],[-2.9824,53.8577],[-2.9767,53.8624],[-2.979,53.8719],[-2.969,53.8747],[-2.9942,53.886],[-3.0048,53.8975],[-3.007,53.8966],[-3.0054,53.9015],[-3.0062,53.899],[-3.0141,53.9047],[-3.0099,53.9045],[-3.0089,53.9012],[-3.0086,53.9064],[-3.0142,53.9057],[-3.0085,53.9075],[-3.0087,53.9013],[-3.0056,53.9032],[-3.0061,53.9124],[-3.0071,53.9049],[-3.0082,53.9104],[-3.0057,53.9178],[-3.0126,53.9198],[-3.0057,53.9215],[-3.0061,53.928],[-3.0424,53.924],[-3.0717,53.9502],[-2.9254,54.0281],[-2.9131,54.0254],[-2.909,54.0212],[-2.904,54.0222],[-2.9023,54.018],[-2.9057,54.0153],[-2.907,54.0072],[-2.9008,54],[-2.8966,54.001],[-2.9037,53.9984],[-2.899,53.9945],[-2.9002,53.992],[-2.8861,53.991],[-2.8842,53.9944],[-2.8891,53.996],[-2.8839,53.9947],[-2.8849,53.9972],[-2.8911,53.9994],[-2.8847,53.9976],[-2.8873,54.0018],[-2.8808,53.9895],[-2.8762,53.9941],[-2.8764,54.0016],[-2.8719,54.0028],[-2.8779,54.0063],[-2.876,54.0042],[-2.8731,54.0082],[-2.8721,54.0054],[-2.8693,54.0066],[-2.8707,54.004],[-2.8647,54.005],[-2.8689,54.0059],[-2.8666,54.0084],[-2.8709,54.0082],[-2.8665,54.0102],[-2.8709,54.01],[-2.8711,54.0144],[-2.8673,54.014],[-2.869,54.0111],[-2.8626,54.0087],[-2.8658,54.0088],[-2.8605,54.0039],[-2.8449,54.0149],[-2.8503,54.0071],[-2.8494,54.0096],[-2.8528,54.0094],[-2.8504,54.0091],[-2.8533,54.0056],[-2.8423,54.0059],[-2.8382,54.0084],[-2.8416,54.0097],[-2.8352,54.0111],[-2.8379,54.0118],[-2.8357,54.0154],[-2.8394,54.0139],[-2.8359,54.016],[-2.8394,54.0154],[-2.8386,54.0184],[-2.8422,54.0192],[-2.8371,54.0166],[-2.8381,54.0199],[-2.8438,54.0214],[-2.8403,54.0229],[-2.8435,54.0238],[-2.8396,54.0232],[-2.8421,54.0261],[-2.8339,54.0233],[-2.833,54.0272],[-2.8362,54.0318],[-2.8414,54.0287],[-2.8364,54.0322],[-2.8404,54.0356],[-2.8424,54.0316],[-2.8405,54.036],[-2.8487,54.0389],[-2.8475,54.0416],[-2.8442,54.0395],[-2.8478,54.0407],[-2.8456,54.043],[-2.8503,54.0411],[-2.8454,54.0433],[-2.8472,54.0452],[-2.839,54.0497],[-2.8117,54.0555],[-2.8001,54.0531],[-2.7943,54.058],[-2.7958,54.0612],[-2.7916,54.0622]],[[-2.871,54.0029],[-2.871,54.0029],[-2.871,54.0029],[-2.871,54.0029]],[[-2.8709,54.003],[-2.8709,54.003],[-2.8709,54.003],[-2.8709,54.003]],[[-2.8735,53.9995],[-2.8734,53.9995],[-2.8735,53.9995],[-2.8735,53.9995]],[[-2.8336,54.0339],[-2.8337,54.0339],[-2.8337,54.0339],[-2.8336,54.0339]],[[-2.9904,53.911],[-2.9903,53.9109],[-2.9904,53.911],[-2.9904,53.911]],[[-2.9904,53.9111],[-2.9904,53.9111],[-2.9904,53.9111],[-2.9904,53.9111]],[[-2.8334,54.0336],[-2.8334,54.0336],[-2.8334,54.0337],[-2.8334,54.0336]],[[-2.9852,53.8939],[-2.9853,53.8938],[-2.9853,53.8938],[-2.9852,53.8939]],[[-2.8348,54.0346],[-2.8346,54.0347],[-2.8348,54.0346],[-2.8348,54.0346]],[[-2.8711,54.0034],[-2.871,54.0033],[-2.871,54.0034],[-2.8711,54.0034]],[[-2.9853,53.904],[-2.9851,53.904],[-2.9853,53.904],[-2.9853,53.904]],[[-2.8723,54.0025],[-2.8721,54.0025],[-2.8722,54.0025],[-2.8723,54.0025]],[[-2.8419,53.9639],[-2.8419,53.9639],[-2.8418,53.9639],[-2.8419,53.9639]],[[-2.9862,53.9026],[-2.9861,53.9027],[-2.9862,53.9027],[-2.9862,53.9026]],[[-2.9885,53.906],[-2.9885,53.9059],[-2.9884,53.906],[-2.9885,53.906]],[[-2.9917,53.8959],[-2.9917,53.8958],[-2.9915,53.8958],[-2.9917,53.8959]],[[-2.9877,53.8926],[-2.9877,53.8926],[-2.9876,53.8925],[-2.9877,53.8926]],[[-2.8711,54.0029],[-2.8711,54.003],[-2.8712,54.0031],[-2.8711,54.0029]],[[-2.9929,53.8976],[-2.9928,53.8975],[-2.9927,53.8976],[-2.9929,53.8976]],[[-2.8411,53.9662],[-2.8412,53.966],[-2.8411,53.9661],[-2.8411,53.9662]],[[-2.9876,53.8926],[-2.9875,53.8925],[-2.9873,53.8925],[-2.9876,53.8926]],[[-2.9943,53.9024],[-2.9941,53.9023],[-2.9943,53.9024],[-2.9943,53.9024]],[[-2.9914,53.8961],[-2.9916,53.896],[-2.9912,53.8962],[-2.9914,53.8961]],[[-2.9905,53.9112],[-2.9905,53.9113],[-2.9907,53.9114],[-2.9905,53.9112]],[[-2.9539,53.8601],[-2.954,53.8603],[-2.9541,53.8602],[-2.9539,53.8601]],[[-2.8303,53.9961],[-2.8302,53.9964],[-2.8303,53.9963],[-2.8303,53.9961]],[[-2.9927,53.8853],[-2.9925,53.8853],[-2.9927,53.8854],[-2.9927,53.8853]],[[-2.8453,54.0439],[-2.8453,54.0442],[-2.8454,54.0441],[-2.8453,54.0439]],[[-2.9887,53.906],[-2.9889,53.9058],[-2.9887,53.9056],[-2.9887,53.906]],[[-2.8323,54.0016],[-2.8321,54.0015],[-2.8322,54.0017],[-2.8323,54.0016]],[[-2.8877,53.9455],[-2.8875,53.9458],[-2.8878,53.9456],[-2.8877,53.9455]],[[-2.9853,53.8932],[-2.9853,53.8933],[-2.9855,53.8932],[-2.9853,53.8932]],[[-2.8266,54.0296],[-2.8266,54.0292],[-2.8265,54.0295],[-2.8266,54.0296]],[[-2.8735,53.9533],[-2.8732,53.9534],[-2.8733,53.9535],[-2.8735,53.9533]],[[-2.8737,54.0051],[-2.8734,54.0051],[-2.8734,54.0053],[-2.8737,54.0051]],[[-2.846,54.0431],[-2.8463,54.0429],[-2.8458,54.043],[-2.846,54.0431]],[[-2.8653,54.0046],[-2.866,54.0046],[-2.8657,54.0045],[-2.8653,54.0046]],[[-2.8321,54.0006],[-2.8324,54.0004],[-2.8318,54.0004],[-2.8321,54.0006]],[[-3.0086,53.9008],[-3.0083,53.9006],[-3.0081,53.9008],[-3.0086,53.9008]],[[-2.8752,54.0047],[-2.8754,54.0045],[-2.875,54.0044],[-2.8752,54.0047]],[[-2.8356,53.9983],[-2.8359,53.9984],[-2.836,53.9982],[-2.8356,53.9983]],[[-2.8344,53.9994],[-2.8347,53.9994],[-2.8346,53.9992],[-2.8344,53.9994]],[[-2.8747,54.0043],[-2.8754,54.0044],[-2.8745,54.0041],[-2.8747,54.0043]],[[-2.8355,54.0157],[-2.8353,54.0159],[-2.8356,54.016],[-2.8355,54.0157]],[[-2.9366,53.8565],[-2.9363,53.8568],[-2.9368,53.8566],[-2.9366,53.8565]],[[-2.8363,54.0166],[-2.8364,54.0165],[-2.8358,54.0164],[-2.8363,54.0166]],[[-2.833,53.9993],[-2.8333,53.999],[-2.833,53.999],[-2.833,53.9993]],[[-3.006,53.9017],[-3.0059,53.9016],[-3.0056,53.9021],[-3.006,53.9017]],[[-2.9874,53.8919],[-2.9872,53.8922],[-2.9876,53.8923],[-2.9874,53.8919]],[[-2.9101,53.9417],[-2.9097,53.9414],[-2.9094,53.9415],[-2.9101,53.9417]],[[-2.8734,54.0048],[-2.8729,54.0049],[-2.8732,54.0051],[-2.8734,54.0048]],[[-2.862,53.9958],[-2.8613,53.9961],[-2.8616,53.9962],[-2.862,53.9958]],[[-2.8319,54.0012],[-2.8324,54.0011],[-2.8315,54.001],[-2.8319,54.0012]],[[-2.8697,54.0118],[-2.8698,54.0122],[-2.8701,54.0121],[-2.8697,54.0118]],[[-2.9,53.9399],[-2.9003,53.9395],[-2.8997,53.9396],[-2.9,53.9399]],[[-2.8775,54.0061],[-2.8778,54.0059],[-2.8773,54.0057],[-2.8775,54.0061]],[[-2.8357,53.9995],[-2.8355,53.9997],[-2.8361,53.9999],[-2.8357,53.9995]],[[-2.8743,54.0018],[-2.8746,54.0016],[-2.8738,54.0016],[-2.8743,54.0018]],[[-2.835,54.0234],[-2.8343,54.023],[-2.8339,54.0231],[-2.835,54.0234]],[[-2.8677,54.0106],[-2.8682,54.0109],[-2.8684,54.0106],[-2.8677,54.0106]],[[-2.8725,54.0059],[-2.8721,54.0066],[-2.873,54.0063],[-2.8725,54.0059]],[[-2.9071,53.9413],[-2.9078,53.9414],[-2.9069,53.9409],[-2.9071,53.9413]],[[-2.8603,53.9969],[-2.8599,53.9971],[-2.86,53.9976],[-2.8603,53.9969]],[[-2.8353,53.9998],[-2.8349,53.9995],[-2.8345,54],[-2.8353,53.9998]],[[-2.8605,53.9969],[-2.8611,53.9964],[-2.8605,53.9965],[-2.8605,53.9969]],[[-2.872,54.0074],[-2.8728,54.0074],[-2.872,54.007],[-2.872,54.0074]],[[-2.8352,53.9988],[-2.8354,53.9983],[-2.8346,53.9987],[-2.8352,53.9988]],[[-2.8338,54.0001],[-2.834,53.9994],[-2.8333,53.9999],[-2.8338,54.0001]],[[-2.9284,53.8571],[-2.9293,53.8575],[-2.9301,53.8575],[-2.9284,53.8571]],[[-2.992,53.8963],[-2.9905,53.8965],[-2.9919,53.8966],[-2.992,53.8963]],[[-2.8493,53.9654],[-2.8492,53.9651],[-2.848,53.9653],[-2.8493,53.9654]],[[-2.9914,53.9111],[-2.9902,53.9106],[-2.9909,53.9113],[-2.9914,53.9111]],[[-2.8346,54.0128],[-2.8347,54.0139],[-2.8353,54.0134],[-2.8346,54.0128]],[[-2.8735,54.0053],[-2.873,54.0061],[-2.8741,54.0057],[-2.8735,54.0053]],[[-2.8678,54.0041],[-2.8702,54.0036],[-2.8684,54.0036],[-2.8678,54.0041]],[[-2.869,54.0105],[-2.8692,54.0111],[-2.8701,54.0104],[-2.869,54.0105]],[[-2.9062,53.9397],[-2.9069,53.939],[-2.9061,53.9389],[-2.9062,53.9397]],[[-2.8487,53.9658],[-2.8461,53.9655],[-2.8477,53.9661],[-2.8487,53.9658]],[[-2.894,53.9427],[-2.8925,53.9415],[-2.8924,53.9424],[-2.894,53.9427]],[[-2.8999,53.941],[-2.8997,53.9396],[-2.8978,53.9404],[-2.8999,53.941]],[[-2.7945,54.0612],[-2.7932,54.0601],[-2.7933,54.0622],[-2.7945,54.0612]],[[-2.8947,53.9416],[-2.8965,53.9422],[-2.8976,53.9415],[-2.8947,53.9416]],[[-2.9081,53.9441],[-2.9062,53.9454],[-2.9085,53.9452],[-2.9081,53.9441]],[[-2.8713,54.0034],[-2.8727,54.0048],[-2.8752,54.0047],[-2.8713,54.0034]],[[-2.9952,53.907],[-2.9937,53.9058],[-2.992,53.9074],[-2.9952,53.907]],[[-2.8462,53.9654],[-2.8503,53.9655],[-2.8471,53.9644],[-2.8462,53.9654]],[[-2.8863,53.9491],[-2.8896,53.9481],[-2.888,53.9456],[-2.8863,53.9491]],[[-2.9435,53.8523],[-2.9407,53.8517],[-2.9377,53.8545],[-2.9435,53.8523]],[[-2.8859,53.9458],[-2.892,53.944],[-2.8861,53.9433],[-2.8832,53.9457],[-2.8859,53.9458]],[[-2.8955,53.9903],[-2.9012,53.9884],[-2.8934,53.9889],[-2.8955,53.9903]],[[-2.837,54.0229],[-2.8413,54.0221],[-2.8355,54.0172],[-2.8341,54.0224],[-2.837,54.0229]]]},"properties":{"MCZ_NAME":"Wyre-Lune","MCZ_CODE":"UKMCZ0074"}},{"type":"Feature","geometry":{"type":"MultiPolygon","coordinates":[[[[-3.6168,54.5495],[-3.601,54.5493],[-3.6059,54.5328],[-3.6135,54.5251],[-3.6385,54.5179],[-3.6398,54.5144],[-3.6359,54.5072],[-3.6271,54.5021],[-3.6196,54.4909],[-3.6082,54.491],[-3.5933,54.4823],[-3.5634,54.4517],[-3.542,54.4388],[-3.5062,54.4105],[-3.5136,54.4081],[-3.5503,54.4404],[-3.566,54.4487],[-3.587,54.4659],[-3.5861,54.4687],[-3.5992,54.4658],[-3.6171,54.4792],[-3.6332,54.4838],[-3.6564,54.5094],[-3.656,54.5226],[-3.6243,54.5341],[-3.6168,54.5495]]],[[[-3.5047,54.4103],[-3.4764,54.3863],[-3.4733,54.3755],[-3.4317,54.3423],[-3.4423,54.3399],[-3.4615,54.3576],[-3.4728,54.3585],[-3.4809,54.371],[-3.4777,54.3748],[-3.4787,54.3795],[-3.4874,54.3911],[-3.511,54.4069],[-3.5047,54.4103]]],[[[-3.4377,54.345],[-3.4377,54.3451],[-3.4378,54.3451],[-3.4377,54.345]]],[[[-3.4371,54.3444],[-3.4373,54.3448],[-3.4376,54.3448],[-3.4371,54.3444]]],[[[-3.4566,54.3611],[-3.4566,54.361],[-3.4558,54.3606],[-3.4566,54.3611]]],[[[-3.5055,54.4115],[-3.5041,54.4105],[-3.5057,54.4107],[-3.5055,54.4115]]],[[[-3.5086,54.4093],[-3.5092,54.4088],[-3.51,54.4088],[-3.5086,54.4093]]],[[[-3.4875,54.391],[-3.4879,54.3911],[-3.4875,54.3911],[-3.4875,54.391]]]]},"properties":{"MCZ_NAME":"Cumbria Coast - Zone 2","MCZ_CODE":"UKMCZ0005-02"}},{"type":"Feature","geometry":{"type":"Polygon","coordinates":[[[-8.1921,49.1465],[-8.395,48.8428],[-8.6775,48.7222],[-8.9825,48.3959],[-8.9715,48.2853],[-9.247,48.2017],[-9.247,48.8331],[-8.1921,49.4934],[-8.1921,49.1465]]]},"properties":{"MCZ_NAME":"South-West Deeps (East)","MCZ_CODE":"UKMCZ0089"}},{"type":"Feature","geometry":{"type":"Polygon","coordinates":[[[-6.1291,49.7393],[-6.1288,49.6396],[-6.2936,49.6393],[-6.2935,49.7399],[-6.1291,49.7393]]]},"properties":{"MCZ_NAME":"South of the Isles of Scilly","MCZ_CODE":"UKMCZ0082"}},{"type":"Feature","geometry":{"type":"Polygon","coordinates":[[[-2.0573,50.1523],[-2.2336,50.1077],[-2.2501,50.2035],[-2.0666,50.243],[-2.0573,50.1523]]]},"properties":{"MCZ_NAME":"West of Wight-Barfleur","MCZ_CODE":"UKMCZ0091"}},{"type":"Feature","geometry":{"type":"Polygon","coordinates":[[[-3.0394,50.3495],[-3.1474,50.3489],[-3.1477,50.4838],[-3.0388,50.4842],[-3.0394,50.3495]]]},"properties":{"MCZ_NAME":"East of Start Point","MCZ_CODE":"UKMCZ0077"}},{"type":"Feature","geometry":{"type":"Polygon","coordinates":[[[1.0483,50.7582],[0.7821,50.6428],[0.7152,50.7071],[0.9811,50.8256],[1.0483,50.7582]]]},"properties":{"MCZ_NAME":"Inner Bank","MCZ_CODE":"UKMCZ0079"}},{"type":"Feature","geometry":{"type":"Polygon","coordinates":[[[-6.6599,50.9605],[-6.4716,50.9413],[-6.4309,50.9417],[-6.4323,50.8318],[-6.6142,50.8318],[-6.8483,50.9793],[-6.6599,50.9605]]]},"properties":{"MCZ_NAME":"South of Celtic Deep","MCZ_CODE":"UKMCZ0087"}},{"type":"Feature","geometry":{"type":"Polygon","coordinates":[[[-5.0355,50.9697],[-4.9005,50.932],[-5.3707,50.5285],[-5.6388,50.6029],[-5.1706,51.0071],[-5.0355,50.9697]]]},"properties":{"MCZ_NAME":"South-West Approaches to Bristol Channel","MCZ_CODE":"UKMCZ0083"}},{"type":"Feature","geometry":{"type":"Polygon","coordinates":[[[-5.0962,53.9089],[-5.0353,53.8756],[-5.2162,53.7941],[-5.2949,53.7408],[-5.3194,53.7408],[-5.3194,53.7641],[-5.364,53.764],[-5.3639,53.7674],[-5.407,53.7771],[-5.0989,53.9108],[-5.0962,53.9089]]]},"properties":{"MCZ_NAME":"Queenie Corner","MCZ_CODE":"UKMCZ0086"}},{"type":"Feature","geometry":{"type":"Polygon","coordinates":[[[2.8575,53.994],[2.8948,53.8662],[2.456,53.9612],[2.856,54],[2.8575,53.994]]]},"properties":{"MCZ_NAME":"Markham's Triangle","MCZ_CODE":"UKMCZ0084"}},{"type":"Feature","geometry":{"type":"Polygon","coordinates":[[[-3.9662,54.2973],[-3.9408,54.2897],[-3.7804,54.1989],[-3.7717,54.1868],[-3.7884,54.1022],[-3.8259,54.0879],[-3.8586,54.0924],[-3.9453,54.2187],[-3.9847,54.2312],[-3.9707,54.2638],[-3.9662,54.2973]]]},"properties":{"MCZ_NAME":"West of Copeland","MCZ_CODE":"UKMCZ0090"}},{"type":"Feature","geometry":{"type":"Polygon","coordinates":[[[-5.0747,54.4638],[-4.9628,54.44],[-4.8677,54.4332],[-4.8985,54.3891],[-4.9613,54.3549],[-5.0015,54.323],[-5.0226,54.3018],[-5.1095,54.2998],[-5.0798,54.3371],[-5.0636,54.3776],[-5.0619,54.4175],[-5.0747,54.4638]]]},"properties":{"MCZ_NAME":"South Rigg","MCZ_CODE":"UKMCZ0088"}},{"type":"Feature","geometry":{"type":"Polygon","coordinates":[[[-6.8444,50.8325],[-6.8455,50.6656],[-7.1992,50.6661],[-7.1992,50.8328],[-6.8444,50.8325]]]},"properties":{"MCZ_NAME":"North-East of Haig Fras","MCZ_CODE":"UKMCZ0085"}},{"type":"Feature","geometry":{"type":"Polygon","coordinates":[[[0.2506,53.9756],[0.4868,53.9265],[0.4895,53.8332],[0.8699,53.8349],[0.8546,53.6352],[0.2612,53.7225],[0.1939,53.7787],[0.2409,53.7987],[0.167,53.856],[0.1201,53.8379],[0.0252,53.9233],[0.0063,53.9449],[-0.0322,54.01],[0.0137,54.0243],[0.2506,53.9756]]]},"properties":{"MCZ_NAME":"Holderness Offshore","MCZ_CODE":"UKMCZ0078"}},{"type":"Feature","geometry":{"type":"Polygon","coordinates":[[[-1.9009,55.7875],[-1.8942,55.7719],[-1.8748,55.7588],[-1.8616,55.7545],[-1.8012,55.7422],[-1.774,55.7416],[-1.7501,55.7372],[-1.7132,55.7202],[-1.6725,55.7111],[-1.6463,55.694],[-1.6041,55.6998],[-1.5646,55.6955],[-1.537,55.6845],[-1.5193,55.6693],[-1.5127,55.6549],[-1.5099,55.6194],[-1.5222,55.6007],[-1.5455,55.5867],[-1.5444,55.5803],[-1.5176,55.5433],[-1.516,55.5239],[-1.5028,55.4986],[-1.5004,55.4623],[-1.4881,55.4492],[-1.4805,55.4344],[-1.4781,55.4022],[-1.4892,55.382],[-1.4706,55.3722],[-1.4566,55.3588],[-1.4493,55.3442],[-1.4461,55.3225],[-1.453,55.2968],[-1.4734,55.2762],[-1.4707,55.2747],[-1.5054,55.2727],[-1.4379,55.0904],[-1.3943,55.0956],[-1.3911,55.0893],[-1.3622,55.0852],[-1.359,55.0717],[-1.3412,55.0498],[-1.4416,55.0448],[-1.4549,55.0622],[-1.4515,55.0701],[-1.4579,55.0713],[-1.464,55.0797],[-1.469,55.0798],[-1.4712,55.0855],[-1.4744,55.0858],[-1.4726,55.0844],[-1.4789,55.0799],[-1.475,55.0777],[-1.4781,55.0784],[-1.4773,55.0839],[-1.4734,55.0844],[-1.4877,55.0942],[-1.4956,55.1038],[-1.4984,55.1107],[-1.4939,55.1107],[-1.4684,55.1001],[-1.4682,55.1163],[-1.5103,55.1379],[-1.5244,55.1571],[-1.5242,55.1651],[-1.5132,55.1748],[-1.5147,55.1793],[-1.512,55.1834],[-1.499,55.1854],[-1.5054,55.1925],[-1.502,55.1964],[-1.5104,55.1988],[-1.5232,55.21],[-1.5288,55.222],[-1.5252,55.227],[-1.5541,55.247],[-1.5635,55.2592],[-1.5706,55.2767],[-1.5699,55.2915],[-1.5581,55.307],[-1.5501,55.3114],[-1.5493,55.322],[-1.5702,55.3352],[-1.5705,55.3398],[-1.58,55.3396],[-1.5926,55.3495],[-1.6013,55.361],[-1.6089,55.384],[-1.6143,55.3858],[-1.5969,55.3943],[-1.5894,55.4051],[-1.5802,55.4069],[-1.5819,55.4182],[-1.5754,55.4313],[-1.5873,55.4342],[-1.5934,55.4403],[-1.5863,55.4466],[-1.5931,55.4572],[-1.5887,55.4619],[-1.5935,55.4731],[-1.5912,55.4924],[-1.6129,55.4968],[-1.6169,55.5025],[-1.6134,55.5098],[-1.6184,55.5145],[-1.6107,55.5218],[-1.619,55.5226],[-1.6185,55.5265],[-1.6262,55.5278],[-1.6365,55.5393],[-1.642,55.5376],[-1.6375,55.5402],[-1.6324,55.5503],[-1.6187,55.5522],[-1.6282,55.5544],[-1.6265,55.5577],[-1.6333,55.5597],[-1.6456,55.5742],[-1.6522,55.5714],[-1.6396,55.5784],[-1.6528,55.5829],[-1.6489,55.5839],[-1.665,55.5861],[-1.6933,55.6067],[-1.7168,55.6124],[-1.7226,55.6168],[-1.7423,55.6191],[-1.738,55.6202],[-1.7736,55.6393],[-1.7798,55.6452],[-1.783,55.6566],[-1.7914,55.6626],[-1.8179,55.665],[-1.8188,55.667],[-1.8119,55.665],[-1.8118,55.6696],[-1.8085,55.6702],[-1.8047,55.6673],[-1.794,55.668],[-1.7964,55.6688],[-1.7935,55.6706],[-1.777,55.6668],[-1.7772,55.674],[-1.7811,55.6768],[-1.7787,55.6777],[-1.7778,55.6869],[-1.7869,55.6855],[-1.7875,55.6881],[-1.791,55.6867],[-1.7906,55.6901],[-1.7997,55.6886],[-1.7971,55.6913],[-1.8093,55.6883],[-1.8212,55.6896],[-1.8484,55.6981],[-1.9086,55.7092],[-1.9419,55.7238],[-1.9863,55.7536],[-1.9925,55.7613],[-2.0038,55.7618],[-2.0139,55.7714],[-2.0285,55.7682],[-2.0231,55.7717],[-2.0304,55.7704],[-2.0373,55.7607],[-2.0442,55.7584],[-2.0374,55.763],[-2.0361,55.7702],[-2.0389,55.7692],[-2.0189,55.7746],[-2.0114,55.7727],[-2.0042,55.7655],[-1.9927,55.7676],[-1.9841,55.7647],[-1.9912,55.7659],[-1.993,55.7737],[-1.9975,55.7768],[-1.9947,55.7797],[-2.0003,55.7812],[-2,55.786],[-2.0041,55.7875],[-1.9141,55.8088],[-1.9009,55.7875]],[[-1.6142,55.5182],[-1.6142,55.5182],[-1.6142,55.5182],[-1.6142,55.5182]],[[-1.9956,55.7644],[-1.9955,55.7644],[-1.9956,55.7644],[-1.9956,55.7644]],[[-2.0099,55.7673],[-2.01,55.7673],[-2.0099,55.7672],[-2.0099,55.7673]],[[-2.0097,55.7673],[-2.0097,55.7673],[-2.0098,55.7674],[-2.0097,55.7673]],[[-2.0089,55.7676],[-2.0088,55.7676],[-2.0089,55.7676],[-2.0089,55.7676]],[[-2.0131,55.7724],[-2.0133,55.7725],[-2.0131,55.7724],[-2.0131,55.7724]],[[-2.0133,55.7723],[-2.0134,55.7723],[-2.0133,55.7723],[-2.0133,55.7723]],[[-2.0124,55.7731],[-2.0125,55.7731],[-2.0124,55.7731],[-2.0124,55.7731]],[[-2.0127,55.7728],[-2.0129,55.7728],[-2.0128,55.7727],[-2.0127,55.7728]],[[-2.0137,55.772],[-2.0138,55.772],[-2.0137,55.7719],[-2.0137,55.772]],[[-2.0125,55.7729],[-2.0127,55.773],[-2.0126,55.7729],[-2.0125,55.7729]],[[-2.0135,55.7721],[-2.0136,55.7722],[-2.0135,55.7721],[-2.0135,55.7721]],[[-2.0141,55.7716],[-2.0142,55.7717],[-2.0141,55.7716],[-2.0141,55.7716]],[[-2.0139,55.7718],[-2.014,55.7718],[-2.0139,55.7718],[-2.0139,55.7718]],[[-1.9865,55.7656],[-1.9864,55.7656],[-1.9865,55.7656],[-1.9865,55.7656]],[[-1.5914,55.4555],[-1.5912,55.4555],[-1.5913,55.4556],[-1.5914,55.4555]],[[-2.0129,55.7726],[-2.0131,55.7726],[-2.013,55.7726],[-2.0129,55.7726]],[[-1.5915,55.4554],[-1.5918,55.4554],[-1.5916,55.4554],[-1.5915,55.4554]],[[-1.591,55.4554],[-1.5911,55.4554],[-1.5909,55.4554],[-1.591,55.4554]],[[-1.5174,55.2064],[-1.5174,55.2064],[-1.5173,55.2064],[-1.5174,55.2064]],[[-1.5915,55.4554],[-1.5914,55.4554],[-1.5917,55.4555],[-1.5915,55.4554]],[[-1.9849,55.7672],[-1.9849,55.7673],[-1.985,55.7672],[-1.9849,55.7672]],[[-1.6285,55.6346],[-1.6285,55.6346],[-1.6284,55.6345],[-1.6285,55.6346]],[[-1.5915,55.4677],[-1.5913,55.4677],[-1.5913,55.4678],[-1.5915,55.4677]],[[-1.4719,55.0856],[-1.472,55.0855],[-1.4718,55.0855],[-1.4719,55.0856]],[[-2.0095,55.7673],[-2.0095,55.7674],[-2.0096,55.7675],[-2.0095,55.7673]],[[-2.0091,55.7675],[-2.009,55.7675],[-2.0092,55.7676],[-2.0091,55.7675]],[[-2.0094,55.7674],[-2.0093,55.7675],[-2.0094,55.7675],[-2.0094,55.7674]],[[-1.6014,55.65],[-1.6016,55.6499],[-1.6014,55.6499],[-1.6014,55.65]],[[-1.59,55.4652],[-1.59,55.4653],[-1.5901,55.4653],[-1.59,55.4652]],[[-2.0087,55.7676],[-2.0086,55.7676],[-2.0087,55.7677],[-2.0087,55.7676]],[[-1.6655,55.6345],[-1.6656,55.6345],[-1.6654,55.6345],[-1.6655,55.6345]],[[-2.0079,55.7678],[-2.0078,55.7679],[-2.0079,55.768],[-2.0079,55.7678]],[[-2.0084,55.7677],[-2.0083,55.7677],[-2.0085,55.7678],[-2.0084,55.7677]],[[-2.0076,55.7679],[-2.0075,55.768],[-2.0077,55.7681],[-2.0076,55.7679]],[[-2.0073,55.768],[-2.0072,55.7681],[-2.0073,55.7682],[-2.0073,55.768]],[[-1.5262,55.2287],[-1.5262,55.2286],[-1.526,55.2286],[-1.5262,55.2287]],[[-1.5866,55.4495],[-1.5865,55.4496],[-1.5867,55.4496],[-1.5866,55.4495]],[[-1.6125,55.6435],[-1.6128,55.6435],[-1.6127,55.6434],[-1.6125,55.6435]],[[-2.0082,55.7678],[-2.008,55.7678],[-2.0082,55.7679],[-2.0082,55.7678]],[[-1.592,55.4552],[-1.5916,55.4553],[-1.5919,55.4553],[-1.592,55.4552]],[[-1.6652,55.6344],[-1.6654,55.6343],[-1.6653,55.6342],[-1.6652,55.6344]],[[-2.0095,55.7683],[-2.0097,55.7684],[-2.0095,55.7682],[-2.0095,55.7683]],[[-2.0066,55.7683],[-2.0064,55.7683],[-2.0066,55.7684],[-2.0066,55.7683]],[[-1.4697,55.0824],[-1.4694,55.0824],[-1.4696,55.0825],[-1.4697,55.0824]],[[-2.0086,55.7689],[-2.0086,55.7688],[-2.0084,55.7687],[-2.0086,55.7689]],[[-1.9934,55.766],[-1.9935,55.766],[-1.9933,55.7659],[-1.9934,55.766]],[[-2.007,55.7681],[-2.0068,55.7682],[-2.007,55.7683],[-2.007,55.7681]],[[-1.6184,55.5266],[-1.6183,55.5264],[-1.6181,55.5264],[-1.6184,55.5266]],[[-1.5996,55.6283],[-1.5993,55.6282],[-1.5994,55.6283],[-1.5996,55.6283]],[[-1.6439,55.5803],[-1.644,55.5805],[-1.6443,55.5805],[-1.6439,55.5803]],[[-1.6438,55.58],[-1.6435,55.5802],[-1.6439,55.5801],[-1.6438,55.58]],[[-1.5918,55.4558],[-1.5912,55.4558],[-1.5915,55.4559],[-1.5918,55.4558]],[[-1.5969,55.6271],[-1.5968,55.6269],[-1.5965,55.6269],[-1.5969,55.6271]],[[-1.6444,55.5805],[-1.6442,55.5806],[-1.6447,55.5807],[-1.6444,55.5805]],[[-1.6162,55.5223],[-1.6161,55.5226],[-1.6164,55.5224],[-1.6162,55.5223]],[[-1.629,55.6306],[-1.6292,55.6303],[-1.6289,55.6304],[-1.629,55.6306]],[[-1.6301,55.6312],[-1.6301,55.631],[-1.6295,55.6307],[-1.6301,55.6312]],[[-1.6026,55.6498],[-1.6029,55.6499],[-1.6031,55.6495],[-1.6026,55.6498]],[[-1.5867,55.4497],[-1.5864,55.4501],[-1.5868,55.45],[-1.5867,55.4497]],[[-2.0433,55.7598],[-2.0427,55.7598],[-2.0422,55.76],[-2.0433,55.7598]],[[-1.6482,55.6189],[-1.6475,55.6185],[-1.6481,55.6191],[-1.6482,55.6189]],[[-1.5869,55.4482],[-1.5863,55.4482],[-1.5867,55.4485],[-1.5869,55.4482]],[[-1.6035,55.6281],[-1.6034,55.6283],[-1.6045,55.6284],[-1.6035,55.6281]],[[-1.6014,55.6281],[-1.6017,55.6278],[-1.601,55.6279],[-1.6014,55.6281]],[[-1.5089,55.1815],[-1.5103,55.18],[-1.5101,55.1801],[-1.5089,55.1815]],[[-1.6113,55.64],[-1.6107,55.6399],[-1.6101,55.6403],[-1.6113,55.64]],[[-1.6337,55.6178],[-1.6343,55.6175],[-1.6331,55.6176],[-1.6337,55.6178]],[[-1.5042,55.1845],[-1.5042,55.1846],[-1.5059,55.1836],[-1.5042,55.1845]],[[-1.6061,55.511],[-1.6054,55.5117],[-1.6058,55.5117],[-1.6061,55.511]],[[-1.6024,55.6499],[-1.6012,55.6503],[-1.6014,55.6504],[-1.6024,55.6499]],[[-1.6262,55.6391],[-1.6256,55.6389],[-1.6253,55.6391],[-1.6262,55.6391]],[[-1.4492,55.0727],[-1.4493,55.0723],[-1.4484,55.072],[-1.4492,55.0727]],[[-1.5971,55.6272],[-1.596,55.6273],[-1.5968,55.6277],[-1.5971,55.6272]],[[-1.6007,55.6501],[-1.6023,55.6495],[-1.6008,55.6495],[-1.6007,55.6501]],[[-1.6257,55.6387],[-1.6266,55.639],[-1.627,55.6386],[-1.6257,55.6387]],[[-1.6399,55.6183],[-1.6401,55.6178],[-1.6391,55.6182],[-1.6399,55.6183]],[[-1.6078,55.5098],[-1.608,55.5094],[-1.6066,55.5105],[-1.6078,55.5098]],[[-1.6475,55.5839],[-1.6457,55.5822],[-1.6441,55.5829],[-1.6475,55.5839]],[[-1.4492,55.072],[-1.4504,55.0724],[-1.4499,55.0713],[-1.4492,55.072]],[[-1.6392,55.6177],[-1.64,55.617],[-1.6377,55.6168],[-1.6392,55.6177]],[[-1.5986,55.6282],[-1.5985,55.6269],[-1.597,55.6275],[-1.5986,55.6282]],[[-1.6249,55.6371],[-1.6258,55.6362],[-1.6222,55.636],[-1.6249,55.6371]],[[-1.6739,55.629],[-1.6766,55.6291],[-1.675,55.6276],[-1.6739,55.629]],[[-1.6108,55.6402],[-1.6122,55.6417],[-1.6163,55.6414],[-1.6108,55.6402]],[[-1.6168,55.64],[-1.6187,55.6412],[-1.6238,55.6389],[-1.6168,55.64]],[[-1.5388,55.3368],[-1.5406,55.3337],[-1.5377,55.333],[-1.5388,55.3368]],[[-1.6271,55.6385],[-1.6314,55.6398],[-1.6293,55.637],[-1.6263,55.6364],[-1.6271,55.6385]],[[-1.628,55.6348],[-1.6247,55.629],[-1.6191,55.633],[-1.628,55.6348]],[[-1.6131,55.6457],[-1.6034,55.6408],[-1.6078,55.6417],[-1.6039,55.6421],[-1.6092,55.6469],[-1.6131,55.6457]],[[-1.6446,55.6222],[-1.6552,55.6205],[-1.6503,55.6181],[-1.6587,55.617],[-1.6422,55.6157],[-1.6492,55.6185],[-1.6446,55.6222]]]},"properties":{"MCZ_NAME":"Berwick to St Mary's","MCZ_CODE":"UKMCZ0055"}},{"type":"Feature","geometry":{"type":"Polygon","coordinates":[[[1.4199,51.1858],[1.4195,51.1733],[1.4156,51.1641],[1.3939,51.1391],[1.3743,51.1291],[1.3504,51.1234],[1.3494,51.1333],[1.3795,51.1421],[1.3997,51.1628],[1.4053,51.1743],[1.405,51.1976],[1.4193,51.198],[1.4199,51.1858]]]},"properties":{"MCZ_NAME":"Dover to Deal","MCZ_CODE":"UKMCZ0032"}},{"type":"Feature","geometry":{"type":"Polygon","coordinates":[[[1.8804,51.6675],[1.8362,51.5919],[1.8115,51.6032],[1.7451,51.6484],[1.7085,51.702],[1.7296,51.7237],[1.8468,51.6979],[1.8726,51.6796],[1.8804,51.6675]]]},"properties":{"MCZ_NAME":"Kentish Knock East","MCZ_CODE":"UKMCZ0080"}},{"type":"Feature","geometry":{"type":"Polygon","coordinates":[[[-0.8861,50.6655],[-0.8619,50.6521],[-0.8657,50.639],[-0.8748,50.6396],[-0.8729,50.6465],[-0.8934,50.6585],[-0.8861,50.6655]]]},"properties":{"MCZ_NAME":"Utopia","MCZ_CODE":"UKMCZ0042"}},{"type":"Feature","geometry":{"type":"Polygon","coordinates":[[[1.6604,51.208],[1.4846,51.1335],[1.4754,51.2842],[1.5371,51.3409],[1.6789,51.3519],[1.7296,51.2377],[1.6604,51.208]]]},"properties":{"MCZ_NAME":"Goodwin Sands","MCZ_CODE":"UKMCZ0061"}},{"type":"Feature","geometry":{"type":"Polygon","coordinates":[[[-0.5117,50.4015],[-0.9321,50.4069],[-0.9306,50.584],[-0.5118,50.5834],[-0.5117,50.4015]]]},"properties":{"MCZ_NAME":"Offshore Overfalls","MCZ_CODE":"UKMCZ0044"}},{"type":"Feature","geometry":{"type":"Polygon","coordinates":[[[-5.8125,50.075],[-5.8461,50.0993],[-5.9321,50.0993],[-6.0664,50.1658],[-6.099,50.1987],[-6.0991,50.2994],[-5.8985,50.2994],[-5.8699,50.3203],[-5.7407,50.3536],[-5.7157,50.3328],[-5.8074,50.2827],[-5.7834,50.1417],[-5.8125,50.075]]]},"properties":{"MCZ_NAME":"Cape Bank","MCZ_CODE":"UKMCZ0076"}},{"type":"Feature","geometry":{"type":"Polygon","coordinates":[[[-5.6572,50.0392],[-5.6532,50.0378],[-5.6502,50.043],[-5.6427,50.0446],[-5.6363,50.04],[-5.634,50.0442],[-5.6325,50.0346],[-5.6355,50.0255],[-5.6514,50.0115],[-5.6763,50.0051],[-5.6957,50.0063],[-5.7128,50.0123],[-5.7249,50.0222],[-5.73,50.0345],[-5.6731,50.0347],[-5.6723,50.0372],[-5.6572,50.0392]]]},"properties":{"MCZ_NAME":"Runnel Stone (Land's End)","MCZ_CODE":"UKMCZ0038"}},{"type":"Feature","geometry":{"type":"Polygon","coordinates":[[[-2.5416,50.4712],[-2.4961,50.5167],[-2.4561,50.5079],[-2.5016,50.4625],[-2.5416,50.4712]]]},"properties":{"MCZ_NAME":"South of Portland","MCZ_CODE":"UKMCZ0070"}},{"type":"Feature","geometry":{"type":"Polygon","coordinates":[[[-5.0661,50.4272],[-5.055,50.426],[-5.0665,50.4247],[-5.0649,50.4218],[-5.078,50.4153],[-5.0853,50.4151],[-5.0877,50.4207],[-5.0937,50.4206],[-5.0998,50.426],[-5.0976,50.4193],[-5.1014,50.4136],[-5.1258,50.412],[-5.0834,50.4041],[-5.0749,50.405],[-5.0692,50.3965],[-5.073,50.4037],[-5.079,50.4058],[-5.0995,50.4047],[-5.1014,50.4077],[-5.109,50.4088],[-5.126,50.4039],[-5.1353,50.4088],[-5.1385,50.4039],[-5.1356,50.4011],[-5.1475,50.4052],[-5.1475,50.4144],[-5.1151,50.4226],[-5.1124,50.4308],[-5.1025,50.4348],[-5.0661,50.4272]],[[-5.099,50.4236],[-5.099,50.4236],[-5.099,50.4236],[-5.099,50.4236]],[[-5.0937,50.4207],[-5.0937,50.4207],[-5.0938,50.4207],[-5.0937,50.4207]],[[-5.0886,50.4208],[-5.0885,50.4208],[-5.0886,50.4208],[-5.0886,50.4208]],[[-5.0822,50.4161],[-5.0822,50.416],[-5.0821,50.4161],[-5.0822,50.4161]],[[-5.0939,50.4208],[-5.094,50.4209],[-5.0941,50.4209],[-5.0939,50.4208]],[[-5.1218,50.4098],[-5.1216,50.4098],[-5.1217,50.4098],[-5.1218,50.4098]],[[-5.0718,50.4191],[-5.0718,50.4191],[-5.0718,50.4191],[-5.0718,50.4191]],[[-5.069,50.4218],[-5.0688,50.4218],[-5.069,50.4218],[-5.069,50.4218]],[[-5.0649,50.426],[-5.065,50.426],[-5.0651,50.4259],[-5.0649,50.426]],[[-5.072,50.4191],[-5.0719,50.4191],[-5.072,50.4191],[-5.072,50.4191]],[[-5.104,50.4131],[-5.1039,50.4131],[-5.1039,50.4131],[-5.104,50.4131]],[[-5.0679,50.421],[-5.068,50.4209],[-5.0678,50.421],[-5.0679,50.421]],[[-5.105,50.4132],[-5.1049,50.4132],[-5.1051,50.4133],[-5.105,50.4132]],[[-5.1253,50.4123],[-5.1254,50.4122],[-5.1253,50.4123],[-5.1253,50.4123]],[[-5.0887,50.422],[-5.0887,50.422],[-5.0889,50.422],[-5.0887,50.422]],[[-5.1013,50.4245],[-5.101,50.4245],[-5.1011,50.4245],[-5.1013,50.4245]],[[-5.0718,50.4196],[-5.0718,50.4196],[-5.0717,50.4196],[-5.0718,50.4196]],[[-5.0687,50.4207],[-5.0687,50.4207],[-5.0689,50.4207],[-5.0687,50.4207]],[[-5.0721,50.4196],[-5.0722,50.4196],[-5.0721,50.4195],[-5.0721,50.4196]],[[-5.1055,50.4131],[-5.1056,50.4131],[-5.1053,50.413],[-5.1055,50.4131]],[[-5.0998,50.422],[-5.0996,50.422],[-5.0997,50.4221],[-5.0998,50.422]],[[-5.0827,50.4154],[-5.0826,50.4154],[-5.0828,50.4155],[-5.0827,50.4154]],[[-5.1032,50.4131],[-5.1034,50.4131],[-5.1031,50.4131],[-5.1032,50.4131]],[[-5.0609,50.4263],[-5.0612,50.4263],[-5.0609,50.4262],[-5.0609,50.4263]],[[-5.0715,50.4194],[-5.0713,50.4194],[-5.0715,50.4195],[-5.0715,50.4194]],[[-5.1144,50.4131],[-5.1142,50.4131],[-5.1144,50.4131],[-5.1144,50.4131]],[[-5.1038,50.4131],[-5.1037,50.4131],[-5.1036,50.4131],[-5.1038,50.4131]],[[-5.0643,50.4259],[-5.0646,50.4259],[-5.0643,50.4259],[-5.0643,50.4259]],[[-5.0629,50.426],[-5.0626,50.426],[-5.0627,50.426],[-5.0629,50.426]],[[-5.1361,50.4089],[-5.136,50.409],[-5.1363,50.409],[-5.1361,50.4089]],[[-5.1212,50.4097],[-5.1212,50.4097],[-5.1215,50.4097],[-5.1212,50.4097]],[[-5.0988,50.4196],[-5.0985,50.4196],[-5.0987,50.4196],[-5.0988,50.4196]],[[-5.072,50.4198],[-5.0718,50.4198],[-5.0718,50.4198],[-5.072,50.4198]],[[-5.0596,50.426],[-5.0597,50.4261],[-5.0598,50.426],[-5.0596,50.426]],[[-5.1006,50.4241],[-5.1006,50.424],[-5.1005,50.4241],[-5.1006,50.4241]],[[-5.1377,50.406],[-5.1376,50.4061],[-5.1378,50.4061],[-5.1377,50.406]],[[-5.1241,50.4131],[-5.124,50.4131],[-5.1243,50.413],[-5.1241,50.4131]],[[-5.0998,50.4241],[-5.0999,50.4239],[-5.0998,50.424],[-5.0998,50.4241]],[[-5.072,50.4194],[-5.0721,50.4193],[-5.0719,50.4193],[-5.072,50.4194]],[[-5.0713,50.4204],[-5.0716,50.4204],[-5.0711,50.4204],[-5.0713,50.4204]],[[-5.0796,50.4156],[-5.0795,50.4157],[-5.0797,50.4157],[-5.0796,50.4156]],[[-5.1143,50.4134],[-5.1143,50.4133],[-5.1141,50.4133],[-5.1143,50.4134]],[[-5.0687,50.4217],[-5.0689,50.4217],[-5.0686,50.4217],[-5.0687,50.4217]],[[-5.1267,50.4133],[-5.1268,50.4132],[-5.1267,50.4131],[-5.1267,50.4133]],[[-5.0872,50.4174],[-5.0871,50.4172],[-5.0871,50.4175],[-5.0872,50.4174]],[[-5.0721,50.42],[-5.0722,50.4199],[-5.0719,50.4199],[-5.0721,50.42]],[[-5.1359,50.4089],[-5.1356,50.4088],[-5.1358,50.409],[-5.1359,50.4089]],[[-5.0788,50.4156],[-5.0785,50.4156],[-5.0785,50.4157],[-5.0788,50.4156]],[[-5.1374,50.4047],[-5.1378,50.4046],[-5.1375,50.4046],[-5.1374,50.4047]],[[-5.0643,50.4261],[-5.0645,50.4261],[-5.0641,50.426],[-5.0643,50.4261]],[[-5.1248,50.411],[-5.1246,50.4109],[-5.1249,50.4111],[-5.1248,50.411]],[[-5.1376,50.4056],[-5.1374,50.4057],[-5.1378,50.4057],[-5.1376,50.4056]],[[-5.1438,50.4054],[-5.1438,50.4052],[-5.1435,50.4051],[-5.1438,50.4054]],[[-5.1384,50.4044],[-5.1382,50.4043],[-5.1378,50.4045],[-5.1384,50.4044]],[[-5.1255,50.4115],[-5.125,50.4112],[-5.1253,50.4116],[-5.1255,50.4115]],[[-5.126,50.4119],[-5.1254,50.4117],[-5.126,50.4121],[-5.126,50.4119]],[[-5.1226,50.4101],[-5.1222,50.4099],[-5.1219,50.41],[-5.1226,50.4101]],[[-5.0827,50.416],[-5.0832,50.4156],[-5.0826,50.4156],[-5.0827,50.416]],[[-5.129,50.4129],[-5.13,50.413],[-5.1296,50.4127],[-5.129,50.4129]]]},"properties":{"MCZ_NAME":"Newquay and the Gannel","MCZ_CODE":"UKMCZ0037"}},{"type":"Feature","geometry":{"type":"Polygon","coordinates":[[[-1.3197,50.7655],[-1.3281,50.7579],[-1.3448,50.7509],[-1.3474,50.7432],[-1.3533,50.7391],[-1.41,50.7255],[-1.3972,50.7268],[-1.3957,50.7237],[-1.4001,50.7241],[-1.3848,50.7225],[-1.3933,50.7191],[-1.3893,50.7166],[-1.3699,50.7198],[-1.3794,50.7174],[-1.3762,50.71],[-1.3796,50.7163],[-1.3876,50.7146],[-1.3974,50.7192],[-1.3969,50.7171],[-1.4093,50.7159],[-1.4078,50.7213],[-1.4036,50.7244],[-1.4007,50.723],[-1.4035,50.7245],[-1.4084,50.7207],[-1.4094,50.7152],[-1.3977,50.7104],[-1.4023,50.7113],[-1.4019,50.7082],[-1.403,50.7115],[-1.4122,50.7144],[-1.4126,50.7117],[-1.407,50.7086],[-1.4129,50.7115],[-1.4131,50.7035],[-1.413,50.7132],[-1.4155,50.7135],[-1.4136,50.7155],[-1.4171,50.7108],[-1.4246,50.7096],[-1.4258,50.7049],[-1.4375,50.7024],[-1.4265,50.7055],[-1.426,50.7089],[-1.4302,50.7082],[-1.4253,50.7103],[-1.4287,50.7107],[-1.4173,50.7131],[-1.4118,50.7193],[-1.4182,50.7188],[-1.412,50.7208],[-1.422,50.7246],[-1.4121,50.7246],[-1.4255,50.7268],[-1.4698,50.7097],[-1.4987,50.7068],[-1.4996,50.7122],[-1.3197,50.7655]],[[-1.3912,50.7175],[-1.3912,50.7175],[-1.3912,50.7175],[-1.3912,50.7175]],[[-1.3775,50.7118],[-1.3775,50.7119],[-1.3775,50.7119],[-1.3775,50.7118]],[[-1.415,50.7141],[-1.415,50.7141],[-1.415,50.7141],[-1.415,50.7141]],[[-1.3898,50.72],[-1.3899,50.72],[-1.3898,50.72],[-1.3898,50.72]],[[-1.39,50.7203],[-1.3901,50.7203],[-1.3901,50.7203],[-1.39,50.7203]],[[-1.39,50.7173],[-1.39,50.7173],[-1.39,50.7173],[-1.39,50.7173]],[[-1.4129,50.7192],[-1.4129,50.7192],[-1.4129,50.7192],[-1.4129,50.7192]],[[-1.39,50.7209],[-1.39,50.7209],[-1.39,50.721],[-1.39,50.7209]],[[-1.3776,50.7119],[-1.3776,50.7119],[-1.3776,50.7119],[-1.3776,50.7119]],[[-1.4132,50.713],[-1.4132,50.713],[-1.4132,50.7131],[-1.4132,50.713]],[[-1.4206,50.7124],[-1.4205,50.7124],[-1.4206,50.7124],[-1.4206,50.7124]],[[-1.3902,50.7202],[-1.3902,50.7202],[-1.3901,50.7202],[-1.3902,50.7202]],[[-1.4076,50.7098],[-1.4075,50.7098],[-1.4075,50.7098],[-1.4076,50.7098]],[[-1.4132,50.7131],[-1.4132,50.7131],[-1.4131,50.7131],[-1.4132,50.7131]],[[-1.4116,50.7179],[-1.4115,50.7179],[-1.4115,50.7179],[-1.4116,50.7179]],[[-1.3924,50.7176],[-1.3925,50.7176],[-1.3925,50.7176],[-1.3924,50.7176]],[[-1.3851,50.7155],[-1.3851,50.7154],[-1.385,50.7155],[-1.3851,50.7155]],[[-1.4223,50.7118],[-1.4223,50.7118],[-1.4223,50.7118],[-1.4223,50.7118]],[[-1.3933,50.7176],[-1.3934,50.7176],[-1.3933,50.7176],[-1.3933,50.7176]],[[-1.39,50.7215],[-1.39,50.7215],[-1.39,50.7216],[-1.39,50.7215]],[[-1.3969,50.7177],[-1.3969,50.7176],[-1.3968,50.7176],[-1.3969,50.7177]],[[-1.4132,50.7129],[-1.4133,50.7128],[-1.4133,50.7128],[-1.4132,50.7129]],[[-1.4177,50.7122],[-1.4178,50.7123],[-1.4178,50.7122],[-1.4177,50.7122]],[[-1.4119,50.7153],[-1.412,50.7152],[-1.4119,50.7152],[-1.4119,50.7153]],[[-1.3902,50.7173],[-1.3902,50.7173],[-1.3902,50.7173],[-1.3902,50.7173]],[[-1.4135,50.7077],[-1.4135,50.7078],[-1.4136,50.7078],[-1.4135,50.7077]],[[-1.4081,50.7133],[-1.4081,50.7133],[-1.4082,50.7134],[-1.4081,50.7133]],[[-1.4119,50.7164],[-1.4118,50.7164],[-1.4119,50.7164],[-1.4119,50.7164]],[[-1.4175,50.712],[-1.4175,50.7119],[-1.4175,50.712],[-1.4175,50.712]],[[-1.4214,50.7123],[-1.4213,50.7123],[-1.4214,50.7123],[-1.4214,50.7123]],[[-1.4234,50.7116],[-1.4234,50.7116],[-1.4233,50.7116],[-1.4234,50.7116]],[[-1.3902,50.7199],[-1.3902,50.72],[-1.3903,50.72],[-1.3902,50.7199]],[[-1.4165,50.7153],[-1.4165,50.7152],[-1.4164,50.7152],[-1.4165,50.7153]],[[-1.4175,50.7123],[-1.4177,50.7122],[-1.4175,50.7123],[-1.4175,50.7123]],[[-1.4667,50.7118],[-1.4667,50.7117],[-1.4666,50.7117],[-1.4667,50.7118]],[[-1.4132,50.7132],[-1.4131,50.7132],[-1.4131,50.7133],[-1.4132,50.7132]],[[-1.4022,50.7115],[-1.4022,50.7116],[-1.4022,50.7116],[-1.4022,50.7115]],[[-1.412,50.7153],[-1.412,50.7153],[-1.412,50.7153],[-1.412,50.7153]],[[-1.3906,50.7202],[-1.3905,50.7202],[-1.3904,50.7203],[-1.3906,50.7202]],[[-1.4077,50.7098],[-1.4076,50.7098],[-1.4076,50.7099],[-1.4077,50.7098]],[[-1.4114,50.7145],[-1.4114,50.7145],[-1.4114,50.7145],[-1.4114,50.7145]],[[-1.4132,50.7129],[-1.4133,50.7129],[-1.4131,50.7129],[-1.4132,50.7129]],[[-1.4122,50.716],[-1.4124,50.7159],[-1.4124,50.7159],[-1.4122,50.716]],[[-1.4227,50.7119],[-1.4226,50.712],[-1.4227,50.712],[-1.4227,50.7119]],[[-1.4133,50.7131],[-1.4131,50.7132],[-1.4132,50.7132],[-1.4133,50.7131]],[[-1.4114,50.7211],[-1.4113,50.7212],[-1.4114,50.7212],[-1.4114,50.7211]],[[-1.4119,50.7168],[-1.412,50.7167],[-1.4119,50.7168],[-1.4119,50.7168]],[[-1.4223,50.7116],[-1.4223,50.7116],[-1.4224,50.7117],[-1.4223,50.7116]],[[-1.4353,50.7039],[-1.4351,50.704],[-1.4352,50.704],[-1.4353,50.7039]],[[-1.4668,50.7118],[-1.4669,50.7118],[-1.4667,50.7117],[-1.4668,50.7118]],[[-1.421,50.7123],[-1.4209,50.7122],[-1.4209,50.7124],[-1.421,50.7123]],[[-1.4072,50.7255],[-1.4072,50.7254],[-1.4071,50.7256],[-1.4072,50.7255]],[[-1.407,50.7254],[-1.407,50.7254],[-1.4069,50.7253],[-1.407,50.7254]],[[-1.4222,50.7119],[-1.4223,50.7118],[-1.4222,50.7117],[-1.4222,50.7119]],[[-1.4224,50.7117],[-1.4225,50.7118],[-1.4223,50.7117],[-1.4224,50.7117]],[[-1.3918,50.7174],[-1.3918,50.7175],[-1.3918,50.7175],[-1.3918,50.7174]],[[-1.4062,50.7137],[-1.4062,50.7138],[-1.4063,50.7138],[-1.4062,50.7137]],[[-1.418,50.7197],[-1.4181,50.7195],[-1.418,50.7196],[-1.418,50.7197]],[[-1.4137,50.7159],[-1.4134,50.7158],[-1.4134,50.7158],[-1.4137,50.7159]],[[-1.4141,50.7235],[-1.4142,50.7233],[-1.4142,50.7233],[-1.4141,50.7235]],[[-1.3944,50.7178],[-1.3944,50.7177],[-1.3943,50.7178],[-1.3944,50.7178]],[[-1.4103,50.7186],[-1.4105,50.7186],[-1.4103,50.7186],[-1.4103,50.7186]],[[-1.385,50.7157],[-1.3851,50.7155],[-1.385,50.7156],[-1.385,50.7157]],[[-1.4119,50.7202],[-1.4121,50.72],[-1.4119,50.7201],[-1.4119,50.7202]],[[-1.4163,50.7129],[-1.4165,50.7128],[-1.4163,50.7129],[-1.4163,50.7129]],[[-1.3932,50.7175],[-1.3934,50.7175],[-1.3932,50.7174],[-1.3932,50.7175]],[[-1.4141,50.716],[-1.4142,50.7161],[-1.4142,50.716],[-1.4141,50.716]],[[-1.4222,50.7123],[-1.4221,50.7124],[-1.4224,50.7124],[-1.4222,50.7123]],[[-1.4115,50.7146],[-1.4116,50.7147],[-1.4116,50.7146],[-1.4115,50.7146]],[[-1.4111,50.7148],[-1.4114,50.7148],[-1.4112,50.7147],[-1.4111,50.7148]],[[-1.4222,50.7122],[-1.4223,50.7123],[-1.4224,50.7122],[-1.4222,50.7122]],[[-1.4078,50.7188],[-1.4078,50.7186],[-1.4077,50.7186],[-1.4078,50.7188]],[[-1.395,50.7195],[-1.3949,50.7194],[-1.3949,50.7195],[-1.395,50.7195]],[[-1.4215,50.7123],[-1.4217,50.7123],[-1.4214,50.7121],[-1.4215,50.7123]],[[-1.4115,50.7208],[-1.4114,50.7209],[-1.4114,50.721],[-1.4115,50.7208]],[[-1.4133,50.7134],[-1.4132,50.7132],[-1.4132,50.7133],[-1.4133,50.7134]],[[-1.4207,50.7124],[-1.4209,50.7123],[-1.4206,50.7123],[-1.4207,50.7124]],[[-1.3851,50.7157],[-1.3853,50.7155],[-1.3851,50.7155],[-1.3851,50.7157]],[[-1.39,50.7202],[-1.3902,50.7201],[-1.3901,50.72],[-1.39,50.7202]],[[-1.4224,50.7121],[-1.4224,50.7123],[-1.4226,50.712],[-1.4224,50.7121]],[[-1.4253,50.7107],[-1.4254,50.7107],[-1.4253,50.7106],[-1.4253,50.7107]],[[-1.414,50.716],[-1.4138,50.7161],[-1.414,50.7161],[-1.414,50.716]],[[-1.4113,50.7182],[-1.4114,50.7181],[-1.4111,50.7182],[-1.4113,50.7182]],[[-1.4227,50.7119],[-1.4228,50.712],[-1.423,50.7119],[-1.4227,50.7119]],[[-1.4071,50.7253],[-1.4073,50.7254],[-1.4072,50.7252],[-1.4071,50.7253]],[[-1.4073,50.7141],[-1.4072,50.7143],[-1.4074,50.7142],[-1.4073,50.7141]],[[-1.3894,50.7172],[-1.3896,50.7172],[-1.3895,50.7171],[-1.3894,50.7172]],[[-1.3908,50.7174],[-1.3909,50.7173],[-1.3908,50.7173],[-1.3908,50.7174]],[[-1.3911,50.7175],[-1.3911,50.7173],[-1.391,50.7175],[-1.3911,50.7175]],[[-1.4143,50.7155],[-1.4139,50.7156],[-1.4144,50.7156],[-1.4143,50.7155]],[[-1.4153,50.7156],[-1.4153,50.7159],[-1.4154,50.7159],[-1.4153,50.7156]],[[-1.4217,50.7119],[-1.4219,50.7119],[-1.4218,50.7118],[-1.4217,50.7119]],[[-1.4127,50.7199],[-1.4132,50.7197],[-1.4127,50.7198],[-1.4127,50.7199]],[[-1.3927,50.7222],[-1.3925,50.7221],[-1.3923,50.7221],[-1.3927,50.7222]],[[-1.4113,50.7147],[-1.4116,50.7147],[-1.4114,50.7146],[-1.4113,50.7147]],[[-1.4012,50.727],[-1.4015,50.7269],[-1.401,50.7269],[-1.4012,50.727]],[[-1.417,50.7138],[-1.4167,50.7137],[-1.4169,50.714],[-1.417,50.7138]],[[-1.3843,50.7158],[-1.3843,50.7155],[-1.384,50.7156],[-1.3843,50.7158]],[[-1.421,50.7122],[-1.4213,50.7123],[-1.4213,50.7121],[-1.421,50.7122]],[[-1.4262,50.7105],[-1.426,50.7106],[-1.4263,50.7107],[-1.4262,50.7105]],[[-1.41,50.7186],[-1.4098,50.7186],[-1.41,50.7187],[-1.41,50.7186]],[[-1.4136,50.7158],[-1.4138,50.7157],[-1.4135,50.7156],[-1.4136,50.7158]],[[-1.3977,50.7174],[-1.3975,50.7173],[-1.3975,50.7175],[-1.3977,50.7174]],[[-1.4117,50.7206],[-1.4118,50.7204],[-1.4115,50.7206],[-1.4117,50.7206]],[[-1.4198,50.7124],[-1.4193,50.7124],[-1.4198,50.7126],[-1.4198,50.7124]],[[-1.3903,50.72],[-1.3907,50.7201],[-1.3906,50.7199],[-1.3903,50.72]],[[-1.3987,50.7223],[-1.3977,50.722],[-1.3966,50.7218],[-1.3987,50.7223]],[[-1.4216,50.7121],[-1.4219,50.7122],[-1.4216,50.7119],[-1.4216,50.7121]],[[-1.4228,50.7114],[-1.4232,50.7113],[-1.4226,50.7113],[-1.4228,50.7114]],[[-1.4234,50.7105],[-1.4239,50.71],[-1.4234,50.7102],[-1.4234,50.7105]],[[-1.4141,50.7154],[-1.4139,50.7155],[-1.4143,50.7155],[-1.4141,50.7154]],[[-1.4226,50.7117],[-1.423,50.7116],[-1.4225,50.7114],[-1.4226,50.7117]],[[-1.4135,50.7156],[-1.4138,50.7156],[-1.4139,50.7151],[-1.4135,50.7156]],[[-1.3938,50.7177],[-1.3944,50.7176],[-1.3932,50.7174],[-1.3938,50.7177]],[[-1.4131,50.7117],[-1.4125,50.7123],[-1.4133,50.712],[-1.4131,50.7117]],[[-1.4144,50.7157],[-1.4139,50.7156],[-1.4139,50.7159],[-1.4144,50.7157]],[[-1.3912,50.7172],[-1.3912,50.7175],[-1.3917,50.7173],[-1.3912,50.7172]],[[-1.3926,50.7174],[-1.3918,50.7172],[-1.392,50.7174],[-1.3926,50.7174]],[[-1.4022,50.7178],[-1.402,50.7176],[-1.4016,50.7178],[-1.4022,50.7178]],[[-1.4236,50.7106],[-1.4232,50.7103],[-1.4228,50.7106],[-1.4236,50.7106]],[[-1.414,50.7102],[-1.4143,50.7101],[-1.4141,50.7097],[-1.414,50.7102]],[[-1.3905,50.7173],[-1.391,50.7171],[-1.3903,50.7169],[-1.3905,50.7173]],[[-1.4167,50.7127],[-1.4176,50.712],[-1.4171,50.712],[-1.4167,50.7127]],[[-1.3853,50.7157],[-1.3845,50.716],[-1.385,50.7161],[-1.3853,50.7157]],[[-1.3839,50.7162],[-1.384,50.7157],[-1.3835,50.7161],[-1.3839,50.7162]],[[-1.4105,50.7191],[-1.4113,50.7183],[-1.4101,50.7186],[-1.4105,50.7191]],[[-1.4139,50.7243],[-1.4134,50.7247],[-1.415,50.7248],[-1.4139,50.7243]],[[-1.4113,50.7153],[-1.412,50.7151],[-1.4106,50.7148],[-1.4113,50.7153]],[[-1.4136,50.7146],[-1.4137,50.7134],[-1.4133,50.7136],[-1.4136,50.7146]],[[-1.4107,50.7147],[-1.4102,50.7141],[-1.4093,50.714],[-1.4107,50.7147]],[[-1.3928,50.7206],[-1.3937,50.7203],[-1.3927,50.72],[-1.3928,50.7206]],[[-1.4121,50.7172],[-1.4123,50.716],[-1.4117,50.7161],[-1.4121,50.7172]],[[-1.3861,50.7162],[-1.387,50.7162],[-1.3873,50.7156],[-1.3861,50.7162]],[[-1.4118,50.7159],[-1.4124,50.7154],[-1.4113,50.7154],[-1.4118,50.7159]],[[-1.4118,50.7227],[-1.4114,50.7213],[-1.4111,50.7224],[-1.4118,50.7227]],[[-1.4056,50.7185],[-1.4078,50.7185],[-1.4067,50.7177],[-1.4056,50.7185]],[[-1.3942,50.7205],[-1.3952,50.7197],[-1.3941,50.7197],[-1.3942,50.7205]],[[-1.3947,50.7177],[-1.3957,50.7195],[-1.3961,50.7185],[-1.3947,50.7177]],[[-1.4084,50.7239],[-1.4078,50.7238],[-1.4069,50.7247],[-1.4084,50.7239]],[[-1.3928,50.7227],[-1.3897,50.7219],[-1.3904,50.7226],[-1.3928,50.7227]],[[-1.3904,50.7215],[-1.3939,50.7214],[-1.3908,50.7202],[-1.3904,50.7215]],[[-1.3908,50.7201],[-1.3953,50.7194],[-1.3931,50.7176],[-1.3908,50.7201]],[[-1.4039,50.7195],[-1.4053,50.7179],[-1.4025,50.7176],[-1.4039,50.7195]]]},"properties":{"MCZ_NAME":"Yarmouth to Cowes","MCZ_CODE":"UKMCZ0075"}},{"type":"Feature","geometry":{"type":"Polygon","coordinates":[[[-0.7613,50.7727],[-0.7553,50.772],[-0.7567,50.7676],[-0.7497,50.7615],[-0.7547,50.7592],[-0.7503,50.757],[-0.7601,50.7502],[-0.767,50.7589],[-0.7762,50.7628],[-0.7912,50.7594],[-0.7779,50.7663],[-0.7816,50.7685],[-0.7655,50.7679],[-0.767,50.7727],[-0.7613,50.7727]],[[-0.7669,50.7713],[-0.7669,50.7715],[-0.7673,50.7716],[-0.7669,50.7713]],[[-0.7662,50.7712],[-0.7668,50.7713],[-0.7663,50.7711],[-0.7662,50.7712]],[[-0.765,50.7711],[-0.7646,50.7713],[-0.7652,50.7711],[-0.765,50.7711]],[[-0.7653,50.7711],[-0.7662,50.7711],[-0.7653,50.7709],[-0.7653,50.7711]],[[-0.7645,50.7713],[-0.7637,50.7711],[-0.764,50.7714],[-0.7645,50.7713]],[[-0.7574,50.7584],[-0.7579,50.7583],[-0.7574,50.7581],[-0.7574,50.7584]],[[-0.7519,50.7643],[-0.7529,50.7647],[-0.7525,50.7644],[-0.7519,50.7643]],[[-0.7594,50.7561],[-0.7592,50.7569],[-0.7598,50.7562],[-0.7594,50.7561]],[[-0.7587,50.758],[-0.7584,50.7584],[-0.7594,50.7587],[-0.7587,50.758]],[[-0.7547,50.7626],[-0.7533,50.7616],[-0.7529,50.7623],[-0.7547,50.7626]]]},"properties":{"MCZ_NAME":"Pagham Harbour","MCZ_CODE":"UKMCZ0013"}},{"type":"Feature","geometry":{"type":"Polygon","coordinates":[[[-0.8176,50.7378],[-0.7905,50.722],[-0.7853,50.7224],[-0.7701,50.7359],[-0.7565,50.7103],[-0.7655,50.7006],[-0.7741,50.6987],[-0.8011,50.7008],[-0.8248,50.7067],[-0.8286,50.7086],[-0.8265,50.715],[-0.8125,50.726],[-0.8285,50.7335],[-0.8481,50.7342],[-0.852,50.7395],[-0.8258,50.7436],[-0.8176,50.7378]],[[-0.7785,50.727],[-0.7787,50.7271],[-0.7785,50.7269],[-0.7785,50.727]]]},"properties":{"MCZ_NAME":"Selsey Bill and the Hounds","MCZ_CODE":"UKMCZ0068"}},{"type":"Feature","geometry":{"type":"Polygon","coordinates":[[[-1.9314,50.6556],[-1.9241,50.642],[-1.9409,50.6408],[-1.9496,50.6459],[-1.9531,50.6522],[-1.9416,50.6736],[-1.9314,50.6556]]]},"properties":{"MCZ_NAME":"Studland Bay","MCZ_CODE":"UKMCZ0072"}},{"type":"Feature","geometry":{"type":"Polygon","coordinates":[[[-1.9912,50.5907],[-1.961,50.5908],[-1.951,50.5945],[-1.9526,50.601],[-1.9428,50.6076],[-1.9565,50.6093],[-1.957,50.6158],[-1.9517,50.6242],[-1.9446,50.6289],[-1.9331,50.6309],[-1.9096,50.6551],[-1.8913,50.6551],[-1.8915,50.6054],[-1.8869,50.6049],[-1.8869,50.5929],[-1.9007,50.5847],[-1.9008,50.5522],[-2.0989,50.4969],[-2.2409,50.5239],[-2.2425,50.5675],[-2.3328,50.5678],[-2.3389,50.6319],[-2.3234,50.6246],[-2.2731,50.622],[-2.249,50.6169],[-2.2465,50.6194],[-2.2449,50.6164],[-2.2213,50.6166],[-2.2233,50.618],[-2.2204,50.6201],[-2.1985,50.6228],[-2.1856,50.6188],[-2.1871,50.6148],[-2.158,50.6152],[-2.1522,50.6121],[-2.154,50.6106],[-2.146,50.6085],[-2.1345,50.6126],[-2.1295,50.6101],[-2.1319,50.6074],[-2.1257,50.6027],[-2.1064,50.5961],[-2.0985,50.5981],[-2.0836,50.5938],[-2.0767,50.5953],[-2.0729,50.5916],[-2.0643,50.5936],[-2.0619,50.5811],[-2.0561,50.5764],[-2.0396,50.5801],[-2.0267,50.5889],[-1.9912,50.5907]],[[-2.1393,50.6099],[-2.1393,50.6099],[-2.1393,50.6099],[-2.1393,50.6099]],[[-1.9489,50.6078],[-1.9489,50.6078],[-1.9489,50.6078],[-1.9489,50.6078]],[[-1.9502,50.604],[-1.9502,50.604],[-1.9502,50.604],[-1.9502,50.604]],[[-1.95,50.6043],[-1.95,50.6043],[-1.95,50.6043],[-1.95,50.6043]],[[-1.9488,50.6078],[-1.9488,50.6078],[-1.9488,50.6078],[-1.9488,50.6078]],[[-1.945,50.6063],[-1.945,50.6063],[-1.945,50.6063],[-1.945,50.6063]],[[-1.9452,50.6063],[-1.9452,50.6063],[-1.9452,50.6063],[-1.9452,50.6063]],[[-1.9912,50.5907],[-1.9913,50.5907],[-1.9913,50.5907],[-1.9912,50.5907]],[[-1.9503,50.6039],[-1.9503,50.6039],[-1.9503,50.604],[-1.9503,50.6039]],[[-1.9528,50.5943],[-1.9529,50.5943],[-1.9528,50.5942],[-1.9528,50.5943]],[[-1.9499,50.6044],[-1.9499,50.6044],[-1.9499,50.6044],[-1.9499,50.6044]],[[-1.949,50.6078],[-1.949,50.6078],[-1.949,50.6078],[-1.949,50.6078]],[[-1.9505,50.6035],[-1.9505,50.6035],[-1.9505,50.6035],[-1.9505,50.6035]],[[-1.9509,50.5954],[-1.9508,50.5954],[-1.9509,50.5954],[-1.9509,50.5954]],[[-1.9508,50.6032],[-1.9507,50.6032],[-1.9507,50.6032],[-1.9508,50.6032]],[[-1.951,50.6028],[-1.951,50.6028],[-1.951,50.6028],[-1.951,50.6028]],[[-1.9912,50.5907],[-1.9912,50.5907],[-1.9912,50.5907],[-1.9912,50.5907]],[[-2.012,50.5907],[-2.0119,50.5907],[-2.012,50.5907],[-2.012,50.5907]],[[-1.9527,50.5943],[-1.9527,50.5943],[-1.9527,50.5943],[-1.9527,50.5943]],[[-2.2637,50.6189],[-2.2638,50.6189],[-2.2637,50.6188],[-2.2637,50.6189]],[[-1.949,50.6051],[-1.9489,50.6051],[-1.949,50.6051],[-1.949,50.6051]],[[-1.9474,50.608],[-1.9473,50.608],[-1.9474,50.608],[-1.9474,50.608]],[[-2.0121,50.5907],[-2.012,50.5907],[-2.0121,50.5907],[-2.0121,50.5907]],[[-1.9507,50.5954],[-1.9507,50.5954],[-1.9507,50.5954],[-1.9507,50.5954]],[[-1.9219,50.6429],[-1.9219,50.6429],[-1.9219,50.6429],[-1.9219,50.6429]],[[-1.945,50.6063],[-1.9449,50.6063],[-1.9449,50.6064],[-1.945,50.6063]],[[-1.9526,50.5943],[-1.9526,50.5943],[-1.9526,50.5943],[-1.9526,50.5943]],[[-1.9514,50.6022],[-1.9514,50.6022],[-1.9514,50.6022],[-1.9514,50.6022]],[[-2.2711,50.6213],[-2.2711,50.6213],[-2.2711,50.6213],[-2.2711,50.6213]],[[-1.9551,50.5935],[-1.9551,50.5935],[-1.9551,50.5935],[-1.9551,50.5935]],[[-2.2558,50.6178],[-2.2558,50.6179],[-2.2558,50.6179],[-2.2558,50.6178]],[[-1.9487,50.6052],[-1.9486,50.6052],[-1.9487,50.6052],[-1.9487,50.6052]],[[-1.9492,50.605],[-1.9491,50.605],[-1.9491,50.605],[-1.9492,50.605]],[[-1.9552,50.5935],[-1.9551,50.5935],[-1.9551,50.5935],[-1.9552,50.5935]],[[-1.951,50.5955],[-1.9509,50.5955],[-1.9509,50.5955],[-1.951,50.5955]],[[-1.9495,50.6047],[-1.9496,50.6047],[-1.9496,50.6047],[-1.9495,50.6047]],[[-2.2712,50.6212],[-2.2712,50.6213],[-2.2713,50.6213],[-2.2712,50.6212]],[[-1.9911,50.5906],[-1.9911,50.5906],[-1.9911,50.5906],[-1.9911,50.5906]],[[-1.9455,50.6063],[-1.9454,50.6063],[-1.9454,50.6063],[-1.9455,50.6063]],[[-2.2615,50.6185],[-2.2615,50.6185],[-2.2615,50.6185],[-2.2615,50.6185]],[[-2.176,50.6144],[-2.1759,50.6144],[-2.176,50.6144],[-2.176,50.6144]],[[-2.2722,50.6214],[-2.2722,50.6214],[-2.2722,50.6214],[-2.2722,50.6214]],[[-2.2613,50.6185],[-2.2613,50.6185],[-2.2612,50.6185],[-2.2613,50.6185]],[[-1.9519,50.5964],[-1.9519,50.5964],[-1.9519,50.5964],[-1.9519,50.5964]],[[-2.2569,50.6179],[-2.2568,50.6179],[-2.2568,50.6179],[-2.2569,50.6179]],[[-1.981,50.5906],[-1.9811,50.5906],[-1.981,50.5906],[-1.981,50.5906]],[[-1.9506,50.5953],[-1.9507,50.5952],[-1.9506,50.5952],[-1.9506,50.5953]],[[-1.9911,50.5905],[-1.9911,50.5905],[-1.9911,50.5905],[-1.9911,50.5905]],[[-1.9529,50.5987],[-1.953,50.5987],[-1.9529,50.5987],[-1.9529,50.5987]],[[-2.2714,50.6211],[-2.2713,50.6211],[-2.2714,50.6211],[-2.2714,50.6211]],[[-2.2712,50.6212],[-2.2712,50.6212],[-2.2712,50.6212],[-2.2712,50.6212]],[[-2.2634,50.6193],[-2.2635,50.6193],[-2.2634,50.6192],[-2.2634,50.6193]],[[-2.2564,50.6178],[-2.2563,50.6178],[-2.2564,50.6178],[-2.2564,50.6178]],[[-1.9532,50.5942],[-1.9533,50.5942],[-1.9532,50.5942],[-1.9532,50.5942]],[[-2.2712,50.6211],[-2.2712,50.6211],[-2.2712,50.6211],[-2.2712,50.6211]],[[-1.952,50.6013],[-1.952,50.6014],[-1.952,50.6014],[-1.952,50.6013]],[[-2.1763,50.6143],[-2.1763,50.6143],[-2.1763,50.6144],[-2.1763,50.6143]],[[-1.9812,50.5906],[-1.9811,50.5906],[-1.9812,50.5907],[-1.9812,50.5906]],[[-2.0119,50.5906],[-2.0119,50.5907],[-2.0119,50.5907],[-2.0119,50.5906]],[[-2.2612,50.6184],[-2.2612,50.6183],[-2.2612,50.6184],[-2.2612,50.6184]],[[-2.2635,50.6193],[-2.2635,50.6194],[-2.2636,50.6194],[-2.2635,50.6193]],[[-2.2234,50.616],[-2.2234,50.616],[-2.2234,50.616],[-2.2234,50.616]],[[-2.258,50.6179],[-2.2579,50.6179],[-2.2579,50.6179],[-2.258,50.6179]],[[-2.2589,50.6182],[-2.2589,50.6182],[-2.2588,50.6182],[-2.2589,50.6182]],[[-1.9809,50.5906],[-1.9809,50.5906],[-1.9809,50.5906],[-1.9809,50.5906]],[[-2.0101,50.5908],[-2.01,50.5908],[-2.01,50.5909],[-2.0101,50.5908]],[[-1.9522,50.5967],[-1.9521,50.5967],[-1.9521,50.5968],[-1.9522,50.5967]],[[-2.1737,50.6143],[-2.1736,50.6143],[-2.1737,50.6143],[-2.1737,50.6143]],[[-2.2635,50.6189],[-2.2634,50.6189],[-2.2635,50.6189],[-2.2635,50.6189]],[[-2.2213,50.6157],[-2.2212,50.6157],[-2.2212,50.6157],[-2.2213,50.6157]],[[-1.9519,50.5963],[-1.9518,50.5962],[-1.9519,50.5963],[-1.9519,50.5963]],[[-2.2567,50.6178],[-2.2566,50.6178],[-2.2566,50.6178],[-2.2567,50.6178]],[[-1.9521,50.5966],[-1.9521,50.5965],[-1.9521,50.5965],[-1.9521,50.5966]],[[-2.2637,50.6189],[-2.2637,50.6189],[-2.2636,50.6189],[-2.2637,50.6189]],[[-2.2559,50.6178],[-2.256,50.6178],[-2.2559,50.6178],[-2.2559,50.6178]],[[-2.2619,50.6186],[-2.2618,50.6186],[-2.2618,50.6187],[-2.2619,50.6186]],[[-2.1763,50.6144],[-2.1764,50.6144],[-2.1763,50.6144],[-2.1763,50.6144]],[[-2.2614,50.6184],[-2.2615,50.6184],[-2.2614,50.6184],[-2.2614,50.6184]],[[-1.9912,50.5906],[-1.9911,50.5906],[-1.9912,50.5906],[-1.9912,50.5906]],[[-2.2633,50.6193],[-2.2632,50.6193],[-2.2632,50.6193],[-2.2633,50.6193]],[[-2.2248,50.6163],[-2.2247,50.6163],[-2.2248,50.6163],[-2.2248,50.6163]],[[-2.172,50.6142],[-2.1719,50.6142],[-2.1719,50.6142],[-2.172,50.6142]],[[-2.2639,50.6189],[-2.2639,50.6189],[-2.2638,50.6189],[-2.2639,50.6189]],[[-1.953,50.5998],[-1.9529,50.5998],[-1.9529,50.5999],[-1.953,50.5998]],[[-1.9272,50.6379],[-1.9271,50.6379],[-1.9271,50.6379],[-1.9272,50.6379]],[[-1.9546,50.5937],[-1.9546,50.5936],[-1.9546,50.5936],[-1.9546,50.5937]],[[-1.9219,50.6429],[-1.9221,50.643],[-1.922,50.6429],[-1.9219,50.6429]],[[-1.952,50.6014],[-1.952,50.6014],[-1.952,50.6013],[-1.952,50.6014]],[[-1.9241,50.6414],[-1.9241,50.6414],[-1.9241,50.6414],[-1.9241,50.6414]],[[-2.2637,50.6193],[-2.2637,50.6193],[-2.2636,50.6193],[-2.2637,50.6193]],[[-2.2609,50.6179],[-2.261,50.6179],[-2.261,50.6179],[-2.2609,50.6179]],[[-1.9454,50.6064],[-1.9454,50.6064],[-1.9455,50.6064],[-1.9454,50.6064]],[[-1.9508,50.5952],[-1.9508,50.5952],[-1.9508,50.5952],[-1.9508,50.5952]],[[-2.3262,50.6253],[-2.3262,50.6253],[-2.3262,50.6254],[-2.3262,50.6253]],[[-2.1718,50.6141],[-2.1716,50.6141],[-2.1717,50.6141],[-2.1718,50.6141]],[[-2.2575,50.6179],[-2.2574,50.6178],[-2.2574,50.6179],[-2.2575,50.6179]],[[-2.2231,50.616],[-2.2231,50.616],[-2.223,50.616],[-2.2231,50.616]],[[-2.2234,50.6161],[-2.2234,50.6161],[-2.2234,50.6161],[-2.2234,50.6161]],[[-1.953,50.5988],[-1.953,50.5988],[-1.953,50.5989],[-1.953,50.5988]],[[-1.9222,50.643],[-1.9221,50.643],[-1.9222,50.643],[-1.9222,50.643]],[[-1.9531,50.5996],[-1.953,50.5995],[-1.953,50.5996],[-1.9531,50.5996]],[[-1.9509,50.5953],[-1.9508,50.5953],[-1.9509,50.5953],[-1.9509,50.5953]],[[-2.1618,50.6149],[-2.1618,50.6148],[-2.1618,50.6149],[-2.1618,50.6149]],[[-2.1763,50.6145],[-2.1762,50.6145],[-2.1762,50.6145],[-2.1763,50.6145]],[[-1.9507,50.5954],[-1.9508,50.5955],[-1.9508,50.5954],[-1.9507,50.5954]],[[-2.2601,50.6181],[-2.26,50.6181],[-2.26,50.6181],[-2.2601,50.6181]],[[-2.2714,50.6208],[-2.2713,50.6208],[-2.2713,50.6208],[-2.2714,50.6208]],[[-2.2611,50.6183],[-2.261,50.6182],[-2.261,50.6182],[-2.2611,50.6183]],[[-2.2582,50.6181],[-2.2581,50.618],[-2.2581,50.6181],[-2.2582,50.6181]],[[-2.2602,50.6178],[-2.2601,50.6178],[-2.2602,50.6178],[-2.2602,50.6178]],[[-1.9528,50.5988],[-1.9528,50.5987],[-1.9528,50.5987],[-1.9528,50.5988]],[[-2.2213,50.6158],[-2.2212,50.6158],[-2.2213,50.6158],[-2.2213,50.6158]],[[-1.9529,50.5991],[-1.953,50.5991],[-1.953,50.599],[-1.9529,50.5991]],[[-1.9305,50.6348],[-1.9304,50.6348],[-1.9304,50.6348],[-1.9305,50.6348]],[[-1.9255,50.6396],[-1.9256,50.6396],[-1.9255,50.6395],[-1.9255,50.6396]],[[-2.1731,50.6142],[-2.173,50.6142],[-2.1731,50.6142],[-2.1731,50.6142]],[[-2.1764,50.6145],[-2.1764,50.6145],[-2.1765,50.6145],[-2.1764,50.6145]],[[-2.0097,50.5908],[-2.0096,50.5909],[-2.0097,50.5909],[-2.0097,50.5908]],[[-2.2212,50.6196],[-2.2211,50.6196],[-2.2212,50.6196],[-2.2212,50.6196]],[[-2.0098,50.5908],[-2.0099,50.5908],[-2.01,50.5907],[-2.0098,50.5908]],[[-2.1738,50.6143],[-2.1739,50.6143],[-2.1739,50.6143],[-2.1738,50.6143]],[[-2.0099,50.5908],[-2.0098,50.5908],[-2.0099,50.5909],[-2.0099,50.5908]],[[-2.2843,50.621],[-2.2842,50.6211],[-2.2843,50.6211],[-2.2843,50.621]],[[-2.2238,50.6161],[-2.2238,50.6162],[-2.2239,50.6161],[-2.2238,50.6161]],[[-2.2712,50.6207],[-2.271,50.6207],[-2.2711,50.6207],[-2.2712,50.6207]],[[-1.9224,50.6426],[-1.9224,50.6425],[-1.9223,50.6426],[-1.9224,50.6426]],[[-2.3269,50.6259],[-2.3269,50.6258],[-2.3268,50.6258],[-2.3269,50.6259]],[[-2.2225,50.616],[-2.2226,50.616],[-2.2226,50.6159],[-2.2225,50.616]],[[-2.205,50.6214],[-2.2048,50.6215],[-2.2048,50.6215],[-2.205,50.6214]],[[-2.213,50.6201],[-2.2129,50.6201],[-2.2129,50.6201],[-2.213,50.6201]],[[-2.2895,50.6223],[-2.2894,50.6223],[-2.2893,50.6224],[-2.2895,50.6223]],[[-2.2208,50.6157],[-2.2207,50.6157],[-2.2209,50.6158],[-2.2208,50.6157]],[[-2.2731,50.6211],[-2.273,50.6211],[-2.2729,50.6211],[-2.2731,50.6211]],[[-2.2737,50.6211],[-2.2736,50.6212],[-2.2737,50.6212],[-2.2737,50.6211]],[[-2.2245,50.6165],[-2.2244,50.6165],[-2.2242,50.6165],[-2.2245,50.6165]],[[-1.9477,50.6079],[-1.9475,50.6079],[-1.9474,50.608],[-1.9477,50.6079]],[[-2.2171,50.6204],[-2.2169,50.6204],[-2.217,50.6204],[-2.2171,50.6204]],[[-1.9259,50.639],[-1.9258,50.6389],[-1.9259,50.639],[-1.9259,50.639]],[[-2.1537,50.6131],[-2.1534,50.613],[-2.1535,50.6131],[-2.1537,50.6131]],[[-2.0333,50.584],[-2.0332,50.5839],[-2.0332,50.584],[-2.0333,50.584]],[[-2.222,50.6159],[-2.2219,50.6158],[-2.2219,50.6159],[-2.222,50.6159]],[[-2.2538,50.6179],[-2.2536,50.6178],[-2.2538,50.6179],[-2.2538,50.6179]],[[-2.2896,50.6224],[-2.2894,50.6224],[-2.2895,50.6224],[-2.2896,50.6224]],[[-2.1486,50.6104],[-2.1487,50.6102],[-2.1485,50.6103],[-2.1486,50.6104]],[[-2.2904,50.6223],[-2.2902,50.6223],[-2.2903,50.6224],[-2.2904,50.6223]],[[-2.2259,50.6162],[-2.2257,50.6163],[-2.2259,50.6163],[-2.2259,50.6162]],[[-2.2606,50.6181],[-2.2605,50.6181],[-2.2606,50.6182],[-2.2606,50.6181]],[[-2.2268,50.6163],[-2.2269,50.6162],[-2.2267,50.6162],[-2.2268,50.6163]],[[-2.2508,50.6173],[-2.2507,50.6172],[-2.2504,50.6172],[-2.2508,50.6173]],[[-2.2279,50.6164],[-2.2278,50.6163],[-2.2277,50.6163],[-2.2279,50.6164]],[[-2.2213,50.6161],[-2.2215,50.6161],[-2.2214,50.616],[-2.2213,50.6161]],[[-2.2011,50.6222],[-2.2015,50.6221],[-2.2012,50.6221],[-2.2011,50.6222]],[[-2.2247,50.6162],[-2.2246,50.6162],[-2.2246,50.6163],[-2.2247,50.6162]],[[-2.2266,50.6166],[-2.2265,50.6165],[-2.2264,50.6167],[-2.2266,50.6166]],[[-2.2608,50.618],[-2.261,50.6181],[-2.2611,50.618],[-2.2608,50.618]],[[-2.1239,50.6034],[-2.124,50.6033],[-2.1237,50.6032],[-2.1239,50.6034]],[[-2.2217,50.6163],[-2.2213,50.6162],[-2.2211,50.6163],[-2.2217,50.6163]],[[-2.2945,50.6209],[-2.2941,50.621],[-2.2945,50.6209],[-2.2945,50.6209]],[[-2.2492,50.6169],[-2.2497,50.617],[-2.2496,50.6169],[-2.2492,50.6169]],[[-2.1547,50.6106],[-2.154,50.6107],[-2.1538,50.6108],[-2.1547,50.6106]],[[-2.2897,50.6225],[-2.2894,50.6225],[-2.2896,50.6226],[-2.2897,50.6225]],[[-2.2208,50.6156],[-2.2211,50.6158],[-2.221,50.6156],[-2.2208,50.6156]],[[-2.2169,50.6203],[-2.2171,50.6204],[-2.2173,50.6203],[-2.2169,50.6203]],[[-2.2728,50.6211],[-2.2726,50.621],[-2.2723,50.6211],[-2.2728,50.6211]],[[-2.2694,50.6203],[-2.2697,50.6204],[-2.2695,50.6203],[-2.2694,50.6203]],[[-2.2034,50.6216],[-2.2028,50.6218],[-2.203,50.6218],[-2.2034,50.6216]],[[-2.2223,50.6159],[-2.222,50.6158],[-2.2221,50.616],[-2.2223,50.6159]],[[-2.2801,50.621],[-2.2799,50.6211],[-2.2804,50.6211],[-2.2801,50.621]],[[-2.2217,50.6159],[-2.2213,50.6157],[-2.2214,50.6159],[-2.2217,50.6159]],[[-2.2918,50.6212],[-2.2916,50.6211],[-2.291,50.6212],[-2.2918,50.6212]],[[-2.0828,50.5945],[-2.0823,50.5942],[-2.0824,50.5945],[-2.0828,50.5945]],[[-2.2245,50.6162],[-2.2241,50.6161],[-2.2243,50.6163],[-2.2245,50.6162]],[[-2.2254,50.6162],[-2.2251,50.6161],[-2.2249,50.6162],[-2.2254,50.6162]],[[-2.0636,50.5917],[-2.0637,50.5918],[-2.0639,50.5916],[-2.0636,50.5917]],[[-2.2712,50.6208],[-2.2716,50.6211],[-2.2723,50.621],[-2.2712,50.6208]],[[-2.2906,50.6223],[-2.2898,50.6225],[-2.2905,50.6226],[-2.2906,50.6223]]]},"properties":{"MCZ_NAME":"Purbeck Coast","MCZ_CODE":"UKMCZ0066"}},{"type":"Feature","geometry":{"type":"Polygon","coordinates":[[[-1.5347,50.7],[-1.5346,50.6927],[-1.5426,50.6881],[-1.5472,50.6791],[-1.5696,50.6735],[-1.5693,50.6656],[-1.5865,50.6631],[-1.5792,50.6606],[-1.6242,50.6559],[-1.5567,50.6994],[-1.5347,50.7]],[[-1.5876,50.663],[-1.5873,50.6629],[-1.5867,50.6631],[-1.5876,50.663]],[[-1.5893,50.6627],[-1.59,50.6626],[-1.5892,50.6626],[-1.5893,50.6627]],[[-1.5907,50.6625],[-1.5918,50.6622],[-1.5906,50.6624],[-1.5907,50.6625]]]},"properties":{"MCZ_NAME":"The Needles","MCZ_CODE":"UKMCZ0040"}},{"type":"Feature","geometry":{"type":"Polygon","coordinates":[[[-1.074,50.7255],[-1.0741,50.7103],[-1.0514,50.701],[-1.0493,50.7047],[-1.0455,50.7044],[-1.0472,50.7],[-0.996,50.6999],[-0.9636,50.6759],[-1.1793,50.6009],[-1.1752,50.6067],[-1.177,50.6108],[-1.1725,50.6154],[-1.1746,50.6229],[-1.1686,50.6332],[-1.168,50.6414],[-1.1603,50.6494],[-1.1317,50.6623],[-1.0979,50.6653],[-1.0946,50.672],[-1.0701,50.6837],[-1.0708,50.6878],[-1.0813,50.6939],[-1.0981,50.697],[-1.0978,50.7061],[-1.1114,50.7219],[-1.074,50.7255]],[[-1.0839,50.7048],[-1.0837,50.7051],[-1.0841,50.7051],[-1.0839,50.7048]]]},"properties":{"MCZ_NAME":"Bembridge","MCZ_CODE":"UKMCZ0054"}},{"type":"Feature","geometry":{"type":"Polygon","coordinates":[[[-1.7836,50.6744],[-1.8146,50.6744],[-1.8145,50.6915],[-1.7763,50.6914],[-1.7763,50.6743],[-1.7836,50.6744]]]},"properties":{"MCZ_NAME":"Southbourne Rough","MCZ_CODE":"UKMCZ0071"}},{"type":"Feature","geometry":{"type":"Polygon","coordinates":[[[-6.4352,49.8778],[-6.4355,49.865],[-6.4509,49.8644],[-6.468,49.8904],[-6.4666,49.8997],[-6.4605,49.9064],[-6.4447,49.904],[-6.4352,49.8778]],[[-6.4454,49.8729],[-6.4457,49.8729],[-6.4454,49.8728],[-6.4454,49.8729]]]},"properties":{"MCZ_NAME":"Isles of Scilly Sites - Bishop to Crim","MCZ_CODE":"UKMCZ0008-01"}},{"type":"Feature","geometry":{"type":"Polygon","coordinates":[[[-6.2244,50.005],[-6.1512,50.0475],[-6.1399,50.0483],[-6.1176,50.0316],[-6.174,49.9852],[-6.1927,49.9859],[-6.224,49.9998],[-6.2244,50.005]]]},"properties":{"MCZ_NAME":"Isles of Scilly Sites - Bristows to the Stones","MCZ_CODE":"UKMCZ0008-02"}},{"type":"Feature","geometry":{"type":"Polygon","coordinates":[[[-6.2648,49.9771],[-6.2402,49.9661],[-6.2384,49.9621],[-6.2413,49.9544],[-6.2643,49.962],[-6.2613,49.9642],[-6.2649,49.9674],[-6.2757,49.9645],[-6.2714,49.9754],[-6.2648,49.9771]],[[-6.2716,49.9645],[-6.2715,49.9645],[-6.2716,49.9645],[-6.2716,49.9645]],[[-6.2702,49.9642],[-6.2702,49.9642],[-6.2702,49.9642],[-6.2702,49.9642]],[[-6.275,49.9646],[-6.2749,49.9646],[-6.275,49.9646],[-6.275,49.9646]],[[-6.2613,49.9632],[-6.2612,49.9631],[-6.2611,49.9632],[-6.2613,49.9632]],[[-6.2605,49.9637],[-6.2603,49.9637],[-6.2603,49.9638],[-6.2605,49.9637]],[[-6.2733,49.9677],[-6.2731,49.9677],[-6.2731,49.9677],[-6.2733,49.9677]],[[-6.2698,49.971],[-6.2696,49.9711],[-6.2698,49.9711],[-6.2698,49.971]],[[-6.2687,49.9666],[-6.2685,49.9666],[-6.2686,49.9667],[-6.2687,49.9666]],[[-6.2631,49.9658],[-6.2628,49.9657],[-6.2626,49.9659],[-6.2631,49.9658]],[[-6.2739,49.9677],[-6.2732,49.9679],[-6.2735,49.9681],[-6.2739,49.9677]],[[-6.2437,49.9579],[-6.2429,49.9582],[-6.2436,49.9583],[-6.2437,49.9579]]]},"properties":{"MCZ_NAME":"Isles of Scilly Sites - Hanjague to Deep Ledge","MCZ_CODE":"UKMCZ0008-04"}},{"type":"Feature","geometry":{"type":"Polygon","coordinates":[[[-6.2667,49.9611],[-6.2587,49.9555],[-6.2615,49.9539],[-6.2613,49.9473],[-6.2651,49.945],[-6.2643,49.9471],[-6.2675,49.9446],[-6.2895,49.9546],[-6.2901,49.9578],[-6.2828,49.9562],[-6.2667,49.9611]],[[-6.2888,49.9572],[-6.2888,49.9572],[-6.2888,49.9572],[-6.2888,49.9572]],[[-6.2887,49.957],[-6.2888,49.9569],[-6.2887,49.9569],[-6.2887,49.957]],[[-6.2888,49.9569],[-6.2889,49.9569],[-6.2888,49.9569],[-6.2888,49.9569]],[[-6.2889,49.9572],[-6.2889,49.9573],[-6.289,49.9572],[-6.2889,49.9572]],[[-6.2889,49.957],[-6.2888,49.957],[-6.2889,49.957],[-6.2889,49.957]],[[-6.2696,49.9563],[-6.2695,49.9564],[-6.2696,49.9564],[-6.2696,49.9563]],[[-6.2616,49.9557],[-6.2619,49.9547],[-6.2599,49.9552],[-6.2616,49.9557]],[[-6.2686,49.9483],[-6.2674,49.9496],[-6.2701,49.9499],[-6.2686,49.9483]]]},"properties":{"MCZ_NAME":"Isles of Scilly Sites - Higher Town","MCZ_CODE":"UKMCZ0008-05"}},{"type":"Feature","geometry":{"type":"Polygon","coordinates":[[[-6.248,49.9519],[-6.2399,49.9469],[-6.2507,49.934],[-6.2684,49.9312],[-6.2688,49.9357],[-6.2533,49.9458],[-6.254,49.9511],[-6.248,49.9519]],[[-6.2446,49.9455],[-6.2445,49.9455],[-6.2446,49.9455],[-6.2446,49.9455]],[[-6.2518,49.9497],[-6.2517,49.9497],[-6.2519,49.9497],[-6.2518,49.9497]],[[-6.2455,49.9497],[-6.2454,49.9497],[-6.2453,49.9497],[-6.2455,49.9497]],[[-6.2483,49.9498],[-6.2482,49.9499],[-6.2483,49.9499],[-6.2483,49.9498]],[[-6.2453,49.9509],[-6.2453,49.9508],[-6.2452,49.9508],[-6.2453,49.9509]],[[-6.2494,49.9497],[-6.2493,49.9498],[-6.2495,49.9498],[-6.2494,49.9497]],[[-6.246,49.9445],[-6.2461,49.9444],[-6.2459,49.9444],[-6.246,49.9445]],[[-6.2444,49.9457],[-6.2443,49.9458],[-6.2445,49.9458],[-6.2444,49.9457]],[[-6.2465,49.9461],[-6.2463,49.9462],[-6.2465,49.9462],[-6.2465,49.9461]],[[-6.2443,49.9446],[-6.244,49.9447],[-6.2444,49.9448],[-6.2443,49.9446]],[[-6.2472,49.9509],[-6.2469,49.951],[-6.2473,49.9511],[-6.2472,49.9509]],[[-6.2457,49.9509],[-6.2467,49.95],[-6.2446,49.95],[-6.2457,49.9509]],[[-6.2481,49.9496],[-6.2498,49.9491],[-6.2472,49.9486],[-6.2481,49.9496]],[[-6.2462,49.9461],[-6.2481,49.9455],[-6.2448,49.9447],[-6.2462,49.9461]]]},"properties":{"MCZ_NAME":"Isles of Scilly Sites - Lower Ridge to Innisvouls","MCZ_CODE":"UKMCZ0008-06"}},{"type":"Feature","geometry":{"type":"Polygon","coordinates":[[[-6.2877,49.9858],[-6.2795,49.9794],[-6.288,49.9659],[-6.2931,49.9737],[-6.3036,49.9721],[-6.3022,49.9761],[-6.3374,49.9746],[-6.339,49.9784],[-6.3263,49.9825],[-6.2877,49.9858]],[[-6.2907,49.9692],[-6.2906,49.9693],[-6.2907,49.9693],[-6.2907,49.9692]],[[-6.2905,49.9693],[-6.2904,49.9693],[-6.2905,49.9693],[-6.2905,49.9693]],[[-6.2908,49.9696],[-6.2908,49.9695],[-6.2908,49.9695],[-6.2908,49.9696]],[[-6.2911,49.9721],[-6.2912,49.9721],[-6.2911,49.9721],[-6.2911,49.9721]],[[-6.2859,49.9725],[-6.2859,49.9725],[-6.2859,49.9725],[-6.2859,49.9725]],[[-6.2911,49.9721],[-6.2912,49.972],[-6.2911,49.972],[-6.2911,49.9721]],[[-6.3009,49.9731],[-6.3009,49.9731],[-6.3009,49.9731],[-6.3009,49.9731]],[[-6.3008,49.9733],[-6.3007,49.9733],[-6.3008,49.9733],[-6.3008,49.9733]],[[-6.3009,49.9732],[-6.3009,49.9732],[-6.3008,49.9732],[-6.3009,49.9732]],[[-6.3008,49.9732],[-6.3008,49.9732],[-6.3007,49.9733],[-6.3008,49.9732]],[[-6.3007,49.9733],[-6.3006,49.9733],[-6.3006,49.9733],[-6.3007,49.9733]],[[-6.2911,49.972],[-6.2911,49.972],[-6.291,49.972],[-6.2911,49.972]],[[-6.2991,49.9727],[-6.299,49.9728],[-6.2991,49.9728],[-6.2991,49.9727]],[[-6.2889,49.969],[-6.2888,49.9691],[-6.2889,49.9691],[-6.2889,49.969]],[[-6.2917,49.9719],[-6.2918,49.9719],[-6.2916,49.9718],[-6.2917,49.9719]],[[-6.2956,49.9743],[-6.2957,49.9742],[-6.2956,49.9742],[-6.2956,49.9743]],[[-6.3275,49.976],[-6.3276,49.976],[-6.3277,49.9759],[-6.3275,49.976]],[[-6.2929,49.9738],[-6.2928,49.9739],[-6.2929,49.9739],[-6.2929,49.9738]],[[-6.3255,49.9797],[-6.3254,49.9798],[-6.3256,49.9798],[-6.3255,49.9797]],[[-6.3006,49.9737],[-6.3005,49.9738],[-6.3006,49.9737],[-6.3006,49.9737]],[[-6.3019,49.9784],[-6.3021,49.9784],[-6.302,49.9783],[-6.3019,49.9784]],[[-6.3107,49.9802],[-6.3106,49.9802],[-6.3105,49.9802],[-6.3107,49.9802]],[[-6.3221,49.9766],[-6.322,49.9767],[-6.3222,49.9767],[-6.3221,49.9766]],[[-6.2896,49.9794],[-6.2898,49.9794],[-6.2897,49.9793],[-6.2896,49.9794]],[[-6.2903,49.9801],[-6.2902,49.9802],[-6.2903,49.9803],[-6.2903,49.9801]],[[-6.2918,49.9801],[-6.2916,49.9802],[-6.2918,49.9802],[-6.2918,49.9801]],[[-6.286,49.973],[-6.286,49.9732],[-6.2861,49.9731],[-6.286,49.973]],[[-6.2956,49.9745],[-6.2956,49.9744],[-6.2954,49.9744],[-6.2956,49.9745]],[[-6.3034,49.982],[-6.3035,49.9818],[-6.3033,49.9818],[-6.3034,49.982]],[[-6.3013,49.973],[-6.3014,49.9729],[-6.3012,49.973],[-6.3013,49.973]],[[-6.2889,49.9743],[-6.2888,49.9742],[-6.2888,49.9744],[-6.2889,49.9743]],[[-6.3019,49.9726],[-6.3022,49.9725],[-6.3019,49.9725],[-6.3019,49.9726]],[[-6.2881,49.9785],[-6.2882,49.9783],[-6.2881,49.9784],[-6.2881,49.9785]],[[-6.3025,49.9825],[-6.3023,49.9827],[-6.3025,49.9827],[-6.3025,49.9825]],[[-6.3212,49.9766],[-6.3212,49.9764],[-6.3209,49.9765],[-6.3212,49.9766]],[[-6.2913,49.972],[-6.2916,49.972],[-6.2914,49.9719],[-6.2913,49.972]],[[-6.2895,49.9795],[-6.2894,49.9794],[-6.2892,49.9795],[-6.2895,49.9795]],[[-6.3003,49.9743],[-6.3003,49.9744],[-6.3005,49.9743],[-6.3003,49.9743]],[[-6.3018,49.9728],[-6.302,49.9727],[-6.3017,49.9726],[-6.3018,49.9728]],[[-6.2854,49.9726],[-6.2853,49.9728],[-6.2855,49.9726],[-6.2854,49.9726]],[[-6.3238,49.9799],[-6.3234,49.9799],[-6.3237,49.9801],[-6.3238,49.9799]],[[-6.2907,49.9696],[-6.2909,49.9693],[-6.2905,49.9695],[-6.2907,49.9696]],[[-6.2997,49.977],[-6.2996,49.9772],[-6.2999,49.9772],[-6.2997,49.977]],[[-6.286,49.9727],[-6.2857,49.9726],[-6.2859,49.9729],[-6.286,49.9727]],[[-6.3009,49.9772],[-6.3005,49.977],[-6.3006,49.9772],[-6.3009,49.9772]],[[-6.3026,49.982],[-6.3024,49.9818],[-6.3019,49.9821],[-6.3026,49.982]],[[-6.2876,49.9786],[-6.2873,49.9785],[-6.2872,49.9789],[-6.2876,49.9786]],[[-6.2861,49.9725],[-6.2864,49.9727],[-6.2866,49.9723],[-6.2861,49.9725]],[[-6.2958,49.9811],[-6.2954,49.9809],[-6.2952,49.9812],[-6.2958,49.9811]],[[-6.3217,49.9763],[-6.3214,49.9765],[-6.3222,49.9764],[-6.3217,49.9763]],[[-6.3006,49.9736],[-6.3017,49.9732],[-6.3013,49.9731],[-6.3006,49.9736]],[[-6.3218,49.9773],[-6.323,49.9769],[-6.3215,49.9773],[-6.3218,49.9773]],[[-6.3335,49.976],[-6.3332,49.9762],[-6.3335,49.9769],[-6.3335,49.976]],[[-6.2999,49.9741],[-6.301,49.9739],[-6.2996,49.9736],[-6.2999,49.9741]],[[-6.3344,49.9763],[-6.3339,49.9767],[-6.3348,49.9772],[-6.3344,49.9763]],[[-6.3338,49.9758],[-6.3354,49.9767],[-6.3345,49.9755],[-6.3338,49.9758]],[[-6.3019,49.978],[-6.301,49.9773],[-6.3015,49.9784],[-6.3019,49.978]],[[-6.3226,49.98],[-6.3233,49.9774],[-6.3212,49.9783],[-6.3226,49.98]],[[-6.2928,49.9807],[-6.296,49.9796],[-6.2907,49.9744],[-6.2881,49.978],[-6.2928,49.9807]]]},"properties":{"MCZ_NAME":"Isles of Scilly Sites - Men a Vaur to White Island","MCZ_CODE":"UKMCZ0008-07"}},{"type":"Feature","geometry":{"type":"Polygon","coordinates":[[[-6.2724,49.9312],[-6.2652,49.9214],[-6.2701,49.9158],[-6.2963,49.8995],[-6.3074,49.9023],[-6.3091,49.9049],[-6.3038,49.903],[-6.3002,49.9056],[-6.302,49.912],[-6.2971,49.9099],[-6.2832,49.9116],[-6.2866,49.9166],[-6.2795,49.9153],[-6.2756,49.9215],[-6.2819,49.9298],[-6.2724,49.9312]],[[-6.2827,49.9144],[-6.2827,49.9144],[-6.2827,49.9144],[-6.2827,49.9144]],[[-6.3005,49.9091],[-6.3005,49.9091],[-6.3005,49.9091],[-6.3005,49.9091]],[[-6.3005,49.9091],[-6.3005,49.9091],[-6.3005,49.9091],[-6.3005,49.9091]],[[-6.2804,49.9155],[-6.2804,49.9155],[-6.2804,49.9155],[-6.2804,49.9155]],[[-6.2809,49.9137],[-6.2808,49.9137],[-6.2809,49.9137],[-6.2809,49.9137]],[[-6.2826,49.9144],[-6.2827,49.9145],[-6.2826,49.9144],[-6.2826,49.9144]],[[-6.2825,49.9144],[-6.2825,49.9145],[-6.2826,49.9144],[-6.2825,49.9144]],[[-6.2942,49.9109],[-6.2942,49.9109],[-6.2942,49.9109],[-6.2942,49.9109]],[[-6.2804,49.9154],[-6.2804,49.9154],[-6.2804,49.9155],[-6.2804,49.9154]],[[-6.3011,49.9068],[-6.301,49.9068],[-6.3011,49.9068],[-6.3011,49.9068]],[[-6.2822,49.9146],[-6.2822,49.9146],[-6.2822,49.9146],[-6.2822,49.9146]],[[-6.2938,49.9041],[-6.2937,49.9041],[-6.2937,49.9041],[-6.2938,49.9041]],[[-6.2825,49.9146],[-6.2826,49.9146],[-6.2825,49.9145],[-6.2825,49.9146]],[[-6.3004,49.9089],[-6.3004,49.9089],[-6.3004,49.9089],[-6.3004,49.9089]],[[-6.2827,49.9144],[-6.2828,49.9144],[-6.2827,49.9144],[-6.2827,49.9144]],[[-6.2817,49.9145],[-6.2817,49.9145],[-6.2817,49.9145],[-6.2817,49.9145]],[[-6.2814,49.9139],[-6.2814,49.9138],[-6.2813,49.9138],[-6.2814,49.9139]],[[-6.2819,49.9145],[-6.2819,49.9145],[-6.2819,49.9145],[-6.2819,49.9145]],[[-6.2836,49.9127],[-6.2837,49.9127],[-6.2836,49.9126],[-6.2836,49.9127]],[[-6.2826,49.9145],[-6.2826,49.9145],[-6.2826,49.9145],[-6.2826,49.9145]],[[-6.2816,49.9143],[-6.2816,49.9143],[-6.2816,49.9143],[-6.2816,49.9143]],[[-6.2785,49.9172],[-6.2784,49.9172],[-6.2784,49.9172],[-6.2785,49.9172]],[[-6.2813,49.9143],[-6.2814,49.9142],[-6.2813,49.9142],[-6.2813,49.9143]],[[-6.2816,49.9143],[-6.2815,49.9143],[-6.2815,49.9143],[-6.2816,49.9143]],[[-6.2967,49.9102],[-6.2968,49.9101],[-6.2967,49.9101],[-6.2967,49.9102]],[[-6.2834,49.9116],[-6.2834,49.9116],[-6.2834,49.9116],[-6.2834,49.9116]],[[-6.2822,49.9146],[-6.2822,49.9146],[-6.2822,49.9146],[-6.2822,49.9146]],[[-6.3068,49.9044],[-6.3068,49.9043],[-6.3067,49.9043],[-6.3068,49.9044]],[[-6.2836,49.9127],[-6.2837,49.9127],[-6.2837,49.9127],[-6.2836,49.9127]],[[-6.2969,49.9098],[-6.2969,49.9098],[-6.2969,49.9098],[-6.2969,49.9098]],[[-6.2929,49.9103],[-6.2929,49.9104],[-6.2929,49.9104],[-6.2929,49.9103]],[[-6.286,49.9113],[-6.2861,49.9113],[-6.2861,49.9113],[-6.286,49.9113]],[[-6.3005,49.9118],[-6.3006,49.9118],[-6.3005,49.9118],[-6.3005,49.9118]],[[-6.2843,49.912],[-6.2844,49.912],[-6.2843,49.912],[-6.2843,49.912]],[[-6.2803,49.9154],[-6.2804,49.9155],[-6.2804,49.9154],[-6.2803,49.9154]],[[-6.2825,49.9143],[-6.2826,49.9143],[-6.2826,49.9143],[-6.2825,49.9143]],[[-6.2812,49.9141],[-6.2812,49.9141],[-6.2811,49.9141],[-6.2812,49.9141]],[[-6.2861,49.9113],[-6.2862,49.9113],[-6.2862,49.9113],[-6.2861,49.9113]],[[-6.2843,49.9115],[-6.2843,49.9116],[-6.2843,49.9116],[-6.2843,49.9115]],[[-6.3009,49.9084],[-6.3009,49.9085],[-6.3009,49.9084],[-6.3009,49.9084]],[[-6.2799,49.9153],[-6.2798,49.9153],[-6.2799,49.9153],[-6.2799,49.9153]],[[-6.2805,49.9154],[-6.2805,49.9154],[-6.2805,49.9155],[-6.2805,49.9154]],[[-6.2797,49.928],[-6.2798,49.928],[-6.2797,49.928],[-6.2797,49.928]],[[-6.2854,49.9111],[-6.2853,49.9111],[-6.2854,49.9111],[-6.2854,49.9111]],[[-6.2838,49.9156],[-6.2838,49.9156],[-6.2838,49.9156],[-6.2838,49.9156]],[[-6.3006,49.9084],[-6.3006,49.9084],[-6.3006,49.9085],[-6.3006,49.9084]],[[-6.2797,49.9153],[-6.2796,49.9153],[-6.2797,49.9153],[-6.2797,49.9153]],[[-6.2794,49.9159],[-6.2794,49.9159],[-6.2793,49.9159],[-6.2794,49.9159]],[[-6.2836,49.9127],[-6.2836,49.9127],[-6.2834,49.9126],[-6.2836,49.9127]],[[-6.2817,49.9144],[-6.2817,49.9143],[-6.2816,49.9143],[-6.2817,49.9144]],[[-6.2844,49.912],[-6.2844,49.9121],[-6.2845,49.9121],[-6.2844,49.912]],[[-6.2821,49.9146],[-6.2821,49.9146],[-6.282,49.9146],[-6.2821,49.9146]],[[-6.293,49.9104],[-6.293,49.9104],[-6.2929,49.9104],[-6.293,49.9104]],[[-6.2837,49.9156],[-6.2837,49.9157],[-6.2838,49.9157],[-6.2837,49.9156]],[[-6.3007,49.9088],[-6.3008,49.9088],[-6.3006,49.9088],[-6.3007,49.9088]],[[-6.2772,49.9282],[-6.2771,49.9283],[-6.2772,49.9283],[-6.2772,49.9282]],[[-6.281,49.9137],[-6.2809,49.9138],[-6.281,49.9138],[-6.281,49.9137]],[[-6.2847,49.9107],[-6.2846,49.9108],[-6.2847,49.9108],[-6.2847,49.9107]],[[-6.2811,49.9139],[-6.2811,49.9138],[-6.281,49.9138],[-6.2811,49.9139]],[[-6.3054,49.9043],[-6.3055,49.9042],[-6.3054,49.9042],[-6.3054,49.9043]],[[-6.3002,49.9087],[-6.3,49.9087],[-6.3,49.9088],[-6.3002,49.9087]],[[-6.2816,49.9142],[-6.2817,49.9142],[-6.2816,49.9141],[-6.2816,49.9142]],[[-6.2754,49.9264],[-6.2753,49.9264],[-6.2755,49.9265],[-6.2754,49.9264]],[[-6.2773,49.9198],[-6.2774,49.9197],[-6.2772,49.9197],[-6.2773,49.9198]],[[-6.3009,49.9086],[-6.301,49.9086],[-6.3009,49.9085],[-6.3009,49.9086]],[[-6.2833,49.9127],[-6.2834,49.9127],[-6.2832,49.9126],[-6.2833,49.9127]],[[-6.2762,49.9197],[-6.276,49.9198],[-6.2761,49.9198],[-6.2762,49.9197]],[[-6.3027,49.9034],[-6.3028,49.9034],[-6.3026,49.9033],[-6.3027,49.9034]],[[-6.2991,49.9092],[-6.2989,49.9092],[-6.299,49.9093],[-6.2991,49.9092]],[[-6.2778,49.9266],[-6.2779,49.9265],[-6.2776,49.9266],[-6.2778,49.9266]],[[-6.3,49.911],[-6.2998,49.911],[-6.3002,49.9111],[-6.3,49.911]],[[-6.2934,49.9103],[-6.2937,49.9105],[-6.2937,49.9104],[-6.2934,49.9103]],[[-6.2774,49.925],[-6.2771,49.9251],[-6.2775,49.9251],[-6.2774,49.925]],[[-6.3032,49.9031],[-6.3034,49.903],[-6.3029,49.9029],[-6.3032,49.9031]],[[-6.2816,49.9141],[-6.2814,49.914],[-6.281,49.914],[-6.2816,49.9141]],[[-6.2802,49.913],[-6.2804,49.9129],[-6.28,49.913],[-6.2802,49.913]],[[-6.2795,49.9153],[-6.2794,49.915],[-6.2791,49.915],[-6.2795,49.9153]],[[-6.3071,49.9052],[-6.3075,49.9051],[-6.3074,49.9049],[-6.3071,49.9052]],[[-6.2994,49.9046],[-6.2988,49.9046],[-6.2992,49.9047],[-6.2994,49.9046]],[[-6.2822,49.9146],[-6.2824,49.9143],[-6.2817,49.9144],[-6.2822,49.9146]],[[-6.2806,49.9135],[-6.2808,49.9131],[-6.2802,49.9131],[-6.2806,49.9135]],[[-6.2766,49.9202],[-6.2765,49.9199],[-6.2759,49.9202],[-6.2766,49.9202]],[[-6.2788,49.9295],[-6.2806,49.9286],[-6.2763,49.9286],[-6.2788,49.9295]]]},"properties":{"MCZ_NAME":"Isles of Scilly Sites - Peninnis to Dry Ledge","MCZ_CODE":"UKMCZ0008-08"}},{"type":"Feature","geometry":{"type":"Polygon","coordinates":[[[-6.3517,49.8827],[-6.3412,49.8826],[-6.3358,49.8866],[-6.3368,49.8891],[-6.329,49.8888],[-6.3273,49.8929],[-6.3133,49.901],[-6.3058,49.8994],[-6.3048,49.8962],[-6.3218,49.8852],[-6.3472,49.8766],[-6.3533,49.8797],[-6.3517,49.8827]],[[-6.3423,49.8829],[-6.3423,49.8829],[-6.3423,49.883],[-6.3423,49.8829]],[[-6.3382,49.8847],[-6.3382,49.8847],[-6.3381,49.8846],[-6.3382,49.8847]],[[-6.3405,49.8829],[-6.3404,49.8829],[-6.3405,49.8829],[-6.3405,49.8829]],[[-6.3388,49.8848],[-6.3387,49.8848],[-6.3387,49.8848],[-6.3388,49.8848]],[[-6.3403,49.8831],[-6.3403,49.8831],[-6.3403,49.8831],[-6.3403,49.8831]],[[-6.3424,49.8831],[-6.3424,49.8831],[-6.3424,49.8831],[-6.3424,49.8831]],[[-6.3396,49.8834],[-6.3396,49.8834],[-6.3397,49.8834],[-6.3396,49.8834]],[[-6.3363,49.8888],[-6.3362,49.8888],[-6.3363,49.8888],[-6.3363,49.8888]],[[-6.3376,49.8822],[-6.3376,49.8822],[-6.3376,49.8822],[-6.3376,49.8822]],[[-6.3412,49.8824],[-6.3411,49.8824],[-6.3412,49.8825],[-6.3412,49.8824]],[[-6.3413,49.8825],[-6.3413,49.8825],[-6.3413,49.8825],[-6.3413,49.8825]],[[-6.3404,49.8828],[-6.3404,49.8828],[-6.3404,49.8829],[-6.3404,49.8828]],[[-6.3406,49.8829],[-6.3405,49.8829],[-6.3406,49.8829],[-6.3406,49.8829]],[[-6.3416,49.8828],[-6.3415,49.8828],[-6.3416,49.8829],[-6.3416,49.8828]],[[-6.3416,49.8828],[-6.3416,49.8828],[-6.3416,49.8828],[-6.3416,49.8828]],[[-6.3392,49.8852],[-6.3392,49.8853],[-6.3393,49.8852],[-6.3392,49.8852]],[[-6.3423,49.883],[-6.3423,49.8831],[-6.3423,49.883],[-6.3423,49.883]],[[-6.3376,49.882],[-6.3375,49.882],[-6.3376,49.8821],[-6.3376,49.882]],[[-6.3427,49.8831],[-6.3426,49.8831],[-6.3427,49.8831],[-6.3427,49.8831]],[[-6.3425,49.8828],[-6.3424,49.8828],[-6.3425,49.8829],[-6.3425,49.8828]],[[-6.3407,49.8828],[-6.3406,49.8829],[-6.3407,49.8829],[-6.3407,49.8828]],[[-6.3379,49.8824],[-6.338,49.8824],[-6.3381,49.8824],[-6.3379,49.8824]],[[-6.3487,49.8829],[-6.3487,49.8829],[-6.3488,49.8828],[-6.3487,49.8829]],[[-6.3437,49.8834],[-6.3438,49.8834],[-6.3437,49.8833],[-6.3437,49.8834]],[[-6.3413,49.8824],[-6.3412,49.8824],[-6.3413,49.8825],[-6.3413,49.8824]],[[-6.3376,49.8821],[-6.3375,49.8821],[-6.3375,49.8822],[-6.3376,49.8821]],[[-6.3426,49.883],[-6.3425,49.8829],[-6.3424,49.883],[-6.3426,49.883]],[[-6.3316,49.8889],[-6.3315,49.8888],[-6.3315,49.8889],[-6.3316,49.8889]],[[-6.3317,49.8889],[-6.3316,49.8889],[-6.3317,49.8889],[-6.3317,49.8889]],[[-6.3429,49.8828],[-6.3428,49.8828],[-6.3429,49.8829],[-6.3429,49.8828]],[[-6.337,49.8859],[-6.3369,49.886],[-6.3371,49.8862],[-6.337,49.8859]],[[-6.3265,49.8925],[-6.3263,49.8925],[-6.3264,49.8927],[-6.3265,49.8925]]]},"properties":{"MCZ_NAME":"Isles of Scilly Sites - Plympton to Spanish Ledge","MCZ_CODE":"UKMCZ0008-09"}},{"type":"Feature","geometry":{"type":"Polygon","coordinates":[[[-6.3166,49.9714],[-6.3153,49.9687],[-6.3179,49.9678],[-6.3095,49.9646],[-6.3093,49.9691],[-6.3026,49.9688],[-6.3052,49.9648],[-6.3022,49.9588],[-6.3037,49.9548],[-6.318,49.961],[-6.3249,49.9695],[-6.3166,49.9714]],[[-6.3043,49.9674],[-6.3043,49.9674],[-6.3043,49.9674],[-6.3043,49.9674]],[[-6.3036,49.9675],[-6.3035,49.9675],[-6.3035,49.9675],[-6.3036,49.9675]],[[-6.3037,49.9674],[-6.3036,49.9674],[-6.3037,49.9675],[-6.3037,49.9674]],[[-6.3095,49.9681],[-6.3096,49.968],[-6.3095,49.968],[-6.3095,49.9681]],[[-6.3086,49.9666],[-6.3087,49.9666],[-6.3086,49.9665],[-6.3086,49.9666]],[[-6.3079,49.9662],[-6.3081,49.9661],[-6.3079,49.9661],[-6.3079,49.9662]],[[-6.3182,49.9674],[-6.3182,49.9675],[-6.3183,49.9675],[-6.3182,49.9674]],[[-6.3139,49.9633],[-6.3139,49.9633],[-6.314,49.9634],[-6.3139,49.9633]],[[-6.3166,49.9693],[-6.3166,49.9693],[-6.3167,49.9694],[-6.3166,49.9693]],[[-6.3184,49.9676],[-6.3183,49.9676],[-6.3185,49.9677],[-6.3184,49.9676]],[[-6.3186,49.9689],[-6.3186,49.9688],[-6.3185,49.9688],[-6.3186,49.9689]],[[-6.3126,49.9614],[-6.3125,49.9615],[-6.3126,49.9615],[-6.3126,49.9614]],[[-6.3209,49.9705],[-6.3207,49.9706],[-6.3209,49.9706],[-6.3209,49.9705]],[[-6.3189,49.9705],[-6.3189,49.9704],[-6.3187,49.9704],[-6.3189,49.9705]],[[-6.3086,49.9644],[-6.3089,49.9642],[-6.3083,49.9642],[-6.3086,49.9644]],[[-6.3142,49.9623],[-6.3138,49.9626],[-6.3142,49.9626],[-6.3142,49.9623]],[[-6.3171,49.9663],[-6.3183,49.9651],[-6.3172,49.9657],[-6.3171,49.9663]],[[-6.3181,49.9668],[-6.3174,49.9665],[-6.3169,49.9673],[-6.3181,49.9668]]]},"properties":{"MCZ_NAME":"Isles of Scilly Sites - Tean","MCZ_CODE":"UKMCZ0008-11"}},{"type":"Feature","geometry":{"type":"Polygon","coordinates":[[[-6.361,49.8983],[-6.3568,49.893],[-6.3515,49.8922],[-6.3538,49.8908],[-6.3517,49.8827],[-6.3572,49.8794],[-6.3614,49.8793],[-6.3639,49.8913],[-6.3707,49.8978],[-6.361,49.8983]],[[-6.3533,49.8924],[-6.3533,49.8925],[-6.3534,49.8924],[-6.3533,49.8924]],[[-6.3526,49.8877],[-6.3525,49.8878],[-6.3526,49.8878],[-6.3526,49.8877]],[[-6.3533,49.8889],[-6.3532,49.8889],[-6.3533,49.889],[-6.3533,49.8889]],[[-6.3679,49.8952],[-6.3677,49.8952],[-6.3678,49.8953],[-6.3679,49.8952]],[[-6.3677,49.8948],[-6.3676,49.8949],[-6.3678,49.895],[-6.3677,49.8948]],[[-6.3631,49.8853],[-6.363,49.8854],[-6.3632,49.8854],[-6.3631,49.8853]],[[-6.3702,49.8972],[-6.37,49.8974],[-6.3702,49.8973],[-6.3702,49.8972]],[[-6.3659,49.8941],[-6.3658,49.8943],[-6.3659,49.8942],[-6.3659,49.8941]],[[-6.354,49.8906],[-6.3538,49.8908],[-6.354,49.8907],[-6.354,49.8906]],[[-6.353,49.8882],[-6.3529,49.8884],[-6.3531,49.8884],[-6.353,49.8882]],[[-6.3627,49.8845],[-6.3625,49.8849],[-6.3626,49.8849],[-6.3627,49.8845]],[[-6.3697,49.8976],[-6.3696,49.8978],[-6.3699,49.8978],[-6.3697,49.8976]],[[-6.3536,49.8922],[-6.3532,49.8923],[-6.3535,49.8923],[-6.3536,49.8922]],[[-6.3699,49.8972],[-6.37,49.897],[-6.3697,49.8971],[-6.3699,49.8972]]]},"properties":{"MCZ_NAME":"Isles of Scilly Sites - Smith Sound Tide Swept Channel","MCZ_CODE":"UKMCZ0008-10"}},{"type":"Feature","geometry":{"type":"Polygon","coordinates":[[[-6.3862,49.8689],[-6.383,49.8661],[-6.3849,49.863],[-6.4122,49.8583],[-6.4109,49.865],[-6.3862,49.8689]],[[-6.3923,49.8674],[-6.3924,49.8673],[-6.3923,49.8673],[-6.3923,49.8674]],[[-6.3926,49.8675],[-6.3927,49.8674],[-6.3925,49.8674],[-6.3926,49.8675]],[[-6.3875,49.8658],[-6.3875,49.8657],[-6.3873,49.8657],[-6.3875,49.8658]],[[-6.3894,49.8681],[-6.3893,49.8681],[-6.3892,49.8681],[-6.3894,49.8681]],[[-6.3928,49.8678],[-6.3929,49.8677],[-6.3927,49.8677],[-6.3928,49.8678]],[[-6.3878,49.8664],[-6.3881,49.8664],[-6.3879,49.8663],[-6.3878,49.8664]],[[-6.4008,49.8644],[-6.4009,49.8642],[-6.4007,49.8642],[-6.4008,49.8644]],[[-6.3988,49.8643],[-6.3987,49.8641],[-6.3986,49.8642],[-6.3988,49.8643]],[[-6.3869,49.8664],[-6.3867,49.8662],[-6.3867,49.8664],[-6.3869,49.8664]],[[-6.4004,49.8645],[-6.4006,49.8643],[-6.4004,49.8643],[-6.4004,49.8645]],[[-6.3929,49.8669],[-6.3927,49.8669],[-6.3929,49.867],[-6.3929,49.8669]],[[-6.3984,49.8664],[-6.3985,49.8665],[-6.3988,49.8664],[-6.3984,49.8664]],[[-6.3862,49.8671],[-6.3863,49.8669],[-6.386,49.8669],[-6.3862,49.8671]],[[-6.4011,49.8642],[-6.4013,49.8643],[-6.4014,49.8641],[-6.4011,49.8642]],[[-6.401,49.8633],[-6.4009,49.8634],[-6.4012,49.8635],[-6.401,49.8633]],[[-6.3863,49.8667],[-6.3862,49.8665],[-6.386,49.8665],[-6.3863,49.8667]],[[-6.3984,49.8646],[-6.3987,49.8644],[-6.3984,49.8644],[-6.3984,49.8646]],[[-6.3926,49.867],[-6.3924,49.8671],[-6.3926,49.8673],[-6.3926,49.867]],[[-6.3983,49.8666],[-6.3984,49.8669],[-6.3985,49.8667],[-6.3983,49.8666]],[[-6.3873,49.8651],[-6.3873,49.8649],[-6.387,49.865],[-6.3873,49.8651]],[[-6.385,49.8672],[-6.3853,49.867],[-6.385,49.867],[-6.385,49.8672]],[[-6.3859,49.8665],[-6.3855,49.8666],[-6.3859,49.8668],[-6.3859,49.8665]],[[-6.3875,49.8654],[-6.3873,49.8652],[-6.3872,49.8654],[-6.3875,49.8654]],[[-6.3983,49.8661],[-6.3982,49.8664],[-6.3986,49.8661],[-6.3983,49.8661]],[[-6.403,49.8632],[-6.4022,49.8634],[-6.4027,49.8635],[-6.403,49.8632]],[[-6.3973,49.8664],[-6.3976,49.8667],[-6.398,49.8664],[-6.3973,49.8664]],[[-6.3997,49.8653],[-6.4005,49.8648],[-6.399,49.8649],[-6.3997,49.8653]],[[-6.3879,49.8681],[-6.3893,49.867],[-6.3872,49.8669],[-6.3879,49.8681]]]},"properties":{"MCZ_NAME":"Isles of Scilly Sites - Gilstone to Gorregan","MCZ_CODE":"UKMCZ0008-03"}},{"type":"Feature","geometry":{"type":"Polygon","coordinates":[[[0.3097,51.4744],[0.3182,51.4734],[0.3101,51.4659],[0.3111,51.4634],[0.3076,51.4648],[0.2906,51.4545],[0.2706,51.4548],[0.2919,51.4698],[0.3097,51.4744]],[[0.3099,51.4673],[0.31,51.4673],[0.3099,51.4673],[0.3099,51.4673]],[[0.3093,51.4644],[0.3093,51.4644],[0.3093,51.4644],[0.3093,51.4644]],[[0.3094,51.4651],[0.3094,51.4651],[0.3093,51.4652],[0.3094,51.4651]]]},"properties":{"MCZ_NAME":"Swanscombe","MCZ_CODE":"UKMCZ0073"}},{"type":"Feature","geometry":{"type":"Polygon","coordinates":[[[-3.0526,50.7257],[-3.057,50.722],[-3.0561,50.719],[-3.053,50.7218],[-3.0591,50.7052],[-3.0543,50.7022],[-3.0608,50.7052],[-3.0582,50.7195],[-3.0603,50.7208],[-3.057,50.7203],[-3.0584,50.7232],[-3.0526,50.7257]],[[-3.0602,50.7074],[-3.0602,50.7074],[-3.0602,50.7075],[-3.0602,50.7074]],[[-3.0602,50.7068],[-3.0601,50.7069],[-3.0602,50.7069],[-3.0602,50.7068]],[[-3.0599,50.7052],[-3.0599,50.7051],[-3.0599,50.7051],[-3.0599,50.7052]],[[-3.0553,50.723],[-3.0558,50.7228],[-3.0552,50.7228],[-3.0553,50.723]],[[-3.0547,50.7233],[-3.0543,50.7237],[-3.0546,50.7237],[-3.0547,50.7233]],[[-3.0528,50.7249],[-3.0532,50.7245],[-3.0527,50.7248],[-3.0528,50.7249]],[[-3.054,50.723],[-3.0539,50.7229],[-3.0538,50.7233],[-3.054,50.723]],[[-3.0599,50.7045],[-3.0594,50.7046],[-3.0597,50.7048],[-3.0599,50.7045]]]},"properties":{"MCZ_NAME":"Axe Estuary","MCZ_CODE":"UKMCZ0052"}},{"type":"Feature","geometry":{"type":"Polygon","coordinates":[[[-3.3091,50.6389],[-3.3063,50.6296],[-3.3119,50.6308],[-3.309,50.6306],[-3.3113,50.6317],[-3.3101,50.6453],[-3.3091,50.6389]],[[-3.3073,50.6313],[-3.3075,50.6311],[-3.3072,50.6312],[-3.3073,50.6313]],[[-3.3101,50.6343],[-3.3102,50.6339],[-3.3099,50.6339],[-3.3101,50.6343]],[[-3.3105,50.6319],[-3.3103,50.6323],[-3.3105,50.6324],[-3.3105,50.6319]],[[-3.3113,50.6305],[-3.3112,50.6311],[-3.3118,50.6311],[-3.3113,50.6305]],[[-3.3069,50.6313],[-3.308,50.6306],[-3.3065,50.6304],[-3.3069,50.6313]],[[-3.3084,50.6313],[-3.311,50.6317],[-3.3088,50.6307],[-3.3084,50.6313]],[[-3.3102,50.6331],[-3.3104,50.6318],[-3.3083,50.6315],[-3.3102,50.6331]]]},"properties":{"MCZ_NAME":"Otter Estuary","MCZ_CODE":"UKMCZ0065"}},{"type":"Feature","geometry":{"type":"Polygon","coordinates":[[[-3.4372,54.7583],[-3.4595,54.7411],[-3.4808,54.7315],[-3.4985,54.7377],[-3.5143,54.7388],[-3.5502,54.7547],[-3.525,54.7747],[-3.4882,54.7874],[-3.4331,54.7681],[-3.4372,54.7583]]]},"properties":{"MCZ_NAME":"Allonby Bay Highly Protected Marine Area","MCZ_CODE":"UKEHPMA001"}},{"type":"Feature","geometry":{"type":"Polygon","coordinates":[[[-0.9985,50.1856],[-0.4334,50.2809],[-0.4146,50.1569],[-0.4999,50.1232],[-0.9999,50.1393],[-0.9985,50.1856]]]},"properties":{"MCZ_NAME":"Dolphin Head Highly Protected Marine Area","MCZ_CODE":"UKEHPMA002"}},{"type":"Feature","geometry":{"type":"Polygon","coordinates":[[[-0.4638,55.8733],[-0.4474,55.6483],[-0.758,55.6405],[-0.7774,55.8656],[-0.4638,55.8733]]]},"properties":{"MCZ_NAME":"North East of Farnes Deep Highly Protected Marine Area","MCZ_CODE":"UKEHPMA003"}},{"type":"Feature","geometry":{"type":"Polygon","coordinates":[[[-3.4379,54.7968],[-3.4319,54.7799],[-3.4366,54.759],[-3.4607,54.7404],[-3.4891,54.7281],[-3.5502,54.7547],[-3.489,54.8033],[-3.4472,54.7971],[-3.4412,54.7993],[-3.4379,54.7968]]]},"properties":{"MCZ_NAME":"Allonby Bay","MCZ_CODE":"UKMCZ0028"}}]}